15:44:59.357 [ INFO] maestro.cli.runner.CliConsoleListener.onCommandStart: Define variables RUNNING
15:44:59.364 [ INFO] maestro.cli.runner.CliConsoleListener.onCommandFinished: Define variables COMPLETED
15:44:59.366 [ INFO] maestro.cli.runner.CliConsoleListener.onCommandStart: Apply configuration RUNNING
15:44:59.367 [ INFO] maestro.cli.runner.CliConsoleListener.onCommandFinished: Apply configuration COMPLETED
15:44:59.368 [ INFO] maestro.cli.runner.CliConsoleListener.onCommandStart: Run flows/01-login.yaml RUNNING
15:44:59.371 [ INFO] maestro.cli.runner.CliConsoleListener.onCommandStart: Apply configuration RUNNING
15:44:59.371 [ INFO] maestro.cli.runner.CliConsoleListener.onCommandFinished: Apply configuration COMPLETED
15:44:59.372 [ INFO] maestro.cli.runner.CliConsoleListener.onCommandStart: Launch app "app.kabuk.mobile" with clear state RUNNING
15:44:59.373 [ INFO] maestro.Maestro.clearAppState$lambda$8: Clearing app state app.kabuk.mobile
15:45:01.152 [DEBUG] maestro.Maestro.setPermissionInternal: Failed to set permission android.permission.READ_EXTERNAL_STORAGE for app app.kabuk.mobile: shell command failed (exit -1): 
Exception occurred while executing 'grant':
java.lang.SecurityException: Package app.kabuk.mobile has not requested permission android.permission.READ_EXTERNAL_STORAGE
	at com.android.server.pm.permission.PermissionManagerServiceImpl.grantRuntimePermissionInternal(PermissionManagerServiceImpl.java:1423)
	at com.android.server.pm.permission.PermissionManagerServiceImpl.grantRuntimePermission(PermissionManagerServiceImpl.java:1337)
	at com.android.server.pm.permission.PermissionManagerService.grantRuntimePermission(PermissionManagerService.java:551)
	at android.permission.PermissionManager.grantRuntimePermission(PermissionManager.java:609)
	at com.android.server.pm.PackageManagerShellCommand.runGrantRevokePermission(PackageManagerShellCommand.java:2672)
	at com.android.server.pm.PackageManagerShellCommand.onCommand(PackageManagerShellCommand.java:291)
	at com.android.modules.utils.BasicShellCommandHandler.exec(BasicShellCommandHandler.java:97)
	at android.os.ShellCommand.exec(ShellCommand.java:38)
	at com.android.server.pm.PackageManagerService$IPackageManagerImpl.onShellCommand(PackageManagerService.java:6350)
	at android.os.Binder.shellCommand(Binder.java:1068)
	at android.os.Binder.onTransact(Binder.java:888)
	at android.content.pm.IPackageManager$Stub.onTransact(IPackageManager.java:4352)
	at com.android.server.pm.PackageManagerService$IPackageManagerImpl.onTransact(PackageManagerService.java:6334)
	at android.os.Binder.execTransactInternal(Binder.java:1344)
	at android.os.Binder.execTransact(Binder.java:1275)

15:45:01.328 [DEBUG] maestro.Maestro.setPermissionInternal: Failed to set permission android.permission.WRITE_EXTERNAL_STORAGE for app app.kabuk.mobile: shell command failed (exit -1): 
Exception occurred while executing 'grant':
java.lang.SecurityException: Package app.kabuk.mobile has not requested permission android.permission.WRITE_EXTERNAL_STORAGE
	at com.android.server.pm.permission.PermissionManagerServiceImpl.grantRuntimePermissionInternal(PermissionManagerServiceImpl.java:1423)
	at com.android.server.pm.permission.PermissionManagerServiceImpl.grantRuntimePermission(PermissionManagerServiceImpl.java:1337)
	at com.android.server.pm.permission.PermissionManagerService.grantRuntimePermission(PermissionManagerService.java:551)
	at android.permission.PermissionManager.grantRuntimePermission(PermissionManager.java:609)
	at com.android.server.pm.PackageManagerShellCommand.runGrantRevokePermission(PackageManagerShellCommand.java:2672)
	at com.android.server.pm.PackageManagerShellCommand.onCommand(PackageManagerShellCommand.java:291)
	at com.android.modules.utils.BasicShellCommandHandler.exec(BasicShellCommandHandler.java:97)
	at android.os.ShellCommand.exec(ShellCommand.java:38)
	at com.android.server.pm.PackageManagerService$IPackageManagerImpl.onShellCommand(PackageManagerService.java:6350)
	at android.os.Binder.shellCommand(Binder.java:1068)
	at android.os.Binder.onTransact(Binder.java:888)
	at android.content.pm.IPackageManager$Stub.onTransact(IPackageManager.java:4352)
	at com.android.server.pm.PackageManagerService$IPackageManagerImpl.onTransact(PackageManagerService.java:6334)
	at android.os.Binder.execTransactInternal(Binder.java:1344)
	at android.os.Binder.execTransact(Binder.java:1275)

15:45:01.907 [DEBUG] maestro.Maestro.setPermissionInternal: Failed to set permission com.google.android.finsky.permission.BIND_GET_INSTALL_REFERRER_SERVICE for app app.kabuk.mobile: shell command failed (exit -1): 
Exception occurred while executing 'grant':
java.lang.IllegalArgumentException: Unknown permission: com.google.android.finsky.permission.BIND_GET_INSTALL_REFERRER_SERVICE
	at com.android.server.pm.permission.PermissionManagerServiceImpl.grantRuntimePermissionInternal(PermissionManagerServiceImpl.java:1380)
	at com.android.server.pm.permission.PermissionManagerServiceImpl.grantRuntimePermission(PermissionManagerServiceImpl.java:1337)
	at com.android.server.pm.permission.PermissionManagerService.grantRuntimePermission(PermissionManagerService.java:551)
	at android.permission.PermissionManager.grantRuntimePermission(PermissionManager.java:609)
	at com.android.server.pm.PackageManagerShellCommand.runGrantRevokePermission(PackageManagerShellCommand.java:2672)
	at com.android.server.pm.PackageManagerShellCommand.onCommand(PackageManagerShellCommand.java:291)
	at com.android.modules.utils.BasicShellCommandHandler.exec(BasicShellCommandHandler.java:97)
	at android.os.ShellCommand.exec(ShellCommand.java:38)
	at com.android.server.pm.PackageManagerService$IPackageManagerImpl.onShellCommand(PackageManagerService.java:6350)
	at android.os.Binder.shellCommand(Binder.java:1068)
	at android.os.Binder.onTransact(Binder.java:888)
	at android.content.pm.IPackageManager$Stub.onTransact(IPackageManager.java:4352)
	at com.android.server.pm.PackageManagerService$IPackageManagerImpl.onTransact(PackageManagerService.java:6334)
	at android.os.Binder.execTransactInternal(Binder.java:1344)
	at android.os.Binder.execTransact(Binder.java:1275)

15:45:01.975 [DEBUG] maestro.Maestro.setPermissionInternal: Failed to set permission com.sec.android.provider.badge.permission.READ for app app.kabuk.mobile: shell command failed (exit -1): 
Exception occurred while executing 'grant':
java.lang.IllegalArgumentException: Unknown permission: com.sec.android.provider.badge.permission.READ
	at com.android.server.pm.permission.PermissionManagerServiceImpl.grantRuntimePermissionInternal(PermissionManagerServiceImpl.java:1380)
	at com.android.server.pm.permission.PermissionManagerServiceImpl.grantRuntimePermission(PermissionManagerServiceImpl.java:1337)
	at com.android.server.pm.permission.PermissionManagerService.grantRuntimePermission(PermissionManagerService.java:551)
	at android.permission.PermissionManager.grantRuntimePermission(PermissionManager.java:609)
	at com.android.server.pm.PackageManagerShellCommand.runGrantRevokePermission(PackageManagerShellCommand.java:2672)
	at com.android.server.pm.PackageManagerShellCommand.onCommand(PackageManagerShellCommand.java:291)
	at com.android.modules.utils.BasicShellCommandHandler.exec(BasicShellCommandHandler.java:97)
	at android.os.ShellCommand.exec(ShellCommand.java:38)
	at com.android.server.pm.PackageManagerService$IPackageManagerImpl.onShellCommand(PackageManagerService.java:6350)
	at android.os.Binder.shellCommand(Binder.java:1068)
	at android.os.Binder.onTransact(Binder.java:888)
	at android.content.pm.IPackageManager$Stub.onTransact(IPackageManager.java:4352)
	at com.android.server.pm.PackageManagerService$IPackageManagerImpl.onTransact(PackageManagerService.java:6334)
	at android.os.Binder.execTransactInternal(Binder.java:1344)
	at android.os.Binder.execTransact(Binder.java:1275)

15:45:02.063 [DEBUG] maestro.Maestro.setPermissionInternal: Failed to set permission com.sec.android.provider.badge.permission.WRITE for app app.kabuk.mobile: shell command failed (exit -1): 
Exception occurred while executing 'grant':
java.lang.IllegalArgumentException: Unknown permission: com.sec.android.provider.badge.permission.WRITE
	at com.android.server.pm.permission.PermissionManagerServiceImpl.grantRuntimePermissionInternal(PermissionManagerServiceImpl.java:1380)
	at com.android.server.pm.permission.PermissionManagerServiceImpl.grantRuntimePermission(PermissionManagerServiceImpl.java:1337)
	at com.android.server.pm.permission.PermissionManagerService.grantRuntimePermission(PermissionManagerService.java:551)
	at android.permission.PermissionManager.grantRuntimePermission(PermissionManager.java:609)
	at com.android.server.pm.PackageManagerShellCommand.runGrantRevokePermission(PackageManagerShellCommand.java:2672)
	at com.android.server.pm.PackageManagerShellCommand.onCommand(PackageManagerShellCommand.java:291)
	at com.android.modules.utils.BasicShellCommandHandler.exec(BasicShellCommandHandler.java:97)
	at android.os.ShellCommand.exec(ShellCommand.java:38)
	at com.android.server.pm.PackageManagerService$IPackageManagerImpl.onShellCommand(PackageManagerService.java:6350)
	at android.os.Binder.shellCommand(Binder.java:1068)
	at android.os.Binder.onTransact(Binder.java:888)
	at android.content.pm.IPackageManager$Stub.onTransact(IPackageManager.java:4352)
	at com.android.server.pm.PackageManagerService$IPackageManagerImpl.onTransact(PackageManagerService.java:6334)
	at android.os.Binder.execTransactInternal(Binder.java:1344)
	at android.os.Binder.execTransact(Binder.java:1275)

15:45:02.133 [DEBUG] maestro.Maestro.setPermissionInternal: Failed to set permission com.htc.launcher.permission.READ_SETTINGS for app app.kabuk.mobile: shell command failed (exit -1): 
Exception occurred while executing 'grant':
java.lang.IllegalArgumentException: Unknown permission: com.htc.launcher.permission.READ_SETTINGS
	at com.android.server.pm.permission.PermissionManagerServiceImpl.grantRuntimePermissionInternal(PermissionManagerServiceImpl.java:1380)
	at com.android.server.pm.permission.PermissionManagerServiceImpl.grantRuntimePermission(PermissionManagerServiceImpl.java:1337)
	at com.android.server.pm.permission.PermissionManagerService.grantRuntimePermission(PermissionManagerService.java:551)
	at android.permission.PermissionManager.grantRuntimePermission(PermissionManager.java:609)
	at com.android.server.pm.PackageManagerShellCommand.runGrantRevokePermission(PackageManagerShellCommand.java:2672)
	at com.android.server.pm.PackageManagerShellCommand.onCommand(PackageManagerShellCommand.java:291)
	at com.android.modules.utils.BasicShellCommandHandler.exec(BasicShellCommandHandler.java:97)
	at android.os.ShellCommand.exec(ShellCommand.java:38)
	at com.android.server.pm.PackageManagerService$IPackageManagerImpl.onShellCommand(PackageManagerService.java:6350)
	at android.os.Binder.shellCommand(Binder.java:1068)
	at android.os.Binder.onTransact(Binder.java:888)
	at android.content.pm.IPackageManager$Stub.onTransact(IPackageManager.java:4352)
	at com.android.server.pm.PackageManagerService$IPackageManagerImpl.onTransact(PackageManagerService.java:6334)
	at android.os.Binder.execTransactInternal(Binder.java:1344)
	at android.os.Binder.execTransact(Binder.java:1275)

15:45:02.215 [DEBUG] maestro.Maestro.setPermissionInternal: Failed to set permission com.htc.launcher.permission.UPDATE_SHORTCUT for app app.kabuk.mobile: shell command failed (exit -1): 
Exception occurred while executing 'grant':
java.lang.IllegalArgumentException: Unknown permission: com.htc.launcher.permission.UPDATE_SHORTCUT
	at com.android.server.pm.permission.PermissionManagerServiceImpl.grantRuntimePermissionInternal(PermissionManagerServiceImpl.java:1380)
	at com.android.server.pm.permission.PermissionManagerServiceImpl.grantRuntimePermission(PermissionManagerServiceImpl.java:1337)
	at com.android.server.pm.permission.PermissionManagerService.grantRuntimePermission(PermissionManagerService.java:551)
	at android.permission.PermissionManager.grantRuntimePermission(PermissionManager.java:609)
	at com.android.server.pm.PackageManagerShellCommand.runGrantRevokePermission(PackageManagerShellCommand.java:2672)
	at com.android.server.pm.PackageManagerShellCommand.onCommand(PackageManagerShellCommand.java:291)
	at com.android.modules.utils.BasicShellCommandHandler.exec(BasicShellCommandHandler.java:97)
	at android.os.ShellCommand.exec(ShellCommand.java:38)
	at com.android.server.pm.PackageManagerService$IPackageManagerImpl.onShellCommand(PackageManagerService.java:6350)
	at android.os.Binder.shellCommand(Binder.java:1068)
	at android.os.Binder.onTransact(Binder.java:888)
	at android.content.pm.IPackageManager$Stub.onTransact(IPackageManager.java:4352)
	at com.android.server.pm.PackageManagerService$IPackageManagerImpl.onTransact(PackageManagerService.java:6334)
	at android.os.Binder.execTransactInternal(Binder.java:1344)
	at android.os.Binder.execTransact(Binder.java:1275)

15:45:02.263 [DEBUG] maestro.Maestro.setPermissionInternal: Failed to set permission com.sonyericsson.home.permission.BROADCAST_BADGE for app app.kabuk.mobile: shell command failed (exit -1): 
Exception occurred while executing 'grant':
java.lang.IllegalArgumentException: Unknown permission: com.sonyericsson.home.permission.BROADCAST_BADGE
	at com.android.server.pm.permission.PermissionManagerServiceImpl.grantRuntimePermissionInternal(PermissionManagerServiceImpl.java:1380)
	at com.android.server.pm.permission.PermissionManagerServiceImpl.grantRuntimePermission(PermissionManagerServiceImpl.java:1337)
	at com.android.server.pm.permission.PermissionManagerService.grantRuntimePermission(PermissionManagerService.java:551)
	at android.permission.PermissionManager.grantRuntimePermission(PermissionManager.java:609)
	at com.android.server.pm.PackageManagerShellCommand.runGrantRevokePermission(PackageManagerShellCommand.java:2672)
	at com.android.server.pm.PackageManagerShellCommand.onCommand(PackageManagerShellCommand.java:291)
	at com.android.modules.utils.BasicShellCommandHandler.exec(BasicShellCommandHandler.java:97)
	at android.os.ShellCommand.exec(ShellCommand.java:38)
	at com.android.server.pm.PackageManagerService$IPackageManagerImpl.onShellCommand(PackageManagerService.java:6350)
	at android.os.Binder.shellCommand(Binder.java:1068)
	at android.os.Binder.onTransact(Binder.java:888)
	at android.content.pm.IPackageManager$Stub.onTransact(IPackageManager.java:4352)
	at com.android.server.pm.PackageManagerService$IPackageManagerImpl.onTransact(PackageManagerService.java:6334)
	at android.os.Binder.execTransactInternal(Binder.java:1344)
	at android.os.Binder.execTransact(Binder.java:1275)

15:45:02.313 [DEBUG] maestro.Maestro.setPermissionInternal: Failed to set permission com.sonymobile.home.permission.PROVIDER_INSERT_BADGE for app app.kabuk.mobile: shell command failed (exit -1): 
Exception occurred while executing 'grant':
java.lang.IllegalArgumentException: Unknown permission: com.sonymobile.home.permission.PROVIDER_INSERT_BADGE
	at com.android.server.pm.permission.PermissionManagerServiceImpl.grantRuntimePermissionInternal(PermissionManagerServiceImpl.java:1380)
	at com.android.server.pm.permission.PermissionManagerServiceImpl.grantRuntimePermission(PermissionManagerServiceImpl.java:1337)
	at com.android.server.pm.permission.PermissionManagerService.grantRuntimePermission(PermissionManagerService.java:551)
	at android.permission.PermissionManager.grantRuntimePermission(PermissionManager.java:609)
	at com.android.server.pm.PackageManagerShellCommand.runGrantRevokePermission(PackageManagerShellCommand.java:2672)
	at com.android.server.pm.PackageManagerShellCommand.onCommand(PackageManagerShellCommand.java:291)
	at com.android.modules.utils.BasicShellCommandHandler.exec(BasicShellCommandHandler.java:97)
	at android.os.ShellCommand.exec(ShellCommand.java:38)
	at com.android.server.pm.PackageManagerService$IPackageManagerImpl.onShellCommand(PackageManagerService.java:6350)
	at android.os.Binder.shellCommand(Binder.java:1068)
	at android.os.Binder.onTransact(Binder.java:888)
	at android.content.pm.IPackageManager$Stub.onTransact(IPackageManager.java:4352)
	at com.android.server.pm.PackageManagerService$IPackageManagerImpl.onTransact(PackageManagerService.java:6334)
	at android.os.Binder.execTransactInternal(Binder.java:1344)
	at android.os.Binder.execTransact(Binder.java:1275)

15:45:02.355 [DEBUG] maestro.Maestro.setPermissionInternal: Failed to set permission com.anddoes.launcher.permission.UPDATE_COUNT for app app.kabuk.mobile: shell command failed (exit -1): 
Exception occurred while executing 'grant':
java.lang.IllegalArgumentException: Unknown permission: com.anddoes.launcher.permission.UPDATE_COUNT
	at com.android.server.pm.permission.PermissionManagerServiceImpl.grantRuntimePermissionInternal(PermissionManagerServiceImpl.java:1380)
	at com.android.server.pm.permission.PermissionManagerServiceImpl.grantRuntimePermission(PermissionManagerServiceImpl.java:1337)
	at com.android.server.pm.permission.PermissionManagerService.grantRuntimePermission(PermissionManagerService.java:551)
	at android.permission.PermissionManager.grantRuntimePermission(PermissionManager.java:609)
	at com.android.server.pm.PackageManagerShellCommand.runGrantRevokePermission(PackageManagerShellCommand.java:2672)
	at com.android.server.pm.PackageManagerShellCommand.onCommand(PackageManagerShellCommand.java:291)
	at com.android.modules.utils.BasicShellCommandHandler.exec(BasicShellCommandHandler.java:97)
	at android.os.ShellCommand.exec(ShellCommand.java:38)
	at com.android.server.pm.PackageManagerService$IPackageManagerImpl.onShellCommand(PackageManagerService.java:6350)
	at android.os.Binder.shellCommand(Binder.java:1068)
	at android.os.Binder.onTransact(Binder.java:888)
	at android.content.pm.IPackageManager$Stub.onTransact(IPackageManager.java:4352)
	at com.android.server.pm.PackageManagerService$IPackageManagerImpl.onTransact(PackageManagerService.java:6334)
	at android.os.Binder.execTransactInternal(Binder.java:1344)
	at android.os.Binder.execTransact(Binder.java:1275)

15:45:02.441 [DEBUG] maestro.Maestro.setPermissionInternal: Failed to set permission com.majeur.launcher.permission.UPDATE_BADGE for app app.kabuk.mobile: shell command failed (exit -1): 
Exception occurred while executing 'grant':
java.lang.IllegalArgumentException: Unknown permission: com.majeur.launcher.permission.UPDATE_BADGE
	at com.android.server.pm.permission.PermissionManagerServiceImpl.grantRuntimePermissionInternal(PermissionManagerServiceImpl.java:1380)
	at com.android.server.pm.permission.PermissionManagerServiceImpl.grantRuntimePermission(PermissionManagerServiceImpl.java:1337)
	at com.android.server.pm.permission.PermissionManagerService.grantRuntimePermission(PermissionManagerService.java:551)
	at android.permission.PermissionManager.grantRuntimePermission(PermissionManager.java:609)
	at com.android.server.pm.PackageManagerShellCommand.runGrantRevokePermission(PackageManagerShellCommand.java:2672)
	at com.android.server.pm.PackageManagerShellCommand.onCommand(PackageManagerShellCommand.java:291)
	at com.android.modules.utils.BasicShellCommandHandler.exec(BasicShellCommandHandler.java:97)
	at android.os.ShellCommand.exec(ShellCommand.java:38)
	at com.android.server.pm.PackageManagerService$IPackageManagerImpl.onShellCommand(PackageManagerService.java:6350)
	at android.os.Binder.shellCommand(Binder.java:1068)
	at android.os.Binder.onTransact(Binder.java:888)
	at android.content.pm.IPackageManager$Stub.onTransact(IPackageManager.java:4352)
	at com.android.server.pm.PackageManagerService$IPackageManagerImpl.onTransact(PackageManagerService.java:6334)
	at android.os.Binder.execTransactInternal(Binder.java:1344)
	at android.os.Binder.execTransact(Binder.java:1275)

15:45:02.502 [DEBUG] maestro.Maestro.setPermissionInternal: Failed to set permission com.huawei.android.launcher.permission.CHANGE_BADGE for app app.kabuk.mobile: shell command failed (exit -1): 
Exception occurred while executing 'grant':
java.lang.IllegalArgumentException: Unknown permission: com.huawei.android.launcher.permission.CHANGE_BADGE
	at com.android.server.pm.permission.PermissionManagerServiceImpl.grantRuntimePermissionInternal(PermissionManagerServiceImpl.java:1380)
	at com.android.server.pm.permission.PermissionManagerServiceImpl.grantRuntimePermission(PermissionManagerServiceImpl.java:1337)
	at com.android.server.pm.permission.PermissionManagerService.grantRuntimePermission(PermissionManagerService.java:551)
	at android.permission.PermissionManager.grantRuntimePermission(PermissionManager.java:609)
	at com.android.server.pm.PackageManagerShellCommand.runGrantRevokePermission(PackageManagerShellCommand.java:2672)
	at com.android.server.pm.PackageManagerShellCommand.onCommand(PackageManagerShellCommand.java:291)
	at com.android.modules.utils.BasicShellCommandHandler.exec(BasicShellCommandHandler.java:97)
	at android.os.ShellCommand.exec(ShellCommand.java:38)
	at com.android.server.pm.PackageManagerService$IPackageManagerImpl.onShellCommand(PackageManagerService.java:6350)
	at android.os.Binder.shellCommand(Binder.java:1068)
	at android.os.Binder.onTransact(Binder.java:888)
	at android.content.pm.IPackageManager$Stub.onTransact(IPackageManager.java:4352)
	at com.android.server.pm.PackageManagerService$IPackageManagerImpl.onTransact(PackageManagerService.java:6334)
	at android.os.Binder.execTransactInternal(Binder.java:1344)
	at android.os.Binder.execTransact(Binder.java:1275)

15:45:02.551 [DEBUG] maestro.Maestro.setPermissionInternal: Failed to set permission com.huawei.android.launcher.permission.READ_SETTINGS for app app.kabuk.mobile: shell command failed (exit -1): 
Exception occurred while executing 'grant':
java.lang.IllegalArgumentException: Unknown permission: com.huawei.android.launcher.permission.READ_SETTINGS
	at com.android.server.pm.permission.PermissionManagerServiceImpl.grantRuntimePermissionInternal(PermissionManagerServiceImpl.java:1380)
	at com.android.server.pm.permission.PermissionManagerServiceImpl.grantRuntimePermission(PermissionManagerServiceImpl.java:1337)
	at com.android.server.pm.permission.PermissionManagerService.grantRuntimePermission(PermissionManagerService.java:551)
	at android.permission.PermissionManager.grantRuntimePermission(PermissionManager.java:609)
	at com.android.server.pm.PackageManagerShellCommand.runGrantRevokePermission(PackageManagerShellCommand.java:2672)
	at com.android.server.pm.PackageManagerShellCommand.onCommand(PackageManagerShellCommand.java:291)
	at com.android.modules.utils.BasicShellCommandHandler.exec(BasicShellCommandHandler.java:97)
	at android.os.ShellCommand.exec(ShellCommand.java:38)
	at com.android.server.pm.PackageManagerService$IPackageManagerImpl.onShellCommand(PackageManagerService.java:6350)
	at android.os.Binder.shellCommand(Binder.java:1068)
	at android.os.Binder.onTransact(Binder.java:888)
	at android.content.pm.IPackageManager$Stub.onTransact(IPackageManager.java:4352)
	at com.android.server.pm.PackageManagerService$IPackageManagerImpl.onTransact(PackageManagerService.java:6334)
	at android.os.Binder.execTransactInternal(Binder.java:1344)
	at android.os.Binder.execTransact(Binder.java:1275)

15:45:02.614 [DEBUG] maestro.Maestro.setPermissionInternal: Failed to set permission com.huawei.android.launcher.permission.WRITE_SETTINGS for app app.kabuk.mobile: shell command failed (exit -1): 
Exception occurred while executing 'grant':
java.lang.IllegalArgumentException: Unknown permission: com.huawei.android.launcher.permission.WRITE_SETTINGS
	at com.android.server.pm.permission.PermissionManagerServiceImpl.grantRuntimePermissionInternal(PermissionManagerServiceImpl.java:1380)
	at com.android.server.pm.permission.PermissionManagerServiceImpl.grantRuntimePermission(PermissionManagerServiceImpl.java:1337)
	at com.android.server.pm.permission.PermissionManagerService.grantRuntimePermission(PermissionManagerService.java:551)
	at android.permission.PermissionManager.grantRuntimePermission(PermissionManager.java:609)
	at com.android.server.pm.PackageManagerShellCommand.runGrantRevokePermission(PackageManagerShellCommand.java:2672)
	at com.android.server.pm.PackageManagerShellCommand.onCommand(PackageManagerShellCommand.java:291)
	at com.android.modules.utils.BasicShellCommandHandler.exec(BasicShellCommandHandler.java:97)
	at android.os.ShellCommand.exec(ShellCommand.java:38)
	at com.android.server.pm.PackageManagerService$IPackageManagerImpl.onShellCommand(PackageManagerService.java:6350)
	at android.os.Binder.shellCommand(Binder.java:1068)
	at android.os.Binder.onTransact(Binder.java:888)
	at android.content.pm.IPackageManager$Stub.onTransact(IPackageManager.java:4352)
	at com.android.server.pm.PackageManagerService$IPackageManagerImpl.onTransact(PackageManagerService.java:6334)
	at android.os.Binder.execTransactInternal(Binder.java:1344)
	at android.os.Binder.execTransact(Binder.java:1275)

15:45:02.695 [DEBUG] maestro.Maestro.setPermissionInternal: Failed to set permission android.permission.READ_APP_BADGE for app app.kabuk.mobile: shell command failed (exit -1): 
Exception occurred while executing 'grant':
java.lang.IllegalArgumentException: Unknown permission: android.permission.READ_APP_BADGE
	at com.android.server.pm.permission.PermissionManagerServiceImpl.grantRuntimePermissionInternal(PermissionManagerServiceImpl.java:1380)
	at com.android.server.pm.permission.PermissionManagerServiceImpl.grantRuntimePermission(PermissionManagerServiceImpl.java:1337)
	at com.android.server.pm.permission.PermissionManagerService.grantRuntimePermission(PermissionManagerService.java:551)
	at android.permission.PermissionManager.grantRuntimePermission(PermissionManager.java:609)
	at com.android.server.pm.PackageManagerShellCommand.runGrantRevokePermission(PackageManagerShellCommand.java:2672)
	at com.android.server.pm.PackageManagerShellCommand.onCommand(PackageManagerShellCommand.java:291)
	at com.android.modules.utils.BasicShellCommandHandler.exec(BasicShellCommandHandler.java:97)
	at android.os.ShellCommand.exec(ShellCommand.java:38)
	at com.android.server.pm.PackageManagerService$IPackageManagerImpl.onShellCommand(PackageManagerService.java:6350)
	at android.os.Binder.shellCommand(Binder.java:1068)
	at android.os.Binder.onTransact(Binder.java:888)
	at android.content.pm.IPackageManager$Stub.onTransact(IPackageManager.java:4352)
	at com.android.server.pm.PackageManagerService$IPackageManagerImpl.onTransact(PackageManagerService.java:6334)
	at android.os.Binder.execTransactInternal(Binder.java:1344)
	at android.os.Binder.execTransact(Binder.java:1275)

15:45:02.752 [DEBUG] maestro.Maestro.setPermissionInternal: Failed to set permission com.oppo.launcher.permission.READ_SETTINGS for app app.kabuk.mobile: shell command failed (exit -1): 
Exception occurred while executing 'grant':
java.lang.IllegalArgumentException: Unknown permission: com.oppo.launcher.permission.READ_SETTINGS
	at com.android.server.pm.permission.PermissionManagerServiceImpl.grantRuntimePermissionInternal(PermissionManagerServiceImpl.java:1380)
	at com.android.server.pm.permission.PermissionManagerServiceImpl.grantRuntimePermission(PermissionManagerServiceImpl.java:1337)
	at com.android.server.pm.permission.PermissionManagerService.grantRuntimePermission(PermissionManagerService.java:551)
	at android.permission.PermissionManager.grantRuntimePermission(PermissionManager.java:609)
	at com.android.server.pm.PackageManagerShellCommand.runGrantRevokePermission(PackageManagerShellCommand.java:2672)
	at com.android.server.pm.PackageManagerShellCommand.onCommand(PackageManagerShellCommand.java:291)
	at com.android.modules.utils.BasicShellCommandHandler.exec(BasicShellCommandHandler.java:97)
	at android.os.ShellCommand.exec(ShellCommand.java:38)
	at com.android.server.pm.PackageManagerService$IPackageManagerImpl.onShellCommand(PackageManagerService.java:6350)
	at android.os.Binder.shellCommand(Binder.java:1068)
	at android.os.Binder.onTransact(Binder.java:888)
	at android.content.pm.IPackageManager$Stub.onTransact(IPackageManager.java:4352)
	at com.android.server.pm.PackageManagerService$IPackageManagerImpl.onTransact(PackageManagerService.java:6334)
	at android.os.Binder.execTransactInternal(Binder.java:1344)
	at android.os.Binder.execTransact(Binder.java:1275)

15:45:02.800 [DEBUG] maestro.Maestro.setPermissionInternal: Failed to set permission com.oppo.launcher.permission.WRITE_SETTINGS for app app.kabuk.mobile: shell command failed (exit -1): 
Exception occurred while executing 'grant':
java.lang.IllegalArgumentException: Unknown permission: com.oppo.launcher.permission.WRITE_SETTINGS
	at com.android.server.pm.permission.PermissionManagerServiceImpl.grantRuntimePermissionInternal(PermissionManagerServiceImpl.java:1380)
	at com.android.server.pm.permission.PermissionManagerServiceImpl.grantRuntimePermission(PermissionManagerServiceImpl.java:1337)
	at com.android.server.pm.permission.PermissionManagerService.grantRuntimePermission(PermissionManagerService.java:551)
	at android.permission.PermissionManager.grantRuntimePermission(PermissionManager.java:609)
	at com.android.server.pm.PackageManagerShellCommand.runGrantRevokePermission(PackageManagerShellCommand.java:2672)
	at com.android.server.pm.PackageManagerShellCommand.onCommand(PackageManagerShellCommand.java:291)
	at com.android.modules.utils.BasicShellCommandHandler.exec(BasicShellCommandHandler.java:97)
	at android.os.ShellCommand.exec(ShellCommand.java:38)
	at com.android.server.pm.PackageManagerService$IPackageManagerImpl.onShellCommand(PackageManagerService.java:6350)
	at android.os.Binder.shellCommand(Binder.java:1068)
	at android.os.Binder.onTransact(Binder.java:888)
	at android.content.pm.IPackageManager$Stub.onTransact(IPackageManager.java:4352)
	at com.android.server.pm.PackageManagerService$IPackageManagerImpl.onTransact(PackageManagerService.java:6334)
	at android.os.Binder.execTransactInternal(Binder.java:1344)
	at android.os.Binder.execTransact(Binder.java:1275)

15:45:02.854 [DEBUG] maestro.Maestro.setPermissionInternal: Failed to set permission me.everything.badger.permission.BADGE_COUNT_READ for app app.kabuk.mobile: shell command failed (exit -1): 
Exception occurred while executing 'grant':
java.lang.IllegalArgumentException: Unknown permission: me.everything.badger.permission.BADGE_COUNT_READ
	at com.android.server.pm.permission.PermissionManagerServiceImpl.grantRuntimePermissionInternal(PermissionManagerServiceImpl.java:1380)
	at com.android.server.pm.permission.PermissionManagerServiceImpl.grantRuntimePermission(PermissionManagerServiceImpl.java:1337)
	at com.android.server.pm.permission.PermissionManagerService.grantRuntimePermission(PermissionManagerService.java:551)
	at android.permission.PermissionManager.grantRuntimePermission(PermissionManager.java:609)
	at com.android.server.pm.PackageManagerShellCommand.runGrantRevokePermission(PackageManagerShellCommand.java:2672)
	at com.android.server.pm.PackageManagerShellCommand.onCommand(PackageManagerShellCommand.java:291)
	at com.android.modules.utils.BasicShellCommandHandler.exec(BasicShellCommandHandler.java:97)
	at android.os.ShellCommand.exec(ShellCommand.java:38)
	at com.android.server.pm.PackageManagerService$IPackageManagerImpl.onShellCommand(PackageManagerService.java:6350)
	at android.os.Binder.shellCommand(Binder.java:1068)
	at android.os.Binder.onTransact(Binder.java:888)
	at android.content.pm.IPackageManager$Stub.onTransact(IPackageManager.java:4352)
	at com.android.server.pm.PackageManagerService$IPackageManagerImpl.onTransact(PackageManagerService.java:6334)
	at android.os.Binder.execTransactInternal(Binder.java:1344)
	at android.os.Binder.execTransact(Binder.java:1275)

15:45:02.918 [DEBUG] maestro.Maestro.setPermissionInternal: Failed to set permission me.everything.badger.permission.BADGE_COUNT_WRITE for app app.kabuk.mobile: shell command failed (exit -1): 
Exception occurred while executing 'grant':
java.lang.IllegalArgumentException: Unknown permission: me.everything.badger.permission.BADGE_COUNT_WRITE
	at com.android.server.pm.permission.PermissionManagerServiceImpl.grantRuntimePermissionInternal(PermissionManagerServiceImpl.java:1380)
	at com.android.server.pm.permission.PermissionManagerServiceImpl.grantRuntimePermission(PermissionManagerServiceImpl.java:1337)
	at com.android.server.pm.permission.PermissionManagerService.grantRuntimePermission(PermissionManagerService.java:551)
	at android.permission.PermissionManager.grantRuntimePermission(PermissionManager.java:609)
	at com.android.server.pm.PackageManagerShellCommand.runGrantRevokePermission(PackageManagerShellCommand.java:2672)
	at com.android.server.pm.PackageManagerShellCommand.onCommand(PackageManagerShellCommand.java:291)
	at com.android.modules.utils.BasicShellCommandHandler.exec(BasicShellCommandHandler.java:97)
	at android.os.ShellCommand.exec(ShellCommand.java:38)
	at com.android.server.pm.PackageManagerService$IPackageManagerImpl.onShellCommand(PackageManagerService.java:6350)
	at android.os.Binder.shellCommand(Binder.java:1068)
	at android.os.Binder.onTransact(Binder.java:888)
	at android.content.pm.IPackageManager$Stub.onTransact(IPackageManager.java:4352)
	at com.android.server.pm.PackageManagerService$IPackageManagerImpl.onTransact(PackageManagerService.java:6334)
	at android.os.Binder.execTransactInternal(Binder.java:1344)
	at android.os.Binder.execTransact(Binder.java:1275)

15:45:02.922 [ INFO] maestro.Maestro.launchApp$lambda$5: Launching app app.kabuk.mobile
15:45:02.923 [ INFO] maestro.Maestro.launchApp$lambda$5: Stopping app.kabuk.mobile app during launch
15:45:03.118 [ INFO] maestro.cli.runner.CliConsoleListener.onCommandFinished: Launch app "app.kabuk.mobile" with clear state COMPLETED
15:45:03.119 [ INFO] maestro.cli.runner.CliConsoleListener.onCommandStart: Assert that "Telefon numaran" is visible RUNNING
15:45:06.758 [ INFO] maestro.cli.runner.CliConsoleListener.onCommandFinished: Assert that "Telefon numaran" is visible COMPLETED
15:45:06.759 [ INFO] maestro.cli.runner.CliConsoleListener.onCommandStart: Take screenshot 01-phone RUNNING
15:45:06.767 [ INFO] maestro.Maestro.takeScreenshot: Taking screenshot
15:45:06.772 [TRACE] maestro.utils.ScreenshotUtils.takeScreenshot: Taking screenshot to output sink
15:45:07.398 [ INFO] maestro.cli.runner.CliConsoleListener.onCommandFinished: Take screenshot 01-phone COMPLETED
15:45:07.398 [ INFO] maestro.cli.runner.CliConsoleListener.onCommandStart: Run login-code.yaml RUNNING
15:45:07.399 [ INFO] maestro.cli.runner.CliConsoleListener.onCommandStart: Apply configuration RUNNING
15:45:07.400 [ INFO] maestro.cli.runner.CliConsoleListener.onCommandFinished: Apply configuration COMPLETED
15:45:07.401 [ INFO] maestro.cli.runner.CliConsoleListener.onCommandStart: Tap on id: phone-input RUNNING
15:45:07.612 [ INFO] maestro.Maestro.tap-HgV9Ck0: Tapping on element:  UiElement(treeNode=TreeNode(attributes={text=, accessibilityText=Telefon numaran, hintText=5xx xxx xx xx, ignoreBoundsFiltering=false, resource-id=phone-input, clickable=true, bounds=[75,200][282,247], enabled=true, focused=false, checked=false, scrollable=false, selected=false, class=android.widget.EditText, important-for-accessibility=true, error=}, children=[], clickable=true, enabled=true, focused=false, checked=false, selected=false), bounds=Bounds(x=75, y=200, width=207, height=47))
15:45:09.212 [ INFO] maestro.Maestro.tap-HgV9Ck0: Tap aimed via settled hierarchy
15:45:09.222 [ INFO] maestro.Maestro.hierarchyBasedTap-ogj28Uc: Tapping at (178, 223) using hierarchy based logic for wait
15:45:12.625 [ INFO] maestro.Maestro.hierarchyBasedTap-ogj28Uc: Something has changed in the UI judging by view hierarchy. Proceed.
15:45:12.626 [ INFO] maestro.cli.runner.CliConsoleListener.onCommandFinished: Tap on id: phone-input COMPLETED
15:45:12.626 [ INFO] maestro.cli.runner.CliConsoleListener.onCommandStart: Erase text RUNNING
15:45:12.628 [ INFO] maestro.Maestro.eraseText$lambda$52: Erasing 50 characters
15:45:14.766 [ INFO] maestro.cli.runner.CliConsoleListener.onCommandFinished: Erase text COMPLETED
15:45:14.766 [ INFO] maestro.cli.runner.CliConsoleListener.onCommandStart: Input text 5550000001 RUNNING
15:45:14.768 [ INFO] maestro.Maestro.inputText: Inputting text: 5550000001
15:45:17.002 [ INFO] maestro.cli.runner.CliConsoleListener.onCommandFinished: Input text 5550000001 COMPLETED
15:45:17.003 [ INFO] maestro.cli.runner.CliConsoleListener.onCommandStart: Hide Keyboard RUNNING
15:45:17.004 [ INFO] maestro.Maestro.hideKeyboard$lambda$12: Hiding Keyboard
15:45:18.308 [ INFO] maestro.cli.runner.CliConsoleListener.onCommandFinished: Hide Keyboard COMPLETED
15:45:18.308 [ INFO] maestro.cli.runner.CliConsoleListener.onCommandStart: Tap on "Kod gönder" RUNNING
15:45:18.503 [ INFO] maestro.Maestro.tap-HgV9Ck0: Tapping on element:  UiElement(treeNode=TreeNode(attributes={text=Kod gönder, accessibilityText=, hintText=, ignoreBoundsFiltering=false, resource-id=, clickable=false, bounds=[117,574][204,594], enabled=true, focused=false, checked=false, scrollable=false, selected=false, class=android.widget.TextView, important-for-accessibility=true, error=}, children=[], clickable=false, enabled=true, focused=false, checked=false, selected=false), bounds=Bounds(x=117, y=574, width=87, height=20))
15:45:20.559 [ INFO] maestro.Maestro.tap-HgV9Ck0: Tap aimed via settled hierarchy
15:45:20.561 [ INFO] maestro.Maestro.hierarchyBasedTap-ogj28Uc: Tapping at (160, 584) using hierarchy based logic for wait
15:45:32.071 [ INFO] maestro.Maestro.hierarchyBasedTap-ogj28Uc: Something has changed in the UI judging by view hierarchy. Proceed.
15:45:32.072 [ INFO] maestro.cli.runner.CliConsoleListener.onCommandFinished: Tap on "Kod gönder" COMPLETED
15:45:32.072 [ INFO] maestro.cli.runner.CliConsoleListener.onCommandStart: Assert that "Doğrulama kodu" is visible RUNNING
15:45:32.387 [ INFO] maestro.cli.runner.CliConsoleListener.onCommandFinished: Assert that "Doğrulama kodu" is visible COMPLETED
15:45:32.387 [ INFO] maestro.cli.runner.CliConsoleListener.onCommandStart: Take screenshot 02-otp RUNNING
15:45:32.388 [ INFO] maestro.Maestro.takeScreenshot: Taking screenshot
15:45:32.389 [TRACE] maestro.utils.ScreenshotUtils.takeScreenshot: Taking screenshot to output sink
15:45:32.589 [ INFO] maestro.cli.runner.CliConsoleListener.onCommandFinished: Take screenshot 02-otp COMPLETED
15:45:32.590 [ INFO] maestro.cli.runner.CliConsoleListener.onCommandStart: Tap on id: otp-input RUNNING
15:45:33.086 [ INFO] maestro.Maestro.tap-HgV9Ck0: Tapping on element:  UiElement(treeNode=TreeNode(attributes={text=, accessibilityText=Doğrulama kodu, hintText=, ignoreBoundsFiltering=false, resource-id=otp-input, clickable=true, bounds=[20,194][300,252], enabled=true, focused=true, checked=false, scrollable=false, selected=false, class=android.widget.EditText, important-for-accessibility=true, error=}, children=[], clickable=true, enabled=true, focused=true, checked=false, selected=false), bounds=Bounds(x=20, y=194, width=280, height=58))
15:45:36.227 [ INFO] maestro.Maestro.tap-HgV9Ck0: Tap aimed via settled hierarchy
15:45:36.230 [ INFO] maestro.Maestro.hierarchyBasedTap-ogj28Uc: Tapping at (160, 223) using hierarchy based logic for wait
15:45:39.089 [ INFO] maestro.Maestro.hierarchyBasedTap-ogj28Uc: Something has changed in the UI judging by view hierarchy. Proceed.
15:45:39.089 [ INFO] maestro.cli.runner.CliConsoleListener.onCommandFinished: Tap on id: otp-input COMPLETED
15:45:39.090 [ INFO] maestro.cli.runner.CliConsoleListener.onCommandStart: Input text 123456 RUNNING
15:45:39.090 [ INFO] maestro.Maestro.inputText: Inputting text: 123456
15:45:41.296 [ INFO] maestro.cli.runner.CliConsoleListener.onCommandFinished: Input text 123456 COMPLETED
15:45:41.296 [ INFO] maestro.cli.runner.CliConsoleListener.onCommandFinished: Run login-code.yaml COMPLETED
15:45:41.296 [ INFO] maestro.cli.runner.CliConsoleListener.onCommandStart: Assert that "Başlamadan önce" is visible RUNNING
15:45:41.396 [ INFO] maestro.cli.runner.CliConsoleListener.onCommandFinished: Assert that "Başlamadan önce" is visible COMPLETED
15:45:41.396 [ INFO] maestro.cli.runner.CliConsoleListener.onCommandStart: Take screenshot 03-consents RUNNING
15:45:41.397 [ INFO] maestro.Maestro.takeScreenshot: Taking screenshot
15:45:41.397 [TRACE] maestro.utils.ScreenshotUtils.takeScreenshot: Taking screenshot to output sink
15:45:41.427 [ INFO] maestro.cli.runner.CliConsoleListener.onCommandFinished: Take screenshot 03-consents COMPLETED
15:45:41.427 [ INFO] maestro.cli.runner.CliConsoleListener.onCommandStart: Tap on "Kullanım Koşulları’nı okudum ve kabul ediyorum." RUNNING
15:45:41.530 [ INFO] maestro.Maestro.tap-HgV9Ck0: Tapping on element:  UiElement(treeNode=TreeNode(attributes={text=Kullanım Koşulları’nı okudum ve kabul ediyorum., accessibilityText=, hintText=, ignoreBoundsFiltering=false, resource-id=, clickable=false, bounds=[74,119][284,165], enabled=true, focused=false, checked=false, scrollable=false, selected=false, class=android.widget.TextView, important-for-accessibility=true, error=}, children=[], clickable=false, enabled=true, focused=false, checked=false, selected=false), bounds=Bounds(x=74, y=119, width=210, height=46))
15:45:42.813 [ INFO] maestro.Maestro.tap-HgV9Ck0: Tap aimed via settled hierarchy
15:45:42.815 [ INFO] maestro.Maestro.hierarchyBasedTap-ogj28Uc: Tapping at (179, 142) using hierarchy based logic for wait
15:45:44.542 [ INFO] maestro.Maestro.hierarchyBasedTap-ogj28Uc: Something has changed in the UI judging by view hierarchy. Proceed.
15:45:44.544 [ INFO] maestro.cli.runner.CliConsoleListener.onCommandFinished: Tap on "Kullanım Koşulları’nı okudum ve kabul ediyorum." COMPLETED
15:45:44.544 [ INFO] maestro.cli.runner.CliConsoleListener.onCommandStart: Tap on "KVKK Aydınlatma Metni’ni okudum." RUNNING
15:45:45.009 [ INFO] maestro.Maestro.tap-HgV9Ck0: Tapping on element:  UiElement(treeNode=TreeNode(attributes={text=KVKK Aydınlatma Metni’ni okudum., accessibilityText=, hintText=, ignoreBoundsFiltering=false, resource-id=, clickable=false, bounds=[74,219][284,265], enabled=true, focused=false, checked=false, scrollable=false, selected=false, class=android.widget.TextView, important-for-accessibility=true, error=}, children=[], clickable=false, enabled=true, focused=false, checked=false, selected=false), bounds=Bounds(x=74, y=219, width=210, height=46))
15:45:46.571 [ INFO] maestro.Maestro.tap-HgV9Ck0: Tap aimed via settled hierarchy
15:45:46.573 [ INFO] maestro.Maestro.hierarchyBasedTap-ogj28Uc: Tapping at (179, 242) using hierarchy based logic for wait
15:45:47.641 [ INFO] maestro.Maestro.hierarchyBasedTap-ogj28Uc: Something has changed in the UI judging by view hierarchy. Proceed.
15:45:47.641 [ INFO] maestro.cli.runner.CliConsoleListener.onCommandFinished: Tap on "KVKK Aydınlatma Metni’ni okudum." COMPLETED
15:45:47.642 [ INFO] maestro.cli.runner.CliConsoleListener.onCommandStart: Tap on "Onayla ve devam et" RUNNING
15:45:47.858 [ INFO] maestro.Maestro.tap-HgV9Ck0: Tapping on element:  UiElement(treeNode=TreeNode(attributes={text=Onayla ve devam et, accessibilityText=, hintText=, ignoreBoundsFiltering=false, resource-id=, clickable=false, bounds=[87,574][234,594], enabled=true, focused=false, checked=false, scrollable=false, selected=false, class=android.widget.TextView, important-for-accessibility=true, error=}, children=[], clickable=false, enabled=true, focused=false, checked=false, selected=false), bounds=Bounds(x=87, y=574, width=147, height=20))
15:45:49.345 [ INFO] maestro.Maestro.tap-HgV9Ck0: Tap aimed via settled hierarchy
15:45:49.346 [ INFO] maestro.Maestro.hierarchyBasedTap-ogj28Uc: Tapping at (160, 584) using hierarchy based logic for wait
15:45:50.616 [ INFO] maestro.Maestro.hierarchyBasedTap-ogj28Uc: Something has changed in the UI judging by view hierarchy. Proceed.
15:45:50.616 [ INFO] maestro.cli.runner.CliConsoleListener.onCommandFinished: Tap on "Onayla ve devam et" COMPLETED
15:45:50.616 [ INFO] maestro.cli.runner.CliConsoleListener.onCommandStart: Assert that "Seni tanıyalım" is visible RUNNING
15:45:50.803 [ INFO] maestro.cli.runner.CliConsoleListener.onCommandFinished: Assert that "Seni tanıyalım" is visible COMPLETED
15:45:50.804 [ INFO] maestro.cli.runner.CliConsoleListener.onCommandStart: Run ${output.underAgeYear = String(new Date().getFullYear() - 17)} RUNNING
15:45:53.590 [ INFO] maestro.cli.runner.CliConsoleListener.onCommandFinished: Run ${output.underAgeYear = String(new Date().getFullYear() - 17)} COMPLETED
15:45:53.590 [ INFO] maestro.cli.runner.CliConsoleListener.onCommandStart: Run about-you.yaml RUNNING
15:45:53.591 [ INFO] maestro.cli.runner.CliConsoleListener.onCommandStart: Define variables RUNNING
15:45:53.611 [ INFO] maestro.cli.runner.CliConsoleListener.onCommandFinished: Define variables COMPLETED
15:45:53.612 [ INFO] maestro.cli.runner.CliConsoleListener.onCommandStart: Apply configuration RUNNING
15:45:53.612 [ INFO] maestro.cli.runner.CliConsoleListener.onCommandFinished: Apply configuration COMPLETED
15:45:53.613 [ INFO] maestro.cli.runner.CliConsoleListener.onCommandStart: Tap on id: signup-name RUNNING
15:45:53.933 [ INFO] maestro.Maestro.tap-HgV9Ck0: Tapping on element:  UiElement(treeNode=TreeNode(attributes={text=, accessibilityText=, hintText=, ignoreBoundsFiltering=false, resource-id=signup-name, clickable=true, bounds=[38,154][282,200], enabled=true, focused=false, checked=false, scrollable=false, selected=false, class=android.widget.EditText, important-for-accessibility=true, error=}, children=[], clickable=true, enabled=true, focused=false, checked=false, selected=false), bounds=Bounds(x=38, y=154, width=244, height=46))
15:45:55.867 [ INFO] maestro.Maestro.tap-HgV9Ck0: Tap aimed via settled hierarchy
15:45:55.870 [ INFO] maestro.Maestro.hierarchyBasedTap-ogj28Uc: Tapping at (160, 177) using hierarchy based logic for wait
15:45:58.695 [ INFO] maestro.Maestro.hierarchyBasedTap-ogj28Uc: Something has changed in the UI judging by view hierarchy. Proceed.
15:45:58.695 [ INFO] maestro.cli.runner.CliConsoleListener.onCommandFinished: Tap on id: signup-name COMPLETED
15:45:58.695 [ INFO] maestro.cli.runner.CliConsoleListener.onCommandStart: Erase text RUNNING
15:45:58.696 [ INFO] maestro.Maestro.eraseText$lambda$52: Erasing 50 characters
15:46:01.916 [ INFO] maestro.cli.runner.CliConsoleListener.onCommandFinished: Erase text COMPLETED
15:46:01.917 [ INFO] maestro.cli.runner.CliConsoleListener.onCommandStart: Input text ${NAME} RUNNING
15:46:01.929 [ INFO] maestro.Maestro.inputText: Inputting text: Genç Masa
15:46:05.690 [ INFO] maestro.cli.runner.CliConsoleListener.onCommandFinished: Input text ${NAME} COMPLETED
15:46:05.690 [ INFO] maestro.cli.runner.CliConsoleListener.onCommandStart: Tap on id: birth-day RUNNING
15:46:06.142 [ INFO] maestro.Maestro.tap-HgV9Ck0: Tapping on element:  UiElement(treeNode=TreeNode(attributes={text=, accessibilityText=Gün, hintText=, ignoreBoundsFiltering=false, resource-id=birth-day, clickable=true, bounds=[38,299][75,345], enabled=true, focused=false, checked=false, scrollable=false, selected=false, class=android.widget.EditText, important-for-accessibility=true, error=}, children=[], clickable=true, enabled=true, focused=false, checked=false, selected=false), bounds=Bounds(x=38, y=299, width=37, height=46))
15:46:07.574 [ INFO] maestro.Maestro.tap-HgV9Ck0: Tap aimed via settled hierarchy
15:46:07.577 [ INFO] maestro.Maestro.hierarchyBasedTap-ogj28Uc: Tapping at (56, 322) using hierarchy based logic for wait
15:46:08.639 [ INFO] maestro.Maestro.hierarchyBasedTap-ogj28Uc: Something has changed in the UI judging by view hierarchy. Proceed.
15:46:08.639 [ INFO] maestro.cli.runner.CliConsoleListener.onCommandFinished: Tap on id: birth-day COMPLETED
15:46:08.639 [ INFO] maestro.cli.runner.CliConsoleListener.onCommandStart: Input text ${DAY} RUNNING
15:46:08.650 [ INFO] maestro.Maestro.inputText: Inputting text: 01
15:46:09.686 [ INFO] maestro.cli.runner.CliConsoleListener.onCommandFinished: Input text ${DAY} COMPLETED
15:46:09.686 [ INFO] maestro.cli.runner.CliConsoleListener.onCommandStart: Tap on id: birth-month RUNNING
15:46:09.814 [ INFO] maestro.Maestro.tap-HgV9Ck0: Tapping on element:  UiElement(treeNode=TreeNode(attributes={text=, accessibilityText=Ay, hintText=, ignoreBoundsFiltering=false, resource-id=birth-month, clickable=true, bounds=[120,299][157,345], enabled=true, focused=false, checked=false, scrollable=false, selected=false, class=android.widget.EditText, important-for-accessibility=true, error=}, children=[], clickable=true, enabled=true, focused=false, checked=false, selected=false), bounds=Bounds(x=120, y=299, width=37, height=46))
15:46:11.191 [ INFO] maestro.Maestro.tap-HgV9Ck0: Tap aimed via settled hierarchy
15:46:11.194 [ INFO] maestro.Maestro.hierarchyBasedTap-ogj28Uc: Tapping at (138, 322) using hierarchy based logic for wait
15:46:12.554 [ INFO] maestro.Maestro.hierarchyBasedTap-ogj28Uc: Something has changed in the UI judging by view hierarchy. Proceed.
15:46:12.554 [ INFO] maestro.cli.runner.CliConsoleListener.onCommandFinished: Tap on id: birth-month COMPLETED
15:46:12.554 [ INFO] maestro.cli.runner.CliConsoleListener.onCommandStart: Input text ${MONTH} RUNNING
15:46:12.563 [ INFO] maestro.Maestro.inputText: Inputting text: 01
15:46:13.609 [ INFO] maestro.cli.runner.CliConsoleListener.onCommandFinished: Input text ${MONTH} COMPLETED
15:46:13.609 [ INFO] maestro.cli.runner.CliConsoleListener.onCommandStart: Tap on id: birth-year RUNNING
15:46:13.768 [ INFO] maestro.Maestro.tap-HgV9Ck0: Tapping on element:  UiElement(treeNode=TreeNode(attributes={text=, accessibilityText=Yıl, hintText=, ignoreBoundsFiltering=false, resource-id=birth-year, clickable=true, bounds=[202,299][282,345], enabled=true, focused=false, checked=false, scrollable=false, selected=false, class=android.widget.EditText, important-for-accessibility=true, error=}, children=[], clickable=true, enabled=true, focused=false, checked=false, selected=false), bounds=Bounds(x=202, y=299, width=80, height=46))
15:46:15.055 [ INFO] maestro.Maestro.tap-HgV9Ck0: Tap aimed via settled hierarchy
15:46:15.056 [ INFO] maestro.Maestro.hierarchyBasedTap-ogj28Uc: Tapping at (242, 322) using hierarchy based logic for wait
15:46:16.044 [ INFO] maestro.Maestro.hierarchyBasedTap-ogj28Uc: Something has changed in the UI judging by view hierarchy. Proceed.
15:46:16.044 [ INFO] maestro.cli.runner.CliConsoleListener.onCommandFinished: Tap on id: birth-year COMPLETED
15:46:16.044 [ INFO] maestro.cli.runner.CliConsoleListener.onCommandStart: Input text ${YEAR} RUNNING
15:46:16.059 [ INFO] maestro.Maestro.inputText: Inputting text: 2009
15:46:17.377 [ INFO] maestro.cli.runner.CliConsoleListener.onCommandFinished: Input text ${YEAR} COMPLETED
15:46:17.377 [ INFO] maestro.cli.runner.CliConsoleListener.onCommandStart: Hide Keyboard RUNNING
15:46:17.378 [ INFO] maestro.Maestro.hideKeyboard$lambda$12: Hiding Keyboard
15:46:18.387 [ INFO] maestro.cli.runner.CliConsoleListener.onCommandFinished: Hide Keyboard COMPLETED
15:46:18.388 [ INFO] maestro.cli.runner.CliConsoleListener.onCommandStart: Tap on id: signup-continue RUNNING
15:46:18.483 [ INFO] maestro.Maestro.tap-HgV9Ck0: Tapping on element:  UiElement(treeNode=TreeNode(attributes={text=, accessibilityText=Devam, hintText=, ignoreBoundsFiltering=false, resource-id=signup-continue, clickable=true, bounds=[20,560][300,608], enabled=true, focused=false, checked=false, scrollable=false, selected=false, class=android.widget.Button, important-for-accessibility=true, error=}, children=[TreeNode(attributes={text=, accessibilityText=, hintText=, ignoreBoundsFiltering=false, resource-id=, clickable=false, bounds=[20,560][300,608], enabled=true, focused=false, checked=false, scrollable=false, selected=false, class=android.view.ViewGroup, important-for-accessibility=false, error=}, children=[], clickable=false, enabled=true, focused=false, checked=false, selected=false), TreeNode(attributes={text=Devam, accessibilityText=, hintText=, ignoreBoundsFiltering=false, resource-id=, clickable=false, bounds=[134,574][186,594], enabled=true, focused=false, checked=false, scrollable=false, selected=false, class=android.widget.TextView, important-for-accessibility=true, error=}, children=[], clickable=false, enabled=true, focused=false, checked=false, selected=false)], clickable=true, enabled=true, focused=false, checked=false, selected=false), bounds=Bounds(x=20, y=560, width=280, height=48))
15:46:19.710 [ INFO] maestro.Maestro.tap-HgV9Ck0: Tap aimed via settled hierarchy
15:46:19.711 [ INFO] maestro.Maestro.hierarchyBasedTap-ogj28Uc: Tapping at (160, 584) using hierarchy based logic for wait
15:46:21.991 [ INFO] maestro.Maestro.hierarchyBasedTap-ogj28Uc: Something has changed in the UI judging by view hierarchy. Proceed.
15:46:21.991 [ INFO] maestro.cli.runner.CliConsoleListener.onCommandFinished: Tap on id: signup-continue COMPLETED
15:46:21.991 [ INFO] maestro.cli.runner.CliConsoleListener.onCommandFinished: Run about-you.yaml COMPLETED
15:46:21.992 [ INFO] maestro.cli.runner.CliConsoleListener.onCommandStart: Assert that id: under-age is visible RUNNING
15:46:22.056 [ INFO] maestro.cli.runner.CliConsoleListener.onCommandFinished: Assert that id: under-age is visible COMPLETED
15:46:22.057 [ INFO] maestro.cli.runner.CliConsoleListener.onCommandStart: Assert that "Kabuk 18 yaş ve üzeri içindir" is visible RUNNING
15:46:22.285 [ INFO] maestro.cli.runner.CliConsoleListener.onCommandFinished: Assert that "Kabuk 18 yaş ve üzeri içindir" is visible COMPLETED
15:46:22.285 [ INFO] maestro.cli.runner.CliConsoleListener.onCommandStart: Take screenshot 03a-under-age RUNNING
15:46:22.286 [ INFO] maestro.Maestro.takeScreenshot: Taking screenshot
15:46:22.286 [TRACE] maestro.utils.ScreenshotUtils.takeScreenshot: Taking screenshot to output sink
15:46:22.381 [ INFO] maestro.cli.runner.CliConsoleListener.onCommandFinished: Take screenshot 03a-under-age COMPLETED
15:46:22.381 [ INFO] maestro.cli.runner.CliConsoleListener.onCommandStart: Tap on "Kapat" RUNNING
15:46:22.475 [ INFO] maestro.Maestro.tap-HgV9Ck0: Tapping on element:  UiElement(treeNode=TreeNode(attributes={text=Kapat, accessibilityText=, hintText=, ignoreBoundsFiltering=false, resource-id=, clickable=false, bounds=[138,574][182,594], enabled=true, focused=false, checked=false, scrollable=false, selected=false, class=android.widget.TextView, important-for-accessibility=true, error=}, children=[], clickable=false, enabled=true, focused=false, checked=false, selected=false), bounds=Bounds(x=138, y=574, width=44, height=20))
15:46:23.749 [ INFO] maestro.Maestro.tap-HgV9Ck0: Tap aimed via settled hierarchy
15:46:23.750 [ INFO] maestro.Maestro.hierarchyBasedTap-ogj28Uc: Tapping at (160, 584) using hierarchy based logic for wait
15:46:24.890 [ INFO] maestro.Maestro.hierarchyBasedTap-ogj28Uc: Something has changed in the UI judging by view hierarchy. Proceed.
15:46:24.890 [ INFO] maestro.cli.runner.CliConsoleListener.onCommandFinished: Tap on "Kapat" COMPLETED
15:46:24.890 [ INFO] maestro.cli.runner.CliConsoleListener.onCommandStart: Assert that "Telefon numaran" is visible RUNNING
15:46:24.991 [ INFO] maestro.cli.runner.CliConsoleListener.onCommandFinished: Assert that "Telefon numaran" is visible COMPLETED
15:46:24.991 [ INFO] maestro.cli.runner.CliConsoleListener.onCommandStart: Run login-code.yaml RUNNING
15:46:24.992 [ INFO] maestro.cli.runner.CliConsoleListener.onCommandStart: Apply configuration RUNNING
15:46:24.992 [ INFO] maestro.cli.runner.CliConsoleListener.onCommandFinished: Apply configuration COMPLETED
15:46:24.992 [ INFO] maestro.cli.runner.CliConsoleListener.onCommandStart: Tap on id: phone-input RUNNING
15:46:25.158 [ INFO] maestro.Maestro.tap-HgV9Ck0: Tapping on element:  UiElement(treeNode=TreeNode(attributes={text=, accessibilityText=Telefon numaran, hintText=5xx xxx xx xx, ignoreBoundsFiltering=false, resource-id=phone-input, clickable=true, bounds=[75,200][282,247], enabled=true, focused=false, checked=false, scrollable=false, selected=false, class=android.widget.EditText, important-for-accessibility=true, error=}, children=[], clickable=true, enabled=true, focused=false, checked=false, selected=false), bounds=Bounds(x=75, y=200, width=207, height=47))
15:46:26.461 [ INFO] maestro.Maestro.tap-HgV9Ck0: Tap aimed via settled hierarchy
15:46:26.462 [ INFO] maestro.Maestro.hierarchyBasedTap-ogj28Uc: Tapping at (178, 223) using hierarchy based logic for wait
15:46:28.003 [ INFO] maestro.Maestro.hierarchyBasedTap-ogj28Uc: Something has changed in the UI judging by view hierarchy. Proceed.
15:46:28.004 [ INFO] maestro.cli.runner.CliConsoleListener.onCommandFinished: Tap on id: phone-input COMPLETED
15:46:28.004 [ INFO] maestro.cli.runner.CliConsoleListener.onCommandStart: Erase text RUNNING
15:46:28.005 [ INFO] maestro.Maestro.eraseText$lambda$52: Erasing 50 characters
15:46:29.924 [ INFO] maestro.cli.runner.CliConsoleListener.onCommandFinished: Erase text COMPLETED
15:46:29.924 [ INFO] maestro.cli.runner.CliConsoleListener.onCommandStart: Input text 5550000001 RUNNING
15:46:29.925 [ INFO] maestro.Maestro.inputText: Inputting text: 5550000001
15:46:31.848 [ INFO] maestro.cli.runner.CliConsoleListener.onCommandFinished: Input text 5550000001 COMPLETED
15:46:31.849 [ INFO] maestro.cli.runner.CliConsoleListener.onCommandStart: Hide Keyboard RUNNING
15:46:31.849 [ INFO] maestro.Maestro.hideKeyboard$lambda$12: Hiding Keyboard
15:46:32.823 [ INFO] maestro.cli.runner.CliConsoleListener.onCommandFinished: Hide Keyboard COMPLETED
15:46:32.824 [ INFO] maestro.cli.runner.CliConsoleListener.onCommandStart: Tap on "Kod gönder" RUNNING
15:46:32.907 [ INFO] maestro.Maestro.tap-HgV9Ck0: Tapping on element:  UiElement(treeNode=TreeNode(attributes={text=Kod gönder, accessibilityText=, hintText=, ignoreBoundsFiltering=false, resource-id=, clickable=false, bounds=[117,574][204,594], enabled=true, focused=false, checked=false, scrollable=false, selected=false, class=android.widget.TextView, important-for-accessibility=true, error=}, children=[], clickable=false, enabled=true, focused=false, checked=false, selected=false), bounds=Bounds(x=117, y=574, width=87, height=20))
15:46:34.158 [ INFO] maestro.Maestro.tap-HgV9Ck0: Tap aimed via settled hierarchy
15:46:34.159 [ INFO] maestro.Maestro.hierarchyBasedTap-ogj28Uc: Tapping at (160, 584) using hierarchy based logic for wait
15:46:35.489 [ INFO] maestro.Maestro.hierarchyBasedTap-ogj28Uc: Something has changed in the UI judging by view hierarchy. Proceed.
15:46:35.490 [ INFO] maestro.cli.runner.CliConsoleListener.onCommandFinished: Tap on "Kod gönder" COMPLETED
15:46:35.490 [ INFO] maestro.cli.runner.CliConsoleListener.onCommandStart: Assert that "Doğrulama kodu" is visible RUNNING
15:46:35.676 [ INFO] maestro.cli.runner.CliConsoleListener.onCommandFinished: Assert that "Doğrulama kodu" is visible COMPLETED
15:46:35.676 [ INFO] maestro.cli.runner.CliConsoleListener.onCommandStart: Take screenshot 02-otp RUNNING
15:46:35.677 [ INFO] maestro.Maestro.takeScreenshot: Taking screenshot
15:46:35.679 [TRACE] maestro.utils.ScreenshotUtils.takeScreenshot: Taking screenshot to output sink
15:46:35.707 [ INFO] maestro.cli.runner.CliConsoleListener.onCommandFinished: Take screenshot 02-otp COMPLETED
15:46:35.707 [ INFO] maestro.cli.runner.CliConsoleListener.onCommandStart: Tap on id: otp-input RUNNING
15:46:36.422 [ INFO] maestro.Maestro.tap-HgV9Ck0: Tapping on element:  UiElement(treeNode=TreeNode(attributes={text=, accessibilityText=Doğrulama kodu, hintText=, ignoreBoundsFiltering=false, resource-id=otp-input, clickable=true, bounds=[20,194][300,252], enabled=true, focused=true, checked=false, scrollable=false, selected=false, class=android.widget.EditText, important-for-accessibility=true, error=}, children=[], clickable=true, enabled=true, focused=true, checked=false, selected=false), bounds=Bounds(x=20, y=194, width=280, height=58))
15:46:37.689 [ INFO] maestro.Maestro.tap-HgV9Ck0: Tap aimed via settled hierarchy
15:46:37.690 [ INFO] maestro.Maestro.hierarchyBasedTap-ogj28Uc: Tapping at (160, 223) using hierarchy based logic for wait
15:46:38.553 [ INFO] maestro.Maestro.hierarchyBasedTap-ogj28Uc: Something has changed in the UI judging by view hierarchy. Proceed.
15:46:38.553 [ INFO] maestro.cli.runner.CliConsoleListener.onCommandFinished: Tap on id: otp-input COMPLETED
15:46:38.553 [ INFO] maestro.cli.runner.CliConsoleListener.onCommandStart: Input text 123456 RUNNING
15:46:38.553 [ INFO] maestro.Maestro.inputText: Inputting text: 123456
15:46:40.062 [ INFO] maestro.cli.runner.CliConsoleListener.onCommandFinished: Input text 123456 COMPLETED
15:46:40.062 [ INFO] maestro.cli.runner.CliConsoleListener.onCommandFinished: Run login-code.yaml COMPLETED
15:46:40.062 [ INFO] maestro.cli.runner.CliConsoleListener.onCommandStart: Assert that "Başlamadan önce" is visible RUNNING
15:46:40.179 [ INFO] maestro.cli.runner.CliConsoleListener.onCommandFinished: Assert that "Başlamadan önce" is visible COMPLETED
15:46:40.179 [ INFO] maestro.cli.runner.CliConsoleListener.onCommandStart: Tap on "Kullanım Koşulları’nı okudum ve kabul ediyorum." RUNNING
15:46:40.300 [ INFO] maestro.Maestro.tap-HgV9Ck0: Tapping on element:  UiElement(treeNode=TreeNode(attributes={text=Kullanım Koşulları’nı okudum ve kabul ediyorum., accessibilityText=, hintText=, ignoreBoundsFiltering=false, resource-id=, clickable=false, bounds=[74,119][284,165], enabled=true, focused=false, checked=false, scrollable=false, selected=false, class=android.widget.TextView, important-for-accessibility=true, error=}, children=[], clickable=false, enabled=true, focused=false, checked=false, selected=false), bounds=Bounds(x=74, y=119, width=210, height=46))
15:46:41.550 [ INFO] maestro.Maestro.tap-HgV9Ck0: Tap aimed via settled hierarchy
15:46:41.551 [ INFO] maestro.Maestro.hierarchyBasedTap-ogj28Uc: Tapping at (179, 142) using hierarchy based logic for wait
15:46:42.481 [ INFO] maestro.Maestro.hierarchyBasedTap-ogj28Uc: Something has changed in the UI judging by view hierarchy. Proceed.
15:46:42.481 [ INFO] maestro.cli.runner.CliConsoleListener.onCommandFinished: Tap on "Kullanım Koşulları’nı okudum ve kabul ediyorum." COMPLETED
15:46:42.482 [ INFO] maestro.cli.runner.CliConsoleListener.onCommandStart: Tap on "KVKK Aydınlatma Metni’ni okudum." RUNNING
15:46:42.566 [ INFO] maestro.Maestro.tap-HgV9Ck0: Tapping on element:  UiElement(treeNode=TreeNode(attributes={text=KVKK Aydınlatma Metni’ni okudum., accessibilityText=, hintText=, ignoreBoundsFiltering=false, resource-id=, clickable=false, bounds=[74,219][284,265], enabled=true, focused=false, checked=false, scrollable=false, selected=false, class=android.widget.TextView, important-for-accessibility=true, error=}, children=[], clickable=false, enabled=true, focused=false, checked=false, selected=false), bounds=Bounds(x=74, y=219, width=210, height=46))
15:46:43.810 [ INFO] maestro.Maestro.tap-HgV9Ck0: Tap aimed via settled hierarchy
15:46:43.810 [ INFO] maestro.Maestro.hierarchyBasedTap-ogj28Uc: Tapping at (179, 242) using hierarchy based logic for wait
15:46:44.665 [ INFO] maestro.Maestro.hierarchyBasedTap-ogj28Uc: Something has changed in the UI judging by view hierarchy. Proceed.
15:46:44.666 [ INFO] maestro.cli.runner.CliConsoleListener.onCommandFinished: Tap on "KVKK Aydınlatma Metni’ni okudum." COMPLETED
15:46:44.666 [ INFO] maestro.cli.runner.CliConsoleListener.onCommandStart: Tap on "Onayla ve devam et" RUNNING
15:46:44.748 [ INFO] maestro.Maestro.tap-HgV9Ck0: Tapping on element:  UiElement(treeNode=TreeNode(attributes={text=Onayla ve devam et, accessibilityText=, hintText=, ignoreBoundsFiltering=false, resource-id=, clickable=false, bounds=[87,574][234,594], enabled=true, focused=false, checked=false, scrollable=false, selected=false, class=android.widget.TextView, important-for-accessibility=true, error=}, children=[], clickable=false, enabled=true, focused=false, checked=false, selected=false), bounds=Bounds(x=87, y=574, width=147, height=20))
15:46:46.087 [ INFO] maestro.Maestro.tap-HgV9Ck0: Tap aimed via settled hierarchy
15:46:46.089 [ INFO] maestro.Maestro.hierarchyBasedTap-ogj28Uc: Tapping at (160, 584) using hierarchy based logic for wait
15:46:47.482 [ INFO] maestro.Maestro.hierarchyBasedTap-ogj28Uc: Something has changed in the UI judging by view hierarchy. Proceed.
15:46:47.484 [ INFO] maestro.cli.runner.CliConsoleListener.onCommandFinished: Tap on "Onayla ve devam et" COMPLETED
15:46:47.484 [ INFO] maestro.cli.runner.CliConsoleListener.onCommandStart: Assert that "Seni tanıyalım" is visible RUNNING
15:46:47.717 [ INFO] maestro.cli.runner.CliConsoleListener.onCommandFinished: Assert that "Seni tanıyalım" is visible COMPLETED
15:46:47.719 [ INFO] maestro.cli.runner.CliConsoleListener.onCommandStart: Take screenshot 03b-about-you RUNNING
15:46:47.719 [ INFO] maestro.Maestro.takeScreenshot: Taking screenshot
15:46:47.721 [TRACE] maestro.utils.ScreenshotUtils.takeScreenshot: Taking screenshot to output sink
15:46:47.792 [ INFO] maestro.cli.runner.CliConsoleListener.onCommandFinished: Take screenshot 03b-about-you COMPLETED
15:46:47.792 [ INFO] maestro.cli.runner.CliConsoleListener.onCommandStart: Run about-you.yaml RUNNING
15:46:47.793 [ INFO] maestro.cli.runner.CliConsoleListener.onCommandStart: Define variables RUNNING
15:46:47.796 [ INFO] maestro.cli.runner.CliConsoleListener.onCommandFinished: Define variables COMPLETED
15:46:47.797 [ INFO] maestro.cli.runner.CliConsoleListener.onCommandStart: Apply configuration RUNNING
15:46:47.797 [ INFO] maestro.cli.runner.CliConsoleListener.onCommandFinished: Apply configuration COMPLETED
15:46:47.797 [ INFO] maestro.cli.runner.CliConsoleListener.onCommandStart: Tap on id: signup-name RUNNING
15:46:48.039 [ INFO] maestro.Maestro.tap-HgV9Ck0: Tapping on element:  UiElement(treeNode=TreeNode(attributes={text=, accessibilityText=, hintText=, ignoreBoundsFiltering=false, resource-id=signup-name, clickable=true, bounds=[38,154][282,200], enabled=true, focused=false, checked=false, scrollable=false, selected=false, class=android.widget.EditText, important-for-accessibility=true, error=}, children=[], clickable=true, enabled=true, focused=false, checked=false, selected=false), bounds=Bounds(x=38, y=154, width=244, height=46))
15:46:49.294 [ INFO] maestro.Maestro.tap-HgV9Ck0: Tap aimed via settled hierarchy
15:46:49.296 [ INFO] maestro.Maestro.hierarchyBasedTap-ogj28Uc: Tapping at (160, 177) using hierarchy based logic for wait
15:46:50.869 [ INFO] maestro.Maestro.hierarchyBasedTap-ogj28Uc: Something has changed in the UI judging by view hierarchy. Proceed.
15:46:50.870 [ INFO] maestro.cli.runner.CliConsoleListener.onCommandFinished: Tap on id: signup-name COMPLETED
15:46:50.870 [ INFO] maestro.cli.runner.CliConsoleListener.onCommandStart: Erase text RUNNING
15:46:50.870 [ INFO] maestro.Maestro.eraseText$lambda$52: Erasing 50 characters
15:46:52.846 [ INFO] maestro.cli.runner.CliConsoleListener.onCommandFinished: Erase text COMPLETED
15:46:52.846 [ INFO] maestro.cli.runner.CliConsoleListener.onCommandStart: Input text ${NAME} RUNNING
15:46:52.852 [ INFO] maestro.Maestro.inputText: Inputting text: Cihaz Masa
15:46:55.569 [ INFO] maestro.cli.runner.CliConsoleListener.onCommandFinished: Input text ${NAME} COMPLETED
15:46:55.569 [ INFO] maestro.cli.runner.CliConsoleListener.onCommandStart: Tap on id: birth-day RUNNING
15:46:55.707 [ INFO] maestro.Maestro.tap-HgV9Ck0: Tapping on element:  UiElement(treeNode=TreeNode(attributes={text=, accessibilityText=Gün, hintText=, ignoreBoundsFiltering=false, resource-id=birth-day, clickable=true, bounds=[38,299][75,345], enabled=true, focused=false, checked=false, scrollable=false, selected=false, class=android.widget.EditText, important-for-accessibility=true, error=}, children=[], clickable=true, enabled=true, focused=false, checked=false, selected=false), bounds=Bounds(x=38, y=299, width=37, height=46))
15:46:56.972 [ INFO] maestro.Maestro.tap-HgV9Ck0: Tap aimed via settled hierarchy
15:46:56.973 [ INFO] maestro.Maestro.hierarchyBasedTap-ogj28Uc: Tapping at (56, 322) using hierarchy based logic for wait
15:46:57.938 [ INFO] maestro.Maestro.hierarchyBasedTap-ogj28Uc: Something has changed in the UI judging by view hierarchy. Proceed.
15:46:57.938 [ INFO] maestro.cli.runner.CliConsoleListener.onCommandFinished: Tap on id: birth-day COMPLETED
15:46:57.938 [ INFO] maestro.cli.runner.CliConsoleListener.onCommandStart: Input text ${DAY} RUNNING
15:46:57.943 [ INFO] maestro.Maestro.inputText: Inputting text: 15
15:46:58.849 [ INFO] maestro.cli.runner.CliConsoleListener.onCommandFinished: Input text ${DAY} COMPLETED
15:46:58.849 [ INFO] maestro.cli.runner.CliConsoleListener.onCommandStart: Tap on id: birth-month RUNNING
15:46:58.986 [ INFO] maestro.Maestro.tap-HgV9Ck0: Tapping on element:  UiElement(treeNode=TreeNode(attributes={text=, accessibilityText=Ay, hintText=, ignoreBoundsFiltering=false, resource-id=birth-month, clickable=true, bounds=[120,299][157,345], enabled=true, focused=false, checked=false, scrollable=false, selected=false, class=android.widget.EditText, important-for-accessibility=true, error=}, children=[], clickable=true, enabled=true, focused=false, checked=false, selected=false), bounds=Bounds(x=120, y=299, width=37, height=46))
15:47:00.253 [ INFO] maestro.Maestro.tap-HgV9Ck0: Tap aimed via settled hierarchy
15:47:00.254 [ INFO] maestro.Maestro.hierarchyBasedTap-ogj28Uc: Tapping at (138, 322) using hierarchy based logic for wait
15:47:01.221 [ INFO] maestro.Maestro.hierarchyBasedTap-ogj28Uc: Something has changed in the UI judging by view hierarchy. Proceed.
15:47:01.221 [ INFO] maestro.cli.runner.CliConsoleListener.onCommandFinished: Tap on id: birth-month COMPLETED
15:47:01.221 [ INFO] maestro.cli.runner.CliConsoleListener.onCommandStart: Input text ${MONTH} RUNNING
15:47:01.226 [ INFO] maestro.Maestro.inputText: Inputting text: 01
15:47:02.157 [ INFO] maestro.cli.runner.CliConsoleListener.onCommandFinished: Input text ${MONTH} COMPLETED
15:47:02.157 [ INFO] maestro.cli.runner.CliConsoleListener.onCommandStart: Tap on id: birth-year RUNNING
15:47:02.292 [ INFO] maestro.Maestro.tap-HgV9Ck0: Tapping on element:  UiElement(treeNode=TreeNode(attributes={text=, accessibilityText=Yıl, hintText=, ignoreBoundsFiltering=false, resource-id=birth-year, clickable=true, bounds=[202,299][282,345], enabled=true, focused=false, checked=false, scrollable=false, selected=false, class=android.widget.EditText, important-for-accessibility=true, error=}, children=[], clickable=true, enabled=true, focused=false, checked=false, selected=false), bounds=Bounds(x=202, y=299, width=80, height=46))
15:47:03.513 [ INFO] maestro.Maestro.tap-HgV9Ck0: Tap aimed via settled hierarchy
15:47:03.514 [ INFO] maestro.Maestro.hierarchyBasedTap-ogj28Uc: Tapping at (242, 322) using hierarchy based logic for wait
15:47:04.465 [ INFO] maestro.Maestro.hierarchyBasedTap-ogj28Uc: Something has changed in the UI judging by view hierarchy. Proceed.
15:47:04.465 [ INFO] maestro.cli.runner.CliConsoleListener.onCommandFinished: Tap on id: birth-year COMPLETED
15:47:04.465 [ INFO] maestro.cli.runner.CliConsoleListener.onCommandStart: Input text ${YEAR} RUNNING
15:47:04.469 [ INFO] maestro.Maestro.inputText: Inputting text: 2000
15:47:05.688 [ INFO] maestro.cli.runner.CliConsoleListener.onCommandFinished: Input text ${YEAR} COMPLETED
15:47:05.689 [ INFO] maestro.cli.runner.CliConsoleListener.onCommandStart: Hide Keyboard RUNNING
15:47:05.689 [ INFO] maestro.Maestro.hideKeyboard$lambda$12: Hiding Keyboard
15:47:06.668 [ INFO] maestro.cli.runner.CliConsoleListener.onCommandFinished: Hide Keyboard COMPLETED
15:47:06.669 [ INFO] maestro.cli.runner.CliConsoleListener.onCommandStart: Tap on id: signup-continue RUNNING
15:47:06.763 [ INFO] maestro.Maestro.tap-HgV9Ck0: Tapping on element:  UiElement(treeNode=TreeNode(attributes={text=, accessibilityText=Devam, hintText=, ignoreBoundsFiltering=false, resource-id=signup-continue, clickable=true, bounds=[20,560][300,608], enabled=true, focused=false, checked=false, scrollable=false, selected=false, class=android.widget.Button, important-for-accessibility=true, error=}, children=[TreeNode(attributes={text=, accessibilityText=, hintText=, ignoreBoundsFiltering=false, resource-id=, clickable=false, bounds=[20,560][300,608], enabled=true, focused=false, checked=false, scrollable=false, selected=false, class=android.view.ViewGroup, important-for-accessibility=false, error=}, children=[], clickable=false, enabled=true, focused=false, checked=false, selected=false), TreeNode(attributes={text=Devam, accessibilityText=, hintText=, ignoreBoundsFiltering=false, resource-id=, clickable=false, bounds=[134,574][186,594], enabled=true, focused=false, checked=false, scrollable=false, selected=false, class=android.widget.TextView, important-for-accessibility=true, error=}, children=[], clickable=false, enabled=true, focused=false, checked=false, selected=false)], clickable=true, enabled=true, focused=false, checked=false, selected=false), bounds=Bounds(x=20, y=560, width=280, height=48))
15:47:07.970 [ INFO] maestro.Maestro.tap-HgV9Ck0: Tap aimed via settled hierarchy
15:47:07.970 [ INFO] maestro.Maestro.hierarchyBasedTap-ogj28Uc: Tapping at (160, 584) using hierarchy based logic for wait
15:47:09.148 [ INFO] maestro.Maestro.hierarchyBasedTap-ogj28Uc: Something has changed in the UI judging by view hierarchy. Proceed.
15:47:09.148 [ INFO] maestro.cli.runner.CliConsoleListener.onCommandFinished: Tap on id: signup-continue COMPLETED
15:47:09.148 [ INFO] maestro.cli.runner.CliConsoleListener.onCommandFinished: Run about-you.yaml COMPLETED
15:47:09.149 [ INFO] maestro.cli.runner.CliConsoleListener.onCommandStart: Assert that "Profilini tamamla" is visible RUNNING
15:47:09.238 [ INFO] maestro.cli.runner.CliConsoleListener.onCommandFinished: Assert that "Profilini tamamla" is visible COMPLETED
15:47:09.238 [ INFO] maestro.cli.runner.CliConsoleListener.onCommandStart: Take screenshot 03c-extras RUNNING
15:47:09.239 [ INFO] maestro.Maestro.takeScreenshot: Taking screenshot
15:47:09.239 [TRACE] maestro.utils.ScreenshotUtils.takeScreenshot: Taking screenshot to output sink
15:47:09.302 [ INFO] maestro.cli.runner.CliConsoleListener.onCommandFinished: Take screenshot 03c-extras COMPLETED
15:47:09.303 [ INFO] maestro.cli.runner.CliConsoleListener.onCommandStart: Scrolling DOWN until id: signup-skip is visible with speed 40, visibility percentage 100%, timeout 20000 ms, with centering disabled RUNNING
15:47:09.426 [ INFO] maestro.orchestra.Orchestra.scrollUntilVisible: Scrolling try count: 0, DeviceWidth: 320, DeviceWidth: 640
15:47:09.427 [ INFO] maestro.orchestra.Orchestra.scrollUntilVisible: Element bounds: Bounds(x=20, y=560, width=280, height=48)
15:47:09.428 [ INFO] maestro.orchestra.Orchestra.scrollUntilVisible: Visibility Percent: 1.0
15:47:09.448 [ INFO] maestro.orchestra.Orchestra.scrollUntilVisible: Command centerElement: ScrollUntilVisibleCommand(selector=ElementSelector(textRegex=null, idRegex=signup-skip, size=null, below=null, above=null, leftOf=null, rightOf=null, containsChild=null, containsDescendants=null, traits=null, index=null, enabled=null, optional=false, selected=null, checked=null, focused=null, childOf=null, css=null), direction=DOWN, scrollDuration=601, visibilityPercentage=100, timeout=20000, waitToSettleTimeoutMs=null, centerElement=false, originalSpeedValue=40, label=null, optional=false).centerElement
15:47:09.448 [ INFO] maestro.orchestra.Orchestra.scrollUntilVisible: visibilityPercentageNormalized: 1.0
15:47:09.448 [ INFO] maestro.cli.runner.CliConsoleListener.onCommandFinished: Scrolling DOWN until id: signup-skip is visible with speed 40, visibility percentage 100%, timeout 20000 ms, with centering disabled COMPLETED
15:47:09.449 [ INFO] maestro.cli.runner.CliConsoleListener.onCommandStart: Tap on id: signup-skip RUNNING
15:47:09.542 [ INFO] maestro.Maestro.tap-HgV9Ck0: Tapping on element:  UiElement(treeNode=TreeNode(attributes={text=, accessibilityText=Şimdilik geç, hintText=, ignoreBoundsFiltering=false, resource-id=signup-skip, clickable=true, bounds=[20,560][300,608], enabled=true, focused=false, checked=false, scrollable=false, selected=false, class=android.widget.Button, important-for-accessibility=true, error=}, children=[TreeNode(attributes={text=, accessibilityText=, hintText=, ignoreBoundsFiltering=false, resource-id=, clickable=false, bounds=[20,560][300,608], enabled=true, focused=false, checked=false, scrollable=false, selected=false, class=android.view.ViewGroup, important-for-accessibility=false, error=}, children=[], clickable=false, enabled=true, focused=false, checked=false, selected=false), TreeNode(attributes={text=Şimdilik geç, accessibilityText=, hintText=, ignoreBoundsFiltering=false, resource-id=, clickable=false, bounds=[115,574][205,594], enabled=true, focused=false, checked=false, scrollable=false, selected=false, class=android.widget.TextView, important-for-accessibility=true, error=}, children=[], clickable=false, enabled=true, focused=false, checked=false, selected=false)], clickable=true, enabled=true, focused=false, checked=false, selected=false), bounds=Bounds(x=20, y=560, width=280, height=48))
15:47:10.806 [ INFO] maestro.Maestro.tap-HgV9Ck0: Tap aimed via settled hierarchy
15:47:10.807 [ INFO] maestro.Maestro.hierarchyBasedTap-ogj28Uc: Tapping at (160, 584) using hierarchy based logic for wait
15:47:12.637 [ INFO] maestro.Maestro.hierarchyBasedTap-ogj28Uc: Something has changed in the UI judging by view hierarchy. Proceed.
15:47:12.638 [ INFO] maestro.cli.runner.CliConsoleListener.onCommandFinished: Tap on id: signup-skip COMPLETED
15:47:12.638 [ INFO] maestro.cli.runner.CliConsoleListener.onCommandStart: Assert that "Liste" is visible RUNNING
15:47:12.780 [ INFO] maestro.cli.runner.CliConsoleListener.onCommandFinished: Assert that "Liste" is visible COMPLETED
15:47:12.781 [ INFO] maestro.cli.runner.CliConsoleListener.onCommandStart: Take screenshot 04-explore RUNNING
15:47:12.781 [ INFO] maestro.Maestro.takeScreenshot: Taking screenshot
15:47:12.781 [TRACE] maestro.utils.ScreenshotUtils.takeScreenshot: Taking screenshot to output sink
15:47:12.810 [ INFO] maestro.cli.runner.CliConsoleListener.onCommandFinished: Take screenshot 04-explore COMPLETED
15:47:12.811 [ INFO] maestro.cli.runner.CliConsoleListener.onCommandFinished: Run flows/01-login.yaml COMPLETED
15:47:12.811 [ INFO] maestro.cli.runner.CliConsoleListener.onCommandStart: Run flows/01b-design.yaml RUNNING
15:47:12.811 [ INFO] maestro.cli.runner.CliConsoleListener.onCommandStart: Apply configuration RUNNING
15:47:12.811 [ INFO] maestro.cli.runner.CliConsoleListener.onCommandFinished: Apply configuration COMPLETED
15:47:12.811 [ INFO] maestro.cli.runner.CliConsoleListener.onCommandStart: Tap on id: tab-profile RUNNING
15:47:12.960 [ INFO] maestro.Maestro.tap-HgV9Ck0: Tapping on element:  UiElement(treeNode=TreeNode(attributes={text=, accessibilityText=Profil, hintText=, ignoreBoundsFiltering=false, resource-id=tab-profile, clickable=true, bounds=[242,568][296,632], enabled=true, focused=false, checked=false, scrollable=false, selected=false, class=android.view.View, important-for-accessibility=true, error=}, children=[TreeNode(attributes={text=, accessibilityText=, hintText=, ignoreBoundsFiltering=false, resource-id=, clickable=false, bounds=[257,580][281,604], enabled=true, focused=false, checked=false, scrollable=false, selected=false, class=android.widget.ImageView, important-for-accessibility=false, error=}, children=[], clickable=false, enabled=true, focused=false, checked=false, selected=false), TreeNode(attributes={text=Profil, accessibilityText=, hintText=, ignoreBoundsFiltering=false, resource-id=, clickable=false, bounds=[253,612][284,628], enabled=true, focused=false, checked=false, scrollable=false, selected=false, class=android.widget.TextView, important-for-accessibility=true, error=}, children=[], clickable=false, enabled=true, focused=false, checked=false, selected=false)], clickable=true, enabled=true, focused=false, checked=false, selected=false), bounds=Bounds(x=242, y=568, width=54, height=64))
15:47:14.221 [ INFO] maestro.Maestro.tap-HgV9Ck0: Tap aimed via settled hierarchy
15:47:14.222 [ INFO] maestro.Maestro.hierarchyBasedTap-ogj28Uc: Tapping at (269, 600) using hierarchy based logic for wait
15:47:15.380 [ INFO] maestro.Maestro.hierarchyBasedTap-ogj28Uc: Something has changed in the UI judging by view hierarchy. Proceed.
15:47:15.380 [ INFO] maestro.cli.runner.CliConsoleListener.onCommandFinished: Tap on id: tab-profile COMPLETED
15:47:15.380 [ INFO] maestro.cli.runner.CliConsoleListener.onCommandStart: Tap on "Ayarlar" RUNNING
15:47:15.564 [ INFO] maestro.Maestro.tap-HgV9Ck0: Tapping on element:  UiElement(treeNode=TreeNode(attributes={text=, accessibilityText=Ayarlar, hintText=, ignoreBoundsFiltering=false, resource-id=, clickable=true, bounds=[268,36][312,80], enabled=true, focused=false, checked=false, scrollable=false, selected=false, class=android.widget.Button, important-for-accessibility=true, error=}, children=[TreeNode(attributes={text=, accessibilityText=, hintText=, ignoreBoundsFiltering=false, resource-id=, clickable=false, bounds=[278,45][302,71], enabled=true, focused=false, checked=false, scrollable=false, selected=false, class=android.widget.TextView, important-for-accessibility=true, error=}, children=[], clickable=false, enabled=true, focused=false, checked=false, selected=false)], clickable=true, enabled=true, focused=false, checked=false, selected=false), bounds=Bounds(x=268, y=36, width=44, height=44))
15:47:16.893 [ INFO] maestro.Maestro.tap-HgV9Ck0: Tap aimed via settled hierarchy
15:47:16.894 [ INFO] maestro.Maestro.hierarchyBasedTap-ogj28Uc: Tapping at (290, 58) using hierarchy based logic for wait
15:47:17.915 [ INFO] maestro.Maestro.hierarchyBasedTap-ogj28Uc: Something has changed in the UI judging by view hierarchy. Proceed.
15:47:17.915 [ INFO] maestro.cli.runner.CliConsoleListener.onCommandFinished: Tap on "Ayarlar" COMPLETED
15:47:17.915 [ INFO] maestro.cli.runner.CliConsoleListener.onCommandStart: Assert that "Tasarım \(test\)" is visible RUNNING
15:47:18.032 [ INFO] maestro.cli.runner.CliConsoleListener.onCommandFinished: Assert that "Tasarım \(test\)" is visible COMPLETED
15:47:18.032 [ INFO] maestro.cli.runner.CliConsoleListener.onCommandStart: Tap on id: design-scheme-${SCHEME} RUNNING
15:47:18.189 [ INFO] maestro.Maestro.tap-HgV9Ck0: Tapping on element:  UiElement(treeNode=TreeNode(attributes={text=, accessibilityText=Koyu, hintText=, ignoreBoundsFiltering=false, resource-id=design-scheme-dark, clickable=true, bounds=[75,254][130,298], enabled=true, focused=false, checked=false, scrollable=false, selected=false, class=android.view.View, important-for-accessibility=true, error=}, children=[TreeNode(attributes={text=Koyu, accessibilityText=, hintText=, ignoreBoundsFiltering=false, resource-id=, clickable=false, bounds=[87,267][118,284], enabled=true, focused=false, checked=false, scrollable=false, selected=false, class=android.widget.TextView, important-for-accessibility=true, error=}, children=[], clickable=false, enabled=true, focused=false, checked=false, selected=false)], clickable=true, enabled=true, focused=false, checked=false, selected=false), bounds=Bounds(x=75, y=254, width=55, height=44))
15:47:19.471 [ INFO] maestro.Maestro.tap-HgV9Ck0: Tap aimed via settled hierarchy
15:47:19.471 [ INFO] maestro.Maestro.hierarchyBasedTap-ogj28Uc: Tapping at (102, 276) using hierarchy based logic for wait
15:47:21.150 [ INFO] maestro.Maestro.hierarchyBasedTap-ogj28Uc: Something has changed in the UI judging by view hierarchy. Proceed.
15:47:21.151 [ INFO] maestro.cli.runner.CliConsoleListener.onCommandFinished: Tap on id: design-scheme-${SCHEME} COMPLETED
15:47:21.151 [ INFO] maestro.cli.runner.CliConsoleListener.onCommandStart: Take screenshot 04b-design RUNNING
15:47:21.151 [ INFO] maestro.Maestro.takeScreenshot: Taking screenshot
15:47:21.152 [TRACE] maestro.utils.ScreenshotUtils.takeScreenshot: Taking screenshot to output sink
15:47:21.177 [ INFO] maestro.cli.runner.CliConsoleListener.onCommandFinished: Take screenshot 04b-design COMPLETED
15:47:21.178 [ INFO] maestro.cli.runner.CliConsoleListener.onCommandStart: Tap on "Geri" RUNNING
15:47:21.334 [ INFO] maestro.Maestro.tap-HgV9Ck0: Tapping on element:  UiElement(treeNode=TreeNode(attributes={text=, accessibilityText=Geri, hintText=, ignoreBoundsFiltering=false, resource-id=, clickable=true, bounds=[8,36][52,80], enabled=true, focused=false, checked=false, scrollable=false, selected=false, class=android.widget.Button, important-for-accessibility=true, error=}, children=[TreeNode(attributes={text=, accessibilityText=, hintText=, ignoreBoundsFiltering=false, resource-id=, clickable=false, bounds=[18,45][42,71], enabled=true, focused=false, checked=false, scrollable=false, selected=false, class=android.widget.TextView, important-for-accessibility=true, error=}, children=[], clickable=false, enabled=true, focused=false, checked=false, selected=false)], clickable=true, enabled=true, focused=false, checked=false, selected=false), bounds=Bounds(x=8, y=36, width=44, height=44))
15:47:22.580 [ INFO] maestro.Maestro.tap-HgV9Ck0: Tap aimed via settled hierarchy
15:47:22.581 [ INFO] maestro.Maestro.hierarchyBasedTap-ogj28Uc: Tapping at (30, 58) using hierarchy based logic for wait
15:47:23.532 [ INFO] maestro.Maestro.hierarchyBasedTap-ogj28Uc: Something has changed in the UI judging by view hierarchy. Proceed.
15:47:23.532 [ INFO] maestro.cli.runner.CliConsoleListener.onCommandFinished: Tap on "Geri" COMPLETED
15:47:23.532 [ INFO] maestro.cli.runner.CliConsoleListener.onCommandStart: Tap on id: tab-explore RUNNING
15:47:23.676 [ INFO] maestro.Maestro.tap-HgV9Ck0: Tapping on element:  UiElement(treeNode=TreeNode(attributes={text=, accessibilityText=Keşfet, hintText=, ignoreBoundsFiltering=false, resource-id=tab-explore, clickable=true, bounds=[24,568][78,632], enabled=true, focused=false, checked=false, scrollable=false, selected=false, class=android.view.View, important-for-accessibility=true, error=}, children=[TreeNode(attributes={text=, accessibilityText=, hintText=, ignoreBoundsFiltering=false, resource-id=, clickable=false, bounds=[39,580][63,604], enabled=true, focused=false, checked=false, scrollable=false, selected=false, class=android.widget.ImageView, important-for-accessibility=false, error=}, children=[], clickable=false, enabled=true, focused=false, checked=false, selected=false), TreeNode(attributes={text=Keşfet, accessibilityText=, hintText=, ignoreBoundsFiltering=false, resource-id=, clickable=false, bounds=[33,612][69,628], enabled=true, focused=false, checked=false, scrollable=false, selected=false, class=android.widget.TextView, important-for-accessibility=true, error=}, children=[], clickable=false, enabled=true, focused=false, checked=false, selected=false)], clickable=true, enabled=true, focused=false, checked=false, selected=false), bounds=Bounds(x=24, y=568, width=54, height=64))
15:47:24.958 [ INFO] maestro.Maestro.tap-HgV9Ck0: Tap aimed via settled hierarchy
15:47:24.959 [ INFO] maestro.Maestro.hierarchyBasedTap-ogj28Uc: Tapping at (51, 600) using hierarchy based logic for wait
15:47:26.161 [ INFO] maestro.Maestro.hierarchyBasedTap-ogj28Uc: Something has changed in the UI judging by view hierarchy. Proceed.
15:47:26.162 [ INFO] maestro.cli.runner.CliConsoleListener.onCommandFinished: Tap on id: tab-explore COMPLETED
15:47:26.162 [ INFO] maestro.cli.runner.CliConsoleListener.onCommandStart: Assert that "Liste" is visible RUNNING
15:47:26.301 [ INFO] maestro.cli.runner.CliConsoleListener.onCommandFinished: Assert that "Liste" is visible COMPLETED
15:47:26.301 [ INFO] maestro.cli.runner.CliConsoleListener.onCommandFinished: Run flows/01b-design.yaml COMPLETED
15:47:26.301 [ INFO] maestro.cli.runner.CliConsoleListener.onCommandStart: Run flows/01c-preview.yaml RUNNING
15:47:26.302 [ INFO] maestro.cli.runner.CliConsoleListener.onCommandStart: Apply configuration RUNNING
15:47:26.302 [ INFO] maestro.cli.runner.CliConsoleListener.onCommandFinished: Apply configuration COMPLETED
15:47:26.302 [ INFO] maestro.cli.runner.CliConsoleListener.onCommandStart: Tap on id: tab-profile RUNNING
15:47:26.413 [ INFO] maestro.Maestro.tap-HgV9Ck0: Tapping on element:  UiElement(treeNode=TreeNode(attributes={text=, accessibilityText=Profil, hintText=, ignoreBoundsFiltering=false, resource-id=tab-profile, clickable=true, bounds=[242,568][296,632], enabled=true, focused=false, checked=false, scrollable=false, selected=false, class=android.view.View, important-for-accessibility=true, error=}, children=[TreeNode(attributes={text=, accessibilityText=, hintText=, ignoreBoundsFiltering=false, resource-id=, clickable=false, bounds=[257,580][281,604], enabled=true, focused=false, checked=false, scrollable=false, selected=false, class=android.widget.ImageView, important-for-accessibility=false, error=}, children=[], clickable=false, enabled=true, focused=false, checked=false, selected=false), TreeNode(attributes={text=Profil, accessibilityText=, hintText=, ignoreBoundsFiltering=false, resource-id=, clickable=false, bounds=[253,612][284,628], enabled=true, focused=false, checked=false, scrollable=false, selected=false, class=android.widget.TextView, important-for-accessibility=true, error=}, children=[], clickable=false, enabled=true, focused=false, checked=false, selected=false)], clickable=true, enabled=true, focused=false, checked=false, selected=false), bounds=Bounds(x=242, y=568, width=54, height=64))
15:47:27.747 [ INFO] maestro.Maestro.tap-HgV9Ck0: Tap aimed via settled hierarchy
15:47:27.748 [ INFO] maestro.Maestro.hierarchyBasedTap-ogj28Uc: Tapping at (269, 600) using hierarchy based logic for wait
15:47:28.925 [ INFO] maestro.Maestro.hierarchyBasedTap-ogj28Uc: Something has changed in the UI judging by view hierarchy. Proceed.
15:47:28.925 [ INFO] maestro.cli.runner.CliConsoleListener.onCommandFinished: Tap on id: tab-profile COMPLETED
15:47:28.925 [ INFO] maestro.cli.runner.CliConsoleListener.onCommandStart: Tap on "Ayarlar" RUNNING
15:47:29.065 [ INFO] maestro.Maestro.tap-HgV9Ck0: Tapping on element:  UiElement(treeNode=TreeNode(attributes={text=, accessibilityText=Ayarlar, hintText=, ignoreBoundsFiltering=false, resource-id=, clickable=true, bounds=[268,36][312,80], enabled=true, focused=false, checked=false, scrollable=false, selected=false, class=android.widget.Button, important-for-accessibility=true, error=}, children=[TreeNode(attributes={text=, accessibilityText=, hintText=, ignoreBoundsFiltering=false, resource-id=, clickable=false, bounds=[278,45][302,71], enabled=true, focused=false, checked=false, scrollable=false, selected=false, class=android.widget.TextView, important-for-accessibility=true, error=}, children=[], clickable=false, enabled=true, focused=false, checked=false, selected=false)], clickable=true, enabled=true, focused=false, checked=false, selected=false), bounds=Bounds(x=268, y=36, width=44, height=44))
15:47:30.313 [ INFO] maestro.Maestro.tap-HgV9Ck0: Tap aimed via settled hierarchy
15:47:30.314 [ INFO] maestro.Maestro.hierarchyBasedTap-ogj28Uc: Tapping at (290, 58) using hierarchy based logic for wait
15:47:31.319 [ INFO] maestro.Maestro.hierarchyBasedTap-ogj28Uc: Something has changed in the UI judging by view hierarchy. Proceed.
15:47:31.319 [ INFO] maestro.cli.runner.CliConsoleListener.onCommandFinished: Tap on "Ayarlar" COMPLETED
15:47:31.319 [ INFO] maestro.cli.runner.CliConsoleListener.onCommandStart: Scrolling DOWN until id: preview-open is visible with speed 40, visibility percentage 100%, timeout 30000 ms, with centering disabled RUNNING
15:47:31.444 [ INFO] maestro.orchestra.Orchestra.scrollUntilVisible: Scrolling try count: 0, DeviceWidth: 320, DeviceWidth: 640
15:47:31.444 [ INFO] maestro.orchestra.Orchestra.scrollUntilVisible: Element bounds: Bounds(x=20, y=316, width=280, height=48)
15:47:31.444 [ INFO] maestro.orchestra.Orchestra.scrollUntilVisible: Visibility Percent: 1.0
15:47:31.444 [ INFO] maestro.orchestra.Orchestra.scrollUntilVisible: Command centerElement: ScrollUntilVisibleCommand(selector=ElementSelector(textRegex=null, idRegex=preview-open, size=null, below=null, above=null, leftOf=null, rightOf=null, containsChild=null, containsDescendants=null, traits=null, index=null, enabled=null, optional=false, selected=null, checked=null, focused=null, childOf=null, css=null), direction=DOWN, scrollDuration=601, visibilityPercentage=100, timeout=30000, waitToSettleTimeoutMs=null, centerElement=false, originalSpeedValue=40, label=null, optional=false).centerElement
15:47:31.444 [ INFO] maestro.orchestra.Orchestra.scrollUntilVisible: visibilityPercentageNormalized: 1.0
15:47:31.445 [ INFO] maestro.cli.runner.CliConsoleListener.onCommandFinished: Scrolling DOWN until id: preview-open is visible with speed 40, visibility percentage 100%, timeout 30000 ms, with centering disabled COMPLETED
15:47:31.445 [ INFO] maestro.cli.runner.CliConsoleListener.onCommandStart: Tap on id: preview-open RUNNING
15:47:31.592 [ INFO] maestro.Maestro.tap-HgV9Ck0: Tapping on element:  UiElement(treeNode=TreeNode(attributes={text=, accessibilityText=Bileşen önizlemesini aç, hintText=, ignoreBoundsFiltering=false, resource-id=preview-open, clickable=true, bounds=[20,316][300,364], enabled=true, focused=false, checked=false, scrollable=false, selected=false, class=android.widget.Button, important-for-accessibility=true, error=}, children=[TreeNode(attributes={text=, accessibilityText=, hintText=, ignoreBoundsFiltering=false, resource-id=, clickable=false, bounds=[20,316][300,364], enabled=true, focused=false, checked=false, scrollable=false, selected=false, class=android.view.ViewGroup, important-for-accessibility=false, error=}, children=[], clickable=false, enabled=true, focused=false, checked=false, selected=false), TreeNode(attributes={text=Bileşen önizlemesini aç, accessibilityText=, hintText=, ignoreBoundsFiltering=false, resource-id=, clickable=false, bounds=[74,330][246,350], enabled=true, focused=false, checked=false, scrollable=false, selected=false, class=android.widget.TextView, important-for-accessibility=true, error=}, children=[], clickable=false, enabled=true, focused=false, checked=false, selected=false)], clickable=true, enabled=true, focused=false, checked=false, selected=false), bounds=Bounds(x=20, y=316, width=280, height=48))
15:47:32.927 [ INFO] maestro.Maestro.tap-HgV9Ck0: Tap aimed via settled hierarchy
15:47:32.927 [ INFO] maestro.Maestro.hierarchyBasedTap-ogj28Uc: Tapping at (160, 340) using hierarchy based logic for wait
15:47:34.238 [ INFO] maestro.Maestro.hierarchyBasedTap-ogj28Uc: Something has changed in the UI judging by view hierarchy. Proceed.
15:47:34.238 [ INFO] maestro.cli.runner.CliConsoleListener.onCommandFinished: Tap on id: preview-open COMPLETED
15:47:34.239 [ INFO] maestro.cli.runner.CliConsoleListener.onCommandStart: Assert that id: preview-games is visible RUNNING
15:47:34.363 [ INFO] maestro.cli.runner.CliConsoleListener.onCommandFinished: Assert that id: preview-games is visible COMPLETED
15:47:34.363 [ INFO] maestro.cli.runner.CliConsoleListener.onCommandStart: Take screenshot 04c-preview-games-1 RUNNING
15:47:34.364 [ INFO] maestro.Maestro.takeScreenshot: Taking screenshot
15:47:34.364 [TRACE] maestro.utils.ScreenshotUtils.takeScreenshot: Taking screenshot to output sink
15:47:34.432 [ INFO] maestro.cli.runner.CliConsoleListener.onCommandFinished: Take screenshot 04c-preview-games-1 COMPLETED
15:47:34.432 [ INFO] maestro.cli.runner.CliConsoleListener.onCommandStart: Scrolling DOWN until id: turn-start is visible with speed 40, visibility percentage 100%, timeout 30000 ms, with centering enabled RUNNING
15:47:35.247 [ WARN] maestro.orchestra.Orchestra.scrollUntilVisible: Error: maestro.MaestroException$ElementNotFound: Element not found: Id matching regex: turn-start
15:47:35.253 [ INFO] maestro.Maestro.swipeFromCenter: Swiping UP from center
15:47:37.724 [ WARN] maestro.orchestra.Orchestra.scrollUntilVisible: Error: maestro.MaestroException$ElementNotFound: Element not found: Id matching regex: turn-start
15:47:37.729 [ INFO] maestro.Maestro.swipeFromCenter: Swiping UP from center
15:47:39.714 [ INFO] maestro.orchestra.Orchestra.scrollUntilVisible: Scrolling try count: 0, DeviceWidth: 320, DeviceWidth: 640
15:47:39.715 [ INFO] maestro.orchestra.Orchestra.scrollUntilVisible: Element bounds: Bounds(x=62, y=387, width=196, height=196)
15:47:39.715 [ INFO] maestro.orchestra.Orchestra.scrollUntilVisible: Visibility Percent: 1.0
15:47:39.715 [ INFO] maestro.orchestra.Orchestra.scrollUntilVisible: Command centerElement: ScrollUntilVisibleCommand(selector=ElementSelector(textRegex=null, idRegex=turn-start, size=null, below=null, above=null, leftOf=null, rightOf=null, containsChild=null, containsDescendants=null, traits=null, index=null, enabled=null, optional=false, selected=null, checked=null, focused=null, childOf=null, css=null), direction=DOWN, scrollDuration=601, visibilityPercentage=100, timeout=30000, waitToSettleTimeoutMs=null, centerElement=true, originalSpeedValue=40, label=null, optional=false).centerElement
15:47:39.715 [ INFO] maestro.orchestra.Orchestra.scrollUntilVisible: visibilityPercentageNormalized: 1.0
15:47:39.722 [ INFO] maestro.Maestro.swipeFromCenter: Swiping UP from center
15:47:41.682 [ INFO] maestro.orchestra.Orchestra.scrollUntilVisible: Scrolling try count: 1, DeviceWidth: 320, DeviceWidth: 640
15:47:41.682 [ INFO] maestro.orchestra.Orchestra.scrollUntilVisible: Element bounds: Bounds(x=62, y=101, width=196, height=196)
15:47:41.682 [ INFO] maestro.orchestra.Orchestra.scrollUntilVisible: Visibility Percent: 1.0
15:47:41.682 [ INFO] maestro.orchestra.Orchestra.scrollUntilVisible: Command centerElement: ScrollUntilVisibleCommand(selector=ElementSelector(textRegex=null, idRegex=turn-start, size=null, below=null, above=null, leftOf=null, rightOf=null, containsChild=null, containsDescendants=null, traits=null, index=null, enabled=null, optional=false, selected=null, checked=null, focused=null, childOf=null, css=null), direction=DOWN, scrollDuration=601, visibilityPercentage=100, timeout=30000, waitToSettleTimeoutMs=null, centerElement=true, originalSpeedValue=40, label=null, optional=false).centerElement
15:47:41.682 [ INFO] maestro.orchestra.Orchestra.scrollUntilVisible: visibilityPercentageNormalized: 1.0
15:47:41.682 [ INFO] maestro.cli.runner.CliConsoleListener.onCommandFinished: Scrolling DOWN until id: turn-start is visible with speed 40, visibility percentage 100%, timeout 30000 ms, with centering enabled COMPLETED
15:47:41.682 [ INFO] maestro.cli.runner.CliConsoleListener.onCommandStart: Take screenshot 04c-preview-games-2 RUNNING
15:47:41.683 [ INFO] maestro.Maestro.takeScreenshot: Taking screenshot
15:47:41.683 [TRACE] maestro.utils.ScreenshotUtils.takeScreenshot: Taking screenshot to output sink
15:47:41.710 [ INFO] maestro.cli.runner.CliConsoleListener.onCommandFinished: Take screenshot 04c-preview-games-2 COMPLETED
15:47:41.710 [ INFO] maestro.cli.runner.CliConsoleListener.onCommandStart: Scrolling DOWN until id: turn-countdown is visible with speed 40, visibility percentage 100%, timeout 30000 ms, with centering enabled RUNNING
15:47:42.449 [ WARN] maestro.orchestra.Orchestra.scrollUntilVisible: Error: maestro.MaestroException$ElementNotFound: Element not found: Id matching regex: turn-countdown
15:47:42.455 [ INFO] maestro.Maestro.swipeFromCenter: Swiping UP from center
15:47:44.342 [ INFO] maestro.orchestra.Orchestra.scrollUntilVisible: Scrolling try count: 0, DeviceWidth: 320, DeviceWidth: 640
15:47:44.342 [ INFO] maestro.orchestra.Orchestra.scrollUntilVisible: Element bounds: Bounds(x=84, y=369, width=152, height=152)
15:47:44.342 [ INFO] maestro.orchestra.Orchestra.scrollUntilVisible: Visibility Percent: 1.0
15:47:44.342 [ INFO] maestro.orchestra.Orchestra.scrollUntilVisible: Command centerElement: ScrollUntilVisibleCommand(selector=ElementSelector(textRegex=null, idRegex=turn-countdown, size=null, below=null, above=null, leftOf=null, rightOf=null, containsChild=null, containsDescendants=null, traits=null, index=null, enabled=null, optional=false, selected=null, checked=null, focused=null, childOf=null, css=null), direction=DOWN, scrollDuration=601, visibilityPercentage=100, timeout=30000, waitToSettleTimeoutMs=null, centerElement=true, originalSpeedValue=40, label=null, optional=false).centerElement
15:47:44.342 [ INFO] maestro.orchestra.Orchestra.scrollUntilVisible: visibilityPercentageNormalized: 1.0
15:47:44.342 [ INFO] maestro.cli.runner.CliConsoleListener.onCommandFinished: Scrolling DOWN until id: turn-countdown is visible with speed 40, visibility percentage 100%, timeout 30000 ms, with centering enabled COMPLETED
15:47:44.342 [ INFO] maestro.cli.runner.CliConsoleListener.onCommandStart: Take screenshot 04c-preview-games-3 RUNNING
15:47:44.343 [ INFO] maestro.Maestro.takeScreenshot: Taking screenshot
15:47:44.343 [TRACE] maestro.utils.ScreenshotUtils.takeScreenshot: Taking screenshot to output sink
15:47:44.383 [ INFO] maestro.cli.runner.CliConsoleListener.onCommandFinished: Take screenshot 04c-preview-games-3 COMPLETED
15:47:44.384 [ INFO] maestro.cli.runner.CliConsoleListener.onCommandStart: Scrolling DOWN until id: time-up is visible with speed 40, visibility percentage 100%, timeout 30000 ms, with centering enabled RUNNING
15:47:45.149 [ WARN] maestro.orchestra.Orchestra.scrollUntilVisible: Error: maestro.MaestroException$ElementNotFound: Element not found: Id matching regex: time-up
15:47:45.155 [ INFO] maestro.Maestro.swipeFromCenter: Swiping UP from center
15:47:47.138 [ INFO] maestro.orchestra.Orchestra.scrollUntilVisible: Scrolling try count: 0, DeviceWidth: 320, DeviceWidth: 640
15:47:47.138 [ INFO] maestro.orchestra.Orchestra.scrollUntilVisible: Element bounds: Bounds(x=33, y=555, width=254, height=85)
15:47:47.138 [ INFO] maestro.orchestra.Orchestra.scrollUntilVisible: Visibility Percent: 1.0
15:47:47.138 [ INFO] maestro.orchestra.Orchestra.scrollUntilVisible: Command centerElement: ScrollUntilVisibleCommand(selector=ElementSelector(textRegex=null, idRegex=time-up, size=null, below=null, above=null, leftOf=null, rightOf=null, containsChild=null, containsDescendants=null, traits=null, index=null, enabled=null, optional=false, selected=null, checked=null, focused=null, childOf=null, css=null), direction=DOWN, scrollDuration=601, visibilityPercentage=100, timeout=30000, waitToSettleTimeoutMs=null, centerElement=true, originalSpeedValue=40, label=null, optional=false).centerElement
15:47:47.138 [ INFO] maestro.orchestra.Orchestra.scrollUntilVisible: visibilityPercentageNormalized: 1.0
15:47:47.143 [ INFO] maestro.Maestro.swipeFromCenter: Swiping UP from center
15:47:49.074 [ INFO] maestro.orchestra.Orchestra.scrollUntilVisible: Scrolling try count: 1, DeviceWidth: 320, DeviceWidth: 640
15:47:49.074 [ INFO] maestro.orchestra.Orchestra.scrollUntilVisible: Element bounds: Bounds(x=33, y=271, width=254, height=369)
15:47:49.074 [ INFO] maestro.orchestra.Orchestra.scrollUntilVisible: Visibility Percent: 1.0
15:47:49.074 [ INFO] maestro.orchestra.Orchestra.scrollUntilVisible: Command centerElement: ScrollUntilVisibleCommand(selector=ElementSelector(textRegex=null, idRegex=time-up, size=null, below=null, above=null, leftOf=null, rightOf=null, containsChild=null, containsDescendants=null, traits=null, index=null, enabled=null, optional=false, selected=null, checked=null, focused=null, childOf=null, css=null), direction=DOWN, scrollDuration=601, visibilityPercentage=100, timeout=30000, waitToSettleTimeoutMs=null, centerElement=true, originalSpeedValue=40, label=null, optional=false).centerElement
15:47:49.074 [ INFO] maestro.orchestra.Orchestra.scrollUntilVisible: visibilityPercentageNormalized: 1.0
15:47:49.124 [ INFO] maestro.Maestro.swipeFromCenter: Swiping UP from center
15:47:51.090 [ INFO] maestro.orchestra.Orchestra.scrollUntilVisible: Scrolling try count: 2, DeviceWidth: 320, DeviceWidth: 640
15:47:51.090 [ INFO] maestro.orchestra.Orchestra.scrollUntilVisible: Element bounds: Bounds(x=33, y=24, width=254, height=369)
15:47:51.090 [ INFO] maestro.orchestra.Orchestra.scrollUntilVisible: Visibility Percent: 1.0
15:47:51.090 [ INFO] maestro.orchestra.Orchestra.scrollUntilVisible: Command centerElement: ScrollUntilVisibleCommand(selector=ElementSelector(textRegex=null, idRegex=time-up, size=null, below=null, above=null, leftOf=null, rightOf=null, containsChild=null, containsDescendants=null, traits=null, index=null, enabled=null, optional=false, selected=null, checked=null, focused=null, childOf=null, css=null), direction=DOWN, scrollDuration=601, visibilityPercentage=100, timeout=30000, waitToSettleTimeoutMs=null, centerElement=true, originalSpeedValue=40, label=null, optional=false).centerElement
15:47:51.090 [ INFO] maestro.orchestra.Orchestra.scrollUntilVisible: visibilityPercentageNormalized: 1.0
15:47:51.090 [ INFO] maestro.cli.runner.CliConsoleListener.onCommandFinished: Scrolling DOWN until id: time-up is visible with speed 40, visibility percentage 100%, timeout 30000 ms, with centering enabled COMPLETED
15:47:51.090 [ INFO] maestro.cli.runner.CliConsoleListener.onCommandStart: Take screenshot 04c-preview-games-4 RUNNING
15:47:51.091 [ INFO] maestro.Maestro.takeScreenshot: Taking screenshot
15:47:51.091 [TRACE] maestro.utils.ScreenshotUtils.takeScreenshot: Taking screenshot to output sink
15:47:51.118 [ INFO] maestro.cli.runner.CliConsoleListener.onCommandFinished: Take screenshot 04c-preview-games-4 COMPLETED
15:47:51.119 [ INFO] maestro.cli.runner.CliConsoleListener.onCommandStart: Scrolling DOWN until id: preview-intro is visible with speed 40, visibility percentage 100%, timeout 30000 ms, with centering disabled RUNNING
15:47:51.286 [ INFO] maestro.orchestra.Orchestra.scrollUntilVisible: Scrolling try count: 0, DeviceWidth: 320, DeviceWidth: 640
15:47:51.286 [ INFO] maestro.orchestra.Orchestra.scrollUntilVisible: Element bounds: Bounds(x=33, y=599, width=254, height=41)
15:47:51.286 [ INFO] maestro.orchestra.Orchestra.scrollUntilVisible: Visibility Percent: 1.0
15:47:51.286 [ INFO] maestro.orchestra.Orchestra.scrollUntilVisible: Command centerElement: ScrollUntilVisibleCommand(selector=ElementSelector(textRegex=null, idRegex=preview-intro, size=null, below=null, above=null, leftOf=null, rightOf=null, containsChild=null, containsDescendants=null, traits=null, index=null, enabled=null, optional=false, selected=null, checked=null, focused=null, childOf=null, css=null), direction=DOWN, scrollDuration=601, visibilityPercentage=100, timeout=30000, waitToSettleTimeoutMs=null, centerElement=false, originalSpeedValue=40, label=null, optional=false).centerElement
15:47:51.286 [ INFO] maestro.orchestra.Orchestra.scrollUntilVisible: visibilityPercentageNormalized: 1.0
15:47:51.286 [ INFO] maestro.cli.runner.CliConsoleListener.onCommandFinished: Scrolling DOWN until id: preview-intro is visible with speed 40, visibility percentage 100%, timeout 30000 ms, with centering disabled COMPLETED
15:47:51.287 [ INFO] maestro.cli.runner.CliConsoleListener.onCommandStart: Tap on id: preview-confirm RUNNING
15:47:51.410 [ INFO] maestro.Maestro.tap-HgV9Ck0: Tapping on element:  UiElement(treeNode=TreeNode(attributes={text=, accessibilityText=Oyunu bitir, hintText=, ignoreBoundsFiltering=false, resource-id=preview-confirm, clickable=true, bounds=[33,539][287,587], enabled=true, focused=false, checked=false, scrollable=false, selected=false, class=android.widget.Button, important-for-accessibility=true, error=}, children=[TreeNode(attributes={text=, accessibilityText=, hintText=, ignoreBoundsFiltering=false, resource-id=, clickable=false, bounds=[33,539][287,587], enabled=true, focused=false, checked=false, scrollable=false, selected=false, class=android.view.ViewGroup, important-for-accessibility=false, error=}, children=[], clickable=false, enabled=true, focused=false, checked=false, selected=false), TreeNode(attributes={text=Oyunu bitir, accessibilityText=, hintText=, ignoreBoundsFiltering=false, resource-id=, clickable=false, bounds=[118,553][202,573], enabled=true, focused=false, checked=false, scrollable=false, selected=false, class=android.widget.TextView, important-for-accessibility=true, error=}, children=[], clickable=false, enabled=true, focused=false, checked=false, selected=false)], clickable=true, enabled=true, focused=false, checked=false, selected=false), bounds=Bounds(x=33, y=539, width=254, height=48))
15:47:52.698 [ INFO] maestro.Maestro.tap-HgV9Ck0: Tap aimed via settled hierarchy
15:47:52.699 [ INFO] maestro.Maestro.hierarchyBasedTap-ogj28Uc: Tapping at (160, 563) using hierarchy based logic for wait
15:47:53.721 [ INFO] maestro.Maestro.hierarchyBasedTap-ogj28Uc: Something has changed in the UI judging by view hierarchy. Proceed.
15:47:53.721 [ INFO] maestro.cli.runner.CliConsoleListener.onCommandFinished: Tap on id: preview-confirm COMPLETED
15:47:53.721 [ INFO] maestro.cli.runner.CliConsoleListener.onCommandStart: Assert that id: preview-confirm-ok is visible RUNNING
15:47:53.794 [ INFO] maestro.cli.runner.CliConsoleListener.onCommandFinished: Assert that id: preview-confirm-ok is visible COMPLETED
15:47:53.794 [ INFO] maestro.cli.runner.CliConsoleListener.onCommandStart: Take screenshot 04c-preview-confirm RUNNING
15:47:53.794 [ INFO] maestro.Maestro.takeScreenshot: Taking screenshot
15:47:53.795 [TRACE] maestro.utils.ScreenshotUtils.takeScreenshot: Taking screenshot to output sink
15:47:53.857 [ INFO] maestro.cli.runner.CliConsoleListener.onCommandFinished: Take screenshot 04c-preview-confirm COMPLETED
15:47:53.857 [ INFO] maestro.cli.runner.CliConsoleListener.onCommandStart: Tap on id: preview-confirm-ok-cancel RUNNING
15:47:53.965 [ INFO] maestro.Maestro.tap-HgV9Ck0: Tapping on element:  UiElement(treeNode=TreeNode(attributes={text=, accessibilityText=Devam et, hintText=, ignoreBoundsFiltering=false, resource-id=preview-confirm-ok-cancel, clickable=true, bounds=[24,568][155,616], enabled=true, focused=false, checked=false, scrollable=false, selected=false, class=android.widget.Button, important-for-accessibility=true, error=}, children=[TreeNode(attributes={text=, accessibilityText=, hintText=, ignoreBoundsFiltering=false, resource-id=, clickable=false, bounds=[24,568][155,616], enabled=true, focused=false, checked=false, scrollable=false, selected=false, class=android.view.ViewGroup, important-for-accessibility=false, error=}, children=[], clickable=false, enabled=true, focused=false, checked=false, selected=false), TreeNode(attributes={text=Devam et, accessibilityText=, hintText=, ignoreBoundsFiltering=false, resource-id=, clickable=false, bounds=[54,582][125,602], enabled=true, focused=false, checked=false, scrollable=false, selected=false, class=android.widget.TextView, important-for-accessibility=true, error=}, children=[], clickable=false, enabled=true, focused=false, checked=false, selected=false)], clickable=true, enabled=true, focused=false, checked=false, selected=false), bounds=Bounds(x=24, y=568, width=131, height=48))
15:47:55.177 [ INFO] maestro.Maestro.tap-HgV9Ck0: Tap aimed via settled hierarchy
15:47:55.178 [ INFO] maestro.Maestro.hierarchyBasedTap-ogj28Uc: Tapping at (89, 592) using hierarchy based logic for wait
15:47:56.169 [ INFO] maestro.Maestro.hierarchyBasedTap-ogj28Uc: Something has changed in the UI judging by view hierarchy. Proceed.
15:47:56.170 [ INFO] maestro.cli.runner.CliConsoleListener.onCommandFinished: Tap on id: preview-confirm-ok-cancel COMPLETED
15:47:56.170 [ INFO] maestro.cli.runner.CliConsoleListener.onCommandStart: Tap on id: preview-intro RUNNING
15:47:56.286 [ INFO] maestro.Maestro.tap-HgV9Ck0: Tapping on element:  UiElement(treeNode=TreeNode(attributes={text=, accessibilityText=Sesli Tabu nasıl oynanır?, hintText=, ignoreBoundsFiltering=false, resource-id=preview-intro, clickable=true, bounds=[33,599][287,640], enabled=true, focused=false, checked=false, scrollable=false, selected=false, class=android.widget.Button, important-for-accessibility=true, error=}, children=[TreeNode(attributes={text=, accessibilityText=, hintText=, ignoreBoundsFiltering=false, resource-id=, clickable=false, bounds=[33,599][287,640], enabled=true, focused=false, checked=false, scrollable=false, selected=false, class=android.view.ViewGroup, important-for-accessibility=false, error=}, children=[], clickable=false, enabled=true, focused=false, checked=false, selected=false), TreeNode(attributes={text=Sesli Tabu nasıl oynanır?, accessibilityText=, hintText=, ignoreBoundsFiltering=false, resource-id=, clickable=false, bounds=[69,613][252,633], enabled=true, focused=false, checked=false, scrollable=false, selected=false, class=android.widget.TextView, important-for-accessibility=true, error=}, children=[], clickable=false, enabled=true, focused=false, checked=false, selected=false)], clickable=true, enabled=true, focused=false, checked=false, selected=false), bounds=Bounds(x=33, y=599, width=254, height=41))
15:47:57.565 [ INFO] maestro.Maestro.tap-HgV9Ck0: Tap aimed via settled hierarchy
15:47:57.566 [ INFO] maestro.Maestro.hierarchyBasedTap-ogj28Uc: Tapping at (160, 619) using hierarchy based logic for wait
15:47:58.526 [ INFO] maestro.Maestro.hierarchyBasedTap-ogj28Uc: Something has changed in the UI judging by view hierarchy. Proceed.
15:47:58.526 [ INFO] maestro.cli.runner.CliConsoleListener.onCommandFinished: Tap on id: preview-intro COMPLETED
15:47:58.526 [ INFO] maestro.cli.runner.CliConsoleListener.onCommandStart: Assert that id: intro-done is visible RUNNING
15:47:58.638 [ INFO] maestro.cli.runner.CliConsoleListener.onCommandFinished: Assert that id: intro-done is visible COMPLETED
15:47:58.638 [ INFO] maestro.cli.runner.CliConsoleListener.onCommandStart: Take screenshot 04c-preview-intro RUNNING
15:47:58.639 [ INFO] maestro.Maestro.takeScreenshot: Taking screenshot
15:47:58.639 [TRACE] maestro.utils.ScreenshotUtils.takeScreenshot: Taking screenshot to output sink
15:47:58.702 [ INFO] maestro.cli.runner.CliConsoleListener.onCommandFinished: Take screenshot 04c-preview-intro COMPLETED
15:47:58.703 [ INFO] maestro.cli.runner.CliConsoleListener.onCommandStart: Tap on id: intro-skip RUNNING
15:47:58.818 [ INFO] maestro.Maestro.tap-HgV9Ck0: Tapping on element:  UiElement(treeNode=TreeNode(attributes={text=, accessibilityText=Geç, hintText=, ignoreBoundsFiltering=false, resource-id=intro-skip, clickable=true, bounds=[256,44][300,88], enabled=true, focused=false, checked=false, scrollable=false, selected=false, class=android.widget.Button, important-for-accessibility=true, error=}, children=[TreeNode(attributes={text=Geç, accessibilityText=, hintText=, ignoreBoundsFiltering=false, resource-id=, clickable=false, bounds=[277,57][300,75], enabled=true, focused=false, checked=false, scrollable=false, selected=false, class=android.widget.TextView, important-for-accessibility=true, error=}, children=[], clickable=false, enabled=true, focused=false, checked=false, selected=false)], clickable=true, enabled=true, focused=false, checked=false, selected=false), bounds=Bounds(x=256, y=44, width=44, height=44))
15:48:00.122 [ INFO] maestro.Maestro.tap-HgV9Ck0: Tap aimed via settled hierarchy
15:48:00.123 [ INFO] maestro.Maestro.hierarchyBasedTap-ogj28Uc: Tapping at (278, 66) using hierarchy based logic for wait
15:48:01.073 [ INFO] maestro.Maestro.hierarchyBasedTap-ogj28Uc: Something has changed in the UI judging by view hierarchy. Proceed.
15:48:01.074 [ INFO] maestro.cli.runner.CliConsoleListener.onCommandFinished: Tap on id: intro-skip COMPLETED
15:48:01.074 [ INFO] maestro.cli.runner.CliConsoleListener.onCommandStart: Press back RUNNING
15:48:01.074 [ INFO] maestro.Maestro.backPress: Pressing back
15:48:01.950 [ INFO] maestro.cli.runner.CliConsoleListener.onCommandFinished: Press back COMPLETED
15:48:01.950 [ INFO] maestro.cli.runner.CliConsoleListener.onCommandStart: Assert that id: preview-open is visible RUNNING
15:48:02.099 [ INFO] maestro.cli.runner.CliConsoleListener.onCommandFinished: Assert that id: preview-open is visible COMPLETED
15:48:02.099 [ INFO] maestro.cli.runner.CliConsoleListener.onCommandStart: Tap on id: preview-open RUNNING
15:48:02.208 [ INFO] maestro.Maestro.tap-HgV9Ck0: Tapping on element:  UiElement(treeNode=TreeNode(attributes={text=, accessibilityText=Bileşen önizlemesini aç, hintText=, ignoreBoundsFiltering=false, resource-id=preview-open, clickable=true, bounds=[20,316][300,364], enabled=true, focused=false, checked=false, scrollable=false, selected=false, class=android.widget.Button, important-for-accessibility=true, error=}, children=[TreeNode(attributes={text=, accessibilityText=, hintText=, ignoreBoundsFiltering=false, resource-id=, clickable=false, bounds=[20,316][300,364], enabled=true, focused=false, checked=false, scrollable=false, selected=false, class=android.view.ViewGroup, important-for-accessibility=false, error=}, children=[], clickable=false, enabled=true, focused=false, checked=false, selected=false), TreeNode(attributes={text=Bileşen önizlemesini aç, accessibilityText=, hintText=, ignoreBoundsFiltering=false, resource-id=, clickable=false, bounds=[74,330][246,350], enabled=true, focused=false, checked=false, scrollable=false, selected=false, class=android.widget.TextView, important-for-accessibility=true, error=}, children=[], clickable=false, enabled=true, focused=false, checked=false, selected=false)], clickable=true, enabled=true, focused=false, checked=false, selected=false), bounds=Bounds(x=20, y=316, width=280, height=48))
15:48:03.482 [ INFO] maestro.Maestro.tap-HgV9Ck0: Tap aimed via settled hierarchy
15:48:03.483 [ INFO] maestro.Maestro.hierarchyBasedTap-ogj28Uc: Tapping at (160, 340) using hierarchy based logic for wait
15:48:04.774 [ INFO] maestro.Maestro.hierarchyBasedTap-ogj28Uc: Something has changed in the UI judging by view hierarchy. Proceed.
15:48:04.774 [ INFO] maestro.cli.runner.CliConsoleListener.onCommandFinished: Tap on id: preview-open COMPLETED
15:48:04.774 [ INFO] maestro.cli.runner.CliConsoleListener.onCommandStart: Assert that id: preview-set-sahtekar is visible RUNNING
15:48:04.891 [ INFO] maestro.cli.runner.CliConsoleListener.onCommandFinished: Assert that id: preview-set-sahtekar is visible COMPLETED
15:48:04.891 [ INFO] maestro.cli.runner.CliConsoleListener.onCommandStart: Tap on id: preview-set-sahtekar RUNNING
15:48:05.007 [ INFO] maestro.Maestro.tap-HgV9Ck0: Tapping on element:  UiElement(treeNode=TreeNode(attributes={text=, accessibilityText=Sahtekar, hintText=, ignoreBoundsFiltering=false, resource-id=preview-set-sahtekar, clickable=true, bounds=[81,140][159,184], enabled=true, focused=false, checked=false, scrollable=false, selected=false, class=android.view.View, important-for-accessibility=true, error=}, children=[TreeNode(attributes={text=Sahtekar, accessibilityText=, hintText=, ignoreBoundsFiltering=false, resource-id=, clickable=false, bounds=[93,153][147,170], enabled=true, focused=false, checked=false, scrollable=false, selected=false, class=android.widget.TextView, important-for-accessibility=true, error=}, children=[], clickable=false, enabled=true, focused=false, checked=false, selected=false)], clickable=true, enabled=true, focused=false, checked=false, selected=false), bounds=Bounds(x=81, y=140, width=78, height=44))
15:48:06.327 [ INFO] maestro.Maestro.tap-HgV9Ck0: Tap aimed via settled hierarchy
15:48:06.327 [ INFO] maestro.Maestro.hierarchyBasedTap-ogj28Uc: Tapping at (120, 162) using hierarchy based logic for wait
15:48:07.734 [ INFO] maestro.Maestro.hierarchyBasedTap-ogj28Uc: Something has changed in the UI judging by view hierarchy. Proceed.
15:48:07.735 [ INFO] maestro.cli.runner.CliConsoleListener.onCommandFinished: Tap on id: preview-set-sahtekar COMPLETED
15:48:07.735 [ INFO] maestro.cli.runner.CliConsoleListener.onCommandStart: Assert that id: sahtekar-pass is visible RUNNING
15:48:07.914 [ INFO] maestro.cli.runner.CliConsoleListener.onCommandFinished: Assert that id: sahtekar-pass is visible COMPLETED
15:48:07.914 [ INFO] maestro.cli.runner.CliConsoleListener.onCommandStart: Take screenshot 04d-sahtekar-pass RUNNING
15:48:07.915 [ INFO] maestro.Maestro.takeScreenshot: Taking screenshot
15:48:07.915 [TRACE] maestro.utils.ScreenshotUtils.takeScreenshot: Taking screenshot to output sink
15:48:07.942 [ INFO] maestro.cli.runner.CliConsoleListener.onCommandFinished: Take screenshot 04d-sahtekar-pass COMPLETED
15:48:07.942 [ INFO] maestro.cli.runner.CliConsoleListener.onCommandStart: Scrolling DOWN until id: preview-card-word is visible with speed 40, visibility percentage 100%, timeout 30000 ms, with centering enabled RUNNING
15:48:08.686 [ WARN] maestro.orchestra.Orchestra.scrollUntilVisible: Error: maestro.MaestroException$ElementNotFound: Element not found: Id matching regex: preview-card-word
15:48:08.691 [ INFO] maestro.Maestro.swipeFromCenter: Swiping UP from center
15:48:11.302 [ WARN] maestro.orchestra.Orchestra.scrollUntilVisible: Error: maestro.MaestroException$ElementNotFound: Element not found: Id matching regex: preview-card-word
15:48:11.307 [ INFO] maestro.Maestro.swipeFromCenter: Swiping UP from center
15:48:13.921 [ WARN] maestro.orchestra.Orchestra.scrollUntilVisible: Error: maestro.MaestroException$ElementNotFound: Element not found: Id matching regex: preview-card-word
15:48:13.926 [ INFO] maestro.Maestro.swipeFromCenter: Swiping UP from center
15:48:16.514 [ WARN] maestro.orchestra.Orchestra.scrollUntilVisible: Error: maestro.MaestroException$ElementNotFound: Element not found: Id matching regex: preview-card-word
15:48:16.518 [ INFO] maestro.Maestro.swipeFromCenter: Swiping UP from center
15:48:18.618 [ INFO] maestro.orchestra.Orchestra.scrollUntilVisible: Scrolling try count: 0, DeviceWidth: 320, DeviceWidth: 640
15:48:18.618 [ INFO] maestro.orchestra.Orchestra.scrollUntilVisible: Element bounds: Bounds(x=33, y=419, width=254, height=221)
15:48:18.618 [ INFO] maestro.orchestra.Orchestra.scrollUntilVisible: Visibility Percent: 1.0
15:48:18.618 [ INFO] maestro.orchestra.Orchestra.scrollUntilVisible: Command centerElement: ScrollUntilVisibleCommand(selector=ElementSelector(textRegex=null, idRegex=preview-card-word, size=null, below=null, above=null, leftOf=null, rightOf=null, containsChild=null, containsDescendants=null, traits=null, index=null, enabled=null, optional=false, selected=null, checked=null, focused=null, childOf=null, css=null), direction=DOWN, scrollDuration=601, visibilityPercentage=100, timeout=30000, waitToSettleTimeoutMs=null, centerElement=true, originalSpeedValue=40, label=null, optional=false).centerElement
15:48:18.618 [ INFO] maestro.orchestra.Orchestra.scrollUntilVisible: visibilityPercentageNormalized: 1.0
15:48:18.623 [ INFO] maestro.Maestro.swipeFromCenter: Swiping UP from center
15:48:20.774 [ INFO] maestro.orchestra.Orchestra.scrollUntilVisible: Scrolling try count: 1, DeviceWidth: 320, DeviceWidth: 640
15:48:20.775 [ INFO] maestro.orchestra.Orchestra.scrollUntilVisible: Element bounds: Bounds(x=33, y=131, width=254, height=496)
15:48:20.775 [ INFO] maestro.orchestra.Orchestra.scrollUntilVisible: Visibility Percent: 1.0
15:48:20.775 [ INFO] maestro.orchestra.Orchestra.scrollUntilVisible: Command centerElement: ScrollUntilVisibleCommand(selector=ElementSelector(textRegex=null, idRegex=preview-card-word, size=null, below=null, above=null, leftOf=null, rightOf=null, containsChild=null, containsDescendants=null, traits=null, index=null, enabled=null, optional=false, selected=null, checked=null, focused=null, childOf=null, css=null), direction=DOWN, scrollDuration=601, visibilityPercentage=100, timeout=30000, waitToSettleTimeoutMs=null, centerElement=true, originalSpeedValue=40, label=null, optional=false).centerElement
15:48:20.775 [ INFO] maestro.orchestra.Orchestra.scrollUntilVisible: visibilityPercentageNormalized: 1.0
15:48:20.775 [ INFO] maestro.cli.runner.CliConsoleListener.onCommandFinished: Scrolling DOWN until id: preview-card-word is visible with speed 40, visibility percentage 100%, timeout 30000 ms, with centering enabled COMPLETED
15:48:20.775 [ INFO] maestro.cli.runner.CliConsoleListener.onCommandStart: Take screenshot 04d-sahtekar-word RUNNING
15:48:20.775 [ INFO] maestro.Maestro.takeScreenshot: Taking screenshot
15:48:20.776 [TRACE] maestro.utils.ScreenshotUtils.takeScreenshot: Taking screenshot to output sink
15:48:20.799 [ INFO] maestro.cli.runner.CliConsoleListener.onCommandFinished: Take screenshot 04d-sahtekar-word COMPLETED
15:48:20.799 [ INFO] maestro.cli.runner.CliConsoleListener.onCommandStart: Scrolling DOWN until id: preview-card-imposter is visible with speed 40, visibility percentage 100%, timeout 30000 ms, with centering enabled RUNNING
15:48:21.633 [ WARN] maestro.orchestra.Orchestra.scrollUntilVisible: Error: maestro.MaestroException$ElementNotFound: Element not found: Id matching regex: preview-card-imposter
15:48:21.640 [ INFO] maestro.Maestro.swipeFromCenter: Swiping UP from center
15:48:23.770 [ INFO] maestro.orchestra.Orchestra.scrollUntilVisible: Scrolling try count: 0, DeviceWidth: 320, DeviceWidth: 640
15:48:23.770 [ INFO] maestro.orchestra.Orchestra.scrollUntilVisible: Element bounds: Bounds(x=33, y=411, width=254, height=229)
15:48:23.770 [ INFO] maestro.orchestra.Orchestra.scrollUntilVisible: Visibility Percent: 1.0
15:48:23.770 [ INFO] maestro.orchestra.Orchestra.scrollUntilVisible: Command centerElement: ScrollUntilVisibleCommand(selector=ElementSelector(textRegex=null, idRegex=preview-card-imposter, size=null, below=null, above=null, leftOf=null, rightOf=null, containsChild=null, containsDescendants=null, traits=null, index=null, enabled=null, optional=false, selected=null, checked=null, focused=null, childOf=null, css=null), direction=DOWN, scrollDuration=601, visibilityPercentage=100, timeout=30000, waitToSettleTimeoutMs=null, centerElement=true, originalSpeedValue=40, label=null, optional=false).centerElement
15:48:23.770 [ INFO] maestro.orchestra.Orchestra.scrollUntilVisible: visibilityPercentageNormalized: 1.0
15:48:23.775 [ INFO] maestro.Maestro.swipeFromCenter: Swiping UP from center
15:48:25.854 [ INFO] maestro.orchestra.Orchestra.scrollUntilVisible: Scrolling try count: 1, DeviceWidth: 320, DeviceWidth: 640
15:48:25.854 [ INFO] maestro.orchestra.Orchestra.scrollUntilVisible: Element bounds: Bounds(x=33, y=127, width=254, height=496)
15:48:25.854 [ INFO] maestro.orchestra.Orchestra.scrollUntilVisible: Visibility Percent: 1.0
15:48:25.854 [ INFO] maestro.orchestra.Orchestra.scrollUntilVisible: Command centerElement: ScrollUntilVisibleCommand(selector=ElementSelector(textRegex=null, idRegex=preview-card-imposter, size=null, below=null, above=null, leftOf=null, rightOf=null, containsChild=null, containsDescendants=null, traits=null, index=null, enabled=null, optional=false, selected=null, checked=null, focused=null, childOf=null, css=null), direction=DOWN, scrollDuration=601, visibilityPercentage=100, timeout=30000, waitToSettleTimeoutMs=null, centerElement=true, originalSpeedValue=40, label=null, optional=false).centerElement
15:48:25.854 [ INFO] maestro.orchestra.Orchestra.scrollUntilVisible: visibilityPercentageNormalized: 1.0
15:48:25.854 [ INFO] maestro.cli.runner.CliConsoleListener.onCommandFinished: Scrolling DOWN until id: preview-card-imposter is visible with speed 40, visibility percentage 100%, timeout 30000 ms, with centering enabled COMPLETED
15:48:25.854 [ INFO] maestro.cli.runner.CliConsoleListener.onCommandStart: Take screenshot 04d-sahtekar-imposter RUNNING
15:48:25.855 [ INFO] maestro.Maestro.takeScreenshot: Taking screenshot
15:48:25.855 [TRACE] maestro.utils.ScreenshotUtils.takeScreenshot: Taking screenshot to output sink
15:48:25.877 [ INFO] maestro.cli.runner.CliConsoleListener.onCommandFinished: Take screenshot 04d-sahtekar-imposter COMPLETED
15:48:25.878 [ INFO] maestro.cli.runner.CliConsoleListener.onCommandStart: Scrolling DOWN until id: sahtekar-clues is visible with speed 40, visibility percentage 100%, timeout 30000 ms, with centering enabled RUNNING
15:48:26.599 [ WARN] maestro.orchestra.Orchestra.scrollUntilVisible: Error: maestro.MaestroException$ElementNotFound: Element not found: Id matching regex: sahtekar-clues
15:48:26.605 [ INFO] maestro.Maestro.swipeFromCenter: Swiping UP from center
15:48:28.702 [ INFO] maestro.orchestra.Orchestra.scrollUntilVisible: Scrolling try count: 0, DeviceWidth: 320, DeviceWidth: 640
15:48:28.702 [ INFO] maestro.orchestra.Orchestra.scrollUntilVisible: Element bounds: Bounds(x=33, y=409, width=254, height=231)
15:48:28.702 [ INFO] maestro.orchestra.Orchestra.scrollUntilVisible: Visibility Percent: 1.0
15:48:28.702 [ INFO] maestro.orchestra.Orchestra.scrollUntilVisible: Command centerElement: ScrollUntilVisibleCommand(selector=ElementSelector(textRegex=null, idRegex=sahtekar-clues, size=null, below=null, above=null, leftOf=null, rightOf=null, containsChild=null, containsDescendants=null, traits=null, index=null, enabled=null, optional=false, selected=null, checked=null, focused=null, childOf=null, css=null), direction=DOWN, scrollDuration=601, visibilityPercentage=100, timeout=30000, waitToSettleTimeoutMs=null, centerElement=true, originalSpeedValue=40, label=null, optional=false).centerElement
15:48:28.702 [ INFO] maestro.orchestra.Orchestra.scrollUntilVisible: visibilityPercentageNormalized: 1.0
15:48:28.707 [ INFO] maestro.Maestro.swipeFromCenter: Swiping UP from center
15:48:30.794 [ INFO] maestro.orchestra.Orchestra.scrollUntilVisible: Scrolling try count: 1, DeviceWidth: 320, DeviceWidth: 640
15:48:30.794 [ INFO] maestro.orchestra.Orchestra.scrollUntilVisible: Element bounds: Bounds(x=33, y=116, width=254, height=524)
15:48:30.794 [ INFO] maestro.orchestra.Orchestra.scrollUntilVisible: Visibility Percent: 1.0
15:48:30.794 [ INFO] maestro.orchestra.Orchestra.scrollUntilVisible: Command centerElement: ScrollUntilVisibleCommand(selector=ElementSelector(textRegex=null, idRegex=sahtekar-clues, size=null, below=null, above=null, leftOf=null, rightOf=null, containsChild=null, containsDescendants=null, traits=null, index=null, enabled=null, optional=false, selected=null, checked=null, focused=null, childOf=null, css=null), direction=DOWN, scrollDuration=601, visibilityPercentage=100, timeout=30000, waitToSettleTimeoutMs=null, centerElement=true, originalSpeedValue=40, label=null, optional=false).centerElement
15:48:30.794 [ INFO] maestro.orchestra.Orchestra.scrollUntilVisible: visibilityPercentageNormalized: 1.0
15:48:30.794 [ INFO] maestro.cli.runner.CliConsoleListener.onCommandFinished: Scrolling DOWN until id: sahtekar-clues is visible with speed 40, visibility percentage 100%, timeout 30000 ms, with centering enabled COMPLETED
15:48:30.795 [ INFO] maestro.cli.runner.CliConsoleListener.onCommandStart: Take screenshot 04d-sahtekar-clues RUNNING
15:48:30.795 [ INFO] maestro.Maestro.takeScreenshot: Taking screenshot
15:48:30.795 [TRACE] maestro.utils.ScreenshotUtils.takeScreenshot: Taking screenshot to output sink
15:48:30.820 [ INFO] maestro.cli.runner.CliConsoleListener.onCommandFinished: Take screenshot 04d-sahtekar-clues COMPLETED
15:48:30.821 [ INFO] maestro.cli.runner.CliConsoleListener.onCommandStart: Scrolling DOWN until id: sahtekar-vote is visible with speed 40, visibility percentage 100%, timeout 30000 ms, with centering enabled RUNNING
15:48:31.641 [ WARN] maestro.orchestra.Orchestra.scrollUntilVisible: Error: maestro.MaestroException$ElementNotFound: Element not found: Id matching regex: sahtekar-vote
15:48:31.647 [ INFO] maestro.Maestro.swipeFromCenter: Swiping UP from center
15:48:33.759 [ INFO] maestro.orchestra.Orchestra.scrollUntilVisible: Scrolling try count: 0, DeviceWidth: 320, DeviceWidth: 640
15:48:33.759 [ INFO] maestro.orchestra.Orchestra.scrollUntilVisible: Element bounds: Bounds(x=33, y=461, width=254, height=179)
15:48:33.759 [ INFO] maestro.orchestra.Orchestra.scrollUntilVisible: Visibility Percent: 1.0
15:48:33.759 [ INFO] maestro.orchestra.Orchestra.scrollUntilVisible: Command centerElement: ScrollUntilVisibleCommand(selector=ElementSelector(textRegex=null, idRegex=sahtekar-vote, size=null, below=null, above=null, leftOf=null, rightOf=null, containsChild=null, containsDescendants=null, traits=null, index=null, enabled=null, optional=false, selected=null, checked=null, focused=null, childOf=null, css=null), direction=DOWN, scrollDuration=601, visibilityPercentage=100, timeout=30000, waitToSettleTimeoutMs=null, centerElement=true, originalSpeedValue=40, label=null, optional=false).centerElement
15:48:33.759 [ INFO] maestro.orchestra.Orchestra.scrollUntilVisible: visibilityPercentageNormalized: 1.0
15:48:33.765 [ INFO] maestro.Maestro.swipeFromCenter: Swiping UP from center
15:48:35.878 [ INFO] maestro.orchestra.Orchestra.scrollUntilVisible: Scrolling try count: 1, DeviceWidth: 320, DeviceWidth: 640
15:48:35.878 [ INFO] maestro.orchestra.Orchestra.scrollUntilVisible: Element bounds: Bounds(x=33, y=175, width=254, height=465)
15:48:35.878 [ INFO] maestro.orchestra.Orchestra.scrollUntilVisible: Visibility Percent: 1.0
15:48:35.878 [ INFO] maestro.orchestra.Orchestra.scrollUntilVisible: Command centerElement: ScrollUntilVisibleCommand(selector=ElementSelector(textRegex=null, idRegex=sahtekar-vote, size=null, below=null, above=null, leftOf=null, rightOf=null, containsChild=null, containsDescendants=null, traits=null, index=null, enabled=null, optional=false, selected=null, checked=null, focused=null, childOf=null, css=null), direction=DOWN, scrollDuration=601, visibilityPercentage=100, timeout=30000, waitToSettleTimeoutMs=null, centerElement=true, originalSpeedValue=40, label=null, optional=false).centerElement
15:48:35.879 [ INFO] maestro.orchestra.Orchestra.scrollUntilVisible: visibilityPercentageNormalized: 1.0
15:48:35.879 [ INFO] maestro.cli.runner.CliConsoleListener.onCommandFinished: Scrolling DOWN until id: sahtekar-vote is visible with speed 40, visibility percentage 100%, timeout 30000 ms, with centering enabled COMPLETED
15:48:35.879 [ INFO] maestro.cli.runner.CliConsoleListener.onCommandStart: Take screenshot 04d-sahtekar-vote RUNNING
15:48:35.879 [ INFO] maestro.Maestro.takeScreenshot: Taking screenshot
15:48:35.879 [TRACE] maestro.utils.ScreenshotUtils.takeScreenshot: Taking screenshot to output sink
15:48:35.909 [ INFO] maestro.cli.runner.CliConsoleListener.onCommandFinished: Take screenshot 04d-sahtekar-vote COMPLETED
15:48:35.909 [ INFO] maestro.cli.runner.CliConsoleListener.onCommandStart: Scrolling DOWN until id: sahtekar-guess is visible with speed 40, visibility percentage 100%, timeout 30000 ms, with centering enabled RUNNING
15:48:36.646 [ WARN] maestro.orchestra.Orchestra.scrollUntilVisible: Error: maestro.MaestroException$ElementNotFound: Element not found: Id matching regex: sahtekar-guess
15:48:36.651 [ INFO] maestro.Maestro.swipeFromCenter: Swiping UP from center
15:48:38.730 [ INFO] maestro.orchestra.Orchestra.scrollUntilVisible: Scrolling try count: 0, DeviceWidth: 320, DeviceWidth: 640
15:48:38.731 [ INFO] maestro.orchestra.Orchestra.scrollUntilVisible: Element bounds: Bounds(x=33, y=520, width=254, height=120)
15:48:38.731 [ INFO] maestro.orchestra.Orchestra.scrollUntilVisible: Visibility Percent: 1.0
15:48:38.731 [ INFO] maestro.orchestra.Orchestra.scrollUntilVisible: Command centerElement: ScrollUntilVisibleCommand(selector=ElementSelector(textRegex=null, idRegex=sahtekar-guess, size=null, below=null, above=null, leftOf=null, rightOf=null, containsChild=null, containsDescendants=null, traits=null, index=null, enabled=null, optional=false, selected=null, checked=null, focused=null, childOf=null, css=null), direction=DOWN, scrollDuration=601, visibilityPercentage=100, timeout=30000, waitToSettleTimeoutMs=null, centerElement=true, originalSpeedValue=40, label=null, optional=false).centerElement
15:48:38.731 [ INFO] maestro.orchestra.Orchestra.scrollUntilVisible: visibilityPercentageNormalized: 1.0
15:48:38.776 [ INFO] maestro.Maestro.swipeFromCenter: Swiping UP from center
15:48:40.863 [ INFO] maestro.orchestra.Orchestra.scrollUntilVisible: Scrolling try count: 1, DeviceWidth: 320, DeviceWidth: 640
15:48:40.863 [ INFO] maestro.orchestra.Orchestra.scrollUntilVisible: Element bounds: Bounds(x=33, y=235, width=254, height=405)
15:48:40.863 [ INFO] maestro.orchestra.Orchestra.scrollUntilVisible: Visibility Percent: 1.0
15:48:40.863 [ INFO] maestro.orchestra.Orchestra.scrollUntilVisible: Command centerElement: ScrollUntilVisibleCommand(selector=ElementSelector(textRegex=null, idRegex=sahtekar-guess, size=null, below=null, above=null, leftOf=null, rightOf=null, containsChild=null, containsDescendants=null, traits=null, index=null, enabled=null, optional=false, selected=null, checked=null, focused=null, childOf=null, css=null), direction=DOWN, scrollDuration=601, visibilityPercentage=100, timeout=30000, waitToSettleTimeoutMs=null, centerElement=true, originalSpeedValue=40, label=null, optional=false).centerElement
15:48:40.863 [ INFO] maestro.orchestra.Orchestra.scrollUntilVisible: visibilityPercentageNormalized: 1.0
15:48:40.863 [ INFO] maestro.cli.runner.CliConsoleListener.onCommandFinished: Scrolling DOWN until id: sahtekar-guess is visible with speed 40, visibility percentage 100%, timeout 30000 ms, with centering enabled COMPLETED
15:48:40.863 [ INFO] maestro.cli.runner.CliConsoleListener.onCommandStart: Take screenshot 04d-sahtekar-guess RUNNING
15:48:40.864 [ INFO] maestro.Maestro.takeScreenshot: Taking screenshot
15:48:40.864 [TRACE] maestro.utils.ScreenshotUtils.takeScreenshot: Taking screenshot to output sink
15:48:40.890 [ INFO] maestro.cli.runner.CliConsoleListener.onCommandFinished: Take screenshot 04d-sahtekar-guess COMPLETED
15:48:40.891 [ INFO] maestro.cli.runner.CliConsoleListener.onCommandStart: Scrolling DOWN until id: sahtekar-guess-wait is visible with speed 40, visibility percentage 100%, timeout 30000 ms, with centering enabled RUNNING
15:48:41.618 [ WARN] maestro.orchestra.Orchestra.scrollUntilVisible: Error: maestro.MaestroException$ElementNotFound: Element not found: Id matching regex: sahtekar-guess-wait
15:48:41.622 [ INFO] maestro.Maestro.swipeFromCenter: Swiping UP from center
15:48:43.714 [ INFO] maestro.orchestra.Orchestra.scrollUntilVisible: Scrolling try count: 0, DeviceWidth: 320, DeviceWidth: 640
15:48:43.714 [ INFO] maestro.orchestra.Orchestra.scrollUntilVisible: Element bounds: Bounds(x=33, y=580, width=254, height=60)
15:48:43.714 [ INFO] maestro.orchestra.Orchestra.scrollUntilVisible: Visibility Percent: 1.0
15:48:43.714 [ INFO] maestro.orchestra.Orchestra.scrollUntilVisible: Command centerElement: ScrollUntilVisibleCommand(selector=ElementSelector(textRegex=null, idRegex=sahtekar-guess-wait, size=null, below=null, above=null, leftOf=null, rightOf=null, containsChild=null, containsDescendants=null, traits=null, index=null, enabled=null, optional=false, selected=null, checked=null, focused=null, childOf=null, css=null), direction=DOWN, scrollDuration=601, visibilityPercentage=100, timeout=30000, waitToSettleTimeoutMs=null, centerElement=true, originalSpeedValue=40, label=null, optional=false).centerElement
15:48:43.714 [ INFO] maestro.orchestra.Orchestra.scrollUntilVisible: visibilityPercentageNormalized: 1.0
15:48:43.718 [ INFO] maestro.Maestro.swipeFromCenter: Swiping UP from center
15:48:45.810 [ INFO] maestro.orchestra.Orchestra.scrollUntilVisible: Scrolling try count: 1, DeviceWidth: 320, DeviceWidth: 640
15:48:45.810 [ INFO] maestro.orchestra.Orchestra.scrollUntilVisible: Element bounds: Bounds(x=33, y=294, width=254, height=346)
15:48:45.810 [ INFO] maestro.orchestra.Orchestra.scrollUntilVisible: Visibility Percent: 1.0
15:48:45.810 [ INFO] maestro.orchestra.Orchestra.scrollUntilVisible: Command centerElement: ScrollUntilVisibleCommand(selector=ElementSelector(textRegex=null, idRegex=sahtekar-guess-wait, size=null, below=null, above=null, leftOf=null, rightOf=null, containsChild=null, containsDescendants=null, traits=null, index=null, enabled=null, optional=false, selected=null, checked=null, focused=null, childOf=null, css=null), direction=DOWN, scrollDuration=601, visibilityPercentage=100, timeout=30000, waitToSettleTimeoutMs=null, centerElement=true, originalSpeedValue=40, label=null, optional=false).centerElement
15:48:45.810 [ INFO] maestro.orchestra.Orchestra.scrollUntilVisible: visibilityPercentageNormalized: 1.0
15:48:45.815 [ INFO] maestro.Maestro.swipeFromCenter: Swiping UP from center
15:48:47.834 [ INFO] maestro.orchestra.Orchestra.scrollUntilVisible: Scrolling try count: 2, DeviceWidth: 320, DeviceWidth: 640
15:48:47.834 [ INFO] maestro.orchestra.Orchestra.scrollUntilVisible: Element bounds: Bounds(x=33, y=24, width=254, height=477)
15:48:47.834 [ INFO] maestro.orchestra.Orchestra.scrollUntilVisible: Visibility Percent: 1.0
15:48:47.834 [ INFO] maestro.orchestra.Orchestra.scrollUntilVisible: Command centerElement: ScrollUntilVisibleCommand(selector=ElementSelector(textRegex=null, idRegex=sahtekar-guess-wait, size=null, below=null, above=null, leftOf=null, rightOf=null, containsChild=null, containsDescendants=null, traits=null, index=null, enabled=null, optional=false, selected=null, checked=null, focused=null, childOf=null, css=null), direction=DOWN, scrollDuration=601, visibilityPercentage=100, timeout=30000, waitToSettleTimeoutMs=null, centerElement=true, originalSpeedValue=40, label=null, optional=false).centerElement
15:48:47.834 [ INFO] maestro.orchestra.Orchestra.scrollUntilVisible: visibilityPercentageNormalized: 1.0
15:48:47.834 [ INFO] maestro.cli.runner.CliConsoleListener.onCommandFinished: Scrolling DOWN until id: sahtekar-guess-wait is visible with speed 40, visibility percentage 100%, timeout 30000 ms, with centering enabled COMPLETED
15:48:47.834 [ INFO] maestro.cli.runner.CliConsoleListener.onCommandStart: Take screenshot 04d-sahtekar-guess-wait RUNNING
15:48:47.835 [ INFO] maestro.Maestro.takeScreenshot: Taking screenshot
15:48:47.835 [TRACE] maestro.utils.ScreenshotUtils.takeScreenshot: Taking screenshot to output sink
15:48:47.904 [ INFO] maestro.cli.runner.CliConsoleListener.onCommandFinished: Take screenshot 04d-sahtekar-guess-wait COMPLETED
15:48:47.904 [ INFO] maestro.cli.runner.CliConsoleListener.onCommandStart: Scrolling DOWN until id: sahtekar-reveal is visible with speed 40, visibility percentage 100%, timeout 30000 ms, with centering enabled RUNNING
15:48:48.106 [ INFO] maestro.orchestra.Orchestra.scrollUntilVisible: Scrolling try count: 0, DeviceWidth: 320, DeviceWidth: 640
15:48:48.106 [ INFO] maestro.orchestra.Orchestra.scrollUntilVisible: Element bounds: Bounds(x=33, y=571, width=254, height=69)
15:48:48.106 [ INFO] maestro.orchestra.Orchestra.scrollUntilVisible: Visibility Percent: 1.0
15:48:48.106 [ INFO] maestro.orchestra.Orchestra.scrollUntilVisible: Command centerElement: ScrollUntilVisibleCommand(selector=ElementSelector(textRegex=null, idRegex=sahtekar-reveal, size=null, below=null, above=null, leftOf=null, rightOf=null, containsChild=null, containsDescendants=null, traits=null, index=null, enabled=null, optional=false, selected=null, checked=null, focused=null, childOf=null, css=null), direction=DOWN, scrollDuration=601, visibilityPercentage=100, timeout=30000, waitToSettleTimeoutMs=null, centerElement=true, originalSpeedValue=40, label=null, optional=false).centerElement
15:48:48.106 [ INFO] maestro.orchestra.Orchestra.scrollUntilVisible: visibilityPercentageNormalized: 1.0
15:48:48.152 [ INFO] maestro.Maestro.swipeFromCenter: Swiping UP from center
15:48:50.217 [ INFO] maestro.orchestra.Orchestra.scrollUntilVisible: Scrolling try count: 1, DeviceWidth: 320, DeviceWidth: 640
15:48:50.218 [ INFO] maestro.orchestra.Orchestra.scrollUntilVisible: Element bounds: Bounds(x=33, y=279, width=254, height=361)
15:48:50.218 [ INFO] maestro.orchestra.Orchestra.scrollUntilVisible: Visibility Percent: 1.0
15:48:50.218 [ INFO] maestro.orchestra.Orchestra.scrollUntilVisible: Command centerElement: ScrollUntilVisibleCommand(selector=ElementSelector(textRegex=null, idRegex=sahtekar-reveal, size=null, below=null, above=null, leftOf=null, rightOf=null, containsChild=null, containsDescendants=null, traits=null, index=null, enabled=null, optional=false, selected=null, checked=null, focused=null, childOf=null, css=null), direction=DOWN, scrollDuration=601, visibilityPercentage=100, timeout=30000, waitToSettleTimeoutMs=null, centerElement=true, originalSpeedValue=40, label=null, optional=false).centerElement
15:48:50.218 [ INFO] maestro.orchestra.Orchestra.scrollUntilVisible: visibilityPercentageNormalized: 1.0
15:48:50.222 [ INFO] maestro.Maestro.swipeFromCenter: Swiping UP from center
15:48:52.299 [ INFO] maestro.orchestra.Orchestra.scrollUntilVisible: Scrolling try count: 2, DeviceWidth: 320, DeviceWidth: 640
15:48:52.299 [ INFO] maestro.orchestra.Orchestra.scrollUntilVisible: Element bounds: Bounds(x=33, y=24, width=254, height=587)
15:48:52.299 [ INFO] maestro.orchestra.Orchestra.scrollUntilVisible: Visibility Percent: 1.0
15:48:52.299 [ INFO] maestro.orchestra.Orchestra.scrollUntilVisible: Command centerElement: ScrollUntilVisibleCommand(selector=ElementSelector(textRegex=null, idRegex=sahtekar-reveal, size=null, below=null, above=null, leftOf=null, rightOf=null, containsChild=null, containsDescendants=null, traits=null, index=null, enabled=null, optional=false, selected=null, checked=null, focused=null, childOf=null, css=null), direction=DOWN, scrollDuration=601, visibilityPercentage=100, timeout=30000, waitToSettleTimeoutMs=null, centerElement=true, originalSpeedValue=40, label=null, optional=false).centerElement
15:48:52.299 [ INFO] maestro.orchestra.Orchestra.scrollUntilVisible: visibilityPercentageNormalized: 1.0
15:48:52.299 [ INFO] maestro.cli.runner.CliConsoleListener.onCommandFinished: Scrolling DOWN until id: sahtekar-reveal is visible with speed 40, visibility percentage 100%, timeout 30000 ms, with centering enabled COMPLETED
15:48:52.299 [ INFO] maestro.cli.runner.CliConsoleListener.onCommandStart: Take screenshot 04d-sahtekar-reveal RUNNING
15:48:52.300 [ INFO] maestro.Maestro.takeScreenshot: Taking screenshot
15:48:52.300 [TRACE] maestro.utils.ScreenshotUtils.takeScreenshot: Taking screenshot to output sink
15:48:52.329 [ INFO] maestro.cli.runner.CliConsoleListener.onCommandFinished: Take screenshot 04d-sahtekar-reveal COMPLETED
15:48:52.329 [ INFO] maestro.cli.runner.CliConsoleListener.onCommandStart: Press back RUNNING
15:48:52.329 [ INFO] maestro.Maestro.backPress: Pressing back
15:48:53.190 [ INFO] maestro.cli.runner.CliConsoleListener.onCommandFinished: Press back COMPLETED
15:48:53.191 [ INFO] maestro.cli.runner.CliConsoleListener.onCommandStart: Assert that id: preview-open is visible RUNNING
15:48:53.307 [ INFO] maestro.cli.runner.CliConsoleListener.onCommandFinished: Assert that id: preview-open is visible COMPLETED
15:48:53.307 [ INFO] maestro.cli.runner.CliConsoleListener.onCommandStart: Tap on id: preview-open RUNNING
15:48:53.415 [ INFO] maestro.Maestro.tap-HgV9Ck0: Tapping on element:  UiElement(treeNode=TreeNode(attributes={text=, accessibilityText=Bileşen önizlemesini aç, hintText=, ignoreBoundsFiltering=false, resource-id=preview-open, clickable=true, bounds=[20,316][300,364], enabled=true, focused=false, checked=false, scrollable=false, selected=false, class=android.widget.Button, important-for-accessibility=true, error=}, children=[TreeNode(attributes={text=, accessibilityText=, hintText=, ignoreBoundsFiltering=false, resource-id=, clickable=false, bounds=[20,316][300,364], enabled=true, focused=false, checked=false, scrollable=false, selected=false, class=android.view.ViewGroup, important-for-accessibility=false, error=}, children=[], clickable=false, enabled=true, focused=false, checked=false, selected=false), TreeNode(attributes={text=Bileşen önizlemesini aç, accessibilityText=, hintText=, ignoreBoundsFiltering=false, resource-id=, clickable=false, bounds=[74,330][246,350], enabled=true, focused=false, checked=false, scrollable=false, selected=false, class=android.widget.TextView, important-for-accessibility=true, error=}, children=[], clickable=false, enabled=true, focused=false, checked=false, selected=false)], clickable=true, enabled=true, focused=false, checked=false, selected=false), bounds=Bounds(x=20, y=316, width=280, height=48))
15:48:54.643 [ INFO] maestro.Maestro.tap-HgV9Ck0: Tap aimed via settled hierarchy
15:48:54.643 [ INFO] maestro.Maestro.hierarchyBasedTap-ogj28Uc: Tapping at (160, 340) using hierarchy based logic for wait
15:48:55.939 [ INFO] maestro.Maestro.hierarchyBasedTap-ogj28Uc: Something has changed in the UI judging by view hierarchy. Proceed.
15:48:55.939 [ INFO] maestro.cli.runner.CliConsoleListener.onCommandFinished: Tap on id: preview-open COMPLETED
15:48:55.939 [ INFO] maestro.cli.runner.CliConsoleListener.onCommandStart: Assert that id: preview-set-say is visible RUNNING
15:48:56.165 [ INFO] maestro.cli.runner.CliConsoleListener.onCommandFinished: Assert that id: preview-set-say is visible COMPLETED
15:48:56.165 [ INFO] maestro.cli.runner.CliConsoleListener.onCommandStart: Tap on id: preview-set-say RUNNING
15:48:56.373 [ INFO] maestro.Maestro.tap-HgV9Ck0: Tapping on element:  UiElement(treeNode=TreeNode(attributes={text=, accessibilityText=Harf · Şarkı, hintText=, ignoreBoundsFiltering=false, resource-id=preview-set-say, clickable=true, bounds=[161,140][254,184], enabled=true, focused=false, checked=false, scrollable=false, selected=false, class=android.view.View, important-for-accessibility=true, error=}, children=[TreeNode(attributes={text=Harf · Şarkı, accessibilityText=, hintText=, ignoreBoundsFiltering=false, resource-id=, clickable=false, bounds=[173,153][242,170], enabled=true, focused=false, checked=false, scrollable=false, selected=false, class=android.widget.TextView, important-for-accessibility=true, error=}, children=[], clickable=false, enabled=true, focused=false, checked=false, selected=false)], clickable=true, enabled=true, focused=false, checked=false, selected=false), bounds=Bounds(x=161, y=140, width=93, height=44))
15:48:57.667 [ INFO] maestro.Maestro.tap-HgV9Ck0: Tap aimed via settled hierarchy
15:48:57.668 [ INFO] maestro.Maestro.hierarchyBasedTap-ogj28Uc: Tapping at (207, 162) using hierarchy based logic for wait
15:48:58.753 [ INFO] maestro.Maestro.hierarchyBasedTap-ogj28Uc: Something has changed in the UI judging by view hierarchy. Proceed.
15:48:58.754 [ INFO] maestro.cli.runner.CliConsoleListener.onCommandFinished: Tap on id: preview-set-say COMPLETED
15:48:58.754 [ INFO] maestro.cli.runner.CliConsoleListener.onCommandStart: Assert that id: preview-letters is visible RUNNING
15:48:58.958 [ INFO] maestro.cli.runner.CliConsoleListener.onCommandFinished: Assert that id: preview-letters is visible COMPLETED
15:48:58.958 [ INFO] maestro.cli.runner.CliConsoleListener.onCommandStart: Take screenshot 04e-say-letters RUNNING
15:48:58.958 [ INFO] maestro.Maestro.takeScreenshot: Taking screenshot
15:48:58.959 [TRACE] maestro.utils.ScreenshotUtils.takeScreenshot: Taking screenshot to output sink
15:48:59.014 [ INFO] maestro.cli.runner.CliConsoleListener.onCommandFinished: Take screenshot 04e-say-letters COMPLETED
15:48:59.015 [ INFO] maestro.cli.runner.CliConsoleListener.onCommandStart: Scrolling DOWN until id: preview-object is visible with speed 40, visibility percentage 100%, timeout 30000 ms, with centering enabled RUNNING
15:48:59.223 [ INFO] maestro.orchestra.Orchestra.scrollUntilVisible: Scrolling try count: 0, DeviceWidth: 320, DeviceWidth: 640
15:48:59.223 [ INFO] maestro.orchestra.Orchestra.scrollUntilVisible: Element bounds: Bounds(x=33, y=608, width=254, height=32)
15:48:59.224 [ INFO] maestro.orchestra.Orchestra.scrollUntilVisible: Visibility Percent: 1.0
15:48:59.224 [ INFO] maestro.orchestra.Orchestra.scrollUntilVisible: Command centerElement: ScrollUntilVisibleCommand(selector=ElementSelector(textRegex=null, idRegex=preview-object, size=null, below=null, above=null, leftOf=null, rightOf=null, containsChild=null, containsDescendants=null, traits=null, index=null, enabled=null, optional=false, selected=null, checked=null, focused=null, childOf=null, css=null), direction=DOWN, scrollDuration=601, visibilityPercentage=100, timeout=30000, waitToSettleTimeoutMs=null, centerElement=true, originalSpeedValue=40, label=null, optional=false).centerElement
15:48:59.224 [ INFO] maestro.orchestra.Orchestra.scrollUntilVisible: visibilityPercentageNormalized: 1.0
15:48:59.265 [ INFO] maestro.Maestro.swipeFromCenter: Swiping UP from center
15:49:01.520 [ INFO] maestro.orchestra.Orchestra.scrollUntilVisible: Scrolling try count: 1, DeviceWidth: 320, DeviceWidth: 640
15:49:01.520 [ INFO] maestro.orchestra.Orchestra.scrollUntilVisible: Element bounds: Bounds(x=33, y=351, width=254, height=288)
15:49:01.520 [ INFO] maestro.orchestra.Orchestra.scrollUntilVisible: Visibility Percent: 1.0
15:49:01.520 [ INFO] maestro.orchestra.Orchestra.scrollUntilVisible: Command centerElement: ScrollUntilVisibleCommand(selector=ElementSelector(textRegex=null, idRegex=preview-object, size=null, below=null, above=null, leftOf=null, rightOf=null, containsChild=null, containsDescendants=null, traits=null, index=null, enabled=null, optional=false, selected=null, checked=null, focused=null, childOf=null, css=null), direction=DOWN, scrollDuration=601, visibilityPercentage=100, timeout=30000, waitToSettleTimeoutMs=null, centerElement=true, originalSpeedValue=40, label=null, optional=false).centerElement
15:49:01.520 [ INFO] maestro.orchestra.Orchestra.scrollUntilVisible: visibilityPercentageNormalized: 1.0
15:49:01.557 [ INFO] maestro.Maestro.swipeFromCenter: Swiping UP from center
15:49:03.646 [ INFO] maestro.orchestra.Orchestra.scrollUntilVisible: Scrolling try count: 2, DeviceWidth: 320, DeviceWidth: 640
15:49:03.646 [ INFO] maestro.orchestra.Orchestra.scrollUntilVisible: Element bounds: Bounds(x=33, y=66, width=254, height=288)
15:49:03.646 [ INFO] maestro.orchestra.Orchestra.scrollUntilVisible: Visibility Percent: 1.0
15:49:03.646 [ INFO] maestro.orchestra.Orchestra.scrollUntilVisible: Command centerElement: ScrollUntilVisibleCommand(selector=ElementSelector(textRegex=null, idRegex=preview-object, size=null, below=null, above=null, leftOf=null, rightOf=null, containsChild=null, containsDescendants=null, traits=null, index=null, enabled=null, optional=false, selected=null, checked=null, focused=null, childOf=null, css=null), direction=DOWN, scrollDuration=601, visibilityPercentage=100, timeout=30000, waitToSettleTimeoutMs=null, centerElement=true, originalSpeedValue=40, label=null, optional=false).centerElement
15:49:03.646 [ INFO] maestro.orchestra.Orchestra.scrollUntilVisible: visibilityPercentageNormalized: 1.0
15:49:03.646 [ INFO] maestro.cli.runner.CliConsoleListener.onCommandFinished: Scrolling DOWN until id: preview-object is visible with speed 40, visibility percentage 100%, timeout 30000 ms, with centering enabled COMPLETED
15:49:03.646 [ INFO] maestro.cli.runner.CliConsoleListener.onCommandStart: Take screenshot 04e-say-object RUNNING
15:49:03.647 [ INFO] maestro.Maestro.takeScreenshot: Taking screenshot
15:49:03.647 [TRACE] maestro.utils.ScreenshotUtils.takeScreenshot: Taking screenshot to output sink
15:49:03.675 [ INFO] maestro.cli.runner.CliConsoleListener.onCommandFinished: Take screenshot 04e-say-object COMPLETED
15:49:03.676 [ INFO] maestro.cli.runner.CliConsoleListener.onCommandStart: Scrolling DOWN until id: objection-result is visible with speed 40, visibility percentage 100%, timeout 30000 ms, with centering enabled RUNNING
15:49:03.842 [ INFO] maestro.orchestra.Orchestra.scrollUntilVisible: Scrolling try count: 0, DeviceWidth: 320, DeviceWidth: 640
15:49:03.842 [ INFO] maestro.orchestra.Orchestra.scrollUntilVisible: Element bounds: Bounds(x=33, y=424, width=254, height=97)
15:49:03.842 [ INFO] maestro.orchestra.Orchestra.scrollUntilVisible: Visibility Percent: 1.0
15:49:03.842 [ INFO] maestro.orchestra.Orchestra.scrollUntilVisible: Command centerElement: ScrollUntilVisibleCommand(selector=ElementSelector(textRegex=null, idRegex=objection-result, size=null, below=null, above=null, leftOf=null, rightOf=null, containsChild=null, containsDescendants=null, traits=null, index=null, enabled=null, optional=false, selected=null, checked=null, focused=null, childOf=null, css=null), direction=DOWN, scrollDuration=601, visibilityPercentage=100, timeout=30000, waitToSettleTimeoutMs=null, centerElement=true, originalSpeedValue=40, label=null, optional=false).centerElement
15:49:03.842 [ INFO] maestro.orchestra.Orchestra.scrollUntilVisible: visibilityPercentageNormalized: 1.0
15:49:03.882 [ INFO] maestro.Maestro.swipeFromCenter: Swiping UP from center
15:49:05.882 [ INFO] maestro.orchestra.Orchestra.scrollUntilVisible: Scrolling try count: 1, DeviceWidth: 320, DeviceWidth: 640
15:49:05.882 [ INFO] maestro.orchestra.Orchestra.scrollUntilVisible: Element bounds: Bounds(x=33, y=140, width=254, height=97)
15:49:05.882 [ INFO] maestro.orchestra.Orchestra.scrollUntilVisible: Visibility Percent: 1.0
15:49:05.882 [ INFO] maestro.orchestra.Orchestra.scrollUntilVisible: Command centerElement: ScrollUntilVisibleCommand(selector=ElementSelector(textRegex=null, idRegex=objection-result, size=null, below=null, above=null, leftOf=null, rightOf=null, containsChild=null, containsDescendants=null, traits=null, index=null, enabled=null, optional=false, selected=null, checked=null, focused=null, childOf=null, css=null), direction=DOWN, scrollDuration=601, visibilityPercentage=100, timeout=30000, waitToSettleTimeoutMs=null, centerElement=true, originalSpeedValue=40, label=null, optional=false).centerElement
15:49:05.882 [ INFO] maestro.orchestra.Orchestra.scrollUntilVisible: visibilityPercentageNormalized: 1.0
15:49:05.883 [ INFO] maestro.cli.runner.CliConsoleListener.onCommandFinished: Scrolling DOWN until id: objection-result is visible with speed 40, visibility percentage 100%, timeout 30000 ms, with centering enabled COMPLETED
15:49:05.883 [ INFO] maestro.cli.runner.CliConsoleListener.onCommandStart: Take screenshot 04e-say-objected RUNNING
15:49:05.883 [ INFO] maestro.Maestro.takeScreenshot: Taking screenshot
15:49:05.883 [TRACE] maestro.utils.ScreenshotUtils.takeScreenshot: Taking screenshot to output sink
15:49:05.908 [ INFO] maestro.cli.runner.CliConsoleListener.onCommandFinished: Take screenshot 04e-say-objected COMPLETED
15:49:05.908 [ INFO] maestro.cli.runner.CliConsoleListener.onCommandStart: Scrolling DOWN until id: preview-song is visible with speed 40, visibility percentage 100%, timeout 30000 ms, with centering enabled RUNNING
15:49:06.078 [ INFO] maestro.orchestra.Orchestra.scrollUntilVisible: Scrolling try count: 0, DeviceWidth: 320, DeviceWidth: 640
15:49:06.078 [ INFO] maestro.orchestra.Orchestra.scrollUntilVisible: Element bounds: Bounds(x=33, y=323, width=254, height=317)
15:49:06.078 [ INFO] maestro.orchestra.Orchestra.scrollUntilVisible: Visibility Percent: 1.0
15:49:06.078 [ INFO] maestro.orchestra.Orchestra.scrollUntilVisible: Command centerElement: ScrollUntilVisibleCommand(selector=ElementSelector(textRegex=null, idRegex=preview-song, size=null, below=null, above=null, leftOf=null, rightOf=null, containsChild=null, containsDescendants=null, traits=null, index=null, enabled=null, optional=false, selected=null, checked=null, focused=null, childOf=null, css=null), direction=DOWN, scrollDuration=601, visibilityPercentage=100, timeout=30000, waitToSettleTimeoutMs=null, centerElement=true, originalSpeedValue=40, label=null, optional=false).centerElement
15:49:06.078 [ INFO] maestro.orchestra.Orchestra.scrollUntilVisible: visibilityPercentageNormalized: 1.0
15:49:06.124 [ INFO] maestro.Maestro.swipeFromCenter: Swiping UP from center
15:49:08.174 [ INFO] maestro.orchestra.Orchestra.scrollUntilVisible: Scrolling try count: 1, DeviceWidth: 320, DeviceWidth: 640
15:49:08.174 [ INFO] maestro.orchestra.Orchestra.scrollUntilVisible: Element bounds: Bounds(x=33, y=30, width=254, height=560)
15:49:08.174 [ INFO] maestro.orchestra.Orchestra.scrollUntilVisible: Visibility Percent: 1.0
15:49:08.174 [ INFO] maestro.orchestra.Orchestra.scrollUntilVisible: Command centerElement: ScrollUntilVisibleCommand(selector=ElementSelector(textRegex=null, idRegex=preview-song, size=null, below=null, above=null, leftOf=null, rightOf=null, containsChild=null, containsDescendants=null, traits=null, index=null, enabled=null, optional=false, selected=null, checked=null, focused=null, childOf=null, css=null), direction=DOWN, scrollDuration=601, visibilityPercentage=100, timeout=30000, waitToSettleTimeoutMs=null, centerElement=true, originalSpeedValue=40, label=null, optional=false).centerElement
15:49:08.174 [ INFO] maestro.orchestra.Orchestra.scrollUntilVisible: visibilityPercentageNormalized: 1.0
15:49:08.174 [ INFO] maestro.cli.runner.CliConsoleListener.onCommandFinished: Scrolling DOWN until id: preview-song is visible with speed 40, visibility percentage 100%, timeout 30000 ms, with centering enabled COMPLETED
15:49:08.174 [ INFO] maestro.cli.runner.CliConsoleListener.onCommandStart: Take screenshot 04e-say-song RUNNING
15:49:08.174 [ INFO] maestro.Maestro.takeScreenshot: Taking screenshot
15:49:08.175 [TRACE] maestro.utils.ScreenshotUtils.takeScreenshot: Taking screenshot to output sink
15:49:08.200 [ INFO] maestro.cli.runner.CliConsoleListener.onCommandFinished: Take screenshot 04e-say-song COMPLETED
15:49:08.200 [ INFO] maestro.cli.runner.CliConsoleListener.onCommandStart: Scrolling DOWN until id: preview-song-object is visible with speed 40, visibility percentage 100%, timeout 30000 ms, with centering enabled RUNNING
15:49:08.870 [ WARN] maestro.orchestra.Orchestra.scrollUntilVisible: Error: maestro.MaestroException$ElementNotFound: Element not found: Id matching regex: preview-song-object
15:49:08.876 [ INFO] maestro.Maestro.swipeFromCenter: Swiping UP from center
15:49:10.638 [ INFO] maestro.orchestra.Orchestra.scrollUntilVisible: Scrolling try count: 0, DeviceWidth: 320, DeviceWidth: 640
15:49:10.638 [ INFO] maestro.orchestra.Orchestra.scrollUntilVisible: Element bounds: Bounds(x=33, y=389, width=254, height=206)
15:49:10.638 [ INFO] maestro.orchestra.Orchestra.scrollUntilVisible: Visibility Percent: 1.0
15:49:10.638 [ INFO] maestro.orchestra.Orchestra.scrollUntilVisible: Command centerElement: ScrollUntilVisibleCommand(selector=ElementSelector(textRegex=null, idRegex=preview-song-object, size=null, below=null, above=null, leftOf=null, rightOf=null, containsChild=null, containsDescendants=null, traits=null, index=null, enabled=null, optional=false, selected=null, checked=null, focused=null, childOf=null, css=null), direction=DOWN, scrollDuration=601, visibilityPercentage=100, timeout=30000, waitToSettleTimeoutMs=null, centerElement=true, originalSpeedValue=40, label=null, optional=false).centerElement
15:49:10.638 [ INFO] maestro.orchestra.Orchestra.scrollUntilVisible: visibilityPercentageNormalized: 1.0
15:49:10.643 [ INFO] maestro.Maestro.swipeFromCenter: Swiping UP from center
15:49:12.018 [ INFO] maestro.orchestra.Orchestra.scrollUntilVisible: Scrolling try count: 1, DeviceWidth: 320, DeviceWidth: 640
15:49:12.018 [ INFO] maestro.orchestra.Orchestra.scrollUntilVisible: Element bounds: Bounds(x=33, y=389, width=254, height=206)
15:49:12.018 [ INFO] maestro.orchestra.Orchestra.scrollUntilVisible: Visibility Percent: 1.0
15:49:12.018 [ INFO] maestro.orchestra.Orchestra.scrollUntilVisible: Command centerElement: ScrollUntilVisibleCommand(selector=ElementSelector(textRegex=null, idRegex=preview-song-object, size=null, below=null, above=null, leftOf=null, rightOf=null, containsChild=null, containsDescendants=null, traits=null, index=null, enabled=null, optional=false, selected=null, checked=null, focused=null, childOf=null, css=null), direction=DOWN, scrollDuration=601, visibilityPercentage=100, timeout=30000, waitToSettleTimeoutMs=null, centerElement=true, originalSpeedValue=40, label=null, optional=false).centerElement
15:49:12.019 [ INFO] maestro.orchestra.Orchestra.scrollUntilVisible: visibilityPercentageNormalized: 1.0
15:49:12.023 [ INFO] maestro.Maestro.swipeFromCenter: Swiping UP from center
15:49:13.070 [ INFO] maestro.orchestra.Orchestra.scrollUntilVisible: Scrolling try count: 2, DeviceWidth: 320, DeviceWidth: 640
15:49:13.070 [ INFO] maestro.orchestra.Orchestra.scrollUntilVisible: Element bounds: Bounds(x=33, y=389, width=254, height=206)
15:49:13.070 [ INFO] maestro.orchestra.Orchestra.scrollUntilVisible: Visibility Percent: 1.0
15:49:13.071 [ INFO] maestro.orchestra.Orchestra.scrollUntilVisible: Command centerElement: ScrollUntilVisibleCommand(selector=ElementSelector(textRegex=null, idRegex=preview-song-object, size=null, below=null, above=null, leftOf=null, rightOf=null, containsChild=null, containsDescendants=null, traits=null, index=null, enabled=null, optional=false, selected=null, checked=null, focused=null, childOf=null, css=null), direction=DOWN, scrollDuration=601, visibilityPercentage=100, timeout=30000, waitToSettleTimeoutMs=null, centerElement=true, originalSpeedValue=40, label=null, optional=false).centerElement
15:49:13.071 [ INFO] maestro.orchestra.Orchestra.scrollUntilVisible: visibilityPercentageNormalized: 1.0
15:49:13.075 [ INFO] maestro.Maestro.swipeFromCenter: Swiping UP from center
15:49:14.122 [ INFO] maestro.orchestra.Orchestra.scrollUntilVisible: Scrolling try count: 3, DeviceWidth: 320, DeviceWidth: 640
15:49:14.122 [ INFO] maestro.orchestra.Orchestra.scrollUntilVisible: Element bounds: Bounds(x=33, y=389, width=254, height=206)
15:49:14.122 [ INFO] maestro.orchestra.Orchestra.scrollUntilVisible: Visibility Percent: 1.0
15:49:14.122 [ INFO] maestro.orchestra.Orchestra.scrollUntilVisible: Command centerElement: ScrollUntilVisibleCommand(selector=ElementSelector(textRegex=null, idRegex=preview-song-object, size=null, below=null, above=null, leftOf=null, rightOf=null, containsChild=null, containsDescendants=null, traits=null, index=null, enabled=null, optional=false, selected=null, checked=null, focused=null, childOf=null, css=null), direction=DOWN, scrollDuration=601, visibilityPercentage=100, timeout=30000, waitToSettleTimeoutMs=null, centerElement=true, originalSpeedValue=40, label=null, optional=false).centerElement
15:49:14.122 [ INFO] maestro.orchestra.Orchestra.scrollUntilVisible: visibilityPercentageNormalized: 1.0
15:49:14.126 [ INFO] maestro.Maestro.swipeFromCenter: Swiping UP from center
15:49:15.179 [ INFO] maestro.orchestra.Orchestra.scrollUntilVisible: Scrolling try count: 4, DeviceWidth: 320, DeviceWidth: 640
15:49:15.179 [ INFO] maestro.orchestra.Orchestra.scrollUntilVisible: Element bounds: Bounds(x=33, y=389, width=254, height=206)
15:49:15.180 [ INFO] maestro.orchestra.Orchestra.scrollUntilVisible: Visibility Percent: 1.0
15:49:15.180 [ INFO] maestro.orchestra.Orchestra.scrollUntilVisible: Command centerElement: ScrollUntilVisibleCommand(selector=ElementSelector(textRegex=null, idRegex=preview-song-object, size=null, below=null, above=null, leftOf=null, rightOf=null, containsChild=null, containsDescendants=null, traits=null, index=null, enabled=null, optional=false, selected=null, checked=null, focused=null, childOf=null, css=null), direction=DOWN, scrollDuration=601, visibilityPercentage=100, timeout=30000, waitToSettleTimeoutMs=null, centerElement=true, originalSpeedValue=40, label=null, optional=false).centerElement
15:49:15.180 [ INFO] maestro.orchestra.Orchestra.scrollUntilVisible: visibilityPercentageNormalized: 1.0
15:49:15.190 [ INFO] maestro.Maestro.swipeFromCenter: Swiping UP from center
15:49:16.272 [ INFO] maestro.orchestra.Orchestra.scrollUntilVisible: Scrolling try count: 5, DeviceWidth: 320, DeviceWidth: 640
15:49:16.272 [ INFO] maestro.orchestra.Orchestra.scrollUntilVisible: Element bounds: Bounds(x=33, y=389, width=254, height=206)
15:49:16.272 [ INFO] maestro.orchestra.Orchestra.scrollUntilVisible: Visibility Percent: 1.0
15:49:16.272 [ INFO] maestro.orchestra.Orchestra.scrollUntilVisible: Command centerElement: ScrollUntilVisibleCommand(selector=ElementSelector(textRegex=null, idRegex=preview-song-object, size=null, below=null, above=null, leftOf=null, rightOf=null, containsChild=null, containsDescendants=null, traits=null, index=null, enabled=null, optional=false, selected=null, checked=null, focused=null, childOf=null, css=null), direction=DOWN, scrollDuration=601, visibilityPercentage=100, timeout=30000, waitToSettleTimeoutMs=null, centerElement=true, originalSpeedValue=40, label=null, optional=false).centerElement
15:49:16.272 [ INFO] maestro.orchestra.Orchestra.scrollUntilVisible: visibilityPercentageNormalized: 1.0
15:49:16.272 [ INFO] maestro.cli.runner.CliConsoleListener.onCommandFinished: Scrolling DOWN until id: preview-song-object is visible with speed 40, visibility percentage 100%, timeout 30000 ms, with centering enabled COMPLETED
15:49:16.272 [ INFO] maestro.cli.runner.CliConsoleListener.onCommandStart: Take screenshot 04e-say-song-object RUNNING
15:49:16.272 [ INFO] maestro.Maestro.takeScreenshot: Taking screenshot
15:49:16.273 [TRACE] maestro.utils.ScreenshotUtils.takeScreenshot: Taking screenshot to output sink
15:49:16.307 [ INFO] maestro.cli.runner.CliConsoleListener.onCommandFinished: Take screenshot 04e-say-song-object COMPLETED
15:49:16.307 [ INFO] maestro.cli.runner.CliConsoleListener.onCommandStart: Press back RUNNING
15:49:16.307 [ INFO] maestro.Maestro.backPress: Pressing back
15:49:17.176 [ INFO] maestro.cli.runner.CliConsoleListener.onCommandFinished: Press back COMPLETED
15:49:17.176 [ INFO] maestro.cli.runner.CliConsoleListener.onCommandStart: Assert that id: preview-open is visible RUNNING
15:49:17.285 [ INFO] maestro.cli.runner.CliConsoleListener.onCommandFinished: Assert that id: preview-open is visible COMPLETED
15:49:17.286 [ INFO] maestro.cli.runner.CliConsoleListener.onCommandStart: Tap on id: preview-open RUNNING
15:49:17.397 [ INFO] maestro.Maestro.tap-HgV9Ck0: Tapping on element:  UiElement(treeNode=TreeNode(attributes={text=, accessibilityText=Bileşen önizlemesini aç, hintText=, ignoreBoundsFiltering=false, resource-id=preview-open, clickable=true, bounds=[20,316][300,364], enabled=true, focused=false, checked=false, scrollable=false, selected=false, class=android.widget.Button, important-for-accessibility=true, error=}, children=[TreeNode(attributes={text=, accessibilityText=, hintText=, ignoreBoundsFiltering=false, resource-id=, clickable=false, bounds=[20,316][300,364], enabled=true, focused=false, checked=false, scrollable=false, selected=false, class=android.view.ViewGroup, important-for-accessibility=false, error=}, children=[], clickable=false, enabled=true, focused=false, checked=false, selected=false), TreeNode(attributes={text=Bileşen önizlemesini aç, accessibilityText=, hintText=, ignoreBoundsFiltering=false, resource-id=, clickable=false, bounds=[74,330][246,350], enabled=true, focused=false, checked=false, scrollable=false, selected=false, class=android.widget.TextView, important-for-accessibility=true, error=}, children=[], clickable=false, enabled=true, focused=false, checked=false, selected=false)], clickable=true, enabled=true, focused=false, checked=false, selected=false), bounds=Bounds(x=20, y=316, width=280, height=48))
15:49:18.620 [ INFO] maestro.Maestro.tap-HgV9Ck0: Tap aimed via settled hierarchy
15:49:18.620 [ INFO] maestro.Maestro.hierarchyBasedTap-ogj28Uc: Tapping at (160, 340) using hierarchy based logic for wait
15:49:19.908 [ INFO] maestro.Maestro.hierarchyBasedTap-ogj28Uc: Something has changed in the UI judging by view hierarchy. Proceed.
15:49:19.908 [ INFO] maestro.cli.runner.CliConsoleListener.onCommandFinished: Tap on id: preview-open COMPLETED
15:49:19.908 [ INFO] maestro.cli.runner.CliConsoleListener.onCommandStart: Assert that id: preview-set-ibre is visible RUNNING
15:49:20.064 [ INFO] maestro.cli.runner.CliConsoleListener.onCommandFinished: Assert that id: preview-set-ibre is visible COMPLETED
15:49:20.064 [ INFO] maestro.cli.runner.CliConsoleListener.onCommandStart: Tap on id: preview-set-ibre RUNNING
15:49:20.180 [ INFO] maestro.Maestro.tap-HgV9Ck0: Tapping on element:  UiElement(treeNode=TreeNode(attributes={text=, accessibilityText=İbre, hintText=, ignoreBoundsFiltering=false, resource-id=preview-set-ibre, clickable=true, bounds=[256,140][304,184], enabled=true, focused=false, checked=false, scrollable=false, selected=false, class=android.view.View, important-for-accessibility=true, error=}, children=[TreeNode(attributes={text=İbre, accessibilityText=, hintText=, ignoreBoundsFiltering=false, resource-id=, clickable=false, bounds=[268,153][292,170], enabled=true, focused=false, checked=false, scrollable=false, selected=false, class=android.widget.TextView, important-for-accessibility=true, error=}, children=[], clickable=false, enabled=true, focused=false, checked=false, selected=false)], clickable=true, enabled=true, focused=false, checked=false, selected=false), bounds=Bounds(x=256, y=140, width=48, height=44))
15:49:21.436 [ INFO] maestro.Maestro.tap-HgV9Ck0: Tap aimed via settled hierarchy
15:49:21.436 [ INFO] maestro.Maestro.hierarchyBasedTap-ogj28Uc: Tapping at (280, 162) using hierarchy based logic for wait
15:49:22.522 [ INFO] maestro.Maestro.hierarchyBasedTap-ogj28Uc: Something has changed in the UI judging by view hierarchy. Proceed.
15:49:22.522 [ INFO] maestro.cli.runner.CliConsoleListener.onCommandFinished: Tap on id: preview-set-ibre COMPLETED
15:49:22.522 [ INFO] maestro.cli.runner.CliConsoleListener.onCommandStart: Assert that id: ibre-hold is visible RUNNING
15:49:22.639 [ INFO] maestro.cli.runner.CliConsoleListener.onCommandFinished: Assert that id: ibre-hold is visible COMPLETED
15:49:22.639 [ INFO] maestro.cli.runner.CliConsoleListener.onCommandStart: Take screenshot 04f-ibre-hold RUNNING
15:49:22.639 [ INFO] maestro.Maestro.takeScreenshot: Taking screenshot
15:49:22.640 [TRACE] maestro.utils.ScreenshotUtils.takeScreenshot: Taking screenshot to output sink
15:49:22.713 [ INFO] maestro.cli.runner.CliConsoleListener.onCommandFinished: Take screenshot 04f-ibre-hold COMPLETED
15:49:22.713 [ INFO] maestro.cli.runner.CliConsoleListener.onCommandStart: Scrolling DOWN until id: preview-needle is visible with speed 40, visibility percentage 100%, timeout 30000 ms, with centering enabled RUNNING
15:49:22.903 [ INFO] maestro.orchestra.Orchestra.scrollUntilVisible: Scrolling try count: 0, DeviceWidth: 320, DeviceWidth: 640
15:49:22.903 [ INFO] maestro.orchestra.Orchestra.scrollUntilVisible: Element bounds: Bounds(x=33, y=485, width=254, height=155)
15:49:22.903 [ INFO] maestro.orchestra.Orchestra.scrollUntilVisible: Visibility Percent: 1.0
15:49:22.903 [ INFO] maestro.orchestra.Orchestra.scrollUntilVisible: Command centerElement: ScrollUntilVisibleCommand(selector=ElementSelector(textRegex=null, idRegex=preview-needle, size=null, below=null, above=null, leftOf=null, rightOf=null, containsChild=null, containsDescendants=null, traits=null, index=null, enabled=null, optional=false, selected=null, checked=null, focused=null, childOf=null, css=null), direction=DOWN, scrollDuration=601, visibilityPercentage=100, timeout=30000, waitToSettleTimeoutMs=null, centerElement=true, originalSpeedValue=40, label=null, optional=false).centerElement
15:49:22.903 [ INFO] maestro.orchestra.Orchestra.scrollUntilVisible: visibilityPercentageNormalized: 1.0
15:49:22.910 [ INFO] maestro.Maestro.swipeFromCenter: Swiping UP from center
15:49:24.849 [ INFO] maestro.orchestra.Orchestra.scrollUntilVisible: Scrolling try count: 1, DeviceWidth: 320, DeviceWidth: 640
15:49:24.849 [ INFO] maestro.orchestra.Orchestra.scrollUntilVisible: Element bounds: Bounds(x=33, y=199, width=254, height=228)
15:49:24.849 [ INFO] maestro.orchestra.Orchestra.scrollUntilVisible: Visibility Percent: 1.0
15:49:24.849 [ INFO] maestro.orchestra.Orchestra.scrollUntilVisible: Command centerElement: ScrollUntilVisibleCommand(selector=ElementSelector(textRegex=null, idRegex=preview-needle, size=null, below=null, above=null, leftOf=null, rightOf=null, containsChild=null, containsDescendants=null, traits=null, index=null, enabled=null, optional=false, selected=null, checked=null, focused=null, childOf=null, css=null), direction=DOWN, scrollDuration=601, visibilityPercentage=100, timeout=30000, waitToSettleTimeoutMs=null, centerElement=true, originalSpeedValue=40, label=null, optional=false).centerElement
15:49:24.849 [ INFO] maestro.orchestra.Orchestra.scrollUntilVisible: visibilityPercentageNormalized: 1.0
15:49:24.849 [ INFO] maestro.cli.runner.CliConsoleListener.onCommandFinished: Scrolling DOWN until id: preview-needle is visible with speed 40, visibility percentage 100%, timeout 30000 ms, with centering enabled COMPLETED
15:49:24.849 [ INFO] maestro.cli.runner.CliConsoleListener.onCommandStart: Tap on id: ibre-plus RUNNING
15:49:24.955 [ INFO] maestro.Maestro.tap-HgV9Ck0: Tapping on element:  UiElement(treeNode=TreeNode(attributes={text=, accessibilityText=İbreyi sağa al, hintText=, ignoreBoundsFiltering=false, resource-id=ibre-plus, clickable=true, bounds=[191,379][239,427], enabled=true, focused=false, checked=false, scrollable=false, selected=false, class=android.widget.Button, important-for-accessibility=true, error=}, children=[TreeNode(attributes={text=, accessibilityText=, hintText=, ignoreBoundsFiltering=false, resource-id=, clickable=false, bounds=[191,379][239,427], enabled=true, focused=false, checked=false, scrollable=false, selected=false, class=android.view.ViewGroup, important-for-accessibility=false, error=}, children=[], clickable=false, enabled=true, focused=false, checked=false, selected=false), TreeNode(attributes={text=+, accessibilityText=, hintText=, ignoreBoundsFiltering=false, resource-id=, clickable=false, bounds=[208,389][221,417], enabled=true, focused=false, checked=false, scrollable=false, selected=false, class=android.widget.TextView, important-for-accessibility=true, error=}, children=[], clickable=false, enabled=true, focused=false, checked=false, selected=false)], clickable=true, enabled=true, focused=false, checked=false, selected=false), bounds=Bounds(x=191, y=379, width=48, height=48))
15:49:26.262 [ INFO] maestro.Maestro.tap-HgV9Ck0: Tap aimed via settled hierarchy
15:49:26.263 [ INFO] maestro.Maestro.hierarchyBasedTap-ogj28Uc: Tapping at (215, 403) using hierarchy based logic for wait
15:49:27.134 [ INFO] maestro.Maestro.hierarchyBasedTap-ogj28Uc: Something has changed in the UI judging by view hierarchy. Proceed.
15:49:27.134 [ INFO] maestro.cli.runner.CliConsoleListener.onCommandFinished: Tap on id: ibre-plus COMPLETED
15:49:27.134 [ INFO] maestro.cli.runner.CliConsoleListener.onCommandStart: Take screenshot 04f-ibre-needle RUNNING
15:49:27.134 [ INFO] maestro.Maestro.takeScreenshot: Taking screenshot
15:49:27.135 [TRACE] maestro.utils.ScreenshotUtils.takeScreenshot: Taking screenshot to output sink
15:49:27.168 [ INFO] maestro.cli.runner.CliConsoleListener.onCommandFinished: Take screenshot 04f-ibre-needle COMPLETED
15:49:27.168 [ INFO] maestro.cli.runner.CliConsoleListener.onCommandStart: Scrolling DOWN until id: preview-side is visible with speed 40, visibility percentage 100%, timeout 30000 ms, with centering enabled RUNNING
15:49:27.314 [ INFO] maestro.orchestra.Orchestra.scrollUntilVisible: Scrolling try count: 0, DeviceWidth: 320, DeviceWidth: 640
15:49:27.315 [ INFO] maestro.orchestra.Orchestra.scrollUntilVisible: Element bounds: Bounds(x=33, y=497, width=254, height=143)
15:49:27.315 [ INFO] maestro.orchestra.Orchestra.scrollUntilVisible: Visibility Percent: 1.0
15:49:27.315 [ INFO] maestro.orchestra.Orchestra.scrollUntilVisible: Command centerElement: ScrollUntilVisibleCommand(selector=ElementSelector(textRegex=null, idRegex=preview-side, size=null, below=null, above=null, leftOf=null, rightOf=null, containsChild=null, containsDescendants=null, traits=null, index=null, enabled=null, optional=false, selected=null, checked=null, focused=null, childOf=null, css=null), direction=DOWN, scrollDuration=601, visibilityPercentage=100, timeout=30000, waitToSettleTimeoutMs=null, centerElement=true, originalSpeedValue=40, label=null, optional=false).centerElement
15:49:27.315 [ INFO] maestro.orchestra.Orchestra.scrollUntilVisible: visibilityPercentageNormalized: 1.0
15:49:27.319 [ INFO] maestro.Maestro.swipeFromCenter: Swiping UP from center
15:49:29.299 [ INFO] maestro.orchestra.Orchestra.scrollUntilVisible: Scrolling try count: 1, DeviceWidth: 320, DeviceWidth: 640
15:49:29.299 [ INFO] maestro.orchestra.Orchestra.scrollUntilVisible: Element bounds: Bounds(x=33, y=213, width=254, height=304)
15:49:29.299 [ INFO] maestro.orchestra.Orchestra.scrollUntilVisible: Visibility Percent: 1.0
15:49:29.299 [ INFO] maestro.orchestra.Orchestra.scrollUntilVisible: Command centerElement: ScrollUntilVisibleCommand(selector=ElementSelector(textRegex=null, idRegex=preview-side, size=null, below=null, above=null, leftOf=null, rightOf=null, containsChild=null, containsDescendants=null, traits=null, index=null, enabled=null, optional=false, selected=null, checked=null, focused=null, childOf=null, css=null), direction=DOWN, scrollDuration=601, visibilityPercentage=100, timeout=30000, waitToSettleTimeoutMs=null, centerElement=true, originalSpeedValue=40, label=null, optional=false).centerElement
15:49:29.299 [ INFO] maestro.orchestra.Orchestra.scrollUntilVisible: visibilityPercentageNormalized: 1.0
15:49:29.299 [ INFO] maestro.cli.runner.CliConsoleListener.onCommandFinished: Scrolling DOWN until id: preview-side is visible with speed 40, visibility percentage 100%, timeout 30000 ms, with centering enabled COMPLETED
15:49:29.299 [ INFO] maestro.cli.runner.CliConsoleListener.onCommandStart: Take screenshot 04f-ibre-side RUNNING
15:49:29.300 [ INFO] maestro.Maestro.takeScreenshot: Taking screenshot
15:49:29.300 [TRACE] maestro.utils.ScreenshotUtils.takeScreenshot: Taking screenshot to output sink
15:49:29.326 [ INFO] maestro.cli.runner.CliConsoleListener.onCommandFinished: Take screenshot 04f-ibre-side COMPLETED
15:49:29.326 [ INFO] maestro.cli.runner.CliConsoleListener.onCommandStart: Scrolling DOWN until id: ibre-reveal is visible with speed 40, visibility percentage 100%, timeout 30000 ms, with centering enabled RUNNING
15:49:29.473 [ INFO] maestro.orchestra.Orchestra.scrollUntilVisible: Scrolling try count: 0, DeviceWidth: 320, DeviceWidth: 640
15:49:29.473 [ INFO] maestro.orchestra.Orchestra.scrollUntilVisible: Element bounds: Bounds(x=33, y=587, width=254, height=53)
15:49:29.473 [ INFO] maestro.orchestra.Orchestra.scrollUntilVisible: Visibility Percent: 1.0
15:49:29.473 [ INFO] maestro.orchestra.Orchestra.scrollUntilVisible: Command centerElement: ScrollUntilVisibleCommand(selector=ElementSelector(textRegex=null, idRegex=ibre-reveal, size=null, below=null, above=null, leftOf=null, rightOf=null, containsChild=null, containsDescendants=null, traits=null, index=null, enabled=null, optional=false, selected=null, checked=null, focused=null, childOf=null, css=null), direction=DOWN, scrollDuration=601, visibilityPercentage=100, timeout=30000, waitToSettleTimeoutMs=null, centerElement=true, originalSpeedValue=40, label=null, optional=false).centerElement
15:49:29.474 [ INFO] maestro.orchestra.Orchestra.scrollUntilVisible: visibilityPercentageNormalized: 1.0
15:49:29.514 [ INFO] maestro.Maestro.swipeFromCenter: Swiping UP from center
15:49:31.415 [ INFO] maestro.orchestra.Orchestra.scrollUntilVisible: Scrolling try count: 1, DeviceWidth: 320, DeviceWidth: 640
15:49:31.415 [ INFO] maestro.orchestra.Orchestra.scrollUntilVisible: Element bounds: Bounds(x=33, y=301, width=254, height=339)
15:49:31.415 [ INFO] maestro.orchestra.Orchestra.scrollUntilVisible: Visibility Percent: 1.0
15:49:31.415 [ INFO] maestro.orchestra.Orchestra.scrollUntilVisible: Command centerElement: ScrollUntilVisibleCommand(selector=ElementSelector(textRegex=null, idRegex=ibre-reveal, size=null, below=null, above=null, leftOf=null, rightOf=null, containsChild=null, containsDescendants=null, traits=null, index=null, enabled=null, optional=false, selected=null, checked=null, focused=null, childOf=null, css=null), direction=DOWN, scrollDuration=601, visibilityPercentage=100, timeout=30000, waitToSettleTimeoutMs=null, centerElement=true, originalSpeedValue=40, label=null, optional=false).centerElement
15:49:31.415 [ INFO] maestro.orchestra.Orchestra.scrollUntilVisible: visibilityPercentageNormalized: 1.0
15:49:31.420 [ INFO] maestro.Maestro.swipeFromCenter: Swiping UP from center
15:49:32.419 [ INFO] maestro.orchestra.Orchestra.scrollUntilVisible: Scrolling try count: 2, DeviceWidth: 320, DeviceWidth: 640
15:49:32.419 [ INFO] maestro.orchestra.Orchestra.scrollUntilVisible: Element bounds: Bounds(x=33, y=253, width=254, height=342)
15:49:32.419 [ INFO] maestro.orchestra.Orchestra.scrollUntilVisible: Visibility Percent: 1.0
15:49:32.419 [ INFO] maestro.orchestra.Orchestra.scrollUntilVisible: Command centerElement: ScrollUntilVisibleCommand(selector=ElementSelector(textRegex=null, idRegex=ibre-reveal, size=null, below=null, above=null, leftOf=null, rightOf=null, containsChild=null, containsDescendants=null, traits=null, index=null, enabled=null, optional=false, selected=null, checked=null, focused=null, childOf=null, css=null), direction=DOWN, scrollDuration=601, visibilityPercentage=100, timeout=30000, waitToSettleTimeoutMs=null, centerElement=true, originalSpeedValue=40, label=null, optional=false).centerElement
15:49:32.419 [ INFO] maestro.orchestra.Orchestra.scrollUntilVisible: visibilityPercentageNormalized: 1.0
15:49:32.419 [ INFO] maestro.cli.runner.CliConsoleListener.onCommandFinished: Scrolling DOWN until id: ibre-reveal is visible with speed 40, visibility percentage 100%, timeout 30000 ms, with centering enabled COMPLETED
15:49:32.419 [ INFO] maestro.cli.runner.CliConsoleListener.onCommandStart: Take screenshot 04f-ibre-reveal RUNNING
15:49:32.420 [ INFO] maestro.Maestro.takeScreenshot: Taking screenshot
15:49:32.420 [TRACE] maestro.utils.ScreenshotUtils.takeScreenshot: Taking screenshot to output sink
15:49:32.526 [ INFO] maestro.cli.runner.CliConsoleListener.onCommandFinished: Take screenshot 04f-ibre-reveal COMPLETED
15:49:32.526 [ INFO] maestro.cli.runner.CliConsoleListener.onCommandStart: Press back RUNNING
15:49:32.526 [ INFO] maestro.Maestro.backPress: Pressing back
15:49:33.422 [ INFO] maestro.cli.runner.CliConsoleListener.onCommandFinished: Press back COMPLETED
15:49:33.422 [ INFO] maestro.cli.runner.CliConsoleListener.onCommandStart: Assert that id: preview-open is visible RUNNING
15:49:33.529 [ INFO] maestro.cli.runner.CliConsoleListener.onCommandFinished: Assert that id: preview-open is visible COMPLETED
15:49:33.529 [ INFO] maestro.cli.runner.CliConsoleListener.onCommandStart: Press back RUNNING
15:49:33.529 [ INFO] maestro.Maestro.backPress: Pressing back
15:49:34.381 [ INFO] maestro.cli.runner.CliConsoleListener.onCommandFinished: Press back COMPLETED
15:49:34.381 [ INFO] maestro.cli.runner.CliConsoleListener.onCommandStart: Tap on id: tab-explore RUNNING
15:49:34.528 [ INFO] maestro.Maestro.tap-HgV9Ck0: Tapping on element:  UiElement(treeNode=TreeNode(attributes={text=, accessibilityText=Keşfet, hintText=, ignoreBoundsFiltering=false, resource-id=tab-explore, clickable=true, bounds=[24,568][78,632], enabled=true, focused=false, checked=false, scrollable=false, selected=false, class=android.view.View, important-for-accessibility=true, error=}, children=[TreeNode(attributes={text=, accessibilityText=, hintText=, ignoreBoundsFiltering=false, resource-id=, clickable=false, bounds=[39,580][63,604], enabled=true, focused=false, checked=false, scrollable=false, selected=false, class=android.widget.ImageView, important-for-accessibility=false, error=}, children=[], clickable=false, enabled=true, focused=false, checked=false, selected=false), TreeNode(attributes={text=Keşfet, accessibilityText=, hintText=, ignoreBoundsFiltering=false, resource-id=, clickable=false, bounds=[33,612][69,628], enabled=true, focused=false, checked=false, scrollable=false, selected=false, class=android.widget.TextView, important-for-accessibility=true, error=}, children=[], clickable=false, enabled=true, focused=false, checked=false, selected=false)], clickable=true, enabled=true, focused=false, checked=false, selected=false), bounds=Bounds(x=24, y=568, width=54, height=64))
15:49:35.756 [ INFO] maestro.Maestro.tap-HgV9Ck0: Tap aimed via settled hierarchy
15:49:35.757 [ INFO] maestro.Maestro.hierarchyBasedTap-ogj28Uc: Tapping at (51, 600) using hierarchy based logic for wait
15:49:36.956 [ INFO] maestro.Maestro.hierarchyBasedTap-ogj28Uc: Something has changed in the UI judging by view hierarchy. Proceed.
15:49:36.956 [ INFO] maestro.cli.runner.CliConsoleListener.onCommandFinished: Tap on id: tab-explore COMPLETED
15:49:36.956 [ INFO] maestro.cli.runner.CliConsoleListener.onCommandStart: Assert that "Liste" is visible RUNNING
15:49:37.090 [ INFO] maestro.cli.runner.CliConsoleListener.onCommandFinished: Assert that "Liste" is visible COMPLETED
15:49:37.090 [ INFO] maestro.cli.runner.CliConsoleListener.onCommandFinished: Run flows/01c-preview.yaml COMPLETED
15:49:37.090 [ INFO] maestro.cli.runner.CliConsoleListener.onCommandStart: Run flows/02-checkin.yaml RUNNING
15:49:37.091 [ INFO] maestro.cli.runner.CliConsoleListener.onCommandStart: Apply configuration RUNNING
15:49:37.091 [ INFO] maestro.cli.runner.CliConsoleListener.onCommandFinished: Apply configuration COMPLETED
15:49:37.091 [ INFO] maestro.cli.runner.CliConsoleListener.onCommandStart: Scrolling DOWN until "E2E Kafe" is visible with speed 40, visibility percentage 100%, timeout 30000 ms, with centering disabled RUNNING
15:49:37.238 [ INFO] maestro.orchestra.Orchestra.scrollUntilVisible: Scrolling try count: 0, DeviceWidth: 320, DeviceWidth: 640
15:49:37.238 [ INFO] maestro.orchestra.Orchestra.scrollUntilVisible: Element bounds: Bounds(x=102, y=175, width=118, height=23)
15:49:37.238 [ INFO] maestro.orchestra.Orchestra.scrollUntilVisible: Visibility Percent: 1.0
15:49:37.239 [ INFO] maestro.orchestra.Orchestra.scrollUntilVisible: Command centerElement: ScrollUntilVisibleCommand(selector=ElementSelector(textRegex=E2E Kafe, idRegex=null, size=null, below=null, above=null, leftOf=null, rightOf=null, containsChild=null, containsDescendants=null, traits=null, index=null, enabled=null, optional=false, selected=null, checked=null, focused=null, childOf=null, css=null), direction=DOWN, scrollDuration=601, visibilityPercentage=100, timeout=30000, waitToSettleTimeoutMs=null, centerElement=false, originalSpeedValue=40, label=null, optional=false).centerElement
15:49:37.239 [ INFO] maestro.orchestra.Orchestra.scrollUntilVisible: visibilityPercentageNormalized: 1.0
15:49:37.239 [ INFO] maestro.cli.runner.CliConsoleListener.onCommandFinished: Scrolling DOWN until "E2E Kafe" is visible with speed 40, visibility percentage 100%, timeout 30000 ms, with centering disabled COMPLETED
15:49:37.239 [ INFO] maestro.cli.runner.CliConsoleListener.onCommandStart: Take screenshot 05-explore-list RUNNING
15:49:37.239 [ INFO] maestro.Maestro.takeScreenshot: Taking screenshot
15:49:37.239 [TRACE] maestro.utils.ScreenshotUtils.takeScreenshot: Taking screenshot to output sink
15:49:37.301 [ INFO] maestro.cli.runner.CliConsoleListener.onCommandFinished: Take screenshot 05-explore-list COMPLETED
15:49:37.301 [ INFO] maestro.cli.runner.CliConsoleListener.onCommandStart: Tap on "Harita" RUNNING
15:49:37.443 [ INFO] maestro.Maestro.tap-HgV9Ck0: Tapping on element:  UiElement(treeNode=TreeNode(attributes={text=Harita, accessibilityText=, hintText=, ignoreBoundsFiltering=false, resource-id=, clickable=false, bounds=[196,61][234,78], enabled=true, focused=false, checked=false, scrollable=false, selected=false, class=android.widget.TextView, important-for-accessibility=true, error=}, children=[], clickable=false, enabled=true, focused=false, checked=false, selected=false), bounds=Bounds(x=196, y=61, width=38, height=17))
15:49:38.687 [ INFO] maestro.Maestro.tap-HgV9Ck0: Tap aimed via settled hierarchy
15:49:38.687 [ INFO] maestro.Maestro.hierarchyBasedTap-ogj28Uc: Tapping at (215, 69) using hierarchy based logic for wait
15:49:39.811 [ INFO] maestro.Maestro.hierarchyBasedTap-ogj28Uc: Something has changed in the UI judging by view hierarchy. Proceed.
15:49:39.815 [ INFO] maestro.cli.runner.CliConsoleListener.onCommandFinished: Tap on "Harita" COMPLETED
15:49:39.815 [ INFO] maestro.cli.runner.CliConsoleListener.onCommandStart: Assert that id: explore-map-ready is visible RUNNING
15:49:42.340 [ INFO] maestro.cli.runner.CliConsoleListener.onCommandFinished: Assert that id: explore-map-ready is visible COMPLETED
15:49:42.340 [ INFO] maestro.cli.runner.CliConsoleListener.onCommandStart: Assert that "Keşfet" is visible RUNNING
15:49:42.519 [ INFO] maestro.cli.runner.CliConsoleListener.onCommandFinished: Assert that "Keşfet" is visible COMPLETED
15:49:42.519 [ INFO] maestro.cli.runner.CliConsoleListener.onCommandStart: Assert that "Liste" is visible RUNNING
15:49:42.614 [ INFO] maestro.cli.runner.CliConsoleListener.onCommandFinished: Assert that "Liste" is visible COMPLETED
15:49:42.614 [ INFO] maestro.cli.runner.CliConsoleListener.onCommandStart: Take screenshot 05b-explore-map RUNNING
15:49:42.614 [ INFO] maestro.Maestro.takeScreenshot: Taking screenshot
15:49:42.615 [TRACE] maestro.utils.ScreenshotUtils.takeScreenshot: Taking screenshot to output sink
15:49:42.742 [ INFO] maestro.cli.runner.CliConsoleListener.onCommandFinished: Take screenshot 05b-explore-map COMPLETED
15:49:42.742 [ INFO] maestro.cli.runner.CliConsoleListener.onCommandStart: Run ${const end = Date.now() + 4000; while (Date.now() < end) {} } RUNNING
15:49:46.758 [ INFO] maestro.cli.runner.CliConsoleListener.onCommandFinished: Run ${const end = Date.now() + 4000; while (Date.now() < end) {} } COMPLETED
15:49:46.758 [ INFO] maestro.cli.runner.CliConsoleListener.onCommandStart: Take screenshot 05c-explore-map-settled RUNNING
15:49:46.758 [ INFO] maestro.Maestro.takeScreenshot: Taking screenshot
15:49:46.759 [TRACE] maestro.utils.ScreenshotUtils.takeScreenshot: Taking screenshot to output sink
15:49:46.845 [ INFO] maestro.cli.runner.CliConsoleListener.onCommandFinished: Take screenshot 05c-explore-map-settled COMPLETED
15:49:46.845 [ INFO] maestro.cli.runner.CliConsoleListener.onCommandStart: Tap on "Liste" RUNNING
15:49:46.972 [ INFO] maestro.Maestro.tap-HgV9Ck0: Tapping on element:  UiElement(treeNode=TreeNode(attributes={text=Liste, accessibilityText=, hintText=, ignoreBoundsFiltering=false, resource-id=, clickable=false, bounds=[121,61][150,78], enabled=true, focused=false, checked=false, scrollable=false, selected=false, class=android.widget.TextView, important-for-accessibility=true, error=}, children=[], clickable=false, enabled=true, focused=false, checked=false, selected=false), bounds=Bounds(x=121, y=61, width=29, height=17))
15:49:48.294 [ INFO] maestro.Maestro.tap-HgV9Ck0: Tap aimed via settled hierarchy
15:49:48.295 [ INFO] maestro.Maestro.hierarchyBasedTap-ogj28Uc: Tapping at (135, 69) using hierarchy based logic for wait
15:49:49.210 [ INFO] maestro.Maestro.hierarchyBasedTap-ogj28Uc: Something has changed in the UI judging by view hierarchy. Proceed.
15:49:49.210 [ INFO] maestro.cli.runner.CliConsoleListener.onCommandFinished: Tap on "Liste" COMPLETED
15:49:49.210 [ INFO] maestro.cli.runner.CliConsoleListener.onCommandStart: Scrolling DOWN until "E2E Kafe" is visible with speed 40, visibility percentage 100%, timeout 30000 ms, with centering disabled RUNNING
15:49:49.384 [ INFO] maestro.orchestra.Orchestra.scrollUntilVisible: Scrolling try count: 0, DeviceWidth: 320, DeviceWidth: 640
15:49:49.384 [ INFO] maestro.orchestra.Orchestra.scrollUntilVisible: Element bounds: Bounds(x=102, y=175, width=118, height=23)
15:49:49.384 [ INFO] maestro.orchestra.Orchestra.scrollUntilVisible: Visibility Percent: 1.0
15:49:49.384 [ INFO] maestro.orchestra.Orchestra.scrollUntilVisible: Command centerElement: ScrollUntilVisibleCommand(selector=ElementSelector(textRegex=E2E Kafe, idRegex=null, size=null, below=null, above=null, leftOf=null, rightOf=null, containsChild=null, containsDescendants=null, traits=null, index=null, enabled=null, optional=false, selected=null, checked=null, focused=null, childOf=null, css=null), direction=DOWN, scrollDuration=601, visibilityPercentage=100, timeout=30000, waitToSettleTimeoutMs=null, centerElement=false, originalSpeedValue=40, label=null, optional=false).centerElement
15:49:49.384 [ INFO] maestro.orchestra.Orchestra.scrollUntilVisible: visibilityPercentageNormalized: 1.0
15:49:49.385 [ INFO] maestro.cli.runner.CliConsoleListener.onCommandFinished: Scrolling DOWN until "E2E Kafe" is visible with speed 40, visibility percentage 100%, timeout 30000 ms, with centering disabled COMPLETED
15:49:49.385 [ INFO] maestro.cli.runner.CliConsoleListener.onCommandStart: Tap on "E2E Kafe" RUNNING
15:49:49.522 [ INFO] maestro.Maestro.tap-HgV9Ck0: Tapping on element:  UiElement(treeNode=TreeNode(attributes={text=E2E Kafe, accessibilityText=, hintText=, ignoreBoundsFiltering=false, resource-id=, clickable=false, bounds=[102,175][220,198], enabled=true, focused=false, checked=false, scrollable=false, selected=false, class=android.widget.TextView, important-for-accessibility=true, error=}, children=[], clickable=false, enabled=true, focused=false, checked=false, selected=false), bounds=Bounds(x=102, y=175, width=118, height=23))
15:49:50.799 [ INFO] maestro.Maestro.tap-HgV9Ck0: Tap aimed via settled hierarchy
15:49:50.799 [ INFO] maestro.Maestro.hierarchyBasedTap-ogj28Uc: Tapping at (161, 186) using hierarchy based logic for wait
15:49:51.954 [ INFO] maestro.Maestro.hierarchyBasedTap-ogj28Uc: Something has changed in the UI judging by view hierarchy. Proceed.
15:49:51.954 [ INFO] maestro.cli.runner.CliConsoleListener.onCommandFinished: Tap on "E2E Kafe" COMPLETED
15:49:51.954 [ INFO] maestro.cli.runner.CliConsoleListener.onCommandStart: Assert that "Buraya giriş yap" is visible RUNNING
15:49:52.079 [ INFO] maestro.cli.runner.CliConsoleListener.onCommandFinished: Assert that "Buraya giriş yap" is visible COMPLETED
15:49:52.079 [ INFO] maestro.cli.runner.CliConsoleListener.onCommandStart: Take screenshot 06-venue-detail RUNNING
15:49:52.080 [ INFO] maestro.Maestro.takeScreenshot: Taking screenshot
15:49:52.080 [TRACE] maestro.utils.ScreenshotUtils.takeScreenshot: Taking screenshot to output sink
15:49:52.141 [ INFO] maestro.cli.runner.CliConsoleListener.onCommandFinished: Take screenshot 06-venue-detail COMPLETED
15:49:52.141 [ INFO] maestro.cli.runner.CliConsoleListener.onCommandStart: Press back RUNNING
15:49:52.141 [ INFO] maestro.Maestro.backPress: Pressing back
15:49:52.965 [ INFO] maestro.cli.runner.CliConsoleListener.onCommandFinished: Press back COMPLETED
15:49:52.965 [ INFO] maestro.cli.runner.CliConsoleListener.onCommandStart: Run ../scripts/bot.js RUNNING
15:49:53.096 [ INFO] maestro.cli.runner.CliConsoleListener.onCommandFinished: Run ../scripts/bot.js COMPLETED
15:49:53.096 [ INFO] maestro.cli.runner.CliConsoleListener.onCommandStart: Launch app "app.kabuk.mobile" RUNNING
15:49:53.721 [DEBUG] maestro.Maestro.setPermissionInternal: Failed to set permission android.permission.READ_EXTERNAL_STORAGE for app app.kabuk.mobile: shell command failed (exit -1): 
Exception occurred while executing 'grant':
java.lang.SecurityException: Package app.kabuk.mobile has not requested permission android.permission.READ_EXTERNAL_STORAGE
	at com.android.server.pm.permission.PermissionManagerServiceImpl.grantRuntimePermissionInternal(PermissionManagerServiceImpl.java:1423)
	at com.android.server.pm.permission.PermissionManagerServiceImpl.grantRuntimePermission(PermissionManagerServiceImpl.java:1337)
	at com.android.server.pm.permission.PermissionManagerService.grantRuntimePermission(PermissionManagerService.java:551)
	at android.permission.PermissionManager.grantRuntimePermission(PermissionManager.java:609)
	at com.android.server.pm.PackageManagerShellCommand.runGrantRevokePermission(PackageManagerShellCommand.java:2672)
	at com.android.server.pm.PackageManagerShellCommand.onCommand(PackageManagerShellCommand.java:291)
	at com.android.modules.utils.BasicShellCommandHandler.exec(BasicShellCommandHandler.java:97)
	at android.os.ShellCommand.exec(ShellCommand.java:38)
	at com.android.server.pm.PackageManagerService$IPackageManagerImpl.onShellCommand(PackageManagerService.java:6350)
	at android.os.Binder.shellCommand(Binder.java:1068)
	at android.os.Binder.onTransact(Binder.java:888)
	at android.content.pm.IPackageManager$Stub.onTransact(IPackageManager.java:4352)
	at com.android.server.pm.PackageManagerService$IPackageManagerImpl.onTransact(PackageManagerService.java:6334)
	at android.os.Binder.execTransactInternal(Binder.java:1344)
	at android.os.Binder.execTransact(Binder.java:1275)

15:49:53.780 [DEBUG] maestro.Maestro.setPermissionInternal: Failed to set permission android.permission.WRITE_EXTERNAL_STORAGE for app app.kabuk.mobile: shell command failed (exit -1): 
Exception occurred while executing 'grant':
java.lang.SecurityException: Package app.kabuk.mobile has not requested permission android.permission.WRITE_EXTERNAL_STORAGE
	at com.android.server.pm.permission.PermissionManagerServiceImpl.grantRuntimePermissionInternal(PermissionManagerServiceImpl.java:1423)
	at com.android.server.pm.permission.PermissionManagerServiceImpl.grantRuntimePermission(PermissionManagerServiceImpl.java:1337)
	at com.android.server.pm.permission.PermissionManagerService.grantRuntimePermission(PermissionManagerService.java:551)
	at android.permission.PermissionManager.grantRuntimePermission(PermissionManager.java:609)
	at com.android.server.pm.PackageManagerShellCommand.runGrantRevokePermission(PackageManagerShellCommand.java:2672)
	at com.android.server.pm.PackageManagerShellCommand.onCommand(PackageManagerShellCommand.java:291)
	at com.android.modules.utils.BasicShellCommandHandler.exec(BasicShellCommandHandler.java:97)
	at android.os.ShellCommand.exec(ShellCommand.java:38)
	at com.android.server.pm.PackageManagerService$IPackageManagerImpl.onShellCommand(PackageManagerService.java:6350)
	at android.os.Binder.shellCommand(Binder.java:1068)
	at android.os.Binder.onTransact(Binder.java:888)
	at android.content.pm.IPackageManager$Stub.onTransact(IPackageManager.java:4352)
	at com.android.server.pm.PackageManagerService$IPackageManagerImpl.onTransact(PackageManagerService.java:6334)
	at android.os.Binder.execTransactInternal(Binder.java:1344)
	at android.os.Binder.execTransact(Binder.java:1275)

15:49:54.042 [DEBUG] maestro.Maestro.setPermissionInternal: Failed to set permission com.google.android.finsky.permission.BIND_GET_INSTALL_REFERRER_SERVICE for app app.kabuk.mobile: shell command failed (exit -1): 
Exception occurred while executing 'grant':
java.lang.IllegalArgumentException: Unknown permission: com.google.android.finsky.permission.BIND_GET_INSTALL_REFERRER_SERVICE
	at com.android.server.pm.permission.PermissionManagerServiceImpl.grantRuntimePermissionInternal(PermissionManagerServiceImpl.java:1380)
	at com.android.server.pm.permission.PermissionManagerServiceImpl.grantRuntimePermission(PermissionManagerServiceImpl.java:1337)
	at com.android.server.pm.permission.PermissionManagerService.grantRuntimePermission(PermissionManagerService.java:551)
	at android.permission.PermissionManager.grantRuntimePermission(PermissionManager.java:609)
	at com.android.server.pm.PackageManagerShellCommand.runGrantRevokePermission(PackageManagerShellCommand.java:2672)
	at com.android.server.pm.PackageManagerShellCommand.onCommand(PackageManagerShellCommand.java:291)
	at com.android.modules.utils.BasicShellCommandHandler.exec(BasicShellCommandHandler.java:97)
	at android.os.ShellCommand.exec(ShellCommand.java:38)
	at com.android.server.pm.PackageManagerService$IPackageManagerImpl.onShellCommand(PackageManagerService.java:6350)
	at android.os.Binder.shellCommand(Binder.java:1068)
	at android.os.Binder.onTransact(Binder.java:888)
	at android.content.pm.IPackageManager$Stub.onTransact(IPackageManager.java:4352)
	at com.android.server.pm.PackageManagerService$IPackageManagerImpl.onTransact(PackageManagerService.java:6334)
	at android.os.Binder.execTransactInternal(Binder.java:1344)
	at android.os.Binder.execTransact(Binder.java:1275)

15:49:54.072 [DEBUG] maestro.Maestro.setPermissionInternal: Failed to set permission com.sec.android.provider.badge.permission.READ for app app.kabuk.mobile: shell command failed (exit -1): 
Exception occurred while executing 'grant':
java.lang.IllegalArgumentException: Unknown permission: com.sec.android.provider.badge.permission.READ
	at com.android.server.pm.permission.PermissionManagerServiceImpl.grantRuntimePermissionInternal(PermissionManagerServiceImpl.java:1380)
	at com.android.server.pm.permission.PermissionManagerServiceImpl.grantRuntimePermission(PermissionManagerServiceImpl.java:1337)
	at com.android.server.pm.permission.PermissionManagerService.grantRuntimePermission(PermissionManagerService.java:551)
	at android.permission.PermissionManager.grantRuntimePermission(PermissionManager.java:609)
	at com.android.server.pm.PackageManagerShellCommand.runGrantRevokePermission(PackageManagerShellCommand.java:2672)
	at com.android.server.pm.PackageManagerShellCommand.onCommand(PackageManagerShellCommand.java:291)
	at com.android.modules.utils.BasicShellCommandHandler.exec(BasicShellCommandHandler.java:97)
	at android.os.ShellCommand.exec(ShellCommand.java:38)
	at com.android.server.pm.PackageManagerService$IPackageManagerImpl.onShellCommand(PackageManagerService.java:6350)
	at android.os.Binder.shellCommand(Binder.java:1068)
	at android.os.Binder.onTransact(Binder.java:888)
	at android.content.pm.IPackageManager$Stub.onTransact(IPackageManager.java:4352)
	at com.android.server.pm.PackageManagerService$IPackageManagerImpl.onTransact(PackageManagerService.java:6334)
	at android.os.Binder.execTransactInternal(Binder.java:1344)
	at android.os.Binder.execTransact(Binder.java:1275)

15:49:54.095 [DEBUG] maestro.Maestro.setPermissionInternal: Failed to set permission com.sec.android.provider.badge.permission.WRITE for app app.kabuk.mobile: shell command failed (exit -1): 
Exception occurred while executing 'grant':
java.lang.IllegalArgumentException: Unknown permission: com.sec.android.provider.badge.permission.WRITE
	at com.android.server.pm.permission.PermissionManagerServiceImpl.grantRuntimePermissionInternal(PermissionManagerServiceImpl.java:1380)
	at com.android.server.pm.permission.PermissionManagerServiceImpl.grantRuntimePermission(PermissionManagerServiceImpl.java:1337)
	at com.android.server.pm.permission.PermissionManagerService.grantRuntimePermission(PermissionManagerService.java:551)
	at android.permission.PermissionManager.grantRuntimePermission(PermissionManager.java:609)
	at com.android.server.pm.PackageManagerShellCommand.runGrantRevokePermission(PackageManagerShellCommand.java:2672)
	at com.android.server.pm.PackageManagerShellCommand.onCommand(PackageManagerShellCommand.java:291)
	at com.android.modules.utils.BasicShellCommandHandler.exec(BasicShellCommandHandler.java:97)
	at android.os.ShellCommand.exec(ShellCommand.java:38)
	at com.android.server.pm.PackageManagerService$IPackageManagerImpl.onShellCommand(PackageManagerService.java:6350)
	at android.os.Binder.shellCommand(Binder.java:1068)
	at android.os.Binder.onTransact(Binder.java:888)
	at android.content.pm.IPackageManager$Stub.onTransact(IPackageManager.java:4352)
	at com.android.server.pm.PackageManagerService$IPackageManagerImpl.onTransact(PackageManagerService.java:6334)
	at android.os.Binder.execTransactInternal(Binder.java:1344)
	at android.os.Binder.execTransact(Binder.java:1275)

15:49:54.114 [DEBUG] maestro.Maestro.setPermissionInternal: Failed to set permission com.htc.launcher.permission.READ_SETTINGS for app app.kabuk.mobile: shell command failed (exit -1): 
Exception occurred while executing 'grant':
java.lang.IllegalArgumentException: Unknown permission: com.htc.launcher.permission.READ_SETTINGS
	at com.android.server.pm.permission.PermissionManagerServiceImpl.grantRuntimePermissionInternal(PermissionManagerServiceImpl.java:1380)
	at com.android.server.pm.permission.PermissionManagerServiceImpl.grantRuntimePermission(PermissionManagerServiceImpl.java:1337)
	at com.android.server.pm.permission.PermissionManagerService.grantRuntimePermission(PermissionManagerService.java:551)
	at android.permission.PermissionManager.grantRuntimePermission(PermissionManager.java:609)
	at com.android.server.pm.PackageManagerShellCommand.runGrantRevokePermission(PackageManagerShellCommand.java:2672)
	at com.android.server.pm.PackageManagerShellCommand.onCommand(PackageManagerShellCommand.java:291)
	at com.android.modules.utils.BasicShellCommandHandler.exec(BasicShellCommandHandler.java:97)
	at android.os.ShellCommand.exec(ShellCommand.java:38)
	at com.android.server.pm.PackageManagerService$IPackageManagerImpl.onShellCommand(PackageManagerService.java:6350)
	at android.os.Binder.shellCommand(Binder.java:1068)
	at android.os.Binder.onTransact(Binder.java:888)
	at android.content.pm.IPackageManager$Stub.onTransact(IPackageManager.java:4352)
	at com.android.server.pm.PackageManagerService$IPackageManagerImpl.onTransact(PackageManagerService.java:6334)
	at android.os.Binder.execTransactInternal(Binder.java:1344)
	at android.os.Binder.execTransact(Binder.java:1275)

15:49:54.133 [DEBUG] maestro.Maestro.setPermissionInternal: Failed to set permission com.htc.launcher.permission.UPDATE_SHORTCUT for app app.kabuk.mobile: shell command failed (exit -1): 
Exception occurred while executing 'grant':
java.lang.IllegalArgumentException: Unknown permission: com.htc.launcher.permission.UPDATE_SHORTCUT
	at com.android.server.pm.permission.PermissionManagerServiceImpl.grantRuntimePermissionInternal(PermissionManagerServiceImpl.java:1380)
	at com.android.server.pm.permission.PermissionManagerServiceImpl.grantRuntimePermission(PermissionManagerServiceImpl.java:1337)
	at com.android.server.pm.permission.PermissionManagerService.grantRuntimePermission(PermissionManagerService.java:551)
	at android.permission.PermissionManager.grantRuntimePermission(PermissionManager.java:609)
	at com.android.server.pm.PackageManagerShellCommand.runGrantRevokePermission(PackageManagerShellCommand.java:2672)
	at com.android.server.pm.PackageManagerShellCommand.onCommand(PackageManagerShellCommand.java:291)
	at com.android.modules.utils.BasicShellCommandHandler.exec(BasicShellCommandHandler.java:97)
	at android.os.ShellCommand.exec(ShellCommand.java:38)
	at com.android.server.pm.PackageManagerService$IPackageManagerImpl.onShellCommand(PackageManagerService.java:6350)
	at android.os.Binder.shellCommand(Binder.java:1068)
	at android.os.Binder.onTransact(Binder.java:888)
	at android.content.pm.IPackageManager$Stub.onTransact(IPackageManager.java:4352)
	at com.android.server.pm.PackageManagerService$IPackageManagerImpl.onTransact(PackageManagerService.java:6334)
	at android.os.Binder.execTransactInternal(Binder.java:1344)
	at android.os.Binder.execTransact(Binder.java:1275)

15:49:54.153 [DEBUG] maestro.Maestro.setPermissionInternal: Failed to set permission com.sonyericsson.home.permission.BROADCAST_BADGE for app app.kabuk.mobile: shell command failed (exit -1): 
Exception occurred while executing 'grant':
java.lang.IllegalArgumentException: Unknown permission: com.sonyericsson.home.permission.BROADCAST_BADGE
	at com.android.server.pm.permission.PermissionManagerServiceImpl.grantRuntimePermissionInternal(PermissionManagerServiceImpl.java:1380)
	at com.android.server.pm.permission.PermissionManagerServiceImpl.grantRuntimePermission(PermissionManagerServiceImpl.java:1337)
	at com.android.server.pm.permission.PermissionManagerService.grantRuntimePermission(PermissionManagerService.java:551)
	at android.permission.PermissionManager.grantRuntimePermission(PermissionManager.java:609)
	at com.android.server.pm.PackageManagerShellCommand.runGrantRevokePermission(PackageManagerShellCommand.java:2672)
	at com.android.server.pm.PackageManagerShellCommand.onCommand(PackageManagerShellCommand.java:291)
	at com.android.modules.utils.BasicShellCommandHandler.exec(BasicShellCommandHandler.java:97)
	at android.os.ShellCommand.exec(ShellCommand.java:38)
	at com.android.server.pm.PackageManagerService$IPackageManagerImpl.onShellCommand(PackageManagerService.java:6350)
	at android.os.Binder.shellCommand(Binder.java:1068)
	at android.os.Binder.onTransact(Binder.java:888)
	at android.content.pm.IPackageManager$Stub.onTransact(IPackageManager.java:4352)
	at com.android.server.pm.PackageManagerService$IPackageManagerImpl.onTransact(PackageManagerService.java:6334)
	at android.os.Binder.execTransactInternal(Binder.java:1344)
	at android.os.Binder.execTransact(Binder.java:1275)

15:49:54.174 [DEBUG] maestro.Maestro.setPermissionInternal: Failed to set permission com.sonymobile.home.permission.PROVIDER_INSERT_BADGE for app app.kabuk.mobile: shell command failed (exit -1): 
Exception occurred while executing 'grant':
java.lang.IllegalArgumentException: Unknown permission: com.sonymobile.home.permission.PROVIDER_INSERT_BADGE
	at com.android.server.pm.permission.PermissionManagerServiceImpl.grantRuntimePermissionInternal(PermissionManagerServiceImpl.java:1380)
	at com.android.server.pm.permission.PermissionManagerServiceImpl.grantRuntimePermission(PermissionManagerServiceImpl.java:1337)
	at com.android.server.pm.permission.PermissionManagerService.grantRuntimePermission(PermissionManagerService.java:551)
	at android.permission.PermissionManager.grantRuntimePermission(PermissionManager.java:609)
	at com.android.server.pm.PackageManagerShellCommand.runGrantRevokePermission(PackageManagerShellCommand.java:2672)
	at com.android.server.pm.PackageManagerShellCommand.onCommand(PackageManagerShellCommand.java:291)
	at com.android.modules.utils.BasicShellCommandHandler.exec(BasicShellCommandHandler.java:97)
	at android.os.ShellCommand.exec(ShellCommand.java:38)
	at com.android.server.pm.PackageManagerService$IPackageManagerImpl.onShellCommand(PackageManagerService.java:6350)
	at android.os.Binder.shellCommand(Binder.java:1068)
	at android.os.Binder.onTransact(Binder.java:888)
	at android.content.pm.IPackageManager$Stub.onTransact(IPackageManager.java:4352)
	at com.android.server.pm.PackageManagerService$IPackageManagerImpl.onTransact(PackageManagerService.java:6334)
	at android.os.Binder.execTransactInternal(Binder.java:1344)
	at android.os.Binder.execTransact(Binder.java:1275)

15:49:54.194 [DEBUG] maestro.Maestro.setPermissionInternal: Failed to set permission com.anddoes.launcher.permission.UPDATE_COUNT for app app.kabuk.mobile: shell command failed (exit -1): 
Exception occurred while executing 'grant':
java.lang.IllegalArgumentException: Unknown permission: com.anddoes.launcher.permission.UPDATE_COUNT
	at com.android.server.pm.permission.PermissionManagerServiceImpl.grantRuntimePermissionInternal(PermissionManagerServiceImpl.java:1380)
	at com.android.server.pm.permission.PermissionManagerServiceImpl.grantRuntimePermission(PermissionManagerServiceImpl.java:1337)
	at com.android.server.pm.permission.PermissionManagerService.grantRuntimePermission(PermissionManagerService.java:551)
	at android.permission.PermissionManager.grantRuntimePermission(PermissionManager.java:609)
	at com.android.server.pm.PackageManagerShellCommand.runGrantRevokePermission(PackageManagerShellCommand.java:2672)
	at com.android.server.pm.PackageManagerShellCommand.onCommand(PackageManagerShellCommand.java:291)
	at com.android.modules.utils.BasicShellCommandHandler.exec(BasicShellCommandHandler.java:97)
	at android.os.ShellCommand.exec(ShellCommand.java:38)
	at com.android.server.pm.PackageManagerService$IPackageManagerImpl.onShellCommand(PackageManagerService.java:6350)
	at android.os.Binder.shellCommand(Binder.java:1068)
	at android.os.Binder.onTransact(Binder.java:888)
	at android.content.pm.IPackageManager$Stub.onTransact(IPackageManager.java:4352)
	at com.android.server.pm.PackageManagerService$IPackageManagerImpl.onTransact(PackageManagerService.java:6334)
	at android.os.Binder.execTransactInternal(Binder.java:1344)
	at android.os.Binder.execTransact(Binder.java:1275)

15:49:54.215 [DEBUG] maestro.Maestro.setPermissionInternal: Failed to set permission com.majeur.launcher.permission.UPDATE_BADGE for app app.kabuk.mobile: shell command failed (exit -1): 
Exception occurred while executing 'grant':
java.lang.IllegalArgumentException: Unknown permission: com.majeur.launcher.permission.UPDATE_BADGE
	at com.android.server.pm.permission.PermissionManagerServiceImpl.grantRuntimePermissionInternal(PermissionManagerServiceImpl.java:1380)
	at com.android.server.pm.permission.PermissionManagerServiceImpl.grantRuntimePermission(PermissionManagerServiceImpl.java:1337)
	at com.android.server.pm.permission.PermissionManagerService.grantRuntimePermission(PermissionManagerService.java:551)
	at android.permission.PermissionManager.grantRuntimePermission(PermissionManager.java:609)
	at com.android.server.pm.PackageManagerShellCommand.runGrantRevokePermission(PackageManagerShellCommand.java:2672)
	at com.android.server.pm.PackageManagerShellCommand.onCommand(PackageManagerShellCommand.java:291)
	at com.android.modules.utils.BasicShellCommandHandler.exec(BasicShellCommandHandler.java:97)
	at android.os.ShellCommand.exec(ShellCommand.java:38)
	at com.android.server.pm.PackageManagerService$IPackageManagerImpl.onShellCommand(PackageManagerService.java:6350)
	at android.os.Binder.shellCommand(Binder.java:1068)
	at android.os.Binder.onTransact(Binder.java:888)
	at android.content.pm.IPackageManager$Stub.onTransact(IPackageManager.java:4352)
	at com.android.server.pm.PackageManagerService$IPackageManagerImpl.onTransact(PackageManagerService.java:6334)
	at android.os.Binder.execTransactInternal(Binder.java:1344)
	at android.os.Binder.execTransact(Binder.java:1275)

15:49:54.235 [DEBUG] maestro.Maestro.setPermissionInternal: Failed to set permission com.huawei.android.launcher.permission.CHANGE_BADGE for app app.kabuk.mobile: shell command failed (exit -1): 
Exception occurred while executing 'grant':
java.lang.IllegalArgumentException: Unknown permission: com.huawei.android.launcher.permission.CHANGE_BADGE
	at com.android.server.pm.permission.PermissionManagerServiceImpl.grantRuntimePermissionInternal(PermissionManagerServiceImpl.java:1380)
	at com.android.server.pm.permission.PermissionManagerServiceImpl.grantRuntimePermission(PermissionManagerServiceImpl.java:1337)
	at com.android.server.pm.permission.PermissionManagerService.grantRuntimePermission(PermissionManagerService.java:551)
	at android.permission.PermissionManager.grantRuntimePermission(PermissionManager.java:609)
	at com.android.server.pm.PackageManagerShellCommand.runGrantRevokePermission(PackageManagerShellCommand.java:2672)
	at com.android.server.pm.PackageManagerShellCommand.onCommand(PackageManagerShellCommand.java:291)
	at com.android.modules.utils.BasicShellCommandHandler.exec(BasicShellCommandHandler.java:97)
	at android.os.ShellCommand.exec(ShellCommand.java:38)
	at com.android.server.pm.PackageManagerService$IPackageManagerImpl.onShellCommand(PackageManagerService.java:6350)
	at android.os.Binder.shellCommand(Binder.java:1068)
	at android.os.Binder.onTransact(Binder.java:888)
	at android.content.pm.IPackageManager$Stub.onTransact(IPackageManager.java:4352)
	at com.android.server.pm.PackageManagerService$IPackageManagerImpl.onTransact(PackageManagerService.java:6334)
	at android.os.Binder.execTransactInternal(Binder.java:1344)
	at android.os.Binder.execTransact(Binder.java:1275)

15:49:54.255 [DEBUG] maestro.Maestro.setPermissionInternal: Failed to set permission com.huawei.android.launcher.permission.READ_SETTINGS for app app.kabuk.mobile: shell command failed (exit -1): 
Exception occurred while executing 'grant':
java.lang.IllegalArgumentException: Unknown permission: com.huawei.android.launcher.permission.READ_SETTINGS
	at com.android.server.pm.permission.PermissionManagerServiceImpl.grantRuntimePermissionInternal(PermissionManagerServiceImpl.java:1380)
	at com.android.server.pm.permission.PermissionManagerServiceImpl.grantRuntimePermission(PermissionManagerServiceImpl.java:1337)
	at com.android.server.pm.permission.PermissionManagerService.grantRuntimePermission(PermissionManagerService.java:551)
	at android.permission.PermissionManager.grantRuntimePermission(PermissionManager.java:609)
	at com.android.server.pm.PackageManagerShellCommand.runGrantRevokePermission(PackageManagerShellCommand.java:2672)
	at com.android.server.pm.PackageManagerShellCommand.onCommand(PackageManagerShellCommand.java:291)
	at com.android.modules.utils.BasicShellCommandHandler.exec(BasicShellCommandHandler.java:97)
	at android.os.ShellCommand.exec(ShellCommand.java:38)
	at com.android.server.pm.PackageManagerService$IPackageManagerImpl.onShellCommand(PackageManagerService.java:6350)
	at android.os.Binder.shellCommand(Binder.java:1068)
	at android.os.Binder.onTransact(Binder.java:888)
	at android.content.pm.IPackageManager$Stub.onTransact(IPackageManager.java:4352)
	at com.android.server.pm.PackageManagerService$IPackageManagerImpl.onTransact(PackageManagerService.java:6334)
	at android.os.Binder.execTransactInternal(Binder.java:1344)
	at android.os.Binder.execTransact(Binder.java:1275)

15:49:54.275 [DEBUG] maestro.Maestro.setPermissionInternal: Failed to set permission com.huawei.android.launcher.permission.WRITE_SETTINGS for app app.kabuk.mobile: shell command failed (exit -1): 
Exception occurred while executing 'grant':
java.lang.IllegalArgumentException: Unknown permission: com.huawei.android.launcher.permission.WRITE_SETTINGS
	at com.android.server.pm.permission.PermissionManagerServiceImpl.grantRuntimePermissionInternal(PermissionManagerServiceImpl.java:1380)
	at com.android.server.pm.permission.PermissionManagerServiceImpl.grantRuntimePermission(PermissionManagerServiceImpl.java:1337)
	at com.android.server.pm.permission.PermissionManagerService.grantRuntimePermission(PermissionManagerService.java:551)
	at android.permission.PermissionManager.grantRuntimePermission(PermissionManager.java:609)
	at com.android.server.pm.PackageManagerShellCommand.runGrantRevokePermission(PackageManagerShellCommand.java:2672)
	at com.android.server.pm.PackageManagerShellCommand.onCommand(PackageManagerShellCommand.java:291)
	at com.android.modules.utils.BasicShellCommandHandler.exec(BasicShellCommandHandler.java:97)
	at android.os.ShellCommand.exec(ShellCommand.java:38)
	at com.android.server.pm.PackageManagerService$IPackageManagerImpl.onShellCommand(PackageManagerService.java:6350)
	at android.os.Binder.shellCommand(Binder.java:1068)
	at android.os.Binder.onTransact(Binder.java:888)
	at android.content.pm.IPackageManager$Stub.onTransact(IPackageManager.java:4352)
	at com.android.server.pm.PackageManagerService$IPackageManagerImpl.onTransact(PackageManagerService.java:6334)
	at android.os.Binder.execTransactInternal(Binder.java:1344)
	at android.os.Binder.execTransact(Binder.java:1275)

15:49:54.300 [DEBUG] maestro.Maestro.setPermissionInternal: Failed to set permission android.permission.READ_APP_BADGE for app app.kabuk.mobile: shell command failed (exit -1): 
Exception occurred while executing 'grant':
java.lang.IllegalArgumentException: Unknown permission: android.permission.READ_APP_BADGE
	at com.android.server.pm.permission.PermissionManagerServiceImpl.grantRuntimePermissionInternal(PermissionManagerServiceImpl.java:1380)
	at com.android.server.pm.permission.PermissionManagerServiceImpl.grantRuntimePermission(PermissionManagerServiceImpl.java:1337)
	at com.android.server.pm.permission.PermissionManagerService.grantRuntimePermission(PermissionManagerService.java:551)
	at android.permission.PermissionManager.grantRuntimePermission(PermissionManager.java:609)
	at com.android.server.pm.PackageManagerShellCommand.runGrantRevokePermission(PackageManagerShellCommand.java:2672)
	at com.android.server.pm.PackageManagerShellCommand.onCommand(PackageManagerShellCommand.java:291)
	at com.android.modules.utils.BasicShellCommandHandler.exec(BasicShellCommandHandler.java:97)
	at android.os.ShellCommand.exec(ShellCommand.java:38)
	at com.android.server.pm.PackageManagerService$IPackageManagerImpl.onShellCommand(PackageManagerService.java:6350)
	at android.os.Binder.shellCommand(Binder.java:1068)
	at android.os.Binder.onTransact(Binder.java:888)
	at android.content.pm.IPackageManager$Stub.onTransact(IPackageManager.java:4352)
	at com.android.server.pm.PackageManagerService$IPackageManagerImpl.onTransact(PackageManagerService.java:6334)
	at android.os.Binder.execTransactInternal(Binder.java:1344)
	at android.os.Binder.execTransact(Binder.java:1275)

15:49:54.320 [DEBUG] maestro.Maestro.setPermissionInternal: Failed to set permission com.oppo.launcher.permission.READ_SETTINGS for app app.kabuk.mobile: shell command failed (exit -1): 
Exception occurred while executing 'grant':
java.lang.IllegalArgumentException: Unknown permission: com.oppo.launcher.permission.READ_SETTINGS
	at com.android.server.pm.permission.PermissionManagerServiceImpl.grantRuntimePermissionInternal(PermissionManagerServiceImpl.java:1380)
	at com.android.server.pm.permission.PermissionManagerServiceImpl.grantRuntimePermission(PermissionManagerServiceImpl.java:1337)
	at com.android.server.pm.permission.PermissionManagerService.grantRuntimePermission(PermissionManagerService.java:551)
	at android.permission.PermissionManager.grantRuntimePermission(PermissionManager.java:609)
	at com.android.server.pm.PackageManagerShellCommand.runGrantRevokePermission(PackageManagerShellCommand.java:2672)
	at com.android.server.pm.PackageManagerShellCommand.onCommand(PackageManagerShellCommand.java:291)
	at com.android.modules.utils.BasicShellCommandHandler.exec(BasicShellCommandHandler.java:97)
	at android.os.ShellCommand.exec(ShellCommand.java:38)
	at com.android.server.pm.PackageManagerService$IPackageManagerImpl.onShellCommand(PackageManagerService.java:6350)
	at android.os.Binder.shellCommand(Binder.java:1068)
	at android.os.Binder.onTransact(Binder.java:888)
	at android.content.pm.IPackageManager$Stub.onTransact(IPackageManager.java:4352)
	at com.android.server.pm.PackageManagerService$IPackageManagerImpl.onTransact(PackageManagerService.java:6334)
	at android.os.Binder.execTransactInternal(Binder.java:1344)
	at android.os.Binder.execTransact(Binder.java:1275)

15:49:54.339 [DEBUG] maestro.Maestro.setPermissionInternal: Failed to set permission com.oppo.launcher.permission.WRITE_SETTINGS for app app.kabuk.mobile: shell command failed (exit -1): 
Exception occurred while executing 'grant':
java.lang.IllegalArgumentException: Unknown permission: com.oppo.launcher.permission.WRITE_SETTINGS
	at com.android.server.pm.permission.PermissionManagerServiceImpl.grantRuntimePermissionInternal(PermissionManagerServiceImpl.java:1380)
	at com.android.server.pm.permission.PermissionManagerServiceImpl.grantRuntimePermission(PermissionManagerServiceImpl.java:1337)
	at com.android.server.pm.permission.PermissionManagerService.grantRuntimePermission(PermissionManagerService.java:551)
	at android.permission.PermissionManager.grantRuntimePermission(PermissionManager.java:609)
	at com.android.server.pm.PackageManagerShellCommand.runGrantRevokePermission(PackageManagerShellCommand.java:2672)
	at com.android.server.pm.PackageManagerShellCommand.onCommand(PackageManagerShellCommand.java:291)
	at com.android.modules.utils.BasicShellCommandHandler.exec(BasicShellCommandHandler.java:97)
	at android.os.ShellCommand.exec(ShellCommand.java:38)
	at com.android.server.pm.PackageManagerService$IPackageManagerImpl.onShellCommand(PackageManagerService.java:6350)
	at android.os.Binder.shellCommand(Binder.java:1068)
	at android.os.Binder.onTransact(Binder.java:888)
	at android.content.pm.IPackageManager$Stub.onTransact(IPackageManager.java:4352)
	at com.android.server.pm.PackageManagerService$IPackageManagerImpl.onTransact(PackageManagerService.java:6334)
	at android.os.Binder.execTransactInternal(Binder.java:1344)
	at android.os.Binder.execTransact(Binder.java:1275)

15:49:54.358 [DEBUG] maestro.Maestro.setPermissionInternal: Failed to set permission me.everything.badger.permission.BADGE_COUNT_READ for app app.kabuk.mobile: shell command failed (exit -1): 
Exception occurred while executing 'grant':
java.lang.IllegalArgumentException: Unknown permission: me.everything.badger.permission.BADGE_COUNT_READ
	at com.android.server.pm.permission.PermissionManagerServiceImpl.grantRuntimePermissionInternal(PermissionManagerServiceImpl.java:1380)
	at com.android.server.pm.permission.PermissionManagerServiceImpl.grantRuntimePermission(PermissionManagerServiceImpl.java:1337)
	at com.android.server.pm.permission.PermissionManagerService.grantRuntimePermission(PermissionManagerService.java:551)
	at android.permission.PermissionManager.grantRuntimePermission(PermissionManager.java:609)
	at com.android.server.pm.PackageManagerShellCommand.runGrantRevokePermission(PackageManagerShellCommand.java:2672)
	at com.android.server.pm.PackageManagerShellCommand.onCommand(PackageManagerShellCommand.java:291)
	at com.android.modules.utils.BasicShellCommandHandler.exec(BasicShellCommandHandler.java:97)
	at android.os.ShellCommand.exec(ShellCommand.java:38)
	at com.android.server.pm.PackageManagerService$IPackageManagerImpl.onShellCommand(PackageManagerService.java:6350)
	at android.os.Binder.shellCommand(Binder.java:1068)
	at android.os.Binder.onTransact(Binder.java:888)
	at android.content.pm.IPackageManager$Stub.onTransact(IPackageManager.java:4352)
	at com.android.server.pm.PackageManagerService$IPackageManagerImpl.onTransact(PackageManagerService.java:6334)
	at android.os.Binder.execTransactInternal(Binder.java:1344)
	at android.os.Binder.execTransact(Binder.java:1275)

15:49:54.379 [DEBUG] maestro.Maestro.setPermissionInternal: Failed to set permission me.everything.badger.permission.BADGE_COUNT_WRITE for app app.kabuk.mobile: shell command failed (exit -1): 
Exception occurred while executing 'grant':
java.lang.IllegalArgumentException: Unknown permission: me.everything.badger.permission.BADGE_COUNT_WRITE
	at com.android.server.pm.permission.PermissionManagerServiceImpl.grantRuntimePermissionInternal(PermissionManagerServiceImpl.java:1380)
	at com.android.server.pm.permission.PermissionManagerServiceImpl.grantRuntimePermission(PermissionManagerServiceImpl.java:1337)
	at com.android.server.pm.permission.PermissionManagerService.grantRuntimePermission(PermissionManagerService.java:551)
	at android.permission.PermissionManager.grantRuntimePermission(PermissionManager.java:609)
	at com.android.server.pm.PackageManagerShellCommand.runGrantRevokePermission(PackageManagerShellCommand.java:2672)
	at com.android.server.pm.PackageManagerShellCommand.onCommand(PackageManagerShellCommand.java:291)
	at com.android.modules.utils.BasicShellCommandHandler.exec(BasicShellCommandHandler.java:97)
	at android.os.ShellCommand.exec(ShellCommand.java:38)
	at com.android.server.pm.PackageManagerService$IPackageManagerImpl.onShellCommand(PackageManagerService.java:6350)
	at android.os.Binder.shellCommand(Binder.java:1068)
	at android.os.Binder.onTransact(Binder.java:888)
	at android.content.pm.IPackageManager$Stub.onTransact(IPackageManager.java:4352)
	at com.android.server.pm.PackageManagerService$IPackageManagerImpl.onTransact(PackageManagerService.java:6334)
	at android.os.Binder.execTransactInternal(Binder.java:1344)
	at android.os.Binder.execTransact(Binder.java:1275)

15:49:54.380 [ INFO] maestro.Maestro.launchApp$lambda$5: Launching app app.kabuk.mobile
15:49:54.380 [ INFO] maestro.Maestro.launchApp$lambda$5: Stopping app.kabuk.mobile app during launch
15:49:54.574 [ INFO] maestro.cli.runner.CliConsoleListener.onCommandFinished: Launch app "app.kabuk.mobile" COMPLETED
15:49:54.574 [ INFO] maestro.cli.runner.CliConsoleListener.onCommandStart: Assert that "Yeni mekanlar yakında." is visible RUNNING
15:49:57.648 [ INFO] maestro.cli.runner.CliConsoleListener.onCommandFinished: Assert that "Yeni mekanlar yakında." is visible COMPLETED
15:49:57.648 [ INFO] maestro.cli.runner.CliConsoleListener.onCommandStart: Assert that "E2E Kafe" is visible RUNNING
15:49:58.089 [ INFO] maestro.cli.runner.CliConsoleListener.onCommandFinished: Assert that "E2E Kafe" is visible COMPLETED
15:49:58.089 [ INFO] maestro.cli.runner.CliConsoleListener.onCommandStart: Assert that "Liste" is not visible RUNNING
15:49:58.719 [ INFO] maestro.cli.runner.CliConsoleListener.onCommandFinished: Assert that "Liste" is not visible COMPLETED
15:49:58.719 [ INFO] maestro.cli.runner.CliConsoleListener.onCommandStart: Take screenshot 06b-explore-single RUNNING
15:49:58.720 [ INFO] maestro.Maestro.takeScreenshot: Taking screenshot
15:49:58.720 [TRACE] maestro.utils.ScreenshotUtils.takeScreenshot: Taking screenshot to output sink
15:49:58.758 [ INFO] maestro.cli.runner.CliConsoleListener.onCommandFinished: Take screenshot 06b-explore-single COMPLETED
15:49:58.758 [ INFO] maestro.cli.runner.CliConsoleListener.onCommandStart: Tap on "Buraya giriş yap" RUNNING
15:49:59.074 [ INFO] maestro.Maestro.tap-HgV9Ck0: Tapping on element:  UiElement(treeNode=TreeNode(attributes={text=Buraya giriş yap, accessibilityText=, hintText=, ignoreBoundsFiltering=false, resource-id=, clickable=false, bounds=[93,374][228,396], enabled=true, focused=false, checked=false, scrollable=false, selected=false, class=android.widget.TextView, important-for-accessibility=true, error=}, children=[], clickable=false, enabled=true, focused=false, checked=false, selected=false), bounds=Bounds(x=93, y=374, width=135, height=22))
15:50:01.190 [ INFO] maestro.Maestro.tap-HgV9Ck0: Tap aimed via settled hierarchy
15:50:01.192 [ INFO] maestro.Maestro.hierarchyBasedTap-ogj28Uc: Tapping at (160, 385) using hierarchy based logic for wait
15:50:02.510 [ INFO] maestro.Maestro.hierarchyBasedTap-ogj28Uc: Something has changed in the UI judging by view hierarchy. Proceed.
15:50:02.510 [ INFO] maestro.cli.runner.CliConsoleListener.onCommandFinished: Tap on "Buraya giriş yap" COMPLETED
15:50:02.510 [ INFO] maestro.cli.runner.CliConsoleListener.onCommandStart: Assert that "Konumumu kullan" is visible RUNNING
15:50:02.582 [ INFO] maestro.cli.runner.CliConsoleListener.onCommandFinished: Assert that "Konumumu kullan" is visible COMPLETED
15:50:02.582 [ INFO] maestro.cli.runner.CliConsoleListener.onCommandStart: Tap on "Konumumun bu amaçla kullanılmasına açık rıza veriyorum." RUNNING
15:50:02.694 [ INFO] maestro.Maestro.tap-HgV9Ck0: Tapping on element:  UiElement(treeNode=TreeNode(attributes={text=Konumumun bu amaçla kullanılmasına açık rıza veriyorum., accessibilityText=, hintText=, ignoreBoundsFiltering=false, resource-id=, clickable=false, bounds=[58,358][300,427], enabled=true, focused=false, checked=false, scrollable=false, selected=false, class=android.widget.TextView, important-for-accessibility=true, error=}, children=[], clickable=false, enabled=true, focused=false, checked=false, selected=false), bounds=Bounds(x=58, y=358, width=242, height=69))
15:50:03.966 [ INFO] maestro.Maestro.tap-HgV9Ck0: Tap aimed via settled hierarchy
15:50:03.967 [ INFO] maestro.Maestro.hierarchyBasedTap-ogj28Uc: Tapping at (179, 392) using hierarchy based logic for wait
15:50:04.814 [ INFO] maestro.Maestro.hierarchyBasedTap-ogj28Uc: Something has changed in the UI judging by view hierarchy. Proceed.
15:50:04.814 [ INFO] maestro.cli.runner.CliConsoleListener.onCommandFinished: Tap on "Konumumun bu amaçla kullanılmasına açık rıza veriyorum." COMPLETED
15:50:04.814 [ INFO] maestro.cli.runner.CliConsoleListener.onCommandStart: Take screenshot 07-location-consent RUNNING
15:50:04.814 [ INFO] maestro.Maestro.takeScreenshot: Taking screenshot
15:50:04.815 [TRACE] maestro.utils.ScreenshotUtils.takeScreenshot: Taking screenshot to output sink
15:50:04.845 [ INFO] maestro.cli.runner.CliConsoleListener.onCommandFinished: Take screenshot 07-location-consent COMPLETED
15:50:04.846 [ INFO] maestro.cli.runner.CliConsoleListener.onCommandStart: Set location (${OUTSIDE_LAT}, ${OUTSIDE_LNG}) RUNNING
15:50:04.852 [ INFO] maestro.Maestro.setLocation$lambda$50: Setting location: (40.9999999410393, 28.643693994615862)
15:50:04.855 [ INFO] maestro.drivers.AndroidDriver.setLocation$lambda$50: [Start] Setting up for mocking location 40.9999999410393, 28.643693994615862
15:50:04.988 [ INFO] maestro.drivers.AndroidDriver.setLocation$lambda$50: [Done] Setting up for mocking location 40.9999999410393, 28.643693994615862
15:50:05.004 [ INFO] maestro.cli.runner.CliConsoleListener.onCommandFinished: Set location (${OUTSIDE_LAT}, ${OUTSIDE_LNG}) COMPLETED
15:50:05.004 [ INFO] maestro.cli.runner.CliConsoleListener.onCommandStart: Tap on "Konumumu kullan" RUNNING
15:50:05.142 [ INFO] maestro.Maestro.tap-HgV9Ck0: Tapping on element:  UiElement(treeNode=TreeNode(attributes={text=Konumumu kullan, accessibilityText=, hintText=, ignoreBoundsFiltering=false, resource-id=, clickable=false, bounds=[92,574][228,594], enabled=true, focused=false, checked=false, scrollable=false, selected=false, class=android.widget.TextView, important-for-accessibility=true, error=}, children=[], clickable=false, enabled=true, focused=false, checked=false, selected=false), bounds=Bounds(x=92, y=574, width=136, height=20))
15:50:06.382 [ INFO] maestro.Maestro.tap-HgV9Ck0: Tap aimed via settled hierarchy
15:50:06.382 [ INFO] maestro.Maestro.hierarchyBasedTap-ogj28Uc: Tapping at (160, 584) using hierarchy based logic for wait
15:50:07.618 [ INFO] maestro.Maestro.hierarchyBasedTap-ogj28Uc: Something has changed in the UI judging by view hierarchy. Proceed.
15:50:07.619 [ INFO] maestro.cli.runner.CliConsoleListener.onCommandFinished: Tap on "Konumumu kullan" COMPLETED
15:50:07.619 [ INFO] maestro.cli.runner.CliConsoleListener.onCommandStart: Assert that "Kampüsün içinde görünmüyorsun. Kampüse girince tekrar dene." is visible RUNNING
15:50:07.690 [ INFO] maestro.cli.runner.CliConsoleListener.onCommandFinished: Assert that "Kampüsün içinde görünmüyorsun. Kampüse girince tekrar dene." is visible COMPLETED
15:50:07.690 [ INFO] maestro.cli.runner.CliConsoleListener.onCommandStart: Take screenshot 08-too-far RUNNING
15:50:07.691 [ INFO] maestro.Maestro.takeScreenshot: Taking screenshot
15:50:07.691 [TRACE] maestro.utils.ScreenshotUtils.takeScreenshot: Taking screenshot to output sink
15:50:07.755 [ INFO] maestro.cli.runner.CliConsoleListener.onCommandFinished: Take screenshot 08-too-far COMPLETED
15:50:07.755 [ INFO] maestro.cli.runner.CliConsoleListener.onCommandStart: Set location (${INSIDE_LAT}, ${INSIDE_LNG}) RUNNING
15:50:07.760 [ INFO] maestro.Maestro.setLocation$lambda$50: Setting location: (41, 28.64)
15:50:07.804 [ INFO] maestro.cli.runner.CliConsoleListener.onCommandFinished: Set location (${INSIDE_LAT}, ${INSIDE_LNG}) COMPLETED
15:50:07.805 [ INFO] maestro.cli.runner.CliConsoleListener.onCommandStart: Tap on "Konumumu kullan" RUNNING
15:50:07.891 [ INFO] maestro.Maestro.tap-HgV9Ck0: Tapping on element:  UiElement(treeNode=TreeNode(attributes={text=Konumumu kullan, accessibilityText=, hintText=, ignoreBoundsFiltering=false, resource-id=, clickable=false, bounds=[92,574][228,594], enabled=true, focused=false, checked=false, scrollable=false, selected=false, class=android.widget.TextView, important-for-accessibility=true, error=}, children=[], clickable=false, enabled=true, focused=false, checked=false, selected=false), bounds=Bounds(x=92, y=574, width=136, height=20))
15:50:09.161 [ INFO] maestro.Maestro.tap-HgV9Ck0: Tap aimed via settled hierarchy
15:50:09.162 [ INFO] maestro.Maestro.hierarchyBasedTap-ogj28Uc: Tapping at (160, 584) using hierarchy based logic for wait
15:50:10.202 [ INFO] maestro.Maestro.hierarchyBasedTap-ogj28Uc: Something has changed in the UI judging by view hierarchy. Proceed.
15:50:10.202 [ INFO] maestro.cli.runner.CliConsoleListener.onCommandFinished: Tap on "Konumumu kullan" COMPLETED
15:50:10.203 [ INFO] maestro.cli.runner.CliConsoleListener.onCommandStart: Assert that "Neredesin\?" is visible RUNNING
15:50:10.278 [ INFO] maestro.cli.runner.CliConsoleListener.onCommandFinished: Assert that "Neredesin\?" is visible COMPLETED
15:50:10.278 [ INFO] maestro.cli.runner.CliConsoleListener.onCommandStart: Take screenshot 08b-spot RUNNING
15:50:10.279 [ INFO] maestro.Maestro.takeScreenshot: Taking screenshot
15:50:10.279 [TRACE] maestro.utils.ScreenshotUtils.takeScreenshot: Taking screenshot to output sink
15:50:10.307 [ INFO] maestro.cli.runner.CliConsoleListener.onCommandFinished: Take screenshot 08b-spot COMPLETED
15:50:10.307 [ INFO] maestro.cli.runner.CliConsoleListener.onCommandStart: Tap on id: spot-kantin RUNNING
15:50:10.419 [ INFO] maestro.Maestro.tap-HgV9Ck0: Tapping on element:  UiElement(treeNode=TreeNode(attributes={text=, accessibilityText=Kantin, hintText=, ignoreBoundsFiltering=false, resource-id=spot-kantin, clickable=true, bounds=[20,216][300,272], enabled=true, focused=false, checked=false, scrollable=false, selected=false, class=android.widget.RadioButton, important-for-accessibility=true, error=}, children=[TreeNode(attributes={text=, accessibilityText=, hintText=, ignoreBoundsFiltering=false, resource-id=, clickable=false, bounds=[38,232][62,256], enabled=true, focused=false, checked=false, scrollable=false, selected=false, class=android.view.ViewGroup, important-for-accessibility=false, error=}, children=[], clickable=false, enabled=true, focused=false, checked=false, selected=false), TreeNode(attributes={text=Kantin, accessibilityText=, hintText=, ignoreBoundsFiltering=false, resource-id=, clickable=false, bounds=[74,233][282,256], enabled=true, focused=false, checked=false, scrollable=false, selected=false, class=android.widget.TextView, important-for-accessibility=true, error=}, children=[], clickable=false, enabled=true, focused=false, checked=false, selected=false)], clickable=true, enabled=true, focused=false, checked=false, selected=false), bounds=Bounds(x=20, y=216, width=280, height=56))
15:50:11.686 [ INFO] maestro.Maestro.tap-HgV9Ck0: Tap aimed via settled hierarchy
15:50:11.686 [ INFO] maestro.Maestro.hierarchyBasedTap-ogj28Uc: Tapping at (160, 244) using hierarchy based logic for wait
15:50:12.451 [ INFO] maestro.Maestro.hierarchyBasedTap-ogj28Uc: Something has changed in the UI judging by view hierarchy. Proceed.
15:50:12.451 [ INFO] maestro.cli.runner.CliConsoleListener.onCommandFinished: Tap on id: spot-kantin COMPLETED
15:50:12.451 [ INFO] maestro.cli.runner.CliConsoleListener.onCommandStart: Tap on "Devam" RUNNING
15:50:12.526 [ INFO] maestro.Maestro.tap-HgV9Ck0: Tapping on element:  UiElement(treeNode=TreeNode(attributes={text=Devam, accessibilityText=, hintText=, ignoreBoundsFiltering=false, resource-id=, clickable=false, bounds=[134,574][186,594], enabled=true, focused=false, checked=false, scrollable=false, selected=false, class=android.widget.TextView, important-for-accessibility=true, error=}, children=[], clickable=false, enabled=true, focused=false, checked=false, selected=false), bounds=Bounds(x=134, y=574, width=52, height=20))
15:50:13.722 [ INFO] maestro.Maestro.tap-HgV9Ck0: Tap aimed via settled hierarchy
15:50:13.722 [ INFO] maestro.Maestro.hierarchyBasedTap-ogj28Uc: Tapping at (160, 584) using hierarchy based logic for wait
15:50:14.669 [ INFO] maestro.Maestro.hierarchyBasedTap-ogj28Uc: Something has changed in the UI judging by view hierarchy. Proceed.
15:50:14.670 [ INFO] maestro.cli.runner.CliConsoleListener.onCommandFinished: Tap on "Devam" COMPLETED
15:50:14.670 [ INFO] maestro.cli.runner.CliConsoleListener.onCommandStart: Assert that "Masada kaç kişisiniz\?" is visible RUNNING
15:50:14.743 [ INFO] maestro.cli.runner.CliConsoleListener.onCommandFinished: Assert that "Masada kaç kişisiniz\?" is visible COMPLETED
15:50:14.743 [ INFO] maestro.cli.runner.CliConsoleListener.onCommandStart: Assert that "Profille katılmak için önce Profil sekmesinden bir ad seç." is not visible RUNNING
15:50:15.374 [ INFO] maestro.cli.runner.CliConsoleListener.onCommandFinished: Assert that "Profille katılmak için önce Profil sekmesinden bir ad seç." is not visible COMPLETED
15:50:15.374 [ INFO] maestro.cli.runner.CliConsoleListener.onCommandStart: Take screenshot 09-headcount RUNNING
15:50:15.374 [ INFO] maestro.Maestro.takeScreenshot: Taking screenshot
15:50:15.375 [TRACE] maestro.utils.ScreenshotUtils.takeScreenshot: Taking screenshot to output sink
15:50:15.438 [ INFO] maestro.cli.runner.CliConsoleListener.onCommandFinished: Take screenshot 09-headcount COMPLETED
15:50:15.438 [ INFO] maestro.cli.runner.CliConsoleListener.onCommandStart: Tap on id: headcount-2 RUNNING
15:50:15.511 [ INFO] maestro.Maestro.tap-HgV9Ck0: Tapping on element:  UiElement(treeNode=TreeNode(attributes={text=, accessibilityText=2, hintText=, ignoreBoundsFiltering=false, resource-id=headcount-2, clickable=true, bounds=[88,250][144,306], enabled=true, focused=false, checked=false, scrollable=false, selected=false, class=android.widget.RadioButton, important-for-accessibility=true, error=}, children=[TreeNode(attributes={text=2, accessibilityText=, hintText=, ignoreBoundsFiltering=false, resource-id=, clickable=false, bounds=[109,266][122,290], enabled=true, focused=false, checked=false, scrollable=false, selected=false, class=android.widget.TextView, important-for-accessibility=true, error=}, children=[], clickable=false, enabled=true, focused=false, checked=false, selected=false)], clickable=true, enabled=true, focused=false, checked=false, selected=false), bounds=Bounds(x=88, y=250, width=56, height=56))
15:50:16.754 [ INFO] maestro.Maestro.tap-HgV9Ck0: Tap aimed via settled hierarchy
15:50:16.754 [ INFO] maestro.Maestro.hierarchyBasedTap-ogj28Uc: Tapping at (116, 278) using hierarchy based logic for wait
15:50:17.902 [ INFO] maestro.Maestro.hierarchyBasedTap-ogj28Uc: Something has changed in the UI judging by view hierarchy. Proceed.
15:50:17.902 [ INFO] maestro.cli.runner.CliConsoleListener.onCommandFinished: Tap on id: headcount-2 COMPLETED
15:50:17.902 [ INFO] maestro.cli.runner.CliConsoleListener.onCommandStart: Tap on "Masayı aç" RUNNING
15:50:18.015 [ INFO] maestro.Maestro.tap-HgV9Ck0: Tapping on element:  UiElement(treeNode=TreeNode(attributes={text=Masayı aç, accessibilityText=, hintText=, ignoreBoundsFiltering=false, resource-id=, clickable=false, bounds=[124,574][197,594], enabled=true, focused=false, checked=false, scrollable=false, selected=false, class=android.widget.TextView, important-for-accessibility=true, error=}, children=[], clickable=false, enabled=true, focused=false, checked=false, selected=false), bounds=Bounds(x=124, y=574, width=73, height=20))
15:50:19.290 [ INFO] maestro.Maestro.tap-HgV9Ck0: Tap aimed via settled hierarchy
15:50:19.290 [ INFO] maestro.Maestro.hierarchyBasedTap-ogj28Uc: Tapping at (160, 584) using hierarchy based logic for wait
15:50:20.454 [ INFO] maestro.Maestro.hierarchyBasedTap-ogj28Uc: Something has changed in the UI judging by view hierarchy. Proceed.
15:50:20.454 [ INFO] maestro.cli.runner.CliConsoleListener.onCommandFinished: Tap on "Masayı aç" COMPLETED
15:50:20.454 [ INFO] maestro.cli.runner.CliConsoleListener.onCommandStart: Assert that "Masan hazır" is visible RUNNING
15:50:20.574 [ INFO] maestro.cli.runner.CliConsoleListener.onCommandFinished: Assert that "Masan hazır" is visible COMPLETED
15:50:20.574 [ INFO] maestro.cli.runner.CliConsoleListener.onCommandStart: Take screenshot 10-table-ready RUNNING
15:50:20.574 [ INFO] maestro.Maestro.takeScreenshot: Taking screenshot
15:50:20.575 [TRACE] maestro.utils.ScreenshotUtils.takeScreenshot: Taking screenshot to output sink
15:50:20.597 [ INFO] maestro.cli.runner.CliConsoleListener.onCommandFinished: Take screenshot 10-table-ready COMPLETED
15:50:20.598 [ INFO] maestro.cli.runner.CliConsoleListener.onCommandStart: Tap on "Devam" RUNNING
15:50:20.710 [ INFO] maestro.Maestro.tap-HgV9Ck0: Tapping on element:  UiElement(treeNode=TreeNode(attributes={text=Devam, accessibilityText=, hintText=, ignoreBoundsFiltering=false, resource-id=, clickable=false, bounds=[134,574][186,594], enabled=true, focused=false, checked=false, scrollable=false, selected=false, class=android.widget.TextView, important-for-accessibility=true, error=}, children=[], clickable=false, enabled=true, focused=false, checked=false, selected=false), bounds=Bounds(x=134, y=574, width=52, height=20))
15:50:21.942 [ INFO] maestro.Maestro.tap-HgV9Ck0: Tap aimed via settled hierarchy
15:50:21.942 [ INFO] maestro.Maestro.hierarchyBasedTap-ogj28Uc: Tapping at (160, 584) using hierarchy based logic for wait
15:50:23.076 [ INFO] maestro.Maestro.hierarchyBasedTap-ogj28Uc: Something has changed in the UI judging by view hierarchy. Proceed.
15:50:23.076 [ INFO] maestro.cli.runner.CliConsoleListener.onCommandFinished: Tap on "Devam" COMPLETED
15:50:23.076 [ INFO] maestro.cli.runner.CliConsoleListener.onCommandStart: Assert that "Oda kur" is visible RUNNING
15:50:23.208 [ INFO] maestro.cli.runner.CliConsoleListener.onCommandFinished: Assert that "Oda kur" is visible COMPLETED
15:50:23.208 [ INFO] maestro.cli.runner.CliConsoleListener.onCommandStart: Assert that "Noktan: Kantin" is visible RUNNING
15:50:23.318 [ INFO] maestro.cli.runner.CliConsoleListener.onCommandFinished: Assert that "Noktan: Kantin" is visible COMPLETED
15:50:23.318 [ INFO] maestro.cli.runner.CliConsoleListener.onCommandStart: Take screenshot 11-venue RUNNING
15:50:23.318 [ INFO] maestro.Maestro.takeScreenshot: Taking screenshot
15:50:23.319 [TRACE] maestro.utils.ScreenshotUtils.takeScreenshot: Taking screenshot to output sink
15:50:23.379 [ INFO] maestro.cli.runner.CliConsoleListener.onCommandFinished: Take screenshot 11-venue COMPLETED
15:50:23.379 [ INFO] maestro.cli.runner.CliConsoleListener.onCommandFinished: Run flows/02-checkin.yaml COMPLETED
15:50:23.379 [ INFO] maestro.cli.runner.CliConsoleListener.onCommandStart: Run flows/03-name.yaml RUNNING
15:50:23.379 [ INFO] maestro.cli.runner.CliConsoleListener.onCommandStart: Apply configuration RUNNING
15:50:23.379 [ INFO] maestro.cli.runner.CliConsoleListener.onCommandFinished: Apply configuration COMPLETED
15:50:23.379 [ INFO] maestro.cli.runner.CliConsoleListener.onCommandStart: Tap on id: tab-profile RUNNING
15:50:23.519 [ INFO] maestro.Maestro.tap-HgV9Ck0: Tapping on element:  UiElement(treeNode=TreeNode(attributes={text=, accessibilityText=Profil, hintText=, ignoreBoundsFiltering=false, resource-id=tab-profile, clickable=true, bounds=[242,568][296,632], enabled=true, focused=false, checked=false, scrollable=false, selected=false, class=android.view.View, important-for-accessibility=true, error=}, children=[TreeNode(attributes={text=, accessibilityText=, hintText=, ignoreBoundsFiltering=false, resource-id=, clickable=false, bounds=[257,580][281,604], enabled=true, focused=false, checked=false, scrollable=false, selected=false, class=android.widget.ImageView, important-for-accessibility=false, error=}, children=[], clickable=false, enabled=true, focused=false, checked=false, selected=false), TreeNode(attributes={text=Profil, accessibilityText=, hintText=, ignoreBoundsFiltering=false, resource-id=, clickable=false, bounds=[253,612][284,628], enabled=true, focused=false, checked=false, scrollable=false, selected=false, class=android.widget.TextView, important-for-accessibility=true, error=}, children=[], clickable=false, enabled=true, focused=false, checked=false, selected=false)], clickable=true, enabled=true, focused=false, checked=false, selected=false), bounds=Bounds(x=242, y=568, width=54, height=64))
15:50:24.774 [ INFO] maestro.Maestro.tap-HgV9Ck0: Tap aimed via settled hierarchy
15:50:24.775 [ INFO] maestro.Maestro.hierarchyBasedTap-ogj28Uc: Tapping at (269, 600) using hierarchy based logic for wait
15:50:26.286 [ INFO] maestro.Maestro.hierarchyBasedTap-ogj28Uc: Something has changed in the UI judging by view hierarchy. Proceed.
15:50:26.286 [ INFO] maestro.cli.runner.CliConsoleListener.onCommandFinished: Tap on id: tab-profile COMPLETED
15:50:26.286 [ INFO] maestro.cli.runner.CliConsoleListener.onCommandStart: Assert that "Cihaz Masa, \d+" is visible RUNNING
15:50:26.413 [ INFO] maestro.cli.runner.CliConsoleListener.onCommandFinished: Assert that "Cihaz Masa, \d+" is visible COMPLETED
15:50:26.413 [ INFO] maestro.cli.runner.CliConsoleListener.onCommandStart: Assert that ".*2000.*" is not visible RUNNING
15:50:27.218 [ INFO] maestro.cli.runner.CliConsoleListener.onCommandFinished: Assert that ".*2000.*" is not visible COMPLETED
15:50:27.218 [ INFO] maestro.cli.runner.CliConsoleListener.onCommandStart: Take screenshot 12-profile RUNNING
15:50:27.219 [ INFO] maestro.Maestro.takeScreenshot: Taking screenshot
15:50:27.219 [TRACE] maestro.utils.ScreenshotUtils.takeScreenshot: Taking screenshot to output sink
15:50:27.244 [ INFO] maestro.cli.runner.CliConsoleListener.onCommandFinished: Take screenshot 12-profile COMPLETED
15:50:27.244 [ INFO] maestro.cli.runner.CliConsoleListener.onCommandFinished: Run flows/03-name.yaml COMPLETED
15:50:27.244 [ INFO] maestro.cli.runner.CliConsoleListener.onCommandStart: Run flows/04-room-tabu.yaml RUNNING
15:50:27.244 [ INFO] maestro.cli.runner.CliConsoleListener.onCommandStart: Apply configuration RUNNING
15:50:27.244 [ INFO] maestro.cli.runner.CliConsoleListener.onCommandFinished: Apply configuration COMPLETED
15:50:27.244 [ INFO] maestro.cli.runner.CliConsoleListener.onCommandStart: Run ../scripts/bot.js RUNNING
15:50:27.830 [ INFO] maestro.cli.runner.CliConsoleListener.onCommandFinished: Run ../scripts/bot.js COMPLETED
15:50:27.830 [ INFO] maestro.cli.runner.CliConsoleListener.onCommandStart: Run ../scripts/bot.js RUNNING
15:50:27.940 [ INFO] maestro.cli.runner.CliConsoleListener.onCommandFinished: Run ../scripts/bot.js COMPLETED
15:50:27.940 [ INFO] maestro.cli.runner.CliConsoleListener.onCommandStart: Run ../scripts/bot.js RUNNING
15:50:28.240 [ INFO] maestro.cli.runner.CliConsoleListener.onCommandFinished: Run ../scripts/bot.js COMPLETED
15:50:28.241 [ INFO] maestro.cli.runner.CliConsoleListener.onCommandStart: Tap on id: tab-venue RUNNING
15:50:28.378 [ INFO] maestro.Maestro.tap-HgV9Ck0: Tapping on element:  UiElement(treeNode=TreeNode(attributes={text=, accessibilityText=Mekan, hintText=, ignoreBoundsFiltering=false, resource-id=tab-venue, clickable=true, bounds=[133,568][187,632], enabled=true, focused=false, checked=false, scrollable=false, selected=false, class=android.view.View, important-for-accessibility=true, error=}, children=[TreeNode(attributes={text=, accessibilityText=, hintText=, ignoreBoundsFiltering=false, resource-id=, clickable=false, bounds=[140,572][180,612], enabled=true, focused=false, checked=false, scrollable=false, selected=false, class=android.view.ViewGroup, important-for-accessibility=false, error=}, children=[], clickable=false, enabled=true, focused=false, checked=false, selected=false), TreeNode(attributes={text=, accessibilityText=, hintText=, ignoreBoundsFiltering=false, resource-id=, clickable=false, bounds=[148,580][172,604], enabled=true, focused=false, checked=false, scrollable=false, selected=false, class=android.widget.ImageView, important-for-accessibility=false, error=}, children=[], clickable=false, enabled=true, focused=false, checked=false, selected=false), TreeNode(attributes={text=Mekan, accessibilityText=, hintText=, ignoreBoundsFiltering=false, resource-id=, clickable=false, bounds=[141,612][178,628], enabled=true, focused=false, checked=false, scrollable=false, selected=false, class=android.widget.TextView, important-for-accessibility=true, error=}, children=[], clickable=false, enabled=true, focused=false, checked=false, selected=false)], clickable=true, enabled=true, focused=false, checked=false, selected=false), bounds=Bounds(x=133, y=568, width=54, height=64))
15:50:29.714 [ INFO] maestro.Maestro.tap-HgV9Ck0: Tap aimed via settled hierarchy
15:50:29.715 [ INFO] maestro.Maestro.hierarchyBasedTap-ogj28Uc: Tapping at (160, 600) using hierarchy based logic for wait
15:50:30.884 [ INFO] maestro.Maestro.hierarchyBasedTap-ogj28Uc: Something has changed in the UI judging by view hierarchy. Proceed.
15:50:30.885 [ INFO] maestro.cli.runner.CliConsoleListener.onCommandFinished: Tap on id: tab-venue COMPLETED
15:50:30.885 [ INFO] maestro.cli.runner.CliConsoleListener.onCommandStart: Tap on id: reroll-alias RUNNING
15:50:31.010 [ INFO] maestro.Maestro.tap-HgV9Ck0: Tapping on element:  UiElement(treeNode=TreeNode(attributes={text=, accessibilityText=Adı değiştir, hintText=, ignoreBoundsFiltering=false, resource-id=reroll-alias, clickable=true, bounds=[155,299][282,347], enabled=true, focused=false, checked=false, scrollable=false, selected=false, class=android.widget.Button, important-for-accessibility=true, error=}, children=[TreeNode(attributes={text=, accessibilityText=, hintText=, ignoreBoundsFiltering=false, resource-id=, clickable=false, bounds=[155,299][282,347], enabled=true, focused=false, checked=false, scrollable=false, selected=false, class=android.view.ViewGroup, important-for-accessibility=false, error=}, children=[], clickable=false, enabled=true, focused=false, checked=false, selected=false), TreeNode(attributes={text=Adı değiştir, accessibilityText=, hintText=, ignoreBoundsFiltering=false, resource-id=, clickable=false, bounds=[175,313][262,333], enabled=true, focused=false, checked=false, scrollable=false, selected=false, class=android.widget.TextView, important-for-accessibility=true, error=}, children=[], clickable=false, enabled=true, focused=false, checked=false, selected=false)], clickable=true, enabled=true, focused=false, checked=false, selected=false), bounds=Bounds(x=155, y=299, width=127, height=48))
15:50:32.283 [ INFO] maestro.Maestro.tap-HgV9Ck0: Tap aimed via settled hierarchy
15:50:32.283 [ INFO] maestro.Maestro.hierarchyBasedTap-ogj28Uc: Tapping at (218, 323) using hierarchy based logic for wait
15:50:33.375 [ INFO] maestro.Maestro.hierarchyBasedTap-ogj28Uc: Something has changed in the UI judging by view hierarchy. Proceed.
15:50:33.375 [ INFO] maestro.cli.runner.CliConsoleListener.onCommandFinished: Tap on id: reroll-alias COMPLETED
15:50:33.375 [ INFO] maestro.cli.runner.CliConsoleListener.onCommandStart: Assert that "2 hakkın kaldı" is visible RUNNING
15:50:33.482 [ INFO] maestro.cli.runner.CliConsoleListener.onCommandFinished: Assert that "2 hakkın kaldı" is visible COMPLETED
15:50:33.482 [ INFO] maestro.cli.runner.CliConsoleListener.onCommandStart: Take screenshot 11b-alias-rerolled RUNNING
15:50:33.482 [ INFO] maestro.Maestro.takeScreenshot: Taking screenshot
15:50:33.483 [TRACE] maestro.utils.ScreenshotUtils.takeScreenshot: Taking screenshot to output sink
15:50:33.545 [ INFO] maestro.cli.runner.CliConsoleListener.onCommandFinished: Take screenshot 11b-alias-rerolled COMPLETED
15:50:33.545 [ INFO] maestro.cli.runner.CliConsoleListener.onCommandStart: Scrolling DOWN until id: spot-here is visible with speed 40, visibility percentage 100%, timeout 20000 ms, with centering disabled RUNNING
15:50:34.310 [ WARN] maestro.orchestra.Orchestra.scrollUntilVisible: Error: maestro.MaestroException$ElementNotFound: Element not found: Id matching regex: spot-here
15:50:34.314 [ INFO] maestro.Maestro.swipeFromCenter: Swiping UP from center
15:50:36.258 [ INFO] maestro.orchestra.Orchestra.scrollUntilVisible: Scrolling try count: 0, DeviceWidth: 320, DeviceWidth: 640
15:50:36.258 [ INFO] maestro.orchestra.Orchestra.scrollUntilVisible: Element bounds: Bounds(x=36, y=427, width=248, height=48)
15:50:36.258 [ INFO] maestro.orchestra.Orchestra.scrollUntilVisible: Visibility Percent: 1.0
15:50:36.258 [ INFO] maestro.orchestra.Orchestra.scrollUntilVisible: Command centerElement: ScrollUntilVisibleCommand(selector=ElementSelector(textRegex=null, idRegex=spot-here, size=null, below=null, above=null, leftOf=null, rightOf=null, containsChild=null, containsDescendants=null, traits=null, index=null, enabled=null, optional=false, selected=null, checked=null, focused=null, childOf=null, css=null), direction=DOWN, scrollDuration=601, visibilityPercentage=100, timeout=20000, waitToSettleTimeoutMs=null, centerElement=false, originalSpeedValue=40, label=null, optional=false).centerElement
15:50:36.258 [ INFO] maestro.orchestra.Orchestra.scrollUntilVisible: visibilityPercentageNormalized: 1.0
15:50:36.258 [ INFO] maestro.cli.runner.CliConsoleListener.onCommandFinished: Scrolling DOWN until id: spot-here is visible with speed 40, visibility percentage 100%, timeout 20000 ms, with centering disabled COMPLETED
15:50:36.258 [ INFO] maestro.cli.runner.CliConsoleListener.onCommandStart: Assert that "Kütüphane" is visible RUNNING
15:50:36.358 [ INFO] maestro.cli.runner.CliConsoleListener.onCommandFinished: Assert that "Kütüphane" is visible COMPLETED
15:50:36.358 [ INFO] maestro.cli.runner.CliConsoleListener.onCommandStart: Assert that "Katılmak istiyorum" is not visible RUNNING
15:50:37.084 [ INFO] maestro.cli.runner.CliConsoleListener.onCommandFinished: Assert that "Katılmak istiyorum" is not visible COMPLETED
15:50:37.084 [ INFO] maestro.cli.runner.CliConsoleListener.onCommandStart: Take screenshot 12b-lobby-other-spot RUNNING
15:50:37.085 [ INFO] maestro.Maestro.takeScreenshot: Taking screenshot
15:50:37.085 [TRACE] maestro.utils.ScreenshotUtils.takeScreenshot: Taking screenshot to output sink
15:50:37.110 [ INFO] maestro.cli.runner.CliConsoleListener.onCommandFinished: Take screenshot 12b-lobby-other-spot COMPLETED
15:50:37.110 [ INFO] maestro.cli.runner.CliConsoleListener.onCommandStart: Tap on id: spot-here RUNNING
15:50:37.247 [ INFO] maestro.Maestro.tap-HgV9Ck0: Tapping on element:  UiElement(treeNode=TreeNode(attributes={text=, accessibilityText=Bu noktadayım, hintText=, ignoreBoundsFiltering=false, resource-id=spot-here, clickable=true, bounds=[36,427][284,475], enabled=true, focused=false, checked=false, scrollable=false, selected=false, class=android.widget.Button, important-for-accessibility=true, error=}, children=[TreeNode(attributes={text=, accessibilityText=, hintText=, ignoreBoundsFiltering=false, resource-id=, clickable=false, bounds=[36,427][284,475], enabled=true, focused=false, checked=false, scrollable=false, selected=false, class=android.view.ViewGroup, important-for-accessibility=false, error=}, children=[], clickable=false, enabled=true, focused=false, checked=false, selected=false), TreeNode(attributes={text=, accessibilityText=, hintText=, ignoreBoundsFiltering=false, resource-id=, clickable=false, bounds=[90,440][110,461], enabled=true, focused=false, checked=false, scrollable=false, selected=false, class=android.widget.TextView, important-for-accessibility=true, error=}, children=[], clickable=false, enabled=true, focused=false, checked=false, selected=false), TreeNode(attributes={text=Bu noktadayım, accessibilityText=, hintText=, ignoreBoundsFiltering=false, resource-id=, clickable=false, bounds=[118,441][230,461], enabled=true, focused=false, checked=false, scrollable=false, selected=false, class=android.widget.TextView, important-for-accessibility=true, error=}, children=[], clickable=false, enabled=true, focused=false, checked=false, selected=false)], clickable=true, enabled=true, focused=false, checked=false, selected=false), bounds=Bounds(x=36, y=427, width=248, height=48))
15:50:38.502 [ INFO] maestro.Maestro.tap-HgV9Ck0: Tap aimed via settled hierarchy
15:50:38.503 [ INFO] maestro.Maestro.hierarchyBasedTap-ogj28Uc: Tapping at (160, 451) using hierarchy based logic for wait
15:50:39.547 [ INFO] maestro.Maestro.hierarchyBasedTap-ogj28Uc: Something has changed in the UI judging by view hierarchy. Proceed.
15:50:39.547 [ INFO] maestro.cli.runner.CliConsoleListener.onCommandFinished: Tap on id: spot-here COMPLETED
15:50:39.547 [ INFO] maestro.cli.runner.CliConsoleListener.onCommandStart: Scrolling DOWN until "Katılmak istiyorum" is visible with speed 40, visibility percentage 100%, timeout 15000 ms, with centering disabled RUNNING
15:50:39.647 [ INFO] maestro.orchestra.Orchestra.scrollUntilVisible: Scrolling try count: 0, DeviceWidth: 320, DeviceWidth: 640
15:50:39.647 [ INFO] maestro.orchestra.Orchestra.scrollUntilVisible: Element bounds: Bounds(x=90, y=441, width=140, height=20)
15:50:39.647 [ INFO] maestro.orchestra.Orchestra.scrollUntilVisible: Visibility Percent: 1.0
15:50:39.648 [ INFO] maestro.orchestra.Orchestra.scrollUntilVisible: Command centerElement: ScrollUntilVisibleCommand(selector=ElementSelector(textRegex=Katılmak istiyorum, idRegex=null, size=null, below=null, above=null, leftOf=null, rightOf=null, containsChild=null, containsDescendants=null, traits=null, index=null, enabled=null, optional=false, selected=null, checked=null, focused=null, childOf=null, css=null), direction=DOWN, scrollDuration=601, visibilityPercentage=100, timeout=15000, waitToSettleTimeoutMs=null, centerElement=false, originalSpeedValue=40, label=null, optional=false).centerElement
15:50:39.648 [ INFO] maestro.orchestra.Orchestra.scrollUntilVisible: visibilityPercentageNormalized: 1.0
15:50:39.648 [ INFO] maestro.cli.runner.CliConsoleListener.onCommandFinished: Scrolling DOWN until "Katılmak istiyorum" is visible with speed 40, visibility percentage 100%, timeout 15000 ms, with centering disabled COMPLETED
15:50:39.648 [ INFO] maestro.cli.runner.CliConsoleListener.onCommandStart: Take screenshot 12c-lobby-same-spot RUNNING
15:50:39.648 [ INFO] maestro.Maestro.takeScreenshot: Taking screenshot
15:50:39.648 [TRACE] maestro.utils.ScreenshotUtils.takeScreenshot: Taking screenshot to output sink
15:50:39.677 [ INFO] maestro.cli.runner.CliConsoleListener.onCommandFinished: Take screenshot 12c-lobby-same-spot COMPLETED
15:50:39.677 [ INFO] maestro.cli.runner.CliConsoleListener.onCommandStart: Run ../scripts/bot.js RUNNING
15:50:39.759 [ INFO] maestro.cli.runner.CliConsoleListener.onCommandFinished: Run ../scripts/bot.js COMPLETED
15:50:39.759 [ INFO] maestro.cli.runner.CliConsoleListener.onCommandStart: Assert that "Katılmak istiyorum" is not visible RUNNING
15:50:40.604 [ INFO] maestro.cli.runner.CliConsoleListener.onCommandFinished: Assert that "Katılmak istiyorum" is not visible COMPLETED
15:50:40.604 [ INFO] maestro.cli.runner.CliConsoleListener.onCommandStart: Scrolling UP until "Noktan: Kütüphane" is visible with speed 40, visibility percentage 100%, timeout 10000 ms, with centering disabled RUNNING
15:50:41.248 [ WARN] maestro.orchestra.Orchestra.scrollUntilVisible: Error: maestro.MaestroException$ElementNotFound: Element not found: Text matching regex: Noktan: Kütüphane
15:50:41.252 [ INFO] maestro.Maestro.swipeFromCenter: Swiping DOWN from center
15:50:43.194 [ INFO] maestro.orchestra.Orchestra.scrollUntilVisible: Scrolling try count: 0, DeviceWidth: 320, DeviceWidth: 640
15:50:43.194 [ INFO] maestro.orchestra.Orchestra.scrollUntilVisible: Element bounds: Bounds(x=66, y=251, width=108, height=46)
15:50:43.194 [ INFO] maestro.orchestra.Orchestra.scrollUntilVisible: Visibility Percent: 1.0
15:50:43.195 [ INFO] maestro.orchestra.Orchestra.scrollUntilVisible: Command centerElement: ScrollUntilVisibleCommand(selector=ElementSelector(textRegex=Noktan: Kütüphane, idRegex=null, size=null, below=null, above=null, leftOf=null, rightOf=null, containsChild=null, containsDescendants=null, traits=null, index=null, enabled=null, optional=false, selected=null, checked=null, focused=null, childOf=null, css=null), direction=UP, scrollDuration=601, visibilityPercentage=100, timeout=10000, waitToSettleTimeoutMs=null, centerElement=false, originalSpeedValue=40, label=null, optional=false).centerElement
15:50:43.195 [ INFO] maestro.orchestra.Orchestra.scrollUntilVisible: visibilityPercentageNormalized: 1.0
15:50:43.195 [ INFO] maestro.cli.runner.CliConsoleListener.onCommandFinished: Scrolling UP until "Noktan: Kütüphane" is visible with speed 40, visibility percentage 100%, timeout 10000 ms, with centering disabled COMPLETED
15:50:43.195 [ INFO] maestro.cli.runner.CliConsoleListener.onCommandStart: Assert that "Oda kur" is visible RUNNING
15:50:43.332 [ INFO] maestro.cli.runner.CliConsoleListener.onCommandFinished: Assert that "Oda kur" is visible COMPLETED
15:50:43.332 [ INFO] maestro.cli.runner.CliConsoleListener.onCommandStart: Tap on "Oda kur" RUNNING
15:50:43.425 [ INFO] maestro.Maestro.tap-HgV9Ck0: Tapping on element:  UiElement(treeNode=TreeNode(attributes={text=Oda kur, accessibilityText=, hintText=, ignoreBoundsFiltering=false, resource-id=, clickable=false, bounds=[57,398][117,418], enabled=true, focused=false, checked=false, scrollable=false, selected=false, class=android.widget.TextView, important-for-accessibility=true, error=}, children=[], clickable=false, enabled=true, focused=false, checked=false, selected=false), bounds=Bounds(x=57, y=398, width=60, height=20))
15:50:44.690 [ INFO] maestro.Maestro.tap-HgV9Ck0: Tap aimed via settled hierarchy
15:50:44.691 [ INFO] maestro.Maestro.hierarchyBasedTap-ogj28Uc: Tapping at (87, 408) using hierarchy based logic for wait
15:50:45.914 [ INFO] maestro.Maestro.hierarchyBasedTap-ogj28Uc: Something has changed in the UI judging by view hierarchy. Proceed.
15:50:45.914 [ INFO] maestro.cli.runner.CliConsoleListener.onCommandFinished: Tap on "Oda kur" COMPLETED
15:50:45.914 [ INFO] maestro.cli.runner.CliConsoleListener.onCommandStart: Assert that id: intent-none is visible RUNNING
15:50:45.995 [ INFO] maestro.cli.runner.CliConsoleListener.onCommandFinished: Assert that id: intent-none is visible COMPLETED
15:50:45.995 [ INFO] maestro.cli.runner.CliConsoleListener.onCommandStart: Tap on id: intent-game RUNNING
15:50:46.107 [ INFO] maestro.Maestro.tap-HgV9Ck0: Tapping on element:  UiElement(treeNode=TreeNode(attributes={text=, accessibilityText=Oyun, hintText=, ignoreBoundsFiltering=false, resource-id=intent-game, clickable=true, bounds=[116,236][204,284], enabled=true, focused=false, checked=false, scrollable=false, selected=false, class=android.widget.RadioButton, important-for-accessibility=true, error=}, children=[TreeNode(attributes={text=, accessibilityText=, hintText=, ignoreBoundsFiltering=false, resource-id=, clickable=false, bounds=[116,236][204,284], enabled=true, focused=false, checked=false, scrollable=false, selected=false, class=android.view.ViewGroup, important-for-accessibility=false, error=}, children=[], clickable=false, enabled=true, focused=false, checked=false, selected=false), TreeNode(attributes={text=Oyun, accessibilityText=, hintText=, ignoreBoundsFiltering=false, resource-id=, clickable=false, bounds=[140,250][180,270], enabled=true, focused=false, checked=false, scrollable=false, selected=false, class=android.widget.TextView, important-for-accessibility=true, error=}, children=[], clickable=false, enabled=true, focused=false, checked=false, selected=false)], clickable=true, enabled=true, focused=false, checked=false, selected=false), bounds=Bounds(x=116, y=236, width=88, height=48))
15:50:47.438 [ INFO] maestro.Maestro.tap-HgV9Ck0: Tap aimed via settled hierarchy
15:50:47.439 [ INFO] maestro.Maestro.hierarchyBasedTap-ogj28Uc: Tapping at (160, 260) using hierarchy based logic for wait
15:50:48.344 [ INFO] maestro.Maestro.hierarchyBasedTap-ogj28Uc: Something has changed in the UI judging by view hierarchy. Proceed.
15:50:48.344 [ INFO] maestro.cli.runner.CliConsoleListener.onCommandFinished: Tap on id: intent-game COMPLETED
15:50:48.344 [ INFO] maestro.cli.runner.CliConsoleListener.onCommandStart: Take screenshot 13-new-room RUNNING
15:50:48.344 [ INFO] maestro.Maestro.takeScreenshot: Taking screenshot
15:50:48.345 [TRACE] maestro.utils.ScreenshotUtils.takeScreenshot: Taking screenshot to output sink
15:50:48.409 [ INFO] maestro.cli.runner.CliConsoleListener.onCommandFinished: Take screenshot 13-new-room COMPLETED
15:50:48.409 [ INFO] maestro.cli.runner.CliConsoleListener.onCommandStart: Scrolling DOWN until "Odayı kur" is visible with speed 40, visibility percentage 100%, timeout 10000 ms, with centering disabled RUNNING
15:50:48.453 [ INFO] maestro.orchestra.Orchestra.scrollUntilVisible: Scrolling try count: 0, DeviceWidth: 320, DeviceWidth: 640
15:50:48.453 [ INFO] maestro.orchestra.Orchestra.scrollUntilVisible: Element bounds: Bounds(x=120, y=576, width=81, height=22)
15:50:48.453 [ INFO] maestro.orchestra.Orchestra.scrollUntilVisible: Visibility Percent: 1.0
15:50:48.453 [ INFO] maestro.orchestra.Orchestra.scrollUntilVisible: Command centerElement: ScrollUntilVisibleCommand(selector=ElementSelector(textRegex=Odayı kur, idRegex=null, size=null, below=null, above=null, leftOf=null, rightOf=null, containsChild=null, containsDescendants=null, traits=null, index=null, enabled=null, optional=false, selected=null, checked=null, focused=null, childOf=null, css=null), direction=DOWN, scrollDuration=601, visibilityPercentage=100, timeout=10000, waitToSettleTimeoutMs=null, centerElement=false, originalSpeedValue=40, label=null, optional=false).centerElement
15:50:48.453 [ INFO] maestro.orchestra.Orchestra.scrollUntilVisible: visibilityPercentageNormalized: 1.0
15:50:48.453 [ INFO] maestro.cli.runner.CliConsoleListener.onCommandFinished: Scrolling DOWN until "Odayı kur" is visible with speed 40, visibility percentage 100%, timeout 10000 ms, with centering disabled COMPLETED
15:50:48.453 [ INFO] maestro.cli.runner.CliConsoleListener.onCommandStart: Assert that id: participation-anonymous is visible RUNNING
15:50:48.528 [ INFO] maestro.cli.runner.CliConsoleListener.onCommandFinished: Assert that id: participation-anonymous is visible COMPLETED
15:50:48.528 [ INFO] maestro.cli.runner.CliConsoleListener.onCommandStart: Take screenshot 13b-new-room-bottom RUNNING
15:50:48.529 [ INFO] maestro.Maestro.takeScreenshot: Taking screenshot
15:50:48.529 [TRACE] maestro.utils.ScreenshotUtils.takeScreenshot: Taking screenshot to output sink
15:50:48.593 [ INFO] maestro.cli.runner.CliConsoleListener.onCommandFinished: Take screenshot 13b-new-room-bottom COMPLETED
15:50:48.593 [ INFO] maestro.cli.runner.CliConsoleListener.onCommandStart: Tap on "Odayı kur" RUNNING
15:50:48.672 [ INFO] maestro.Maestro.tap-HgV9Ck0: Tapping on element:  UiElement(treeNode=TreeNode(attributes={text=Odayı kur, accessibilityText=, hintText=, ignoreBoundsFiltering=false, resource-id=, clickable=false, bounds=[120,576][201,598], enabled=true, focused=false, checked=false, scrollable=false, selected=false, class=android.widget.TextView, important-for-accessibility=true, error=}, children=[], clickable=false, enabled=true, focused=false, checked=false, selected=false), bounds=Bounds(x=120, y=576, width=81, height=22))
15:50:49.906 [ INFO] maestro.Maestro.tap-HgV9Ck0: Tap aimed via settled hierarchy
15:50:49.906 [ INFO] maestro.Maestro.hierarchyBasedTap-ogj28Uc: Tapping at (160, 587) using hierarchy based logic for wait
15:50:51.207 [ INFO] maestro.Maestro.hierarchyBasedTap-ogj28Uc: Something has changed in the UI judging by view hierarchy. Proceed.
15:50:51.207 [ INFO] maestro.cli.runner.CliConsoleListener.onCommandFinished: Tap on "Odayı kur" COMPLETED
15:50:51.207 [ INFO] maestro.cli.runner.CliConsoleListener.onCommandStart: Assert that id: solo-tabu is visible RUNNING
15:50:51.319 [ INFO] maestro.cli.runner.CliConsoleListener.onCommandFinished: Assert that id: solo-tabu is visible COMPLETED
15:50:51.319 [ INFO] maestro.cli.runner.CliConsoleListener.onCommandStart: Take screenshot 14-room-waiting RUNNING
15:50:51.320 [ INFO] maestro.Maestro.takeScreenshot: Taking screenshot
15:50:51.320 [TRACE] maestro.utils.ScreenshotUtils.takeScreenshot: Taking screenshot to output sink
15:50:51.382 [ INFO] maestro.cli.runner.CliConsoleListener.onCommandFinished: Take screenshot 14-room-waiting COMPLETED
15:50:51.382 [ INFO] maestro.cli.runner.CliConsoleListener.onCommandStart: Run ../scripts/bot.js RUNNING
15:50:51.481 [ INFO] maestro.cli.runner.CliConsoleListener.onCommandFinished: Run ../scripts/bot.js COMPLETED
15:50:51.481 [ INFO] maestro.cli.runner.CliConsoleListener.onCommandStart: Assert that "Katılma isteği" is visible RUNNING
15:50:52.454 [ INFO] maestro.cli.runner.CliConsoleListener.onCommandFinished: Assert that "Katılma isteği" is visible COMPLETED
15:50:52.454 [ INFO] maestro.cli.runner.CliConsoleListener.onCommandStart: Take screenshot 15-join-request RUNNING
15:50:52.455 [ INFO] maestro.Maestro.takeScreenshot: Taking screenshot
15:50:52.455 [TRACE] maestro.utils.ScreenshotUtils.takeScreenshot: Taking screenshot to output sink
15:50:52.480 [ INFO] maestro.cli.runner.CliConsoleListener.onCommandFinished: Take screenshot 15-join-request COMPLETED
15:50:52.480 [ INFO] maestro.cli.runner.CliConsoleListener.onCommandStart: Tap on id: join-accept RUNNING
15:50:53.090 [ INFO] maestro.Maestro.tap-HgV9Ck0: Tapping on element:  UiElement(treeNode=TreeNode(attributes={text=, accessibilityText=Kabul, hintText=, ignoreBoundsFiltering=false, resource-id=join-accept, clickable=true, bounds=[165,502][296,550], enabled=true, focused=false, checked=false, scrollable=false, selected=false, class=android.widget.Button, important-for-accessibility=true, error=}, children=[TreeNode(attributes={text=, accessibilityText=, hintText=, ignoreBoundsFiltering=false, resource-id=, clickable=false, bounds=[165,502][296,550], enabled=true, focused=false, checked=false, scrollable=false, selected=false, class=android.view.ViewGroup, important-for-accessibility=false, error=}, children=[], clickable=false, enabled=true, focused=false, checked=false, selected=false), TreeNode(attributes={text=Kabul, accessibilityText=, hintText=, ignoreBoundsFiltering=false, resource-id=, clickable=false, bounds=[209,516][253,536], enabled=true, focused=false, checked=false, scrollable=false, selected=false, class=android.widget.TextView, important-for-accessibility=true, error=}, children=[], clickable=false, enabled=true, focused=false, checked=false, selected=false)], clickable=true, enabled=true, focused=false, checked=false, selected=false), bounds=Bounds(x=165, y=502, width=131, height=48))
15:50:54.353 [ INFO] maestro.Maestro.tap-HgV9Ck0: Tap aimed via settled hierarchy
15:50:54.354 [ INFO] maestro.Maestro.hierarchyBasedTap-ogj28Uc: Tapping at (230, 526) using hierarchy based logic for wait
15:50:55.458 [ INFO] maestro.Maestro.hierarchyBasedTap-ogj28Uc: Something has changed in the UI judging by view hierarchy. Proceed.
15:50:55.459 [ INFO] maestro.cli.runner.CliConsoleListener.onCommandFinished: Tap on id: join-accept COMPLETED
15:50:55.459 [ INFO] maestro.cli.runner.CliConsoleListener.onCommandStart: Assert that id: propose-tabu is visible RUNNING
15:50:55.571 [ INFO] maestro.cli.runner.CliConsoleListener.onCommandFinished: Assert that id: propose-tabu is visible COMPLETED
15:50:55.571 [ INFO] maestro.cli.runner.CliConsoleListener.onCommandStart: Take screenshot 16-room-two-tables RUNNING
15:50:55.572 [ INFO] maestro.Maestro.takeScreenshot: Taking screenshot
15:50:55.572 [TRACE] maestro.utils.ScreenshotUtils.takeScreenshot: Taking screenshot to output sink
15:50:55.631 [ INFO] maestro.cli.runner.CliConsoleListener.onCommandFinished: Take screenshot 16-room-two-tables COMPLETED
15:50:55.631 [ INFO] maestro.cli.runner.CliConsoleListener.onCommandStart: Run ../scripts/bot.js RUNNING
15:50:55.720 [ INFO] maestro.cli.runner.CliConsoleListener.onCommandFinished: Run ../scripts/bot.js COMPLETED
15:50:55.720 [ INFO] maestro.cli.runner.CliConsoleListener.onCommandStart: Assert that id: proposal-accept is visible RUNNING
15:50:56.051 [ INFO] maestro.cli.runner.CliConsoleListener.onCommandFinished: Assert that id: proposal-accept is visible COMPLETED
15:50:56.051 [ INFO] maestro.cli.runner.CliConsoleListener.onCommandStart: Take screenshot 16b-proposal RUNNING
15:50:56.052 [ INFO] maestro.Maestro.takeScreenshot: Taking screenshot
15:50:56.052 [TRACE] maestro.utils.ScreenshotUtils.takeScreenshot: Taking screenshot to output sink
15:50:56.074 [ INFO] maestro.cli.runner.CliConsoleListener.onCommandFinished: Take screenshot 16b-proposal COMPLETED
15:50:56.074 [ INFO] maestro.cli.runner.CliConsoleListener.onCommandStart: Tap on id: proposal-accept RUNNING
15:50:56.634 [ INFO] maestro.Maestro.tap-HgV9Ck0: Tapping on element:  UiElement(treeNode=TreeNode(attributes={text=, accessibilityText=Oynayalım, hintText=, ignoreBoundsFiltering=false, resource-id=proposal-accept, clickable=true, bounds=[165,215][286,263], enabled=true, focused=false, checked=false, scrollable=false, selected=false, class=android.widget.Button, important-for-accessibility=true, error=}, children=[TreeNode(attributes={text=, accessibilityText=, hintText=, ignoreBoundsFiltering=false, resource-id=, clickable=false, bounds=[165,215][286,263], enabled=true, focused=false, checked=false, scrollable=false, selected=false, class=android.view.ViewGroup, important-for-accessibility=false, error=}, children=[], clickable=false, enabled=true, focused=false, checked=false, selected=false), TreeNode(attributes={text=Oynayalım, accessibilityText=, hintText=, ignoreBoundsFiltering=false, resource-id=, clickable=false, bounds=[188,229][263,249], enabled=true, focused=false, checked=false, scrollable=false, selected=false, class=android.widget.TextView, important-for-accessibility=true, error=}, children=[], clickable=false, enabled=true, focused=false, checked=false, selected=false)], clickable=true, enabled=true, focused=false, checked=false, selected=false), bounds=Bounds(x=165, y=215, width=121, height=48))
15:50:57.874 [ INFO] maestro.Maestro.tap-HgV9Ck0: Tap aimed via settled hierarchy
15:50:57.875 [ INFO] maestro.Maestro.hierarchyBasedTap-ogj28Uc: Tapping at (225, 239) using hierarchy based logic for wait
15:50:59.238 [ INFO] maestro.Maestro.hierarchyBasedTap-ogj28Uc: Something has changed in the UI judging by view hierarchy. Proceed.
15:50:59.238 [ INFO] maestro.cli.runner.CliConsoleListener.onCommandFinished: Tap on id: proposal-accept COMPLETED
15:50:59.238 [ INFO] maestro.cli.runner.CliConsoleListener.onCommandStart: Assert that "Kartı görmek için dokun" is visible RUNNING
15:50:59.363 [ INFO] maestro.cli.runner.CliConsoleListener.onCommandFinished: Assert that "Kartı görmek için dokun" is visible COMPLETED
15:50:59.364 [ INFO] maestro.cli.runner.CliConsoleListener.onCommandStart: Take screenshot 17-card-covered RUNNING
15:50:59.364 [ INFO] maestro.Maestro.takeScreenshot: Taking screenshot
15:50:59.364 [TRACE] maestro.utils.ScreenshotUtils.takeScreenshot: Taking screenshot to output sink
15:50:59.430 [ INFO] maestro.cli.runner.CliConsoleListener.onCommandFinished: Take screenshot 17-card-covered COMPLETED
15:50:59.430 [ INFO] maestro.cli.runner.CliConsoleListener.onCommandStart: Tap on "Kartı görmek için dokun" RUNNING
15:50:59.512 [ INFO] maestro.Maestro.tap-HgV9Ck0: Tapping on element:  UiElement(treeNode=TreeNode(attributes={text=Kartı görmek için dokun, accessibilityText=, hintText=, ignoreBoundsFiltering=false, resource-id=, clickable=false, bounds=[40,409][280,465], enabled=true, focused=false, checked=false, scrollable=false, selected=false, class=android.widget.TextView, important-for-accessibility=true, error=}, children=[], clickable=false, enabled=true, focused=false, checked=false, selected=false), bounds=Bounds(x=40, y=409, width=240, height=56))
15:51:01.265 [ INFO] maestro.Maestro.tap-HgV9Ck0: Tap aimed via settled hierarchy
15:51:01.268 [ INFO] maestro.Maestro.hierarchyBasedTap-ogj28Uc: Tapping at (160, 437) using hierarchy based logic for wait
15:51:02.158 [ INFO] maestro.Maestro.hierarchyBasedTap-ogj28Uc: Something has changed in the UI judging by view hierarchy. Proceed.
15:51:02.158 [ INFO] maestro.cli.runner.CliConsoleListener.onCommandFinished: Tap on "Kartı görmek için dokun" COMPLETED
15:51:02.158 [ INFO] maestro.cli.runner.CliConsoleListener.onCommandStart: Assert that id: tabu-card is visible RUNNING
15:51:02.319 [ INFO] maestro.cli.runner.CliConsoleListener.onCommandFinished: Assert that id: tabu-card is visible COMPLETED
15:51:02.319 [ INFO] maestro.cli.runner.CliConsoleListener.onCommandStart: Take screenshot 18-card-open RUNNING
15:51:02.319 [ INFO] maestro.Maestro.takeScreenshot: Taking screenshot
15:51:02.320 [TRACE] maestro.utils.ScreenshotUtils.takeScreenshot: Taking screenshot to output sink
15:51:02.430 [ INFO] maestro.cli.runner.CliConsoleListener.onCommandFinished: Take screenshot 18-card-open COMPLETED
15:51:02.430 [ INFO] maestro.cli.runner.CliConsoleListener.onCommandStart: Tap on id: game-chat RUNNING
15:51:02.567 [ INFO] maestro.Maestro.tap-HgV9Ck0: Tapping on element:  UiElement(treeNode=TreeNode(attributes={text=, accessibilityText=Sohbet, hintText=, ignoreBoundsFiltering=false, resource-id=game-chat, clickable=true, bounds=[260,30][304,74], enabled=true, focused=false, checked=false, scrollable=false, selected=false, class=android.widget.Button, important-for-accessibility=true, error=}, children=[TreeNode(attributes={text=, accessibilityText=, hintText=, ignoreBoundsFiltering=false, resource-id=, clickable=false, bounds=[260,30][304,74], enabled=true, focused=false, checked=false, scrollable=false, selected=false, class=android.view.ViewGroup, important-for-accessibility=false, error=}, children=[], clickable=false, enabled=true, focused=false, checked=false, selected=false), TreeNode(attributes={text=, accessibilityText=, hintText=, ignoreBoundsFiltering=false, resource-id=, clickable=false, bounds=[272,41][292,62], enabled=true, focused=false, checked=false, scrollable=false, selected=false, class=android.widget.TextView, important-for-accessibility=true, error=}, children=[], clickable=false, enabled=true, focused=false, checked=false, selected=false)], clickable=true, enabled=true, focused=false, checked=false, selected=false), bounds=Bounds(x=260, y=30, width=44, height=44))
15:51:05.302 [ INFO] maestro.Maestro.tap-HgV9Ck0: Tap aimed via settled hierarchy
15:51:05.302 [ INFO] maestro.Maestro.hierarchyBasedTap-ogj28Uc: Tapping at (282, 52) using hierarchy based logic for wait
15:51:06.342 [ INFO] maestro.Maestro.hierarchyBasedTap-ogj28Uc: Something has changed in the UI judging by view hierarchy. Proceed.
15:51:06.342 [ INFO] maestro.cli.runner.CliConsoleListener.onCommandFinished: Tap on id: game-chat COMPLETED
15:51:06.343 [ INFO] maestro.cli.runner.CliConsoleListener.onCommandStart: Assert that id: game-chat-panel is visible RUNNING
15:51:06.495 [ INFO] maestro.cli.runner.CliConsoleListener.onCommandFinished: Assert that id: game-chat-panel is visible COMPLETED
15:51:06.495 [ INFO] maestro.cli.runner.CliConsoleListener.onCommandStart: Take screenshot 18b-game-chat RUNNING
15:51:06.496 [ INFO] maestro.Maestro.takeScreenshot: Taking screenshot
15:51:06.496 [TRACE] maestro.utils.ScreenshotUtils.takeScreenshot: Taking screenshot to output sink
15:51:06.569 [ INFO] maestro.cli.runner.CliConsoleListener.onCommandFinished: Take screenshot 18b-game-chat COMPLETED
15:51:06.569 [ INFO] maestro.cli.runner.CliConsoleListener.onCommandStart: Tap on id: chat-back RUNNING
15:51:07.325 [ INFO] maestro.Maestro.tap-HgV9Ck0: Tapping on element:  UiElement(treeNode=TreeNode(attributes={text=, accessibilityText=Geri, hintText=, ignoreBoundsFiltering=false, resource-id=chat-back, clickable=true, bounds=[4,149][48,193], enabled=true, focused=false, checked=false, scrollable=false, selected=false, class=android.widget.Button, important-for-accessibility=true, error=}, children=[TreeNode(attributes={text=, accessibilityText=, hintText=, ignoreBoundsFiltering=false, resource-id=, clickable=false, bounds=[14,158][38,184], enabled=true, focused=false, checked=false, scrollable=false, selected=false, class=android.widget.TextView, important-for-accessibility=true, error=}, children=[], clickable=false, enabled=true, focused=false, checked=false, selected=false)], clickable=true, enabled=true, focused=false, checked=false, selected=false), bounds=Bounds(x=4, y=149, width=44, height=44))
15:51:09.323 [ INFO] maestro.Maestro.tap-HgV9Ck0: Tap aimed via settled hierarchy
15:51:09.323 [ INFO] maestro.Maestro.hierarchyBasedTap-ogj28Uc: Tapping at (26, 171) using hierarchy based logic for wait
15:51:10.222 [ INFO] maestro.Maestro.hierarchyBasedTap-ogj28Uc: Something has changed in the UI judging by view hierarchy. Proceed.
15:51:10.222 [ INFO] maestro.cli.runner.CliConsoleListener.onCommandFinished: Tap on id: chat-back COMPLETED
15:51:10.222 [ INFO] maestro.cli.runner.CliConsoleListener.onCommandStart: Scrolling DOWN until id: tabu-pass is visible with speed 40, visibility percentage 100%, timeout 10000 ms, with centering enabled RUNNING
15:51:10.344 [ INFO] maestro.orchestra.Orchestra.scrollUntilVisible: Scrolling try count: 0, DeviceWidth: 320, DeviceWidth: 640
15:51:10.344 [ INFO] maestro.orchestra.Orchestra.scrollUntilVisible: Element bounds: Bounds(x=165, y=611, width=139, height=29)
15:51:10.344 [ INFO] maestro.orchestra.Orchestra.scrollUntilVisible: Visibility Percent: 1.0
15:51:10.344 [ INFO] maestro.orchestra.Orchestra.scrollUntilVisible: Command centerElement: ScrollUntilVisibleCommand(selector=ElementSelector(textRegex=null, idRegex=tabu-pass, size=null, below=null, above=null, leftOf=null, rightOf=null, containsChild=null, containsDescendants=null, traits=null, index=null, enabled=null, optional=false, selected=null, checked=null, focused=null, childOf=null, css=null), direction=DOWN, scrollDuration=601, visibilityPercentage=100, timeout=10000, waitToSettleTimeoutMs=null, centerElement=true, originalSpeedValue=40, label=null, optional=false).centerElement
15:51:10.344 [ INFO] maestro.orchestra.Orchestra.scrollUntilVisible: visibilityPercentageNormalized: 1.0
15:51:10.385 [ INFO] maestro.Maestro.swipeFromCenter: Swiping UP from center
15:51:12.219 [ INFO] maestro.orchestra.Orchestra.scrollUntilVisible: Scrolling try count: 1, DeviceWidth: 320, DeviceWidth: 640
15:51:12.219 [ INFO] maestro.orchestra.Orchestra.scrollUntilVisible: Element bounds: Bounds(x=165, y=468, width=139, height=64)
15:51:12.219 [ INFO] maestro.orchestra.Orchestra.scrollUntilVisible: Visibility Percent: 1.0
15:51:12.219 [ INFO] maestro.orchestra.Orchestra.scrollUntilVisible: Command centerElement: ScrollUntilVisibleCommand(selector=ElementSelector(textRegex=null, idRegex=tabu-pass, size=null, below=null, above=null, leftOf=null, rightOf=null, containsChild=null, containsDescendants=null, traits=null, index=null, enabled=null, optional=false, selected=null, checked=null, focused=null, childOf=null, css=null), direction=DOWN, scrollDuration=601, visibilityPercentage=100, timeout=10000, waitToSettleTimeoutMs=null, centerElement=true, originalSpeedValue=40, label=null, optional=false).centerElement
15:51:12.219 [ INFO] maestro.orchestra.Orchestra.scrollUntilVisible: visibilityPercentageNormalized: 1.0
15:51:12.223 [ INFO] maestro.Maestro.swipeFromCenter: Swiping UP from center
15:51:13.258 [ INFO] maestro.orchestra.Orchestra.scrollUntilVisible: Scrolling try count: 2, DeviceWidth: 320, DeviceWidth: 640
15:51:13.258 [ INFO] maestro.orchestra.Orchestra.scrollUntilVisible: Element bounds: Bounds(x=165, y=468, width=139, height=64)
15:51:13.258 [ INFO] maestro.orchestra.Orchestra.scrollUntilVisible: Visibility Percent: 1.0
15:51:13.260 [ INFO] maestro.orchestra.Orchestra.scrollUntilVisible: Command centerElement: ScrollUntilVisibleCommand(selector=ElementSelector(textRegex=null, idRegex=tabu-pass, size=null, below=null, above=null, leftOf=null, rightOf=null, containsChild=null, containsDescendants=null, traits=null, index=null, enabled=null, optional=false, selected=null, checked=null, focused=null, childOf=null, css=null), direction=DOWN, scrollDuration=601, visibilityPercentage=100, timeout=10000, waitToSettleTimeoutMs=null, centerElement=true, originalSpeedValue=40, label=null, optional=false).centerElement
15:51:13.261 [ INFO] maestro.orchestra.Orchestra.scrollUntilVisible: visibilityPercentageNormalized: 1.0
15:51:13.302 [ INFO] maestro.Maestro.swipeFromCenter: Swiping UP from center
15:51:14.302 [ INFO] maestro.orchestra.Orchestra.scrollUntilVisible: Scrolling try count: 3, DeviceWidth: 320, DeviceWidth: 640
15:51:14.302 [ INFO] maestro.orchestra.Orchestra.scrollUntilVisible: Element bounds: Bounds(x=165, y=468, width=139, height=64)
15:51:14.303 [ INFO] maestro.orchestra.Orchestra.scrollUntilVisible: Visibility Percent: 1.0
15:51:14.303 [ INFO] maestro.orchestra.Orchestra.scrollUntilVisible: Command centerElement: ScrollUntilVisibleCommand(selector=ElementSelector(textRegex=null, idRegex=tabu-pass, size=null, below=null, above=null, leftOf=null, rightOf=null, containsChild=null, containsDescendants=null, traits=null, index=null, enabled=null, optional=false, selected=null, checked=null, focused=null, childOf=null, css=null), direction=DOWN, scrollDuration=601, visibilityPercentage=100, timeout=10000, waitToSettleTimeoutMs=null, centerElement=true, originalSpeedValue=40, label=null, optional=false).centerElement
15:51:14.303 [ INFO] maestro.orchestra.Orchestra.scrollUntilVisible: visibilityPercentageNormalized: 1.0
15:51:14.344 [ INFO] maestro.Maestro.swipeFromCenter: Swiping UP from center
15:51:15.366 [ INFO] maestro.orchestra.Orchestra.scrollUntilVisible: Scrolling try count: 4, DeviceWidth: 320, DeviceWidth: 640
15:51:15.366 [ INFO] maestro.orchestra.Orchestra.scrollUntilVisible: Element bounds: Bounds(x=165, y=468, width=139, height=64)
15:51:15.367 [ INFO] maestro.orchestra.Orchestra.scrollUntilVisible: Visibility Percent: 1.0
15:51:15.367 [ INFO] maestro.orchestra.Orchestra.scrollUntilVisible: Command centerElement: ScrollUntilVisibleCommand(selector=ElementSelector(textRegex=null, idRegex=tabu-pass, size=null, below=null, above=null, leftOf=null, rightOf=null, containsChild=null, containsDescendants=null, traits=null, index=null, enabled=null, optional=false, selected=null, checked=null, focused=null, childOf=null, css=null), direction=DOWN, scrollDuration=601, visibilityPercentage=100, timeout=10000, waitToSettleTimeoutMs=null, centerElement=true, originalSpeedValue=40, label=null, optional=false).centerElement
15:51:15.367 [ INFO] maestro.orchestra.Orchestra.scrollUntilVisible: visibilityPercentageNormalized: 1.0
15:51:15.408 [ INFO] maestro.Maestro.swipeFromCenter: Swiping UP from center
15:51:16.419 [ INFO] maestro.orchestra.Orchestra.scrollUntilVisible: Scrolling try count: 5, DeviceWidth: 320, DeviceWidth: 640
15:51:16.419 [ INFO] maestro.orchestra.Orchestra.scrollUntilVisible: Element bounds: Bounds(x=165, y=468, width=139, height=64)
15:51:16.419 [ INFO] maestro.orchestra.Orchestra.scrollUntilVisible: Visibility Percent: 1.0
15:51:16.419 [ INFO] maestro.orchestra.Orchestra.scrollUntilVisible: Command centerElement: ScrollUntilVisibleCommand(selector=ElementSelector(textRegex=null, idRegex=tabu-pass, size=null, below=null, above=null, leftOf=null, rightOf=null, containsChild=null, containsDescendants=null, traits=null, index=null, enabled=null, optional=false, selected=null, checked=null, focused=null, childOf=null, css=null), direction=DOWN, scrollDuration=601, visibilityPercentage=100, timeout=10000, waitToSettleTimeoutMs=null, centerElement=true, originalSpeedValue=40, label=null, optional=false).centerElement
15:51:16.419 [ INFO] maestro.orchestra.Orchestra.scrollUntilVisible: visibilityPercentageNormalized: 1.0
15:51:16.419 [ INFO] maestro.cli.runner.CliConsoleListener.onCommandFinished: Scrolling DOWN until id: tabu-pass is visible with speed 40, visibility percentage 100%, timeout 10000 ms, with centering enabled COMPLETED
15:51:16.419 [ INFO] maestro.cli.runner.CliConsoleListener.onCommandStart: Assert that "3 hak" is visible RUNNING
15:51:17.048 [ INFO] maestro.cli.runner.CliConsoleListener.onCommandFinished: Assert that "3 hak" is visible COMPLETED
15:51:17.048 [ INFO] maestro.cli.runner.CliConsoleListener.onCommandStart: Tap on id: tabu-pass RUNNING
15:51:17.122 [ INFO] maestro.Maestro.tap-HgV9Ck0: Tapping on element:  UiElement(treeNode=TreeNode(attributes={text=, accessibilityText=Pas, 3 pas hakkı, hintText=, ignoreBoundsFiltering=false, resource-id=tabu-pass, clickable=true, bounds=[165,468][304,532], enabled=true, focused=false, checked=false, scrollable=false, selected=false, class=android.widget.Button, important-for-accessibility=true, error=}, children=[TreeNode(attributes={text=, accessibilityText=, hintText=, ignoreBoundsFiltering=false, resource-id=, clickable=false, bounds=[165,468][304,532], enabled=true, focused=false, checked=false, scrollable=false, selected=false, class=android.view.ViewGroup, important-for-accessibility=false, error=}, children=[], clickable=false, enabled=true, focused=false, checked=false, selected=false), TreeNode(attributes={text=, accessibilityText=, hintText=, ignoreBoundsFiltering=false, resource-id=, clickable=false, bounds=[184,489][204,510], enabled=true, focused=false, checked=false, scrollable=false, selected=false, class=android.widget.TextView, important-for-accessibility=true, error=}, children=[], clickable=false, enabled=true, focused=false, checked=false, selected=false), TreeNode(attributes={text=Pas, accessibilityText=, hintText=, ignoreBoundsFiltering=false, resource-id=, clickable=false, bounds=[211,489][241,511], enabled=true, focused=false, checked=false, scrollable=false, selected=false, class=android.widget.TextView, important-for-accessibility=true, error=}, children=[], clickable=false, enabled=true, focused=false, checked=false, selected=false), TreeNode(attributes={text=3 hak, accessibilityText=, hintText=, ignoreBoundsFiltering=false, resource-id=, clickable=false, bounds=[245,491][285,511], enabled=true, focused=false, checked=false, scrollable=false, selected=false, class=android.widget.TextView, important-for-accessibility=true, error=}, children=[], clickable=false, enabled=true, focused=false, checked=false, selected=false)], clickable=true, enabled=true, focused=false, checked=false, selected=false), bounds=Bounds(x=165, y=468, width=139, height=64))
15:51:18.082 [ INFO] maestro.Maestro.tap-HgV9Ck0: Tap aimed via settled hierarchy
15:51:18.083 [ INFO] maestro.Maestro.hierarchyBasedTap-ogj28Uc: Tapping at (234, 500) using hierarchy based logic for wait
15:51:19.422 [ INFO] maestro.Maestro.hierarchyBasedTap-ogj28Uc: Something has changed in the UI judging by view hierarchy. Proceed.
15:51:19.422 [ INFO] maestro.cli.runner.CliConsoleListener.onCommandFinished: Tap on id: tabu-pass COMPLETED
15:51:19.422 [ INFO] maestro.cli.runner.CliConsoleListener.onCommandStart: Scrolling DOWN until "2 hak" is visible with speed 40, visibility percentage 100%, timeout 10000 ms, with centering enabled RUNNING
15:51:19.503 [ INFO] maestro.orchestra.Orchestra.scrollUntilVisible: Scrolling try count: 0, DeviceWidth: 320, DeviceWidth: 640
15:51:19.503 [ INFO] maestro.orchestra.Orchestra.scrollUntilVisible: Element bounds: Bounds(x=245, y=491, width=40, height=20)
15:51:19.503 [ INFO] maestro.orchestra.Orchestra.scrollUntilVisible: Visibility Percent: 1.0
15:51:19.503 [ INFO] maestro.orchestra.Orchestra.scrollUntilVisible: Command centerElement: ScrollUntilVisibleCommand(selector=ElementSelector(textRegex=2 hak, idRegex=null, size=null, below=null, above=null, leftOf=null, rightOf=null, containsChild=null, containsDescendants=null, traits=null, index=null, enabled=null, optional=false, selected=null, checked=null, focused=null, childOf=null, css=null), direction=DOWN, scrollDuration=601, visibilityPercentage=100, timeout=10000, waitToSettleTimeoutMs=null, centerElement=true, originalSpeedValue=40, label=null, optional=false).centerElement
15:51:19.503 [ INFO] maestro.orchestra.Orchestra.scrollUntilVisible: visibilityPercentageNormalized: 1.0
15:51:19.544 [ INFO] maestro.Maestro.swipeFromCenter: Swiping UP from center
15:51:21.095 [ INFO] maestro.orchestra.Orchestra.scrollUntilVisible: Scrolling try count: 1, DeviceWidth: 320, DeviceWidth: 640
15:51:21.095 [ INFO] maestro.orchestra.Orchestra.scrollUntilVisible: Element bounds: Bounds(x=245, y=491, width=40, height=20)
15:51:21.095 [ INFO] maestro.orchestra.Orchestra.scrollUntilVisible: Visibility Percent: 1.0
15:51:21.096 [ INFO] maestro.orchestra.Orchestra.scrollUntilVisible: Command centerElement: ScrollUntilVisibleCommand(selector=ElementSelector(textRegex=2 hak, idRegex=null, size=null, below=null, above=null, leftOf=null, rightOf=null, containsChild=null, containsDescendants=null, traits=null, index=null, enabled=null, optional=false, selected=null, checked=null, focused=null, childOf=null, css=null), direction=DOWN, scrollDuration=601, visibilityPercentage=100, timeout=10000, waitToSettleTimeoutMs=null, centerElement=true, originalSpeedValue=40, label=null, optional=false).centerElement
15:51:21.096 [ INFO] maestro.orchestra.Orchestra.scrollUntilVisible: visibilityPercentageNormalized: 1.0
15:51:21.139 [ INFO] maestro.Maestro.swipeFromCenter: Swiping UP from center
15:51:22.515 [ INFO] maestro.orchestra.Orchestra.scrollUntilVisible: Scrolling try count: 2, DeviceWidth: 320, DeviceWidth: 640
15:51:22.515 [ INFO] maestro.orchestra.Orchestra.scrollUntilVisible: Element bounds: Bounds(x=245, y=491, width=40, height=20)
15:51:22.515 [ INFO] maestro.orchestra.Orchestra.scrollUntilVisible: Visibility Percent: 1.0
15:51:22.515 [ INFO] maestro.orchestra.Orchestra.scrollUntilVisible: Command centerElement: ScrollUntilVisibleCommand(selector=ElementSelector(textRegex=2 hak, idRegex=null, size=null, below=null, above=null, leftOf=null, rightOf=null, containsChild=null, containsDescendants=null, traits=null, index=null, enabled=null, optional=false, selected=null, checked=null, focused=null, childOf=null, css=null), direction=DOWN, scrollDuration=601, visibilityPercentage=100, timeout=10000, waitToSettleTimeoutMs=null, centerElement=true, originalSpeedValue=40, label=null, optional=false).centerElement
15:51:22.515 [ INFO] maestro.orchestra.Orchestra.scrollUntilVisible: visibilityPercentageNormalized: 1.0
15:51:22.519 [ INFO] maestro.Maestro.swipeFromCenter: Swiping UP from center
15:51:23.507 [ INFO] maestro.orchestra.Orchestra.scrollUntilVisible: Scrolling try count: 3, DeviceWidth: 320, DeviceWidth: 640
15:51:23.507 [ INFO] maestro.orchestra.Orchestra.scrollUntilVisible: Element bounds: Bounds(x=245, y=491, width=40, height=20)
15:51:23.507 [ INFO] maestro.orchestra.Orchestra.scrollUntilVisible: Visibility Percent: 1.0
15:51:23.507 [ INFO] maestro.orchestra.Orchestra.scrollUntilVisible: Command centerElement: ScrollUntilVisibleCommand(selector=ElementSelector(textRegex=2 hak, idRegex=null, size=null, below=null, above=null, leftOf=null, rightOf=null, containsChild=null, containsDescendants=null, traits=null, index=null, enabled=null, optional=false, selected=null, checked=null, focused=null, childOf=null, css=null), direction=DOWN, scrollDuration=601, visibilityPercentage=100, timeout=10000, waitToSettleTimeoutMs=null, centerElement=true, originalSpeedValue=40, label=null, optional=false).centerElement
15:51:23.507 [ INFO] maestro.orchestra.Orchestra.scrollUntilVisible: visibilityPercentageNormalized: 1.0
15:51:23.551 [ INFO] maestro.Maestro.swipeFromCenter: Swiping UP from center
15:51:25.023 [ INFO] maestro.orchestra.Orchestra.scrollUntilVisible: Scrolling try count: 4, DeviceWidth: 320, DeviceWidth: 640
15:51:25.023 [ INFO] maestro.orchestra.Orchestra.scrollUntilVisible: Element bounds: Bounds(x=245, y=491, width=40, height=20)
15:51:25.023 [ INFO] maestro.orchestra.Orchestra.scrollUntilVisible: Visibility Percent: 1.0
15:51:25.023 [ INFO] maestro.orchestra.Orchestra.scrollUntilVisible: Command centerElement: ScrollUntilVisibleCommand(selector=ElementSelector(textRegex=2 hak, idRegex=null, size=null, below=null, above=null, leftOf=null, rightOf=null, containsChild=null, containsDescendants=null, traits=null, index=null, enabled=null, optional=false, selected=null, checked=null, focused=null, childOf=null, css=null), direction=DOWN, scrollDuration=601, visibilityPercentage=100, timeout=10000, waitToSettleTimeoutMs=null, centerElement=true, originalSpeedValue=40, label=null, optional=false).centerElement
15:51:25.023 [ INFO] maestro.orchestra.Orchestra.scrollUntilVisible: visibilityPercentageNormalized: 1.0
15:51:25.027 [ INFO] maestro.Maestro.swipeFromCenter: Swiping UP from center
15:51:26.535 [ INFO] maestro.orchestra.Orchestra.scrollUntilVisible: Scrolling try count: 5, DeviceWidth: 320, DeviceWidth: 640
15:51:26.535 [ INFO] maestro.orchestra.Orchestra.scrollUntilVisible: Element bounds: Bounds(x=245, y=491, width=40, height=20)
15:51:26.535 [ INFO] maestro.orchestra.Orchestra.scrollUntilVisible: Visibility Percent: 1.0
15:51:26.535 [ INFO] maestro.orchestra.Orchestra.scrollUntilVisible: Command centerElement: ScrollUntilVisibleCommand(selector=ElementSelector(textRegex=2 hak, idRegex=null, size=null, below=null, above=null, leftOf=null, rightOf=null, containsChild=null, containsDescendants=null, traits=null, index=null, enabled=null, optional=false, selected=null, checked=null, focused=null, childOf=null, css=null), direction=DOWN, scrollDuration=601, visibilityPercentage=100, timeout=10000, waitToSettleTimeoutMs=null, centerElement=true, originalSpeedValue=40, label=null, optional=false).centerElement
15:51:26.536 [ INFO] maestro.orchestra.Orchestra.scrollUntilVisible: visibilityPercentageNormalized: 1.0
15:51:26.536 [ INFO] maestro.cli.runner.CliConsoleListener.onCommandFinished: Scrolling DOWN until "2 hak" is visible with speed 40, visibility percentage 100%, timeout 10000 ms, with centering enabled COMPLETED
15:51:26.536 [ INFO] maestro.cli.runner.CliConsoleListener.onCommandStart: Run ../scripts/bot.js RUNNING
15:51:26.627 [ INFO] maestro.cli.runner.CliConsoleListener.onCommandFinished: Run ../scripts/bot.js COMPLETED
15:51:26.627 [ INFO] maestro.cli.runner.CliConsoleListener.onCommandStart: Take screenshot 19-after-marks RUNNING
15:51:26.628 [ INFO] maestro.Maestro.takeScreenshot: Taking screenshot
15:51:26.628 [TRACE] maestro.utils.ScreenshotUtils.takeScreenshot: Taking screenshot to output sink
15:51:26.653 [ INFO] maestro.cli.runner.CliConsoleListener.onCommandFinished: Take screenshot 19-after-marks COMPLETED
15:51:26.653 [ INFO] maestro.cli.runner.CliConsoleListener.onCommandStart: Run ../scripts/bot.js RUNNING
15:51:26.758 [ INFO] maestro.cli.runner.CliConsoleListener.onCommandFinished: Run ../scripts/bot.js COMPLETED
15:51:26.758 [ INFO] maestro.cli.runner.CliConsoleListener.onCommandStart: Scrolling UP until ".*Tur 2/6" is visible with speed 40, visibility percentage 100%, timeout 20000 ms, with centering disabled RUNNING
15:51:27.656 [ INFO] maestro.orchestra.Orchestra.scrollUntilVisible: Scrolling try count: 0, DeviceWidth: 320, DeviceWidth: 640
15:51:27.656 [ INFO] maestro.orchestra.Orchestra.scrollUntilVisible: Element bounds: Bounds(x=16, y=96, width=88, height=20)
15:51:27.656 [ INFO] maestro.orchestra.Orchestra.scrollUntilVisible: Visibility Percent: 1.0
15:51:27.656 [ INFO] maestro.orchestra.Orchestra.scrollUntilVisible: Command centerElement: ScrollUntilVisibleCommand(selector=ElementSelector(textRegex=.*Tur 2/6, idRegex=null, size=null, below=null, above=null, leftOf=null, rightOf=null, containsChild=null, containsDescendants=null, traits=null, index=null, enabled=null, optional=false, selected=null, checked=null, focused=null, childOf=null, css=null), direction=UP, scrollDuration=601, visibilityPercentage=100, timeout=20000, waitToSettleTimeoutMs=null, centerElement=false, originalSpeedValue=40, label=null, optional=false).centerElement
15:51:27.656 [ INFO] maestro.orchestra.Orchestra.scrollUntilVisible: visibilityPercentageNormalized: 1.0
15:51:27.657 [ INFO] maestro.cli.runner.CliConsoleListener.onCommandFinished: Scrolling UP until ".*Tur 2/6" is visible with speed 40, visibility percentage 100%, timeout 20000 ms, with centering disabled COMPLETED
15:51:27.657 [ INFO] maestro.cli.runner.CliConsoleListener.onCommandStart: Scrolling DOWN until id: tabu-taboo is visible with speed 40, visibility percentage 100%, timeout 20000 ms, with centering enabled RUNNING
15:51:27.955 [ INFO] maestro.orchestra.Orchestra.scrollUntilVisible: Scrolling try count: 0, DeviceWidth: 320, DeviceWidth: 640
15:51:27.955 [ INFO] maestro.orchestra.Orchestra.scrollUntilVisible: Element bounds: Bounds(x=165, y=588, width=139, height=52)
15:51:27.955 [ INFO] maestro.orchestra.Orchestra.scrollUntilVisible: Visibility Percent: 1.0
15:51:27.955 [ INFO] maestro.orchestra.Orchestra.scrollUntilVisible: Command centerElement: ScrollUntilVisibleCommand(selector=ElementSelector(textRegex=null, idRegex=tabu-taboo, size=null, below=null, above=null, leftOf=null, rightOf=null, containsChild=null, containsDescendants=null, traits=null, index=null, enabled=null, optional=false, selected=null, checked=null, focused=null, childOf=null, css=null), direction=DOWN, scrollDuration=601, visibilityPercentage=100, timeout=20000, waitToSettleTimeoutMs=null, centerElement=true, originalSpeedValue=40, label=null, optional=false).centerElement
15:51:27.955 [ INFO] maestro.orchestra.Orchestra.scrollUntilVisible: visibilityPercentageNormalized: 1.0
15:51:27.959 [ INFO] maestro.Maestro.swipeFromCenter: Swiping UP from center
15:51:29.359 [ INFO] maestro.orchestra.Orchestra.scrollUntilVisible: Scrolling try count: 1, DeviceWidth: 320, DeviceWidth: 640
15:51:29.359 [ INFO] maestro.orchestra.Orchestra.scrollUntilVisible: Element bounds: Bounds(x=165, y=468, width=139, height=64)
15:51:29.359 [ INFO] maestro.orchestra.Orchestra.scrollUntilVisible: Visibility Percent: 1.0
15:51:29.359 [ INFO] maestro.orchestra.Orchestra.scrollUntilVisible: Command centerElement: ScrollUntilVisibleCommand(selector=ElementSelector(textRegex=null, idRegex=tabu-taboo, size=null, below=null, above=null, leftOf=null, rightOf=null, containsChild=null, containsDescendants=null, traits=null, index=null, enabled=null, optional=false, selected=null, checked=null, focused=null, childOf=null, css=null), direction=DOWN, scrollDuration=601, visibilityPercentage=100, timeout=20000, waitToSettleTimeoutMs=null, centerElement=true, originalSpeedValue=40, label=null, optional=false).centerElement
15:51:29.359 [ INFO] maestro.orchestra.Orchestra.scrollUntilVisible: visibilityPercentageNormalized: 1.0
15:51:29.365 [ INFO] maestro.Maestro.swipeFromCenter: Swiping UP from center
15:51:30.887 [ INFO] maestro.orchestra.Orchestra.scrollUntilVisible: Scrolling try count: 2, DeviceWidth: 320, DeviceWidth: 640
15:51:30.887 [ INFO] maestro.orchestra.Orchestra.scrollUntilVisible: Element bounds: Bounds(x=165, y=468, width=139, height=64)
15:51:30.887 [ INFO] maestro.orchestra.Orchestra.scrollUntilVisible: Visibility Percent: 1.0
15:51:30.887 [ INFO] maestro.orchestra.Orchestra.scrollUntilVisible: Command centerElement: ScrollUntilVisibleCommand(selector=ElementSelector(textRegex=null, idRegex=tabu-taboo, size=null, below=null, above=null, leftOf=null, rightOf=null, containsChild=null, containsDescendants=null, traits=null, index=null, enabled=null, optional=false, selected=null, checked=null, focused=null, childOf=null, css=null), direction=DOWN, scrollDuration=601, visibilityPercentage=100, timeout=20000, waitToSettleTimeoutMs=null, centerElement=true, originalSpeedValue=40, label=null, optional=false).centerElement
15:51:30.887 [ INFO] maestro.orchestra.Orchestra.scrollUntilVisible: visibilityPercentageNormalized: 1.0
15:51:30.891 [ INFO] maestro.Maestro.swipeFromCenter: Swiping UP from center
15:51:31.907 [ INFO] maestro.orchestra.Orchestra.scrollUntilVisible: Scrolling try count: 3, DeviceWidth: 320, DeviceWidth: 640
15:51:31.907 [ INFO] maestro.orchestra.Orchestra.scrollUntilVisible: Element bounds: Bounds(x=165, y=468, width=139, height=64)
15:51:31.907 [ INFO] maestro.orchestra.Orchestra.scrollUntilVisible: Visibility Percent: 1.0
15:51:31.907 [ INFO] maestro.orchestra.Orchestra.scrollUntilVisible: Command centerElement: ScrollUntilVisibleCommand(selector=ElementSelector(textRegex=null, idRegex=tabu-taboo, size=null, below=null, above=null, leftOf=null, rightOf=null, containsChild=null, containsDescendants=null, traits=null, index=null, enabled=null, optional=false, selected=null, checked=null, focused=null, childOf=null, css=null), direction=DOWN, scrollDuration=601, visibilityPercentage=100, timeout=20000, waitToSettleTimeoutMs=null, centerElement=true, originalSpeedValue=40, label=null, optional=false).centerElement
15:51:31.907 [ INFO] maestro.orchestra.Orchestra.scrollUntilVisible: visibilityPercentageNormalized: 1.0
15:51:31.952 [ INFO] maestro.Maestro.swipeFromCenter: Swiping UP from center
15:51:33.011 [ INFO] maestro.orchestra.Orchestra.scrollUntilVisible: Scrolling try count: 4, DeviceWidth: 320, DeviceWidth: 640
15:51:33.011 [ INFO] maestro.orchestra.Orchestra.scrollUntilVisible: Element bounds: Bounds(x=165, y=468, width=139, height=64)
15:51:33.011 [ INFO] maestro.orchestra.Orchestra.scrollUntilVisible: Visibility Percent: 1.0
15:51:33.011 [ INFO] maestro.orchestra.Orchestra.scrollUntilVisible: Command centerElement: ScrollUntilVisibleCommand(selector=ElementSelector(textRegex=null, idRegex=tabu-taboo, size=null, below=null, above=null, leftOf=null, rightOf=null, containsChild=null, containsDescendants=null, traits=null, index=null, enabled=null, optional=false, selected=null, checked=null, focused=null, childOf=null, css=null), direction=DOWN, scrollDuration=601, visibilityPercentage=100, timeout=20000, waitToSettleTimeoutMs=null, centerElement=true, originalSpeedValue=40, label=null, optional=false).centerElement
15:51:33.011 [ INFO] maestro.orchestra.Orchestra.scrollUntilVisible: visibilityPercentageNormalized: 1.0
15:51:33.054 [ INFO] maestro.Maestro.swipeFromCenter: Swiping UP from center
15:51:34.019 [ INFO] maestro.orchestra.Orchestra.scrollUntilVisible: Scrolling try count: 5, DeviceWidth: 320, DeviceWidth: 640
15:51:34.019 [ INFO] maestro.orchestra.Orchestra.scrollUntilVisible: Element bounds: Bounds(x=165, y=468, width=139, height=64)
15:51:34.019 [ INFO] maestro.orchestra.Orchestra.scrollUntilVisible: Visibility Percent: 1.0
15:51:34.019 [ INFO] maestro.orchestra.Orchestra.scrollUntilVisible: Command centerElement: ScrollUntilVisibleCommand(selector=ElementSelector(textRegex=null, idRegex=tabu-taboo, size=null, below=null, above=null, leftOf=null, rightOf=null, containsChild=null, containsDescendants=null, traits=null, index=null, enabled=null, optional=false, selected=null, checked=null, focused=null, childOf=null, css=null), direction=DOWN, scrollDuration=601, visibilityPercentage=100, timeout=20000, waitToSettleTimeoutMs=null, centerElement=true, originalSpeedValue=40, label=null, optional=false).centerElement
15:51:34.019 [ INFO] maestro.orchestra.Orchestra.scrollUntilVisible: visibilityPercentageNormalized: 1.0
15:51:34.020 [ INFO] maestro.cli.runner.CliConsoleListener.onCommandFinished: Scrolling DOWN until id: tabu-taboo is visible with speed 40, visibility percentage 100%, timeout 20000 ms, with centering enabled COMPLETED
15:51:34.020 [ INFO] maestro.cli.runner.CliConsoleListener.onCommandStart: Take screenshot 20-judge RUNNING
15:51:34.020 [ INFO] maestro.Maestro.takeScreenshot: Taking screenshot
15:51:34.020 [TRACE] maestro.utils.ScreenshotUtils.takeScreenshot: Taking screenshot to output sink
15:51:34.081 [ INFO] maestro.cli.runner.CliConsoleListener.onCommandFinished: Take screenshot 20-judge COMPLETED
15:51:34.082 [ INFO] maestro.cli.runner.CliConsoleListener.onCommandStart: Tap on id: tabu-correct RUNNING
15:51:34.439 [ INFO] maestro.Maestro.tap-HgV9Ck0: Tapping on element:  UiElement(treeNode=TreeNode(attributes={text=, accessibilityText=Doğru +1, hintText=, ignoreBoundsFiltering=false, resource-id=tabu-correct, clickable=true, bounds=[16,468][155,532], enabled=true, focused=false, checked=false, scrollable=false, selected=false, class=android.widget.Button, important-for-accessibility=true, error=}, children=[TreeNode(attributes={text=, accessibilityText=, hintText=, ignoreBoundsFiltering=false, resource-id=, clickable=false, bounds=[16,468][155,532], enabled=true, focused=false, checked=false, scrollable=false, selected=false, class=android.view.ViewGroup, important-for-accessibility=false, error=}, children=[], clickable=false, enabled=true, focused=false, checked=false, selected=false), TreeNode(attributes={text=, accessibilityText=, hintText=, ignoreBoundsFiltering=false, resource-id=, clickable=false, bounds=[34,489][54,510], enabled=true, focused=false, checked=false, scrollable=false, selected=false, class=android.widget.TextView, important-for-accessibility=true, error=}, children=[], clickable=false, enabled=true, focused=false, checked=false, selected=false), TreeNode(attributes={text=Doğru, accessibilityText=, hintText=, ignoreBoundsFiltering=false, resource-id=, clickable=false, bounds=[60,489][113,511], enabled=true, focused=false, checked=false, scrollable=false, selected=false, class=android.widget.TextView, important-for-accessibility=true, error=}, children=[], clickable=false, enabled=true, focused=false, checked=false, selected=false), TreeNode(attributes={text=+1, accessibilityText=, hintText=, ignoreBoundsFiltering=false, resource-id=, clickable=false, bounds=[117,491][137,511], enabled=true, focused=false, checked=false, scrollable=false, selected=false, class=android.widget.TextView, important-for-accessibility=true, error=}, children=[], clickable=false, enabled=true, focused=false, checked=false, selected=false)], clickable=true, enabled=true, focused=false, checked=false, selected=false), bounds=Bounds(x=16, y=468, width=139, height=64))
15:51:35.698 [ INFO] maestro.Maestro.tap-HgV9Ck0: Tap aimed via settled hierarchy
15:51:35.698 [ INFO] maestro.Maestro.hierarchyBasedTap-ogj28Uc: Tapping at (85, 500) using hierarchy based logic for wait
15:51:36.798 [ INFO] maestro.Maestro.hierarchyBasedTap-ogj28Uc: Something has changed in the UI judging by view hierarchy. Proceed.
15:51:36.798 [ INFO] maestro.cli.runner.CliConsoleListener.onCommandFinished: Tap on id: tabu-correct COMPLETED
15:51:36.798 [ INFO] maestro.cli.runner.CliConsoleListener.onCommandStart: Scrolling DOWN until id: end-game is visible with speed 40, visibility percentage 100%, timeout 10000 ms, with centering enabled RUNNING
15:51:36.922 [ INFO] maestro.orchestra.Orchestra.scrollUntilVisible: Scrolling try count: 0, DeviceWidth: 320, DeviceWidth: 640
15:51:36.922 [ INFO] maestro.orchestra.Orchestra.scrollUntilVisible: Element bounds: Bounds(x=16, y=30, width=44, height=44)
15:51:36.923 [ INFO] maestro.orchestra.Orchestra.scrollUntilVisible: Visibility Percent: 1.0
15:51:36.923 [ INFO] maestro.orchestra.Orchestra.scrollUntilVisible: Command centerElement: ScrollUntilVisibleCommand(selector=ElementSelector(textRegex=null, idRegex=end-game, size=null, below=null, above=null, leftOf=null, rightOf=null, containsChild=null, containsDescendants=null, traits=null, index=null, enabled=null, optional=false, selected=null, checked=null, focused=null, childOf=null, css=null), direction=DOWN, scrollDuration=601, visibilityPercentage=100, timeout=10000, waitToSettleTimeoutMs=null, centerElement=true, originalSpeedValue=40, label=null, optional=false).centerElement
15:51:36.923 [ INFO] maestro.orchestra.Orchestra.scrollUntilVisible: visibilityPercentageNormalized: 1.0
15:51:36.923 [ INFO] maestro.cli.runner.CliConsoleListener.onCommandFinished: Scrolling DOWN until id: end-game is visible with speed 40, visibility percentage 100%, timeout 10000 ms, with centering enabled COMPLETED
15:51:36.923 [ INFO] maestro.cli.runner.CliConsoleListener.onCommandStart: Tap on id: end-game RUNNING
15:51:37.043 [ INFO] maestro.Maestro.tap-HgV9Ck0: Tapping on element:  UiElement(treeNode=TreeNode(attributes={text=, accessibilityText=Oyunu bitir, hintText=, ignoreBoundsFiltering=false, resource-id=end-game, clickable=true, bounds=[16,30][60,74], enabled=true, focused=false, checked=false, scrollable=false, selected=false, class=android.widget.Button, important-for-accessibility=true, error=}, children=[TreeNode(attributes={text=, accessibilityText=, hintText=, ignoreBoundsFiltering=false, resource-id=, clickable=false, bounds=[16,30][60,74], enabled=true, focused=false, checked=false, scrollable=false, selected=false, class=android.view.ViewGroup, important-for-accessibility=false, error=}, children=[], clickable=false, enabled=true, focused=false, checked=false, selected=false), TreeNode(attributes={text=, accessibilityText=, hintText=, ignoreBoundsFiltering=false, resource-id=, clickable=false, bounds=[28,41][48,62], enabled=true, focused=false, checked=false, scrollable=false, selected=false, class=android.widget.TextView, important-for-accessibility=true, error=}, children=[], clickable=false, enabled=true, focused=false, checked=false, selected=false)], clickable=true, enabled=true, focused=false, checked=false, selected=false), bounds=Bounds(x=16, y=30, width=44, height=44))
15:51:37.817 [ INFO] maestro.Maestro.tap-HgV9Ck0: Tap aimed via settled hierarchy
15:51:37.818 [ INFO] maestro.Maestro.hierarchyBasedTap-ogj28Uc: Tapping at (38, 52) using hierarchy based logic for wait
15:51:38.863 [ INFO] maestro.Maestro.hierarchyBasedTap-ogj28Uc: Something has changed in the UI judging by view hierarchy. Proceed.
15:51:38.863 [ INFO] maestro.cli.runner.CliConsoleListener.onCommandFinished: Tap on id: end-game COMPLETED
15:51:38.863 [ INFO] maestro.cli.runner.CliConsoleListener.onCommandStart: Assert that id: end-game-confirm is visible RUNNING
15:51:39.005 [ INFO] maestro.cli.runner.CliConsoleListener.onCommandFinished: Assert that id: end-game-confirm is visible COMPLETED
15:51:39.005 [ INFO] maestro.cli.runner.CliConsoleListener.onCommandStart: Take screenshot 20a-end-confirm RUNNING
15:51:39.006 [ INFO] maestro.Maestro.takeScreenshot: Taking screenshot
15:51:39.006 [TRACE] maestro.utils.ScreenshotUtils.takeScreenshot: Taking screenshot to output sink
15:51:39.036 [ INFO] maestro.cli.runner.CliConsoleListener.onCommandFinished: Take screenshot 20a-end-confirm COMPLETED
15:51:39.036 [ INFO] maestro.cli.runner.CliConsoleListener.onCommandStart: Tap on id: end-game-confirm RUNNING
15:51:39.101 [ INFO] maestro.Maestro.tap-HgV9Ck0: Tapping on element:  UiElement(treeNode=TreeNode(attributes={text=, accessibilityText=Bitir, hintText=, ignoreBoundsFiltering=false, resource-id=end-game-confirm, clickable=true, bounds=[165,568][296,616], enabled=true, focused=false, checked=false, scrollable=false, selected=false, class=android.widget.Button, important-for-accessibility=true, error=}, children=[TreeNode(attributes={text=, accessibilityText=, hintText=, ignoreBoundsFiltering=false, resource-id=, clickable=false, bounds=[165,568][296,616], enabled=true, focused=false, checked=false, scrollable=false, selected=false, class=android.view.ViewGroup, important-for-accessibility=false, error=}, children=[], clickable=false, enabled=true, focused=false, checked=false, selected=false), TreeNode(attributes={text=Bitir, accessibilityText=, hintText=, ignoreBoundsFiltering=false, resource-id=, clickable=false, bounds=[215,582][247,602], enabled=true, focused=false, checked=false, scrollable=false, selected=false, class=android.widget.TextView, important-for-accessibility=true, error=}, children=[], clickable=false, enabled=true, focused=false, checked=false, selected=false)], clickable=true, enabled=true, focused=false, checked=false, selected=false), bounds=Bounds(x=165, y=568, width=131, height=48))
15:51:41.061 [ INFO] maestro.Maestro.tap-HgV9Ck0: Tap aimed via settled hierarchy
15:51:41.062 [ INFO] maestro.Maestro.hierarchyBasedTap-ogj28Uc: Tapping at (230, 592) using hierarchy based logic for wait
15:51:42.166 [ INFO] maestro.Maestro.hierarchyBasedTap-ogj28Uc: Something has changed in the UI judging by view hierarchy. Proceed.
15:51:42.166 [ INFO] maestro.cli.runner.CliConsoleListener.onCommandFinished: Tap on id: end-game-confirm COMPLETED
15:51:42.166 [ INFO] maestro.cli.runner.CliConsoleListener.onCommandStart: Scrolling UP until id: last-game is visible with speed 40, visibility percentage 100%, timeout 15000 ms, with centering disabled RUNNING
15:51:42.287 [ INFO] maestro.orchestra.Orchestra.scrollUntilVisible: Scrolling try count: 0, DeviceWidth: 320, DeviceWidth: 640
15:51:42.287 [ INFO] maestro.orchestra.Orchestra.scrollUntilVisible: Element bounds: Bounds(x=16, y=133, width=288, height=38)
15:51:42.287 [ INFO] maestro.orchestra.Orchestra.scrollUntilVisible: Visibility Percent: 1.0
15:51:42.287 [ INFO] maestro.orchestra.Orchestra.scrollUntilVisible: Command centerElement: ScrollUntilVisibleCommand(selector=ElementSelector(textRegex=null, idRegex=last-game, size=null, below=null, above=null, leftOf=null, rightOf=null, containsChild=null, containsDescendants=null, traits=null, index=null, enabled=null, optional=false, selected=null, checked=null, focused=null, childOf=null, css=null), direction=UP, scrollDuration=601, visibilityPercentage=100, timeout=15000, waitToSettleTimeoutMs=null, centerElement=false, originalSpeedValue=40, label=null, optional=false).centerElement
15:51:42.287 [ INFO] maestro.orchestra.Orchestra.scrollUntilVisible: visibilityPercentageNormalized: 1.0
15:51:42.287 [ INFO] maestro.cli.runner.CliConsoleListener.onCommandFinished: Scrolling UP until id: last-game is visible with speed 40, visibility percentage 100%, timeout 15000 ms, with centering disabled COMPLETED
15:51:42.287 [ INFO] maestro.cli.runner.CliConsoleListener.onCommandStart: Assert that id: propose-sohbet is visible RUNNING
15:51:42.399 [ INFO] maestro.cli.runner.CliConsoleListener.onCommandFinished: Assert that id: propose-sohbet is visible COMPLETED
15:51:42.399 [ INFO] maestro.cli.runner.CliConsoleListener.onCommandStart: Take screenshot 20b-back-to-chat RUNNING
15:51:42.399 [ INFO] maestro.Maestro.takeScreenshot: Taking screenshot
15:51:42.400 [TRACE] maestro.utils.ScreenshotUtils.takeScreenshot: Taking screenshot to output sink
15:51:42.505 [ INFO] maestro.cli.runner.CliConsoleListener.onCommandFinished: Take screenshot 20b-back-to-chat COMPLETED
15:51:42.505 [ INFO] maestro.cli.runner.CliConsoleListener.onCommandStart: Tap on id: propose-sohbet RUNNING
15:51:42.619 [ INFO] maestro.Maestro.tap-HgV9Ck0: Tapping on element:  UiElement(treeNode=TreeNode(attributes={text=, accessibilityText=Sohbet kartları öner, hintText=, ignoreBoundsFiltering=false, resource-id=propose-sohbet, clickable=true, bounds=[165,261][286,373], enabled=true, focused=false, checked=false, scrollable=false, selected=false, class=android.widget.Button, important-for-accessibility=true, error=}, children=[TreeNode(attributes={text=, accessibilityText=, hintText=, ignoreBoundsFiltering=false, resource-id=, clickable=false, bounds=[165,261][286,373], enabled=true, focused=false, checked=false, scrollable=false, selected=false, class=android.view.ViewGroup, important-for-accessibility=false, error=}, children=[], clickable=false, enabled=true, focused=false, checked=false, selected=false), TreeNode(attributes={text=, accessibilityText=, hintText=, ignoreBoundsFiltering=false, resource-id=, clickable=false, bounds=[179,275][272,301], enabled=true, focused=false, checked=false, scrollable=false, selected=false, class=android.widget.TextView, important-for-accessibility=true, error=}, children=[], clickable=false, enabled=true, focused=false, checked=false, selected=false), TreeNode(attributes={text=Sohbet kartları, accessibilityText=, hintText=, ignoreBoundsFiltering=false, resource-id=, clickable=false, bounds=[179,311][272,359], enabled=true, focused=false, checked=false, scrollable=false, selected=false, class=android.widget.TextView, important-for-accessibility=true, error=}, children=[], clickable=false, enabled=true, focused=false, checked=false, selected=false)], clickable=true, enabled=true, focused=false, checked=false, selected=false), bounds=Bounds(x=165, y=261, width=121, height=112))
15:51:43.866 [ INFO] maestro.Maestro.tap-HgV9Ck0: Tap aimed via settled hierarchy
15:51:43.866 [ INFO] maestro.Maestro.hierarchyBasedTap-ogj28Uc: Tapping at (225, 317) using hierarchy based logic for wait
15:51:45.246 [ INFO] maestro.Maestro.hierarchyBasedTap-ogj28Uc: Something has changed in the UI judging by view hierarchy. Proceed.
15:51:45.246 [ INFO] maestro.cli.runner.CliConsoleListener.onCommandFinished: Tap on id: propose-sohbet COMPLETED
15:51:45.246 [ INFO] maestro.cli.runner.CliConsoleListener.onCommandStart: Assert that "Sohbet kartları önerdin.*" is visible RUNNING
15:51:45.363 [ INFO] maestro.cli.runner.CliConsoleListener.onCommandFinished: Assert that "Sohbet kartları önerdin.*" is visible COMPLETED
15:51:45.363 [ INFO] maestro.cli.runner.CliConsoleListener.onCommandStart: Run ../scripts/bot.js RUNNING
15:51:45.448 [ INFO] maestro.cli.runner.CliConsoleListener.onCommandFinished: Run ../scripts/bot.js COMPLETED
15:51:45.449 [ INFO] maestro.cli.runner.CliConsoleListener.onCommandStart: Assert that id: proposal-not-accepted is visible RUNNING
15:51:46.495 [ INFO] maestro.cli.runner.CliConsoleListener.onCommandFinished: Assert that id: proposal-not-accepted is visible COMPLETED
15:51:46.495 [ INFO] maestro.cli.runner.CliConsoleListener.onCommandStart: Take screenshot 20c-not-accepted RUNNING
15:51:46.496 [ INFO] maestro.Maestro.takeScreenshot: Taking screenshot
15:51:46.496 [TRACE] maestro.utils.ScreenshotUtils.takeScreenshot: Taking screenshot to output sink
15:51:46.519 [ INFO] maestro.cli.runner.CliConsoleListener.onCommandFinished: Take screenshot 20c-not-accepted COMPLETED
15:51:46.519 [ INFO] maestro.cli.runner.CliConsoleListener.onCommandFinished: Run flows/04-room-tabu.yaml COMPLETED
15:51:46.519 [ INFO] maestro.cli.runner.CliConsoleListener.onCommandStart: Run flows/05-reveal-friend-dm.yaml RUNNING
15:51:46.520 [ INFO] maestro.cli.runner.CliConsoleListener.onCommandStart: Apply configuration RUNNING
15:51:46.520 [ INFO] maestro.cli.runner.CliConsoleListener.onCommandFinished: Apply configuration COMPLETED
15:51:46.520 [ INFO] maestro.cli.runner.CliConsoleListener.onCommandStart: Run ../scripts/bot.js RUNNING
15:51:46.555 [ INFO] maestro.cli.runner.CliConsoleListener.onCommandFinished: Run ../scripts/bot.js COMPLETED
15:51:46.556 [ INFO] maestro.cli.runner.CliConsoleListener.onCommandStart: Scrolling DOWN until "Odayı bitir" is visible with speed 40, visibility percentage 100%, timeout 20000 ms, with centering disabled RUNNING
15:51:46.643 [ INFO] maestro.orchestra.Orchestra.scrollUntilVisible: Scrolling try count: 0, DeviceWidth: 320, DeviceWidth: 640
15:51:46.643 [ INFO] maestro.orchestra.Orchestra.scrollUntilVisible: Element bounds: Bounds(x=185, y=44, width=79, height=20)
15:51:46.643 [ INFO] maestro.orchestra.Orchestra.scrollUntilVisible: Visibility Percent: 1.0
15:51:46.643 [ INFO] maestro.orchestra.Orchestra.scrollUntilVisible: Command centerElement: ScrollUntilVisibleCommand(selector=ElementSelector(textRegex=Odayı bitir, idRegex=null, size=null, below=null, above=null, leftOf=null, rightOf=null, containsChild=null, containsDescendants=null, traits=null, index=null, enabled=null, optional=false, selected=null, checked=null, focused=null, childOf=null, css=null), direction=DOWN, scrollDuration=601, visibilityPercentage=100, timeout=20000, waitToSettleTimeoutMs=null, centerElement=false, originalSpeedValue=40, label=null, optional=false).centerElement
15:51:46.643 [ INFO] maestro.orchestra.Orchestra.scrollUntilVisible: visibilityPercentageNormalized: 1.0
15:51:46.643 [ INFO] maestro.cli.runner.CliConsoleListener.onCommandFinished: Scrolling DOWN until "Odayı bitir" is visible with speed 40, visibility percentage 100%, timeout 20000 ms, with centering disabled COMPLETED
15:51:46.643 [ INFO] maestro.cli.runner.CliConsoleListener.onCommandStart: Tap on "Odayı bitir" RUNNING
15:51:46.756 [ INFO] maestro.Maestro.tap-HgV9Ck0: Tapping on element:  UiElement(treeNode=TreeNode(attributes={text=Odayı bitir, accessibilityText=, hintText=, ignoreBoundsFiltering=false, resource-id=, clickable=false, bounds=[185,44][264,64], enabled=true, focused=false, checked=false, scrollable=false, selected=false, class=android.widget.TextView, important-for-accessibility=true, error=}, children=[], clickable=false, enabled=true, focused=false, checked=false, selected=false), bounds=Bounds(x=185, y=44, width=79, height=20))
15:51:48.002 [ INFO] maestro.Maestro.tap-HgV9Ck0: Tap aimed via settled hierarchy
15:51:48.003 [ INFO] maestro.Maestro.hierarchyBasedTap-ogj28Uc: Tapping at (224, 54) using hierarchy based logic for wait
15:51:49.286 [ INFO] maestro.Maestro.hierarchyBasedTap-ogj28Uc: Something has changed in the UI judging by view hierarchy. Proceed.
15:51:49.286 [ INFO] maestro.cli.runner.CliConsoleListener.onCommandFinished: Tap on "Odayı bitir" COMPLETED
15:51:49.286 [ INFO] maestro.cli.runner.CliConsoleListener.onCommandStart: Assert that "Tanışalım mı\?" is visible RUNNING
15:51:49.402 [ INFO] maestro.cli.runner.CliConsoleListener.onCommandFinished: Assert that "Tanışalım mı\?" is visible COMPLETED
15:51:49.402 [ INFO] maestro.cli.runner.CliConsoleListener.onCommandStart: Take screenshot 21-reveal-question RUNNING
15:51:49.403 [ INFO] maestro.Maestro.takeScreenshot: Taking screenshot
15:51:49.403 [TRACE] maestro.utils.ScreenshotUtils.takeScreenshot: Taking screenshot to output sink
15:51:49.466 [ INFO] maestro.cli.runner.CliConsoleListener.onCommandFinished: Take screenshot 21-reveal-question COMPLETED
15:51:49.466 [ INFO] maestro.cli.runner.CliConsoleListener.onCommandStart: Tap on id: reveal-yes RUNNING
15:51:49.530 [ INFO] maestro.Maestro.tap-HgV9Ck0: Tapping on element:  UiElement(treeNode=TreeNode(attributes={text=, accessibilityText=Evet, hintText=, ignoreBoundsFiltering=false, resource-id=reveal-yes, clickable=true, bounds=[165,313][283,361], enabled=true, focused=false, checked=false, scrollable=false, selected=false, class=android.widget.Button, important-for-accessibility=true, error=}, children=[TreeNode(attributes={text=, accessibilityText=, hintText=, ignoreBoundsFiltering=false, resource-id=, clickable=false, bounds=[165,313][283,361], enabled=true, focused=false, checked=false, scrollable=false, selected=false, class=android.view.ViewGroup, important-for-accessibility=false, error=}, children=[], clickable=false, enabled=true, focused=false, checked=false, selected=false), TreeNode(attributes={text=Evet, accessibilityText=, hintText=, ignoreBoundsFiltering=false, resource-id=, clickable=false, bounds=[208,327][241,347], enabled=true, focused=false, checked=false, scrollable=false, selected=false, class=android.widget.TextView, important-for-accessibility=true, error=}, children=[], clickable=false, enabled=true, focused=false, checked=false, selected=false)], clickable=true, enabled=true, focused=false, checked=false, selected=false), bounds=Bounds(x=165, y=313, width=118, height=48))
15:51:50.606 [ INFO] maestro.Maestro.tap-HgV9Ck0: Tap aimed via settled hierarchy
15:51:50.607 [ INFO] maestro.Maestro.hierarchyBasedTap-ogj28Uc: Tapping at (224, 337) using hierarchy based logic for wait
15:51:52.153 [ INFO] maestro.Maestro.hierarchyBasedTap-ogj28Uc: Something has changed in the UI judging by view hierarchy. Proceed.
15:51:52.154 [ INFO] maestro.cli.runner.CliConsoleListener.onCommandFinished: Tap on id: reveal-yes COMPLETED
15:51:52.154 [ INFO] maestro.cli.runner.CliConsoleListener.onCommandStart: Assert that "Cevabın alındı. Sonuç birazdan." is visible RUNNING
15:51:52.222 [ INFO] maestro.cli.runner.CliConsoleListener.onCommandFinished: Assert that "Cevabın alındı. Sonuç birazdan." is visible COMPLETED
15:51:52.222 [ INFO] maestro.cli.runner.CliConsoleListener.onCommandStart: Take screenshot 22-reveal-answered RUNNING
15:51:52.223 [ INFO] maestro.Maestro.takeScreenshot: Taking screenshot
15:51:52.223 [TRACE] maestro.utils.ScreenshotUtils.takeScreenshot: Taking screenshot to output sink
15:51:52.251 [ INFO] maestro.cli.runner.CliConsoleListener.onCommandFinished: Take screenshot 22-reveal-answered COMPLETED
15:51:52.251 [ INFO] maestro.cli.runner.CliConsoleListener.onCommandStart: Run ../scripts/bot.js RUNNING
15:51:52.325 [ INFO] maestro.cli.runner.CliConsoleListener.onCommandFinished: Run ../scripts/bot.js COMPLETED
15:51:52.325 [ INFO] maestro.cli.runner.CliConsoleListener.onCommandStart: Assert that "Ekranını kaldır, birbirinizi bulun." is visible RUNNING
15:51:53.581 [ INFO] maestro.cli.runner.CliConsoleListener.onCommandFinished: Assert that "Ekranını kaldır, birbirinizi bulun." is visible COMPLETED
15:51:53.581 [ INFO] maestro.cli.runner.CliConsoleListener.onCommandStart: Take screenshot 23-reveal-mutual RUNNING
15:51:53.582 [ INFO] maestro.Maestro.takeScreenshot: Taking screenshot
15:51:53.582 [TRACE] maestro.utils.ScreenshotUtils.takeScreenshot: Taking screenshot to output sink
15:51:53.609 [ INFO] maestro.cli.runner.CliConsoleListener.onCommandFinished: Take screenshot 23-reveal-mutual COMPLETED
15:51:53.609 [ INFO] maestro.cli.runner.CliConsoleListener.onCommandStart: Tap on "Arkadaş ekle" RUNNING
15:51:53.714 [ INFO] maestro.Maestro.tap-HgV9Ck0: Tapping on element:  UiElement(treeNode=TreeNode(attributes={text=Arkadaş ekle, accessibilityText=, hintText=, ignoreBoundsFiltering=false, resource-id=, clickable=false, bounds=[112,455][209,475], enabled=true, focused=false, checked=false, scrollable=false, selected=false, class=android.widget.TextView, important-for-accessibility=true, error=}, children=[], clickable=false, enabled=true, focused=false, checked=false, selected=false), bounds=Bounds(x=112, y=455, width=97, height=20))
15:51:54.962 [ INFO] maestro.Maestro.tap-HgV9Ck0: Tap aimed via settled hierarchy
15:51:54.963 [ INFO] maestro.Maestro.hierarchyBasedTap-ogj28Uc: Tapping at (160, 465) using hierarchy based logic for wait
15:51:56.149 [ INFO] maestro.Maestro.hierarchyBasedTap-ogj28Uc: Something has changed in the UI judging by view hierarchy. Proceed.
15:51:56.150 [ INFO] maestro.cli.runner.CliConsoleListener.onCommandFinished: Tap on "Arkadaş ekle" COMPLETED
15:51:56.150 [ INFO] maestro.cli.runner.CliConsoleListener.onCommandStart: Assert that "Eklendi. İkiniz de basarsanız arkadaş olursunuz." is visible RUNNING
15:51:56.214 [ INFO] maestro.cli.runner.CliConsoleListener.onCommandFinished: Assert that "Eklendi. İkiniz de basarsanız arkadaş olursunuz." is visible COMPLETED
15:51:56.215 [ INFO] maestro.cli.runner.CliConsoleListener.onCommandStart: Take screenshot 24-add-friend-done RUNNING
15:51:56.215 [ INFO] maestro.Maestro.takeScreenshot: Taking screenshot
15:51:56.215 [TRACE] maestro.utils.ScreenshotUtils.takeScreenshot: Taking screenshot to output sink
15:51:56.279 [ INFO] maestro.cli.runner.CliConsoleListener.onCommandFinished: Take screenshot 24-add-friend-done COMPLETED
15:51:56.280 [ INFO] maestro.cli.runner.CliConsoleListener.onCommandStart: Run ../scripts/bot.js RUNNING
15:51:56.348 [ INFO] maestro.cli.runner.CliConsoleListener.onCommandFinished: Run ../scripts/bot.js COMPLETED
15:51:56.348 [ INFO] maestro.cli.runner.CliConsoleListener.onCommandStart: Tap on "Mekana dön" RUNNING
15:51:56.451 [ INFO] maestro.Maestro.tap-HgV9Ck0: Tapping on element:  UiElement(treeNode=TreeNode(attributes={text=Mekana dön, accessibilityText=, hintText=, ignoreBoundsFiltering=false, resource-id=, clickable=false, bounds=[115,512][206,532], enabled=true, focused=false, checked=false, scrollable=false, selected=false, class=android.widget.TextView, important-for-accessibility=true, error=}, children=[], clickable=false, enabled=true, focused=false, checked=false, selected=false), bounds=Bounds(x=115, y=512, width=91, height=20))
15:51:57.685 [ INFO] maestro.Maestro.tap-HgV9Ck0: Tap aimed via settled hierarchy
15:51:57.686 [ INFO] maestro.Maestro.hierarchyBasedTap-ogj28Uc: Tapping at (160, 522) using hierarchy based logic for wait
15:51:59.082 [ INFO] maestro.Maestro.hierarchyBasedTap-ogj28Uc: Something has changed in the UI judging by view hierarchy. Proceed.
15:51:59.082 [ INFO] maestro.cli.runner.CliConsoleListener.onCommandFinished: Tap on "Mekana dön" COMPLETED
15:51:59.083 [ INFO] maestro.cli.runner.CliConsoleListener.onCommandStart: Tap on id: tab-messages RUNNING
15:51:59.177 [ INFO] maestro.Maestro.tap-HgV9Ck0: Tapping on element:  UiElement(treeNode=TreeNode(attributes={text=, accessibilityText=Mesajlar, hintText=, ignoreBoundsFiltering=false, resource-id=tab-messages, clickable=true, bounds=[187,568][242,632], enabled=true, focused=false, checked=false, scrollable=false, selected=false, class=android.view.View, important-for-accessibility=true, error=}, children=[TreeNode(attributes={text=, accessibilityText=, hintText=, ignoreBoundsFiltering=false, resource-id=, clickable=false, bounds=[202,580][226,604], enabled=true, focused=false, checked=false, scrollable=false, selected=false, class=android.widget.ImageView, important-for-accessibility=false, error=}, children=[], clickable=false, enabled=true, focused=false, checked=false, selected=false), TreeNode(attributes={text=Mesajlar, accessibilityText=, hintText=, ignoreBoundsFiltering=false, resource-id=, clickable=false, bounds=[190,612][238,628], enabled=true, focused=false, checked=false, scrollable=false, selected=false, class=android.widget.TextView, important-for-accessibility=true, error=}, children=[], clickable=false, enabled=true, focused=false, checked=false, selected=false)], clickable=true, enabled=true, focused=false, checked=false, selected=false), bounds=Bounds(x=187, y=568, width=55, height=64))
15:52:01.196 [ INFO] maestro.Maestro.tap-HgV9Ck0: Tap aimed via settled hierarchy
15:52:01.197 [ INFO] maestro.Maestro.hierarchyBasedTap-ogj28Uc: Tapping at (214, 600) using hierarchy based logic for wait
15:52:02.182 [ INFO] maestro.Maestro.hierarchyBasedTap-ogj28Uc: Something has changed in the UI judging by view hierarchy. Proceed.
15:52:02.182 [ INFO] maestro.cli.runner.CliConsoleListener.onCommandFinished: Tap on id: tab-messages COMPLETED
15:52:02.183 [ INFO] maestro.cli.runner.CliConsoleListener.onCommandStart: Assert that "Henüz mesaj yok" is visible RUNNING
15:52:02.303 [ INFO] maestro.cli.runner.CliConsoleListener.onCommandFinished: Assert that "Henüz mesaj yok" is visible COMPLETED
15:52:02.303 [ INFO] maestro.cli.runner.CliConsoleListener.onCommandStart: Take screenshot 25-messages RUNNING
15:52:02.304 [ INFO] maestro.Maestro.takeScreenshot: Taking screenshot
15:52:02.304 [TRACE] maestro.utils.ScreenshotUtils.takeScreenshot: Taking screenshot to output sink
15:52:02.365 [ INFO] maestro.cli.runner.CliConsoleListener.onCommandFinished: Take screenshot 25-messages COMPLETED
15:52:02.365 [ INFO] maestro.cli.runner.CliConsoleListener.onCommandStart: Tap on id: inbox-Bot Masa RUNNING
15:52:02.445 [ INFO] maestro.Maestro.tap-HgV9Ck0: Tapping on element:  UiElement(treeNode=TreeNode(attributes={text=, accessibilityText=Bot Masa, Henüz mesaj yok, hintText=, ignoreBoundsFiltering=false, resource-id=inbox-Bot Masa, clickable=true, bounds=[20,100][300,180], enabled=true, focused=false, checked=false, scrollable=false, selected=false, class=android.widget.Button, important-for-accessibility=true, error=}, children=[TreeNode(attributes={text=, accessibilityText=, hintText=, ignoreBoundsFiltering=false, resource-id=, clickable=false, bounds=[20,100][300,180], enabled=true, focused=false, checked=false, scrollable=false, selected=false, class=android.view.ViewGroup, important-for-accessibility=false, error=}, children=[], clickable=false, enabled=true, focused=false, checked=false, selected=false), TreeNode(attributes={text=, accessibilityText=Bot Masa, hintText=, ignoreBoundsFiltering=false, resource-id=, clickable=false, bounds=[32,112][88,168], enabled=true, focused=false, checked=false, scrollable=false, selected=false, class=android.view.ViewGroup, important-for-accessibility=true, error=}, children=[TreeNode(attributes={text=, accessibilityText=, hintText=, ignoreBoundsFiltering=false, resource-id=, clickable=false, bounds=[32,112][88,168], enabled=true, focused=false, checked=false, scrollable=false, selected=false, class=android.view.ViewGroup, important-for-accessibility=false, error=}, children=[TreeNode(attributes={text=BM, accessibilityText=, hintText=, ignoreBoundsFiltering=false, resource-id=, clickable=false, bounds=[45,128][75,152], enabled=true, focused=false, checked=false, scrollable=false, selected=false, class=android.widget.TextView, important-for-accessibility=true, error=}, children=[], clickable=false, enabled=true, focused=false, checked=false, selected=false)], clickable=false, enabled=true, focused=false, checked=false, selected=false)], clickable=false, enabled=true, focused=false, checked=false, selected=false), TreeNode(attributes={text=Bot Masa, accessibilityText=, hintText=, ignoreBoundsFiltering=false, resource-id=, clickable=false, bounds=[102,119][274,142], enabled=true, focused=false, checked=false, scrollable=false, selected=false, class=android.widget.TextView, important-for-accessibility=true, error=}, children=[], clickable=false, enabled=true, focused=false, checked=false, selected=false), TreeNode(attributes={text=Henüz mesaj yok, accessibilityText=, hintText=, ignoreBoundsFiltering=false, resource-id=, clickable=false, bounds=[102,144][274,162], enabled=true, focused=false, checked=false, scrollable=false, selected=false, class=android.widget.TextView, important-for-accessibility=true, error=}, children=[], clickable=false, enabled=true, focused=false, checked=false, selected=false)], clickable=true, enabled=true, focused=false, checked=false, selected=false), bounds=Bounds(x=20, y=100, width=280, height=80))
15:52:03.666 [ INFO] maestro.Maestro.tap-HgV9Ck0: Tap aimed via settled hierarchy
15:52:03.667 [ INFO] maestro.Maestro.hierarchyBasedTap-ogj28Uc: Tapping at (160, 140) using hierarchy based logic for wait
15:52:04.894 [ INFO] maestro.Maestro.hierarchyBasedTap-ogj28Uc: Something has changed in the UI judging by view hierarchy. Proceed.
15:52:04.894 [ INFO] maestro.cli.runner.CliConsoleListener.onCommandFinished: Tap on id: inbox-Bot Masa COMPLETED
15:52:04.895 [ INFO] maestro.cli.runner.CliConsoleListener.onCommandStart: Assert that "Henüz mesaj yok. İlk mesajı sen yaz." is visible RUNNING
15:52:05.035 [ INFO] maestro.cli.runner.CliConsoleListener.onCommandFinished: Assert that "Henüz mesaj yok. İlk mesajı sen yaz." is visible COMPLETED
15:52:05.035 [ INFO] maestro.cli.runner.CliConsoleListener.onCommandStart: Take screenshot 26-dm-empty RUNNING
15:52:05.036 [ INFO] maestro.Maestro.takeScreenshot: Taking screenshot
15:52:05.036 [TRACE] maestro.utils.ScreenshotUtils.takeScreenshot: Taking screenshot to output sink
15:52:05.059 [ INFO] maestro.cli.runner.CliConsoleListener.onCommandFinished: Take screenshot 26-dm-empty COMPLETED
15:52:05.059 [ INFO] maestro.cli.runner.CliConsoleListener.onCommandStart: Tap on id: dm-input RUNNING
15:52:05.175 [ INFO] maestro.Maestro.tap-HgV9Ck0: Tapping on element:  UiElement(treeNode=TreeNode(attributes={text=, accessibilityText=, hintText=Mesaj yaz…, ignoreBoundsFiltering=false, resource-id=dm-input, clickable=true, bounds=[33,584][229,627], enabled=true, focused=false, checked=false, scrollable=false, selected=false, class=android.widget.EditText, important-for-accessibility=true, error=}, children=[], clickable=true, enabled=true, focused=false, checked=false, selected=false), bounds=Bounds(x=33, y=584, width=196, height=43))
15:52:06.406 [ INFO] maestro.Maestro.tap-HgV9Ck0: Tap aimed via settled hierarchy
15:52:06.407 [ INFO] maestro.Maestro.hierarchyBasedTap-ogj28Uc: Tapping at (131, 605) using hierarchy based logic for wait
15:52:07.504 [ INFO] maestro.Maestro.hierarchyBasedTap-ogj28Uc: Something has changed in the UI judging by view hierarchy. Proceed.
15:52:07.504 [ INFO] maestro.cli.runner.CliConsoleListener.onCommandFinished: Tap on id: dm-input COMPLETED
15:52:07.504 [ INFO] maestro.cli.runner.CliConsoleListener.onCommandStart: Input text Merhaba bot RUNNING
15:52:07.504 [ INFO] maestro.Maestro.inputText: Inputting text: Merhaba bot
15:52:11.372 [ INFO] maestro.cli.runner.CliConsoleListener.onCommandFinished: Input text Merhaba bot COMPLETED
15:52:11.372 [ INFO] maestro.cli.runner.CliConsoleListener.onCommandStart: Take screenshot 26b-dm-keyboard RUNNING
15:52:11.372 [ INFO] maestro.Maestro.takeScreenshot: Taking screenshot
15:52:11.373 [TRACE] maestro.utils.ScreenshotUtils.takeScreenshot: Taking screenshot to output sink
15:52:11.434 [ INFO] maestro.cli.runner.CliConsoleListener.onCommandFinished: Take screenshot 26b-dm-keyboard COMPLETED
15:52:11.434 [ INFO] maestro.cli.runner.CliConsoleListener.onCommandStart: Hide Keyboard RUNNING
15:52:11.435 [ INFO] maestro.Maestro.hideKeyboard$lambda$12: Hiding Keyboard
15:52:12.409 [ INFO] maestro.cli.runner.CliConsoleListener.onCommandFinished: Hide Keyboard COMPLETED
15:52:12.409 [ INFO] maestro.cli.runner.CliConsoleListener.onCommandStart: Tap on id: dm-send RUNNING
15:52:12.483 [ INFO] maestro.Maestro.tap-HgV9Ck0: Tapping on element:  UiElement(treeNode=TreeNode(attributes={text=, accessibilityText=Gönder, hintText=, ignoreBoundsFiltering=false, resource-id=dm-send, clickable=true, bounds=[256,582][304,630], enabled=true, focused=false, checked=false, scrollable=false, selected=false, class=android.widget.Button, important-for-accessibility=true, error=}, children=[TreeNode(attributes={text=, accessibilityText=, hintText=, ignoreBoundsFiltering=false, resource-id=, clickable=false, bounds=[256,582][304,630], enabled=true, focused=false, checked=false, scrollable=false, selected=false, class=android.view.ViewGroup, important-for-accessibility=false, error=}, children=[], clickable=false, enabled=true, focused=false, checked=false, selected=false), TreeNode(attributes={text=, accessibilityText=, hintText=, ignoreBoundsFiltering=false, resource-id=, clickable=false, bounds=[270,595][290,616], enabled=true, focused=false, checked=false, scrollable=false, selected=false, class=android.widget.TextView, important-for-accessibility=true, error=}, children=[], clickable=false, enabled=true, focused=false, checked=false, selected=false)], clickable=true, enabled=true, focused=false, checked=false, selected=false), bounds=Bounds(x=256, y=582, width=48, height=48))
15:52:13.714 [ INFO] maestro.Maestro.tap-HgV9Ck0: Tap aimed via settled hierarchy
15:52:13.715 [ INFO] maestro.Maestro.hierarchyBasedTap-ogj28Uc: Tapping at (280, 606) using hierarchy based logic for wait
15:52:14.775 [ INFO] maestro.Maestro.hierarchyBasedTap-ogj28Uc: Something has changed in the UI judging by view hierarchy. Proceed.
15:52:14.775 [ INFO] maestro.cli.runner.CliConsoleListener.onCommandFinished: Tap on id: dm-send COMPLETED
15:52:14.775 [ INFO] maestro.cli.runner.CliConsoleListener.onCommandStart: Assert that "Merhaba bot" is visible RUNNING
15:52:14.899 [ INFO] maestro.cli.runner.CliConsoleListener.onCommandFinished: Assert that "Merhaba bot" is visible COMPLETED
15:52:14.899 [ INFO] maestro.cli.runner.CliConsoleListener.onCommandStart: Run ../scripts/bot.js RUNNING
15:52:14.981 [ INFO] maestro.cli.runner.CliConsoleListener.onCommandFinished: Run ../scripts/bot.js COMPLETED
15:52:14.982 [ INFO] maestro.cli.runner.CliConsoleListener.onCommandStart: Run ../scripts/bot.js RUNNING
15:52:15.116 [ INFO] maestro.cli.runner.CliConsoleListener.onCommandFinished: Run ../scripts/bot.js COMPLETED
15:52:15.116 [ INFO] maestro.cli.runner.CliConsoleListener.onCommandStart: Assert that "Selam cihaz" is visible RUNNING
15:52:16.275 [ INFO] maestro.cli.runner.CliConsoleListener.onCommandFinished: Assert that "Selam cihaz" is visible COMPLETED
15:52:16.275 [ INFO] maestro.cli.runner.CliConsoleListener.onCommandStart: Take screenshot 27-dm RUNNING
15:52:16.276 [ INFO] maestro.Maestro.takeScreenshot: Taking screenshot
15:52:16.276 [TRACE] maestro.utils.ScreenshotUtils.takeScreenshot: Taking screenshot to output sink
15:52:16.298 [ INFO] maestro.cli.runner.CliConsoleListener.onCommandFinished: Take screenshot 27-dm COMPLETED
15:52:16.298 [ INFO] maestro.cli.runner.CliConsoleListener.onCommandStart: Hide Keyboard RUNNING
15:52:16.298 [ INFO] maestro.Maestro.hideKeyboard$lambda$12: Hiding Keyboard
15:52:17.229 [ INFO] maestro.cli.runner.CliConsoleListener.onCommandFinished: Hide Keyboard COMPLETED
15:52:17.229 [ INFO] maestro.cli.runner.CliConsoleListener.onCommandStart: Tap on (Optional) id: chat-back RUNNING
15:52:24.400 [ INFO] maestro.orchestra.Orchestra.executeSubflowCommands: [Command execution subflow] CommandWarned: Element not found: Id matching regex: chat-back
15:52:24.533 [ INFO] maestro.Maestro.takeScreenshot: Taking screenshot
15:52:24.533 [TRACE] maestro.utils.ScreenshotUtils.takeScreenshot: Taking screenshot to output sink
15:52:24.601 [ INFO] maestro.cli.runner.CliConsoleListener.onCommandFinished: Tap on (Optional) id: chat-back WARNED
15:52:24.601 [ INFO] maestro.cli.runner.CliConsoleListener.onCommandStart: Assert that id: tab-messages is visible RUNNING
15:52:24.727 [ INFO] maestro.cli.runner.CliConsoleListener.onCommandFinished: Assert that id: tab-messages is visible COMPLETED
15:52:24.728 [ INFO] maestro.cli.runner.CliConsoleListener.onCommandFinished: Run flows/05-reveal-friend-dm.yaml COMPLETED
15:52:24.728 [ INFO] maestro.cli.runner.CliConsoleListener.onCommandStart: Run flows/05b-dm-ticks-typing.yaml RUNNING
15:52:24.728 [ INFO] maestro.cli.runner.CliConsoleListener.onCommandStart: Apply configuration RUNNING
15:52:24.728 [ INFO] maestro.cli.runner.CliConsoleListener.onCommandFinished: Apply configuration COMPLETED
15:52:24.728 [ INFO] maestro.cli.runner.CliConsoleListener.onCommandStart: Tap on id: inbox-Bot Masa RUNNING
15:52:24.848 [ INFO] maestro.Maestro.tap-HgV9Ck0: Tapping on element:  UiElement(treeNode=TreeNode(attributes={text=, accessibilityText=Bot Masa, Selam cihaz, 15:52, hintText=, ignoreBoundsFiltering=false, resource-id=inbox-Bot Masa, clickable=true, bounds=[20,100][300,180], enabled=true, focused=false, checked=false, scrollable=false, selected=false, class=android.widget.Button, important-for-accessibility=true, error=}, children=[TreeNode(attributes={text=, accessibilityText=, hintText=, ignoreBoundsFiltering=false, resource-id=, clickable=false, bounds=[20,100][300,180], enabled=true, focused=false, checked=false, scrollable=false, selected=false, class=android.view.ViewGroup, important-for-accessibility=false, error=}, children=[], clickable=false, enabled=true, focused=false, checked=false, selected=false), TreeNode(attributes={text=, accessibilityText=Bot Masa, hintText=, ignoreBoundsFiltering=false, resource-id=, clickable=false, bounds=[32,112][88,168], enabled=true, focused=false, checked=false, scrollable=false, selected=false, class=android.view.ViewGroup, important-for-accessibility=true, error=}, children=[TreeNode(attributes={text=, accessibilityText=, hintText=, ignoreBoundsFiltering=false, resource-id=, clickable=false, bounds=[32,112][88,168], enabled=true, focused=false, checked=false, scrollable=false, selected=false, class=android.view.ViewGroup, important-for-accessibility=false, error=}, children=[TreeNode(attributes={text=BM, accessibilityText=, hintText=, ignoreBoundsFiltering=false, resource-id=, clickable=false, bounds=[45,128][75,152], enabled=true, focused=false, checked=false, scrollable=false, selected=false, class=android.widget.TextView, important-for-accessibility=true, error=}, children=[], clickable=false, enabled=true, focused=false, checked=false, selected=false)], clickable=false, enabled=true, focused=false, checked=false, selected=false)], clickable=false, enabled=true, focused=false, checked=false, selected=false), TreeNode(attributes={text=Bot Masa, accessibilityText=, hintText=, ignoreBoundsFiltering=false, resource-id=, clickable=false, bounds=[102,116][231,139], enabled=true, focused=false, checked=false, scrollable=false, selected=false, class=android.widget.TextView, important-for-accessibility=true, error=}, children=[], clickable=false, enabled=true, focused=false, checked=false, selected=false), TreeNode(attributes={text=15:52, accessibilityText=, hintText=, ignoreBoundsFiltering=false, resource-id=, clickable=false, bounds=[245,113][288,136], enabled=true, focused=false, checked=false, scrollable=false, selected=false, class=android.widget.TextView, important-for-accessibility=true, error=}, children=[], clickable=false, enabled=true, focused=false, checked=false, selected=false), TreeNode(attributes={text=Selam cihaz, accessibilityText=, hintText=, ignoreBoundsFiltering=false, resource-id=, clickable=false, bounds=[102,141][231,164], enabled=true, focused=false, checked=false, scrollable=false, selected=false, class=android.widget.TextView, important-for-accessibility=true, error=}, children=[], clickable=false, enabled=true, focused=false, checked=false, selected=false), TreeNode(attributes={text=, accessibilityText=1 okunmamış mesaj, hintText=, ignoreBoundsFiltering=false, resource-id=, clickable=false, bounds=[260,142][288,167], enabled=true, focused=false, checked=false, scrollable=false, selected=false, class=android.view.ViewGroup, important-for-accessibility=true, error=}, children=[TreeNode(attributes={text=, accessibilityText=, hintText=, ignoreBoundsFiltering=false, resource-id=, clickable=false, bounds=[260,142][288,167], enabled=true, focused=false, checked=false, scrollable=false, selected=false, class=android.view.ViewGroup, important-for-accessibility=false, error=}, children=[], clickable=false, enabled=true, focused=false, checked=false, selected=false), TreeNode(attributes={text=1, accessibilityText=, hintText=, ignoreBoundsFiltering=false, resource-id=, clickable=false, bounds=[270,146][278,163], enabled=true, focused=false, checked=false, scrollable=false, selected=false, class=android.widget.TextView, important-for-accessibility=true, error=}, children=[], clickable=false, enabled=true, focused=false, checked=false, selected=false)], clickable=false, enabled=true, focused=false, checked=false, selected=false)], clickable=true, enabled=true, focused=false, checked=false, selected=false), bounds=Bounds(x=20, y=100, width=280, height=80))
15:52:26.162 [ INFO] maestro.Maestro.tap-HgV9Ck0: Tap aimed via settled hierarchy
15:52:26.163 [ INFO] maestro.Maestro.hierarchyBasedTap-ogj28Uc: Tapping at (160, 140) using hierarchy based logic for wait
15:52:27.422 [ INFO] maestro.Maestro.hierarchyBasedTap-ogj28Uc: Something has changed in the UI judging by view hierarchy. Proceed.
15:52:27.422 [ INFO] maestro.cli.runner.CliConsoleListener.onCommandFinished: Tap on id: inbox-Bot Masa COMPLETED
15:52:27.422 [ INFO] maestro.cli.runner.CliConsoleListener.onCommandStart: Assert that "Selam cihaz" is visible RUNNING
15:52:27.543 [ INFO] maestro.cli.runner.CliConsoleListener.onCommandFinished: Assert that "Selam cihaz" is visible COMPLETED
15:52:27.543 [ INFO] maestro.cli.runner.CliConsoleListener.onCommandStart: Tap on id: dm-input RUNNING
15:52:27.655 [ INFO] maestro.Maestro.tap-HgV9Ck0: Tapping on element:  UiElement(treeNode=TreeNode(attributes={text=, accessibilityText=, hintText=Mesaj yaz…, ignoreBoundsFiltering=false, resource-id=dm-input, clickable=true, bounds=[33,584][229,627], enabled=true, focused=false, checked=false, scrollable=false, selected=false, class=android.widget.EditText, important-for-accessibility=true, error=}, children=[], clickable=true, enabled=true, focused=false, checked=false, selected=false), bounds=Bounds(x=33, y=584, width=196, height=43))
15:52:28.890 [ INFO] maestro.Maestro.tap-HgV9Ck0: Tap aimed via settled hierarchy
15:52:28.891 [ INFO] maestro.Maestro.hierarchyBasedTap-ogj28Uc: Tapping at (131, 605) using hierarchy based logic for wait
15:52:30.028 [ INFO] maestro.Maestro.hierarchyBasedTap-ogj28Uc: Something has changed in the UI judging by view hierarchy. Proceed.
15:52:30.028 [ INFO] maestro.cli.runner.CliConsoleListener.onCommandFinished: Tap on id: dm-input COMPLETED
15:52:30.028 [ INFO] maestro.cli.runner.CliConsoleListener.onCommandStart: Input text Okudun mu? RUNNING
15:52:30.028 [ INFO] maestro.Maestro.inputText: Inputting text: Okudun mu?
15:52:32.892 [ INFO] maestro.cli.runner.CliConsoleListener.onCommandFinished: Input text Okudun mu? COMPLETED
15:52:32.892 [ INFO] maestro.cli.runner.CliConsoleListener.onCommandStart: Hide Keyboard RUNNING
15:52:32.892 [ INFO] maestro.Maestro.hideKeyboard$lambda$12: Hiding Keyboard
15:52:33.865 [ INFO] maestro.cli.runner.CliConsoleListener.onCommandFinished: Hide Keyboard COMPLETED
15:52:33.865 [ INFO] maestro.cli.runner.CliConsoleListener.onCommandStart: Tap on id: dm-send RUNNING
15:52:33.941 [ INFO] maestro.Maestro.tap-HgV9Ck0: Tapping on element:  UiElement(treeNode=TreeNode(attributes={text=, accessibilityText=Gönder, hintText=, ignoreBoundsFiltering=false, resource-id=dm-send, clickable=true, bounds=[256,582][304,630], enabled=true, focused=false, checked=false, scrollable=false, selected=false, class=android.widget.Button, important-for-accessibility=true, error=}, children=[TreeNode(attributes={text=, accessibilityText=, hintText=, ignoreBoundsFiltering=false, resource-id=, clickable=false, bounds=[256,582][304,630], enabled=true, focused=false, checked=false, scrollable=false, selected=false, class=android.view.ViewGroup, important-for-accessibility=false, error=}, children=[], clickable=false, enabled=true, focused=false, checked=false, selected=false), TreeNode(attributes={text=, accessibilityText=, hintText=, ignoreBoundsFiltering=false, resource-id=, clickable=false, bounds=[270,595][290,616], enabled=true, focused=false, checked=false, scrollable=false, selected=false, class=android.widget.TextView, important-for-accessibility=true, error=}, children=[], clickable=false, enabled=true, focused=false, checked=false, selected=false)], clickable=true, enabled=true, focused=false, checked=false, selected=false), bounds=Bounds(x=256, y=582, width=48, height=48))
15:52:35.174 [ INFO] maestro.Maestro.tap-HgV9Ck0: Tap aimed via settled hierarchy
15:52:35.175 [ INFO] maestro.Maestro.hierarchyBasedTap-ogj28Uc: Tapping at (280, 606) using hierarchy based logic for wait
15:52:36.478 [ INFO] maestro.Maestro.hierarchyBasedTap-ogj28Uc: Something has changed in the UI judging by view hierarchy. Proceed.
15:52:36.479 [ INFO] maestro.cli.runner.CliConsoleListener.onCommandFinished: Tap on id: dm-send COMPLETED
15:52:36.479 [ INFO] maestro.cli.runner.CliConsoleListener.onCommandStart: Assert that "Okudun mu\?" is visible RUNNING
15:52:36.568 [ INFO] maestro.cli.runner.CliConsoleListener.onCommandFinished: Assert that "Okudun mu\?" is visible COMPLETED
15:52:36.568 [ INFO] maestro.cli.runner.CliConsoleListener.onCommandStart: Run ../scripts/bot.js RUNNING
15:52:36.642 [ INFO] maestro.cli.runner.CliConsoleListener.onCommandFinished: Run ../scripts/bot.js COMPLETED
15:52:36.642 [ INFO] maestro.cli.runner.CliConsoleListener.onCommandStart: Run ../scripts/bot.js RUNNING
15:52:36.757 [ INFO] maestro.cli.runner.CliConsoleListener.onCommandFinished: Run ../scripts/bot.js COMPLETED
15:52:36.758 [ INFO] maestro.cli.runner.CliConsoleListener.onCommandStart: Assert that id: tick-read is visible RUNNING
15:52:36.861 [ INFO] maestro.cli.runner.CliConsoleListener.onCommandFinished: Assert that id: tick-read is visible COMPLETED
15:52:36.861 [ INFO] maestro.cli.runner.CliConsoleListener.onCommandStart: Take screenshot 27b-dm-read RUNNING
15:52:36.861 [ INFO] maestro.Maestro.takeScreenshot: Taking screenshot
15:52:36.861 [TRACE] maestro.utils.ScreenshotUtils.takeScreenshot: Taking screenshot to output sink
15:52:36.884 [ INFO] maestro.cli.runner.CliConsoleListener.onCommandFinished: Take screenshot 27b-dm-read COMPLETED
15:52:36.884 [ INFO] maestro.cli.runner.CliConsoleListener.onCommandStart: Run ../scripts/bot.js RUNNING
15:52:36.956 [ INFO] maestro.cli.runner.CliConsoleListener.onCommandFinished: Run ../scripts/bot.js COMPLETED
15:52:36.956 [ INFO] maestro.cli.runner.CliConsoleListener.onCommandStart: Assert that id: dm-typing is visible RUNNING
15:52:37.593 [ INFO] maestro.cli.runner.CliConsoleListener.onCommandFinished: Assert that id: dm-typing is visible COMPLETED
15:52:37.594 [ INFO] maestro.cli.runner.CliConsoleListener.onCommandStart: Take screenshot 27c-dm-typing RUNNING
15:52:37.594 [ INFO] maestro.Maestro.takeScreenshot: Taking screenshot
15:52:37.594 [TRACE] maestro.utils.ScreenshotUtils.takeScreenshot: Taking screenshot to output sink
15:52:37.618 [ INFO] maestro.cli.runner.CliConsoleListener.onCommandFinished: Take screenshot 27c-dm-typing COMPLETED
15:52:37.618 [ INFO] maestro.cli.runner.CliConsoleListener.onCommandStart: Run ../scripts/bot.js RUNNING
15:52:38.534 [ INFO] maestro.cli.runner.CliConsoleListener.onCommandFinished: Run ../scripts/bot.js COMPLETED
15:52:38.534 [ INFO] maestro.cli.runner.CliConsoleListener.onCommandStart: Assert that "Okudum" is visible RUNNING
15:52:39.513 [ INFO] maestro.cli.runner.CliConsoleListener.onCommandFinished: Assert that "Okudum" is visible COMPLETED
15:52:39.513 [ INFO] maestro.cli.runner.CliConsoleListener.onCommandStart: Assert that id: dm-typing is not visible RUNNING
15:52:40.170 [ INFO] maestro.cli.runner.CliConsoleListener.onCommandFinished: Assert that id: dm-typing is not visible COMPLETED
15:52:40.171 [ INFO] maestro.cli.runner.CliConsoleListener.onCommandStart: Take screenshot 27d-dm-answer RUNNING
15:52:40.171 [ INFO] maestro.Maestro.takeScreenshot: Taking screenshot
15:52:40.171 [TRACE] maestro.utils.ScreenshotUtils.takeScreenshot: Taking screenshot to output sink
15:52:40.231 [ INFO] maestro.cli.runner.CliConsoleListener.onCommandFinished: Take screenshot 27d-dm-answer COMPLETED
15:52:40.231 [ INFO] maestro.cli.runner.CliConsoleListener.onCommandStart: Tap on (Optional) id: chat-back RUNNING
15:52:40.356 [ INFO] maestro.Maestro.tap-HgV9Ck0: Tapping on element:  UiElement(treeNode=TreeNode(attributes={text=, accessibilityText=Geri, hintText=, ignoreBoundsFiltering=false, resource-id=chat-back, clickable=true, bounds=[4,30][48,74], enabled=true, focused=false, checked=false, scrollable=false, selected=false, class=android.widget.Button, important-for-accessibility=true, error=}, children=[TreeNode(attributes={text=, accessibilityText=, hintText=, ignoreBoundsFiltering=false, resource-id=, clickable=false, bounds=[14,39][38,65], enabled=true, focused=false, checked=false, scrollable=false, selected=false, class=android.widget.TextView, important-for-accessibility=true, error=}, children=[], clickable=false, enabled=true, focused=false, checked=false, selected=false)], clickable=true, enabled=true, focused=false, checked=false, selected=false), bounds=Bounds(x=4, y=30, width=44, height=44))
15:52:41.638 [ INFO] maestro.Maestro.tap-HgV9Ck0: Tap aimed via settled hierarchy
15:52:41.639 [ INFO] maestro.Maestro.hierarchyBasedTap-ogj28Uc: Tapping at (26, 52) using hierarchy based logic for wait
15:52:42.595 [ INFO] maestro.Maestro.hierarchyBasedTap-ogj28Uc: Something has changed in the UI judging by view hierarchy. Proceed.
15:52:42.595 [ INFO] maestro.cli.runner.CliConsoleListener.onCommandFinished: Tap on (Optional) id: chat-back COMPLETED
15:52:42.595 [ INFO] maestro.cli.runner.CliConsoleListener.onCommandStart: Assert that id: tab-messages is visible RUNNING
15:52:42.715 [ INFO] maestro.cli.runner.CliConsoleListener.onCommandFinished: Assert that id: tab-messages is visible COMPLETED
15:52:42.715 [ INFO] maestro.cli.runner.CliConsoleListener.onCommandFinished: Run flows/05b-dm-ticks-typing.yaml COMPLETED
15:52:42.715 [ INFO] maestro.cli.runner.CliConsoleListener.onCommandStart: Run flows/06-white-screen.yaml RUNNING
15:52:42.715 [ INFO] maestro.cli.runner.CliConsoleListener.onCommandStart: Apply configuration RUNNING
15:52:42.715 [ INFO] maestro.cli.runner.CliConsoleListener.onCommandFinished: Apply configuration COMPLETED
15:52:42.715 [ INFO] maestro.cli.runner.CliConsoleListener.onCommandStart: Tap on id: tab-venue RUNNING
15:52:42.835 [ INFO] maestro.Maestro.tap-HgV9Ck0: Tapping on element:  UiElement(treeNode=TreeNode(attributes={text=, accessibilityText=Mekan, hintText=, ignoreBoundsFiltering=false, resource-id=tab-venue, clickable=true, bounds=[133,568][187,632], enabled=true, focused=false, checked=false, scrollable=false, selected=false, class=android.view.View, important-for-accessibility=true, error=}, children=[TreeNode(attributes={text=, accessibilityText=, hintText=, ignoreBoundsFiltering=false, resource-id=, clickable=false, bounds=[140,572][180,612], enabled=true, focused=false, checked=false, scrollable=false, selected=false, class=android.view.ViewGroup, important-for-accessibility=false, error=}, children=[], clickable=false, enabled=true, focused=false, checked=false, selected=false), TreeNode(attributes={text=, accessibilityText=, hintText=, ignoreBoundsFiltering=false, resource-id=, clickable=false, bounds=[148,580][172,604], enabled=true, focused=false, checked=false, scrollable=false, selected=false, class=android.widget.ImageView, important-for-accessibility=false, error=}, children=[], clickable=false, enabled=true, focused=false, checked=false, selected=false), TreeNode(attributes={text=Mekan, accessibilityText=, hintText=, ignoreBoundsFiltering=false, resource-id=, clickable=false, bounds=[141,612][178,628], enabled=true, focused=false, checked=false, scrollable=false, selected=false, class=android.widget.TextView, important-for-accessibility=true, error=}, children=[], clickable=false, enabled=true, focused=false, checked=false, selected=false)], clickable=true, enabled=true, focused=false, checked=false, selected=false), bounds=Bounds(x=133, y=568, width=54, height=64))
15:52:44.110 [ INFO] maestro.Maestro.tap-HgV9Ck0: Tap aimed via settled hierarchy
15:52:44.112 [ INFO] maestro.Maestro.hierarchyBasedTap-ogj28Uc: Tapping at (160, 600) using hierarchy based logic for wait
15:52:45.292 [ INFO] maestro.Maestro.hierarchyBasedTap-ogj28Uc: Something has changed in the UI judging by view hierarchy. Proceed.
15:52:45.292 [ INFO] maestro.cli.runner.CliConsoleListener.onCommandFinished: Tap on id: tab-venue COMPLETED
15:52:45.292 [ INFO] maestro.cli.runner.CliConsoleListener.onCommandStart: Assert that "Oda kur" is visible RUNNING
15:52:45.420 [ INFO] maestro.cli.runner.CliConsoleListener.onCommandFinished: Assert that "Oda kur" is visible COMPLETED
15:52:45.420 [ INFO] maestro.cli.runner.CliConsoleListener.onCommandStart: Tap on "Oda kur" RUNNING
15:52:45.569 [ INFO] maestro.Maestro.tap-HgV9Ck0: Tapping on element:  UiElement(treeNode=TreeNode(attributes={text=Oda kur, accessibilityText=, hintText=, ignoreBoundsFiltering=false, resource-id=, clickable=false, bounds=[57,431][117,451], enabled=true, focused=false, checked=false, scrollable=false, selected=false, class=android.widget.TextView, important-for-accessibility=true, error=}, children=[], clickable=false, enabled=true, focused=false, checked=false, selected=false), bounds=Bounds(x=57, y=431, width=60, height=20))
15:52:46.875 [ INFO] maestro.Maestro.tap-HgV9Ck0: Tap aimed via settled hierarchy
15:52:46.875 [ INFO] maestro.Maestro.hierarchyBasedTap-ogj28Uc: Tapping at (87, 441) using hierarchy based logic for wait
15:52:48.171 [ INFO] maestro.Maestro.hierarchyBasedTap-ogj28Uc: Something has changed in the UI judging by view hierarchy. Proceed.
15:52:48.171 [ INFO] maestro.cli.runner.CliConsoleListener.onCommandFinished: Tap on "Oda kur" COMPLETED
15:52:48.171 [ INFO] maestro.cli.runner.CliConsoleListener.onCommandStart: Assert that id: intent-none is visible RUNNING
15:52:48.289 [ INFO] maestro.cli.runner.CliConsoleListener.onCommandFinished: Assert that id: intent-none is visible COMPLETED
15:52:48.289 [ INFO] maestro.cli.runner.CliConsoleListener.onCommandStart: Scrolling DOWN until "Odayı kur" is visible with speed 40, visibility percentage 100%, timeout 10000 ms, with centering disabled RUNNING
15:52:48.407 [ INFO] maestro.orchestra.Orchestra.scrollUntilVisible: Scrolling try count: 0, DeviceWidth: 320, DeviceWidth: 640
15:52:48.407 [ INFO] maestro.orchestra.Orchestra.scrollUntilVisible: Element bounds: Bounds(x=120, y=565, width=81, height=22)
15:52:48.407 [ INFO] maestro.orchestra.Orchestra.scrollUntilVisible: Visibility Percent: 1.0
15:52:48.407 [ INFO] maestro.orchestra.Orchestra.scrollUntilVisible: Command centerElement: ScrollUntilVisibleCommand(selector=ElementSelector(textRegex=Odayı kur, idRegex=null, size=null, below=null, above=null, leftOf=null, rightOf=null, containsChild=null, containsDescendants=null, traits=null, index=null, enabled=null, optional=false, selected=null, checked=null, focused=null, childOf=null, css=null), direction=DOWN, scrollDuration=601, visibilityPercentage=100, timeout=10000, waitToSettleTimeoutMs=null, centerElement=false, originalSpeedValue=40, label=null, optional=false).centerElement
15:52:48.407 [ INFO] maestro.orchestra.Orchestra.scrollUntilVisible: visibilityPercentageNormalized: 1.0
15:52:48.407 [ INFO] maestro.cli.runner.CliConsoleListener.onCommandFinished: Scrolling DOWN until "Odayı kur" is visible with speed 40, visibility percentage 100%, timeout 10000 ms, with centering disabled COMPLETED
15:52:48.407 [ INFO] maestro.cli.runner.CliConsoleListener.onCommandStart: Tap on "Odayı kur" RUNNING
15:52:48.559 [ INFO] maestro.Maestro.tap-HgV9Ck0: Tapping on element:  UiElement(treeNode=TreeNode(attributes={text=Odayı kur, accessibilityText=, hintText=, ignoreBoundsFiltering=false, resource-id=, clickable=false, bounds=[120,565][201,587], enabled=true, focused=false, checked=false, scrollable=false, selected=false, class=android.widget.TextView, important-for-accessibility=true, error=}, children=[], clickable=false, enabled=true, focused=false, checked=false, selected=false), bounds=Bounds(x=120, y=565, width=81, height=22))
15:52:49.786 [ INFO] maestro.Maestro.tap-HgV9Ck0: Tap aimed via settled hierarchy
15:52:49.786 [ INFO] maestro.Maestro.hierarchyBasedTap-ogj28Uc: Tapping at (160, 576) using hierarchy based logic for wait
15:52:50.951 [ INFO] maestro.Maestro.hierarchyBasedTap-ogj28Uc: Something has changed in the UI judging by view hierarchy. Proceed.
15:52:50.951 [ INFO] maestro.cli.runner.CliConsoleListener.onCommandFinished: Tap on "Odayı kur" COMPLETED
15:52:50.951 [ INFO] maestro.cli.runner.CliConsoleListener.onCommandStart: Assert that id: solo-tabu is visible RUNNING
15:52:51.062 [ INFO] maestro.cli.runner.CliConsoleListener.onCommandFinished: Assert that id: solo-tabu is visible COMPLETED
15:52:51.062 [ INFO] maestro.cli.runner.CliConsoleListener.onCommandStart: Run ../scripts/bot.js RUNNING
15:52:51.136 [ INFO] maestro.cli.runner.CliConsoleListener.onCommandFinished: Run ../scripts/bot.js COMPLETED
15:52:51.136 [ INFO] maestro.cli.runner.CliConsoleListener.onCommandStart: Assert that "Katılma isteği" is visible RUNNING
15:52:51.969 [ INFO] maestro.cli.runner.CliConsoleListener.onCommandFinished: Assert that "Katılma isteği" is visible COMPLETED
15:52:51.969 [ INFO] maestro.cli.runner.CliConsoleListener.onCommandStart: Tap on id: join-accept RUNNING
15:52:52.078 [ INFO] maestro.Maestro.tap-HgV9Ck0: Tapping on element:  UiElement(treeNode=TreeNode(attributes={text=, accessibilityText=Kabul, hintText=, ignoreBoundsFiltering=false, resource-id=join-accept, clickable=true, bounds=[165,502][296,550], enabled=true, focused=false, checked=false, scrollable=false, selected=false, class=android.widget.Button, important-for-accessibility=true, error=}, children=[TreeNode(attributes={text=, accessibilityText=, hintText=, ignoreBoundsFiltering=false, resource-id=, clickable=false, bounds=[165,502][296,550], enabled=true, focused=false, checked=false, scrollable=false, selected=false, class=android.view.ViewGroup, important-for-accessibility=false, error=}, children=[], clickable=false, enabled=true, focused=false, checked=false, selected=false), TreeNode(attributes={text=Kabul, accessibilityText=, hintText=, ignoreBoundsFiltering=false, resource-id=, clickable=false, bounds=[209,516][253,536], enabled=true, focused=false, checked=false, scrollable=false, selected=false, class=android.widget.TextView, important-for-accessibility=true, error=}, children=[], clickable=false, enabled=true, focused=false, checked=false, selected=false)], clickable=true, enabled=true, focused=false, checked=false, selected=false), bounds=Bounds(x=165, y=502, width=131, height=48))
15:52:53.186 [ INFO] maestro.Maestro.tap-HgV9Ck0: Tap aimed via settled hierarchy
15:52:53.186 [ INFO] maestro.Maestro.hierarchyBasedTap-ogj28Uc: Tapping at (230, 526) using hierarchy based logic for wait
15:52:54.106 [ INFO] maestro.Maestro.hierarchyBasedTap-ogj28Uc: Something has changed in the UI judging by view hierarchy. Proceed.
15:52:54.106 [ INFO] maestro.cli.runner.CliConsoleListener.onCommandFinished: Tap on id: join-accept COMPLETED
15:52:54.106 [ INFO] maestro.cli.runner.CliConsoleListener.onCommandStart: Assert that id: propose-tabu is visible RUNNING
15:52:54.267 [ INFO] maestro.cli.runner.CliConsoleListener.onCommandFinished: Assert that id: propose-tabu is visible COMPLETED
15:52:54.267 [ INFO] maestro.cli.runner.CliConsoleListener.onCommandStart: Tap on id: propose-tabu RUNNING
15:52:54.378 [ INFO] maestro.Maestro.tap-HgV9Ck0: Tapping on element:  UiElement(treeNode=TreeNode(attributes={text=, accessibilityText=Sesli Tabu öner, hintText=, ignoreBoundsFiltering=false, resource-id=propose-tabu, clickable=true, bounds=[34,211][155,323], enabled=true, focused=false, checked=false, scrollable=false, selected=false, class=android.widget.Button, important-for-accessibility=true, error=}, children=[TreeNode(attributes={text=, accessibilityText=, hintText=, ignoreBoundsFiltering=false, resource-id=, clickable=false, bounds=[34,211][155,299], enabled=true, focused=false, checked=false, scrollable=false, selected=false, class=android.view.ViewGroup, important-for-accessibility=false, error=}, children=[], clickable=false, enabled=true, focused=false, checked=false, selected=false), TreeNode(attributes={text=, accessibilityText=, hintText=, ignoreBoundsFiltering=false, resource-id=, clickable=false, bounds=[48,225][141,251], enabled=true, focused=false, checked=false, scrollable=false, selected=false, class=android.widget.TextView, important-for-accessibility=true, error=}, children=[], clickable=false, enabled=true, focused=false, checked=false, selected=false), TreeNode(attributes={text=Sesli Tabu, accessibilityText=, hintText=, ignoreBoundsFiltering=false, resource-id=, clickable=false, bounds=[48,261][141,285], enabled=true, focused=false, checked=false, scrollable=false, selected=false, class=android.widget.TextView, important-for-accessibility=true, error=}, children=[], clickable=false, enabled=true, focused=false, checked=false, selected=false)], clickable=true, enabled=true, focused=false, checked=false, selected=false), bounds=Bounds(x=34, y=211, width=121, height=112))
15:52:55.646 [ INFO] maestro.Maestro.tap-HgV9Ck0: Tap aimed via settled hierarchy
15:52:55.647 [ INFO] maestro.Maestro.hierarchyBasedTap-ogj28Uc: Tapping at (94, 267) using hierarchy based logic for wait
15:52:57.326 [ INFO] maestro.Maestro.hierarchyBasedTap-ogj28Uc: Something has changed in the UI judging by view hierarchy. Proceed.
15:52:57.326 [ INFO] maestro.cli.runner.CliConsoleListener.onCommandFinished: Tap on id: propose-tabu COMPLETED
15:52:57.326 [ INFO] maestro.cli.runner.CliConsoleListener.onCommandStart: Run ../scripts/bot.js RUNNING
15:52:57.424 [ INFO] maestro.cli.runner.CliConsoleListener.onCommandFinished: Run ../scripts/bot.js COMPLETED
15:52:57.424 [ INFO] maestro.cli.runner.CliConsoleListener.onCommandStart: Assert that "Kartı görmek için dokun" is visible RUNNING
15:52:58.463 [ INFO] maestro.cli.runner.CliConsoleListener.onCommandFinished: Assert that "Kartı görmek için dokun" is visible COMPLETED
15:52:58.463 [ INFO] maestro.cli.runner.CliConsoleListener.onCommandStart: Run ../scripts/bot.js RUNNING
15:52:58.533 [ INFO] maestro.cli.runner.CliConsoleListener.onCommandFinished: Run ../scripts/bot.js COMPLETED
15:52:58.533 [ INFO] maestro.cli.runner.CliConsoleListener.onCommandStart: Assert that "Tanışalım mı\?" is visible RUNNING
15:52:59.718 [ INFO] maestro.cli.runner.CliConsoleListener.onCommandFinished: Assert that "Tanışalım mı\?" is visible COMPLETED
15:52:59.718 [ INFO] maestro.cli.runner.CliConsoleListener.onCommandStart: Assert that "Bir şeyler ters gitti" is not visible RUNNING
15:53:00.980 [ INFO] maestro.cli.runner.CliConsoleListener.onCommandFinished: Assert that "Bir şeyler ters gitti" is not visible COMPLETED
15:53:00.981 [ INFO] maestro.cli.runner.CliConsoleListener.onCommandStart: Take screenshot 28-ended-by-bot RUNNING
15:53:00.981 [ INFO] maestro.Maestro.takeScreenshot: Taking screenshot
15:53:00.983 [TRACE] maestro.utils.ScreenshotUtils.takeScreenshot: Taking screenshot to output sink
15:53:01.061 [ INFO] maestro.cli.runner.CliConsoleListener.onCommandFinished: Take screenshot 28-ended-by-bot COMPLETED
15:53:01.061 [ INFO] maestro.cli.runner.CliConsoleListener.onCommandStart: Tap on id: reveal-no RUNNING
15:53:01.562 [ INFO] maestro.Maestro.tap-HgV9Ck0: Tapping on element:  UiElement(treeNode=TreeNode(attributes={text=, accessibilityText=Hayır, hintText=, ignoreBoundsFiltering=false, resource-id=reveal-no, clickable=true, bounds=[37,313][155,361], enabled=true, focused=false, checked=false, scrollable=false, selected=false, class=android.widget.Button, important-for-accessibility=true, error=}, children=[TreeNode(attributes={text=, accessibilityText=, hintText=, ignoreBoundsFiltering=false, resource-id=, clickable=false, bounds=[37,313][155,361], enabled=true, focused=false, checked=false, scrollable=false, selected=false, class=android.view.ViewGroup, important-for-accessibility=false, error=}, children=[], clickable=false, enabled=true, focused=false, checked=false, selected=false), TreeNode(attributes={text=Hayır, accessibilityText=, hintText=, ignoreBoundsFiltering=false, resource-id=, clickable=false, bounds=[76,327][116,347], enabled=true, focused=false, checked=false, scrollable=false, selected=false, class=android.widget.TextView, important-for-accessibility=true, error=}, children=[], clickable=false, enabled=true, focused=false, checked=false, selected=false)], clickable=true, enabled=true, focused=false, checked=false, selected=false), bounds=Bounds(x=37, y=313, width=118, height=48))
15:53:03.690 [ INFO] maestro.Maestro.tap-HgV9Ck0: Tap aimed via settled hierarchy
15:53:03.690 [ INFO] maestro.Maestro.hierarchyBasedTap-ogj28Uc: Tapping at (96, 337) using hierarchy based logic for wait
15:53:04.654 [ INFO] maestro.Maestro.hierarchyBasedTap-ogj28Uc: Something has changed in the UI judging by view hierarchy. Proceed.
15:53:04.654 [ INFO] maestro.cli.runner.CliConsoleListener.onCommandFinished: Tap on id: reveal-no COMPLETED
15:53:04.654 [ INFO] maestro.cli.runner.CliConsoleListener.onCommandStart: Assert that "Güzel oyundu.*" is visible RUNNING
15:53:04.758 [ INFO] maestro.cli.runner.CliConsoleListener.onCommandFinished: Assert that "Güzel oyundu.*" is visible COMPLETED
15:53:04.758 [ INFO] maestro.cli.runner.CliConsoleListener.onCommandStart: Run ../scripts/bot.js RUNNING
15:53:04.831 [ INFO] maestro.cli.runner.CliConsoleListener.onCommandFinished: Run ../scripts/bot.js COMPLETED
15:53:04.831 [ INFO] maestro.cli.runner.CliConsoleListener.onCommandStart: Assert that "Bir şeyler ters gitti" is not visible RUNNING
15:53:05.411 [ INFO] maestro.cli.runner.CliConsoleListener.onCommandFinished: Assert that "Bir şeyler ters gitti" is not visible COMPLETED
15:53:05.411 [ INFO] maestro.cli.runner.CliConsoleListener.onCommandStart: Take screenshot 29-good-game RUNNING
15:53:05.411 [ INFO] maestro.Maestro.takeScreenshot: Taking screenshot
15:53:05.412 [TRACE] maestro.utils.ScreenshotUtils.takeScreenshot: Taking screenshot to output sink
15:53:05.474 [ INFO] maestro.cli.runner.CliConsoleListener.onCommandFinished: Take screenshot 29-good-game COMPLETED
15:53:05.474 [ INFO] maestro.cli.runner.CliConsoleListener.onCommandStart: Tap on "Mekana dön" RUNNING
15:53:05.542 [ INFO] maestro.Maestro.tap-HgV9Ck0: Tapping on element:  UiElement(treeNode=TreeNode(attributes={text=Mekana dön, accessibilityText=, hintText=, ignoreBoundsFiltering=false, resource-id=, clickable=false, bounds=[115,229][206,249], enabled=true, focused=false, checked=false, scrollable=false, selected=false, class=android.widget.TextView, important-for-accessibility=true, error=}, children=[], clickable=false, enabled=true, focused=false, checked=false, selected=false), bounds=Bounds(x=115, y=229, width=91, height=20))
15:53:06.810 [ INFO] maestro.Maestro.tap-HgV9Ck0: Tap aimed via settled hierarchy
15:53:06.810 [ INFO] maestro.Maestro.hierarchyBasedTap-ogj28Uc: Tapping at (160, 239) using hierarchy based logic for wait
15:53:07.774 [ INFO] maestro.Maestro.hierarchyBasedTap-ogj28Uc: Something has changed in the UI judging by view hierarchy. Proceed.
15:53:07.775 [ INFO] maestro.cli.runner.CliConsoleListener.onCommandFinished: Tap on "Mekana dön" COMPLETED
15:53:07.775 [ INFO] maestro.cli.runner.CliConsoleListener.onCommandStart: Assert that "Oda kur" is visible RUNNING
15:53:07.917 [ INFO] maestro.cli.runner.CliConsoleListener.onCommandFinished: Assert that "Oda kur" is visible COMPLETED
15:53:07.917 [ INFO] maestro.cli.runner.CliConsoleListener.onCommandStart: Tap on id: play-with-table RUNNING
15:53:08.054 [ INFO] maestro.Maestro.tap-HgV9Ck0: Tapping on element:  UiElement(treeNode=TreeNode(attributes={text=, accessibilityText=Masanla oyna, hintText=, ignoreBoundsFiltering=false, resource-id=play-with-table, clickable=true, bounds=[166,417][300,465], enabled=true, focused=false, checked=false, scrollable=false, selected=false, class=android.widget.Button, important-for-accessibility=true, error=}, children=[TreeNode(attributes={text=, accessibilityText=, hintText=, ignoreBoundsFiltering=false, resource-id=, clickable=false, bounds=[166,417][300,465], enabled=true, focused=false, checked=false, scrollable=false, selected=false, class=android.view.ViewGroup, important-for-accessibility=false, error=}, children=[], clickable=false, enabled=true, focused=false, checked=false, selected=false), TreeNode(attributes={text=Masanla oyna, accessibilityText=, hintText=, ignoreBoundsFiltering=false, resource-id=, clickable=false, bounds=[182,431][285,451], enabled=true, focused=false, checked=false, scrollable=false, selected=false, class=android.widget.TextView, important-for-accessibility=true, error=}, children=[], clickable=false, enabled=true, focused=false, checked=false, selected=false)], clickable=true, enabled=true, focused=false, checked=false, selected=false), bounds=Bounds(x=166, y=417, width=134, height=48))
15:53:09.272 [ INFO] maestro.Maestro.tap-HgV9Ck0: Tap aimed via settled hierarchy
15:53:09.273 [ INFO] maestro.Maestro.hierarchyBasedTap-ogj28Uc: Tapping at (233, 441) using hierarchy based logic for wait
15:53:10.595 [ INFO] maestro.Maestro.hierarchyBasedTap-ogj28Uc: Something has changed in the UI judging by view hierarchy. Proceed.
15:53:10.595 [ INFO] maestro.cli.runner.CliConsoleListener.onCommandFinished: Tap on id: play-with-table COMPLETED
15:53:10.595 [ INFO] maestro.cli.runner.CliConsoleListener.onCommandStart: Assert that id: solo-tabu is visible RUNNING
15:53:10.667 [ INFO] maestro.cli.runner.CliConsoleListener.onCommandFinished: Assert that id: solo-tabu is visible COMPLETED
15:53:10.667 [ INFO] maestro.cli.runner.CliConsoleListener.onCommandStart: Take screenshot 29b-solo-room RUNNING
15:53:10.667 [ INFO] maestro.Maestro.takeScreenshot: Taking screenshot
15:53:10.668 [TRACE] maestro.utils.ScreenshotUtils.takeScreenshot: Taking screenshot to output sink
15:53:10.732 [ INFO] maestro.cli.runner.CliConsoleListener.onCommandFinished: Take screenshot 29b-solo-room COMPLETED
15:53:10.732 [ INFO] maestro.cli.runner.CliConsoleListener.onCommandStart: Tap on id: solo-tabu RUNNING
15:53:10.803 [ INFO] maestro.Maestro.tap-HgV9Ck0: Tapping on element:  UiElement(treeNode=TreeNode(attributes={text=, accessibilityText=Sesli Tabu başlat, hintText=, ignoreBoundsFiltering=false, resource-id=solo-tabu, clickable=true, bounds=[32,227][288,275], enabled=true, focused=false, checked=false, scrollable=false, selected=false, class=android.widget.Button, important-for-accessibility=true, error=}, children=[TreeNode(attributes={text=, accessibilityText=, hintText=, ignoreBoundsFiltering=false, resource-id=, clickable=false, bounds=[32,227][288,275], enabled=true, focused=false, checked=false, scrollable=false, selected=false, class=android.view.ViewGroup, important-for-accessibility=false, error=}, children=[], clickable=false, enabled=true, focused=false, checked=false, selected=false), TreeNode(attributes={text=Sesli Tabu başlat, accessibilityText=, hintText=, ignoreBoundsFiltering=false, resource-id=, clickable=false, bounds=[97,241][224,261], enabled=true, focused=false, checked=false, scrollable=false, selected=false, class=android.widget.TextView, important-for-accessibility=true, error=}, children=[], clickable=false, enabled=true, focused=false, checked=false, selected=false)], clickable=true, enabled=true, focused=false, checked=false, selected=false), bounds=Bounds(x=32, y=227, width=256, height=48))
15:53:12.038 [ INFO] maestro.Maestro.tap-HgV9Ck0: Tap aimed via settled hierarchy
15:53:12.039 [ INFO] maestro.Maestro.hierarchyBasedTap-ogj28Uc: Tapping at (160, 251) using hierarchy based logic for wait
15:53:12.986 [ INFO] maestro.Maestro.hierarchyBasedTap-ogj28Uc: Something has changed in the UI judging by view hierarchy. Proceed.
15:53:12.986 [ INFO] maestro.cli.runner.CliConsoleListener.onCommandFinished: Tap on id: solo-tabu COMPLETED
15:53:12.986 [ INFO] maestro.cli.runner.CliConsoleListener.onCommandStart: Assert that "Takım . başlasın" is visible RUNNING
15:53:13.091 [ INFO] maestro.cli.runner.CliConsoleListener.onCommandFinished: Assert that "Takım . başlasın" is visible COMPLETED
15:53:13.091 [ INFO] maestro.cli.runner.CliConsoleListener.onCommandStart: Take screenshot 29c-solo-tabu RUNNING
15:53:13.091 [ INFO] maestro.Maestro.takeScreenshot: Taking screenshot
15:53:13.091 [TRACE] maestro.utils.ScreenshotUtils.takeScreenshot: Taking screenshot to output sink
15:53:13.116 [ INFO] maestro.cli.runner.CliConsoleListener.onCommandFinished: Take screenshot 29c-solo-tabu COMPLETED
15:53:13.116 [ INFO] maestro.cli.runner.CliConsoleListener.onCommandStart: Scrolling DOWN until id: end-game is visible with speed 40, visibility percentage 100%, timeout 10000 ms, with centering disabled RUNNING
15:53:13.228 [ INFO] maestro.orchestra.Orchestra.scrollUntilVisible: Scrolling try count: 0, DeviceWidth: 320, DeviceWidth: 640
15:53:13.228 [ INFO] maestro.orchestra.Orchestra.scrollUntilVisible: Element bounds: Bounds(x=16, y=30, width=44, height=44)
15:53:13.228 [ INFO] maestro.orchestra.Orchestra.scrollUntilVisible: Visibility Percent: 1.0
15:53:13.228 [ INFO] maestro.orchestra.Orchestra.scrollUntilVisible: Command centerElement: ScrollUntilVisibleCommand(selector=ElementSelector(textRegex=null, idRegex=end-game, size=null, below=null, above=null, leftOf=null, rightOf=null, containsChild=null, containsDescendants=null, traits=null, index=null, enabled=null, optional=false, selected=null, checked=null, focused=null, childOf=null, css=null), direction=DOWN, scrollDuration=601, visibilityPercentage=100, timeout=10000, waitToSettleTimeoutMs=null, centerElement=false, originalSpeedValue=40, label=null, optional=false).centerElement
15:53:13.228 [ INFO] maestro.orchestra.Orchestra.scrollUntilVisible: visibilityPercentageNormalized: 1.0
15:53:13.228 [ INFO] maestro.cli.runner.CliConsoleListener.onCommandFinished: Scrolling DOWN until id: end-game is visible with speed 40, visibility percentage 100%, timeout 10000 ms, with centering disabled COMPLETED
15:53:13.228 [ INFO] maestro.cli.runner.CliConsoleListener.onCommandStart: Tap on id: end-game RUNNING
15:53:13.347 [ INFO] maestro.Maestro.tap-HgV9Ck0: Tapping on element:  UiElement(treeNode=TreeNode(attributes={text=, accessibilityText=Oyunu bitir, hintText=, ignoreBoundsFiltering=false, resource-id=end-game, clickable=true, bounds=[16,30][60,74], enabled=true, focused=false, checked=false, scrollable=false, selected=false, class=android.widget.Button, important-for-accessibility=true, error=}, children=[TreeNode(attributes={text=, accessibilityText=, hintText=, ignoreBoundsFiltering=false, resource-id=, clickable=false, bounds=[16,30][60,74], enabled=true, focused=false, checked=false, scrollable=false, selected=false, class=android.view.ViewGroup, important-for-accessibility=false, error=}, children=[], clickable=false, enabled=true, focused=false, checked=false, selected=false), TreeNode(attributes={text=, accessibilityText=, hintText=, ignoreBoundsFiltering=false, resource-id=, clickable=false, bounds=[28,41][48,62], enabled=true, focused=false, checked=false, scrollable=false, selected=false, class=android.widget.TextView, important-for-accessibility=true, error=}, children=[], clickable=false, enabled=true, focused=false, checked=false, selected=false)], clickable=true, enabled=true, focused=false, checked=false, selected=false), bounds=Bounds(x=16, y=30, width=44, height=44))
15:53:14.554 [ INFO] maestro.Maestro.tap-HgV9Ck0: Tap aimed via settled hierarchy
15:53:14.555 [ INFO] maestro.Maestro.hierarchyBasedTap-ogj28Uc: Tapping at (38, 52) using hierarchy based logic for wait
15:53:15.425 [ INFO] maestro.Maestro.hierarchyBasedTap-ogj28Uc: Something has changed in the UI judging by view hierarchy. Proceed.
15:53:15.425 [ INFO] maestro.cli.runner.CliConsoleListener.onCommandFinished: Tap on id: end-game COMPLETED
15:53:15.425 [ INFO] maestro.cli.runner.CliConsoleListener.onCommandStart: Tap on id: end-game-confirm RUNNING
15:53:15.494 [ INFO] maestro.Maestro.tap-HgV9Ck0: Tapping on element:  UiElement(treeNode=TreeNode(attributes={text=, accessibilityText=Bitir, hintText=, ignoreBoundsFiltering=false, resource-id=end-game-confirm, clickable=true, bounds=[165,568][296,616], enabled=true, focused=false, checked=false, scrollable=false, selected=false, class=android.widget.Button, important-for-accessibility=true, error=}, children=[TreeNode(attributes={text=, accessibilityText=, hintText=, ignoreBoundsFiltering=false, resource-id=, clickable=false, bounds=[165,568][296,616], enabled=true, focused=false, checked=false, scrollable=false, selected=false, class=android.view.ViewGroup, important-for-accessibility=false, error=}, children=[], clickable=false, enabled=true, focused=false, checked=false, selected=false), TreeNode(attributes={text=Bitir, accessibilityText=, hintText=, ignoreBoundsFiltering=false, resource-id=, clickable=false, bounds=[215,582][247,602], enabled=true, focused=false, checked=false, scrollable=false, selected=false, class=android.widget.TextView, important-for-accessibility=true, error=}, children=[], clickable=false, enabled=true, focused=false, checked=false, selected=false)], clickable=true, enabled=true, focused=false, checked=false, selected=false), bounds=Bounds(x=165, y=568, width=131, height=48))
15:53:16.717 [ INFO] maestro.Maestro.tap-HgV9Ck0: Tap aimed via settled hierarchy
15:53:16.718 [ INFO] maestro.Maestro.hierarchyBasedTap-ogj28Uc: Tapping at (230, 592) using hierarchy based logic for wait
15:53:17.722 [ INFO] maestro.Maestro.hierarchyBasedTap-ogj28Uc: Something has changed in the UI judging by view hierarchy. Proceed.
15:53:17.722 [ INFO] maestro.cli.runner.CliConsoleListener.onCommandFinished: Tap on id: end-game-confirm COMPLETED
15:53:17.722 [ INFO] maestro.cli.runner.CliConsoleListener.onCommandStart: Scrolling UP until id: solo-sohbet is visible with speed 40, visibility percentage 100%, timeout 15000 ms, with centering disabled RUNNING
15:53:17.854 [ INFO] maestro.orchestra.Orchestra.scrollUntilVisible: Scrolling try count: 0, DeviceWidth: 320, DeviceWidth: 640
15:53:17.855 [ INFO] maestro.orchestra.Orchestra.scrollUntilVisible: Element bounds: Bounds(x=32, y=337, width=256, height=48)
15:53:17.855 [ INFO] maestro.orchestra.Orchestra.scrollUntilVisible: Visibility Percent: 1.0
15:53:17.855 [ INFO] maestro.orchestra.Orchestra.scrollUntilVisible: Command centerElement: ScrollUntilVisibleCommand(selector=ElementSelector(textRegex=null, idRegex=solo-sohbet, size=null, below=null, above=null, leftOf=null, rightOf=null, containsChild=null, containsDescendants=null, traits=null, index=null, enabled=null, optional=false, selected=null, checked=null, focused=null, childOf=null, css=null), direction=UP, scrollDuration=601, visibilityPercentage=100, timeout=15000, waitToSettleTimeoutMs=null, centerElement=false, originalSpeedValue=40, label=null, optional=false).centerElement
15:53:17.855 [ INFO] maestro.orchestra.Orchestra.scrollUntilVisible: visibilityPercentageNormalized: 1.0
15:53:17.855 [ INFO] maestro.cli.runner.CliConsoleListener.onCommandFinished: Scrolling UP until id: solo-sohbet is visible with speed 40, visibility percentage 100%, timeout 15000 ms, with centering disabled COMPLETED
15:53:17.855 [ INFO] maestro.cli.runner.CliConsoleListener.onCommandStart: Scrolling DOWN until id: end-room is visible with speed 40, visibility percentage 100%, timeout 10000 ms, with centering disabled RUNNING
15:53:17.966 [ INFO] maestro.orchestra.Orchestra.scrollUntilVisible: Scrolling try count: 0, DeviceWidth: 320, DeviceWidth: 640
15:53:17.967 [ INFO] maestro.orchestra.Orchestra.scrollUntilVisible: Element bounds: Bounds(x=185, y=30, width=79, height=48)
15:53:17.967 [ INFO] maestro.orchestra.Orchestra.scrollUntilVisible: Visibility Percent: 1.0
15:53:17.967 [ INFO] maestro.orchestra.Orchestra.scrollUntilVisible: Command centerElement: ScrollUntilVisibleCommand(selector=ElementSelector(textRegex=null, idRegex=end-room, size=null, below=null, above=null, leftOf=null, rightOf=null, containsChild=null, containsDescendants=null, traits=null, index=null, enabled=null, optional=false, selected=null, checked=null, focused=null, childOf=null, css=null), direction=DOWN, scrollDuration=601, visibilityPercentage=100, timeout=10000, waitToSettleTimeoutMs=null, centerElement=false, originalSpeedValue=40, label=null, optional=false).centerElement
15:53:17.967 [ INFO] maestro.orchestra.Orchestra.scrollUntilVisible: visibilityPercentageNormalized: 1.0
15:53:17.967 [ INFO] maestro.cli.runner.CliConsoleListener.onCommandFinished: Scrolling DOWN until id: end-room is visible with speed 40, visibility percentage 100%, timeout 10000 ms, with centering disabled COMPLETED
15:53:17.967 [ INFO] maestro.cli.runner.CliConsoleListener.onCommandStart: Tap on id: end-room RUNNING
15:53:18.079 [ INFO] maestro.Maestro.tap-HgV9Ck0: Tapping on element:  UiElement(treeNode=TreeNode(attributes={text=, accessibilityText=Odayı bitir, hintText=, ignoreBoundsFiltering=false, resource-id=end-room, clickable=true, bounds=[185,30][264,78], enabled=true, focused=false, checked=false, scrollable=false, selected=false, class=android.widget.Button, important-for-accessibility=true, error=}, children=[TreeNode(attributes={text=, accessibilityText=, hintText=, ignoreBoundsFiltering=false, resource-id=, clickable=false, bounds=[185,30][264,78], enabled=true, focused=false, checked=false, scrollable=false, selected=false, class=android.view.ViewGroup, important-for-accessibility=false, error=}, children=[], clickable=false, enabled=true, focused=false, checked=false, selected=false), TreeNode(attributes={text=Odayı bitir, accessibilityText=, hintText=, ignoreBoundsFiltering=false, resource-id=, clickable=false, bounds=[185,44][264,64], enabled=true, focused=false, checked=false, scrollable=false, selected=false, class=android.widget.TextView, important-for-accessibility=true, error=}, children=[], clickable=false, enabled=true, focused=false, checked=false, selected=false)], clickable=true, enabled=true, focused=false, checked=false, selected=false), bounds=Bounds(x=185, y=30, width=79, height=48))
15:53:19.354 [ INFO] maestro.Maestro.tap-HgV9Ck0: Tap aimed via settled hierarchy
15:53:19.354 [ INFO] maestro.Maestro.hierarchyBasedTap-ogj28Uc: Tapping at (224, 54) using hierarchy based logic for wait
15:53:20.607 [ INFO] maestro.Maestro.hierarchyBasedTap-ogj28Uc: Something has changed in the UI judging by view hierarchy. Proceed.
15:53:20.607 [ INFO] maestro.cli.runner.CliConsoleListener.onCommandFinished: Tap on id: end-room COMPLETED
15:53:20.607 [ INFO] maestro.cli.runner.CliConsoleListener.onCommandStart: Assert that "Oda kur" is visible RUNNING
15:53:20.738 [ INFO] maestro.cli.runner.CliConsoleListener.onCommandFinished: Assert that "Oda kur" is visible COMPLETED
15:53:20.739 [ INFO] maestro.cli.runner.CliConsoleListener.onCommandFinished: Run flows/06-white-screen.yaml COMPLETED
15:53:20.739 [ INFO] maestro.cli.runner.CliConsoleListener.onCommandStart: Run flows/06b-tabu-coop.yaml RUNNING
15:53:20.739 [ INFO] maestro.cli.runner.CliConsoleListener.onCommandStart: Apply configuration RUNNING
15:53:20.739 [ INFO] maestro.cli.runner.CliConsoleListener.onCommandFinished: Apply configuration COMPLETED
15:53:20.739 [ INFO] maestro.cli.runner.CliConsoleListener.onCommandStart: Run ../scripts/bot.js RUNNING
15:53:20.813 [ INFO] maestro.cli.runner.CliConsoleListener.onCommandFinished: Run ../scripts/bot.js COMPLETED
15:53:20.813 [ INFO] maestro.cli.runner.CliConsoleListener.onCommandStart: Run ../scripts/bot.js RUNNING
15:53:20.942 [ INFO] maestro.cli.runner.CliConsoleListener.onCommandFinished: Run ../scripts/bot.js COMPLETED
15:53:20.942 [ INFO] maestro.cli.runner.CliConsoleListener.onCommandStart: Tap on id: tab-venue RUNNING
15:53:21.036 [ INFO] maestro.Maestro.tap-HgV9Ck0: Tapping on element:  UiElement(treeNode=TreeNode(attributes={text=, accessibilityText=Mekan, hintText=, ignoreBoundsFiltering=false, resource-id=tab-venue, clickable=true, bounds=[133,568][187,632], enabled=true, focused=false, checked=false, scrollable=false, selected=true, class=android.view.View, important-for-accessibility=true, error=}, children=[TreeNode(attributes={text=, accessibilityText=, hintText=, ignoreBoundsFiltering=false, resource-id=, clickable=false, bounds=[140,572][180,612], enabled=true, focused=false, checked=false, scrollable=false, selected=false, class=android.view.ViewGroup, important-for-accessibility=false, error=}, children=[], clickable=false, enabled=true, focused=false, checked=false, selected=false), TreeNode(attributes={text=, accessibilityText=, hintText=, ignoreBoundsFiltering=false, resource-id=, clickable=false, bounds=[150,583][170,601], enabled=true, focused=false, checked=false, scrollable=false, selected=false, class=android.widget.ImageView, important-for-accessibility=false, error=}, children=[], clickable=false, enabled=true, focused=false, checked=false, selected=false), TreeNode(attributes={text=Mekan, accessibilityText=, hintText=, ignoreBoundsFiltering=false, resource-id=, clickable=false, bounds=[141,612][178,628], enabled=true, focused=false, checked=false, scrollable=false, selected=false, class=android.widget.TextView, important-for-accessibility=true, error=}, children=[], clickable=false, enabled=true, focused=false, checked=false, selected=false)], clickable=true, enabled=true, focused=false, checked=false, selected=true), bounds=Bounds(x=133, y=568, width=54, height=64))
15:53:22.306 [ INFO] maestro.Maestro.tap-HgV9Ck0: Tap aimed via settled hierarchy
15:53:22.306 [ INFO] maestro.Maestro.hierarchyBasedTap-ogj28Uc: Tapping at (160, 600) using hierarchy based logic for wait
15:53:22.668 [ INFO] maestro.cli.runner.CliConsoleListener.onCommandFinished: Tap on id: tab-venue COMPLETED
15:53:22.669 [ INFO] maestro.cli.runner.CliConsoleListener.onCommandStart: Assert that "Oda kur" is visible RUNNING
15:53:22.804 [ INFO] maestro.cli.runner.CliConsoleListener.onCommandFinished: Assert that "Oda kur" is visible COMPLETED
15:53:22.804 [ INFO] maestro.cli.runner.CliConsoleListener.onCommandStart: Tap on "Oda kur" RUNNING
15:53:22.902 [ INFO] maestro.Maestro.tap-HgV9Ck0: Tapping on element:  UiElement(treeNode=TreeNode(attributes={text=Oda kur, accessibilityText=, hintText=, ignoreBoundsFiltering=false, resource-id=, clickable=false, bounds=[57,431][117,451], enabled=true, focused=false, checked=false, scrollable=false, selected=false, class=android.widget.TextView, important-for-accessibility=true, error=}, children=[], clickable=false, enabled=true, focused=false, checked=false, selected=false), bounds=Bounds(x=57, y=431, width=60, height=20))
15:53:24.230 [ INFO] maestro.Maestro.tap-HgV9Ck0: Tap aimed via settled hierarchy
15:53:24.231 [ INFO] maestro.Maestro.hierarchyBasedTap-ogj28Uc: Tapping at (87, 441) using hierarchy based logic for wait
15:53:25.550 [ INFO] maestro.Maestro.hierarchyBasedTap-ogj28Uc: Something has changed in the UI judging by view hierarchy. Proceed.
15:53:25.550 [ INFO] maestro.cli.runner.CliConsoleListener.onCommandFinished: Tap on "Oda kur" COMPLETED
15:53:25.550 [ INFO] maestro.cli.runner.CliConsoleListener.onCommandStart: Assert that id: intent-none is visible RUNNING
15:53:25.663 [ INFO] maestro.cli.runner.CliConsoleListener.onCommandFinished: Assert that id: intent-none is visible COMPLETED
15:53:25.663 [ INFO] maestro.cli.runner.CliConsoleListener.onCommandStart: Scrolling DOWN until "Odayı kur" is visible with speed 40, visibility percentage 100%, timeout 10000 ms, with centering disabled RUNNING
15:53:25.779 [ INFO] maestro.orchestra.Orchestra.scrollUntilVisible: Scrolling try count: 0, DeviceWidth: 320, DeviceWidth: 640
15:53:25.779 [ INFO] maestro.orchestra.Orchestra.scrollUntilVisible: Element bounds: Bounds(x=120, y=565, width=81, height=22)
15:53:25.779 [ INFO] maestro.orchestra.Orchestra.scrollUntilVisible: Visibility Percent: 1.0
15:53:25.779 [ INFO] maestro.orchestra.Orchestra.scrollUntilVisible: Command centerElement: ScrollUntilVisibleCommand(selector=ElementSelector(textRegex=Odayı kur, idRegex=null, size=null, below=null, above=null, leftOf=null, rightOf=null, containsChild=null, containsDescendants=null, traits=null, index=null, enabled=null, optional=false, selected=null, checked=null, focused=null, childOf=null, css=null), direction=DOWN, scrollDuration=601, visibilityPercentage=100, timeout=10000, waitToSettleTimeoutMs=null, centerElement=false, originalSpeedValue=40, label=null, optional=false).centerElement
15:53:25.779 [ INFO] maestro.orchestra.Orchestra.scrollUntilVisible: visibilityPercentageNormalized: 1.0
15:53:25.779 [ INFO] maestro.cli.runner.CliConsoleListener.onCommandFinished: Scrolling DOWN until "Odayı kur" is visible with speed 40, visibility percentage 100%, timeout 10000 ms, with centering disabled COMPLETED
15:53:25.779 [ INFO] maestro.cli.runner.CliConsoleListener.onCommandStart: Tap on "Odayı kur" RUNNING
15:53:25.895 [ INFO] maestro.Maestro.tap-HgV9Ck0: Tapping on element:  UiElement(treeNode=TreeNode(attributes={text=Odayı kur, accessibilityText=, hintText=, ignoreBoundsFiltering=false, resource-id=, clickable=false, bounds=[120,565][201,587], enabled=true, focused=false, checked=false, scrollable=false, selected=false, class=android.widget.TextView, important-for-accessibility=true, error=}, children=[], clickable=false, enabled=true, focused=false, checked=false, selected=false), bounds=Bounds(x=120, y=565, width=81, height=22))
15:53:27.170 [ INFO] maestro.Maestro.tap-HgV9Ck0: Tap aimed via settled hierarchy
15:53:27.170 [ INFO] maestro.Maestro.hierarchyBasedTap-ogj28Uc: Tapping at (160, 576) using hierarchy based logic for wait
15:53:28.332 [ INFO] maestro.Maestro.hierarchyBasedTap-ogj28Uc: Something has changed in the UI judging by view hierarchy. Proceed.
15:53:28.332 [ INFO] maestro.cli.runner.CliConsoleListener.onCommandFinished: Tap on "Odayı kur" COMPLETED
15:53:28.332 [ INFO] maestro.cli.runner.CliConsoleListener.onCommandStart: Assert that id: solo-tabu is visible RUNNING
15:53:28.440 [ INFO] maestro.cli.runner.CliConsoleListener.onCommandFinished: Assert that id: solo-tabu is visible COMPLETED
15:53:28.440 [ INFO] maestro.cli.runner.CliConsoleListener.onCommandStart: Run ../scripts/bot.js RUNNING
15:53:29.019 [ INFO] maestro.cli.runner.CliConsoleListener.onCommandFinished: Run ../scripts/bot.js COMPLETED
15:53:29.019 [ INFO] maestro.cli.runner.CliConsoleListener.onCommandStart: Assert that "Katılma isteği" is visible RUNNING
15:53:29.754 [ INFO] maestro.cli.runner.CliConsoleListener.onCommandFinished: Assert that "Katılma isteği" is visible COMPLETED
15:53:29.754 [ INFO] maestro.cli.runner.CliConsoleListener.onCommandStart: Tap on id: join-accept RUNNING
15:53:30.258 [ INFO] maestro.Maestro.tap-HgV9Ck0: Tapping on element:  UiElement(treeNode=TreeNode(attributes={text=, accessibilityText=Kabul, hintText=, ignoreBoundsFiltering=false, resource-id=join-accept, clickable=true, bounds=[165,502][296,550], enabled=true, focused=false, checked=false, scrollable=false, selected=false, class=android.widget.Button, important-for-accessibility=true, error=}, children=[TreeNode(attributes={text=, accessibilityText=, hintText=, ignoreBoundsFiltering=false, resource-id=, clickable=false, bounds=[165,502][296,550], enabled=true, focused=false, checked=false, scrollable=false, selected=false, class=android.view.ViewGroup, important-for-accessibility=false, error=}, children=[], clickable=false, enabled=true, focused=false, checked=false, selected=false), TreeNode(attributes={text=Kabul, accessibilityText=, hintText=, ignoreBoundsFiltering=false, resource-id=, clickable=false, bounds=[209,516][253,536], enabled=true, focused=false, checked=false, scrollable=false, selected=false, class=android.widget.TextView, important-for-accessibility=true, error=}, children=[], clickable=false, enabled=true, focused=false, checked=false, selected=false)], clickable=true, enabled=true, focused=false, checked=false, selected=false), bounds=Bounds(x=165, y=502, width=131, height=48))
15:53:31.534 [ INFO] maestro.Maestro.tap-HgV9Ck0: Tap aimed via settled hierarchy
15:53:31.535 [ INFO] maestro.Maestro.hierarchyBasedTap-ogj28Uc: Tapping at (230, 526) using hierarchy based logic for wait
15:53:32.494 [ INFO] maestro.Maestro.hierarchyBasedTap-ogj28Uc: Something has changed in the UI judging by view hierarchy. Proceed.
15:53:32.494 [ INFO] maestro.cli.runner.CliConsoleListener.onCommandFinished: Tap on id: join-accept COMPLETED
15:53:32.494 [ INFO] maestro.cli.runner.CliConsoleListener.onCommandStart: Assert that id: propose-tabu is visible RUNNING
15:53:32.647 [ INFO] maestro.cli.runner.CliConsoleListener.onCommandFinished: Assert that id: propose-tabu is visible COMPLETED
15:53:32.647 [ INFO] maestro.cli.runner.CliConsoleListener.onCommandStart: Tap on id: propose-tabu RUNNING
15:53:32.755 [ INFO] maestro.Maestro.tap-HgV9Ck0: Tapping on element:  UiElement(treeNode=TreeNode(attributes={text=, accessibilityText=Sesli Tabu öner, hintText=, ignoreBoundsFiltering=false, resource-id=propose-tabu, clickable=true, bounds=[34,211][155,323], enabled=true, focused=false, checked=false, scrollable=false, selected=false, class=android.widget.Button, important-for-accessibility=true, error=}, children=[TreeNode(attributes={text=, accessibilityText=, hintText=, ignoreBoundsFiltering=false, resource-id=, clickable=false, bounds=[34,211][155,299], enabled=true, focused=false, checked=false, scrollable=false, selected=false, class=android.view.ViewGroup, important-for-accessibility=false, error=}, children=[], clickable=false, enabled=true, focused=false, checked=false, selected=false), TreeNode(attributes={text=, accessibilityText=, hintText=, ignoreBoundsFiltering=false, resource-id=, clickable=false, bounds=[48,225][141,251], enabled=true, focused=false, checked=false, scrollable=false, selected=false, class=android.widget.TextView, important-for-accessibility=true, error=}, children=[], clickable=false, enabled=true, focused=false, checked=false, selected=false), TreeNode(attributes={text=Sesli Tabu, accessibilityText=, hintText=, ignoreBoundsFiltering=false, resource-id=, clickable=false, bounds=[48,261][141,285], enabled=true, focused=false, checked=false, scrollable=false, selected=false, class=android.widget.TextView, important-for-accessibility=true, error=}, children=[], clickable=false, enabled=true, focused=false, checked=false, selected=false)], clickable=true, enabled=true, focused=false, checked=false, selected=false), bounds=Bounds(x=34, y=211, width=121, height=112))
15:53:34.028 [ INFO] maestro.Maestro.tap-HgV9Ck0: Tap aimed via settled hierarchy
15:53:34.028 [ INFO] maestro.Maestro.hierarchyBasedTap-ogj28Uc: Tapping at (94, 267) using hierarchy based logic for wait
15:53:35.730 [ INFO] maestro.Maestro.hierarchyBasedTap-ogj28Uc: Something has changed in the UI judging by view hierarchy. Proceed.
15:53:35.730 [ INFO] maestro.cli.runner.CliConsoleListener.onCommandFinished: Tap on id: propose-tabu COMPLETED
15:53:35.730 [ INFO] maestro.cli.runner.CliConsoleListener.onCommandStart: Run ../scripts/bot.js RUNNING
15:53:35.815 [ INFO] maestro.cli.runner.CliConsoleListener.onCommandFinished: Run ../scripts/bot.js COMPLETED
15:53:35.816 [ INFO] maestro.cli.runner.CliConsoleListener.onCommandStart: Assert that "Kartı görmek için dokun" is visible RUNNING
15:53:36.800 [ INFO] maestro.cli.runner.CliConsoleListener.onCommandFinished: Assert that "Kartı görmek için dokun" is visible COMPLETED
15:53:36.800 [ INFO] maestro.cli.runner.CliConsoleListener.onCommandStart: Assert that "Ortak skor" is visible RUNNING
15:53:36.917 [ INFO] maestro.cli.runner.CliConsoleListener.onCommandFinished: Assert that "Ortak skor" is visible COMPLETED
15:53:36.917 [ INFO] maestro.cli.runner.CliConsoleListener.onCommandStart: Tap on "Kartı görmek için dokun" RUNNING
15:53:37.047 [ INFO] maestro.Maestro.tap-HgV9Ck0: Tapping on element:  UiElement(treeNode=TreeNode(attributes={text=Kartı görmek için dokun, accessibilityText=, hintText=, ignoreBoundsFiltering=false, resource-id=, clickable=false, bounds=[40,409][280,465], enabled=true, focused=false, checked=false, scrollable=false, selected=false, class=android.widget.TextView, important-for-accessibility=true, error=}, children=[], clickable=false, enabled=true, focused=false, checked=false, selected=false), bounds=Bounds(x=40, y=409, width=240, height=56))
15:53:38.938 [ INFO] maestro.Maestro.tap-HgV9Ck0: Tap aimed via settled hierarchy
15:53:38.938 [ INFO] maestro.Maestro.hierarchyBasedTap-ogj28Uc: Tapping at (160, 437) using hierarchy based logic for wait
15:53:39.831 [ INFO] maestro.Maestro.hierarchyBasedTap-ogj28Uc: Something has changed in the UI judging by view hierarchy. Proceed.
15:53:39.831 [ INFO] maestro.cli.runner.CliConsoleListener.onCommandFinished: Tap on "Kartı görmek için dokun" COMPLETED
15:53:39.831 [ INFO] maestro.cli.runner.CliConsoleListener.onCommandStart: Assert that id: tabu-card is visible RUNNING
15:53:39.954 [ INFO] maestro.cli.runner.CliConsoleListener.onCommandFinished: Assert that id: tabu-card is visible COMPLETED
15:53:39.955 [ INFO] maestro.cli.runner.CliConsoleListener.onCommandStart: Scrolling DOWN until id: tabu-taboo is visible with speed 40, visibility percentage 100%, timeout 10000 ms, with centering enabled RUNNING
15:53:40.079 [ INFO] maestro.orchestra.Orchestra.scrollUntilVisible: Scrolling try count: 0, DeviceWidth: 320, DeviceWidth: 640
15:53:40.079 [ INFO] maestro.orchestra.Orchestra.scrollUntilVisible: Element bounds: Bounds(x=213, y=611, width=91, height=29)
15:53:40.079 [ INFO] maestro.orchestra.Orchestra.scrollUntilVisible: Visibility Percent: 1.0
15:53:40.079 [ INFO] maestro.orchestra.Orchestra.scrollUntilVisible: Command centerElement: ScrollUntilVisibleCommand(selector=ElementSelector(textRegex=null, idRegex=tabu-taboo, size=null, below=null, above=null, leftOf=null, rightOf=null, containsChild=null, containsDescendants=null, traits=null, index=null, enabled=null, optional=false, selected=null, checked=null, focused=null, childOf=null, css=null), direction=DOWN, scrollDuration=601, visibilityPercentage=100, timeout=10000, waitToSettleTimeoutMs=null, centerElement=true, originalSpeedValue=40, label=null, optional=false).centerElement
15:53:40.079 [ INFO] maestro.orchestra.Orchestra.scrollUntilVisible: visibilityPercentageNormalized: 1.0
15:53:40.123 [ INFO] maestro.Maestro.swipeFromCenter: Swiping UP from center
15:53:41.983 [ INFO] maestro.orchestra.Orchestra.scrollUntilVisible: Scrolling try count: 1, DeviceWidth: 320, DeviceWidth: 640
15:53:41.983 [ INFO] maestro.orchestra.Orchestra.scrollUntilVisible: Element bounds: Bounds(x=213, y=450, width=91, height=64)
15:53:41.983 [ INFO] maestro.orchestra.Orchestra.scrollUntilVisible: Visibility Percent: 1.0
15:53:41.983 [ INFO] maestro.orchestra.Orchestra.scrollUntilVisible: Command centerElement: ScrollUntilVisibleCommand(selector=ElementSelector(textRegex=null, idRegex=tabu-taboo, size=null, below=null, above=null, leftOf=null, rightOf=null, containsChild=null, containsDescendants=null, traits=null, index=null, enabled=null, optional=false, selected=null, checked=null, focused=null, childOf=null, css=null), direction=DOWN, scrollDuration=601, visibilityPercentage=100, timeout=10000, waitToSettleTimeoutMs=null, centerElement=true, originalSpeedValue=40, label=null, optional=false).centerElement
15:53:41.983 [ INFO] maestro.orchestra.Orchestra.scrollUntilVisible: visibilityPercentageNormalized: 1.0
15:53:42.068 [ INFO] maestro.Maestro.swipeFromCenter: Swiping UP from center
15:53:43.138 [ INFO] maestro.orchestra.Orchestra.scrollUntilVisible: Scrolling try count: 2, DeviceWidth: 320, DeviceWidth: 640
15:53:43.139 [ INFO] maestro.orchestra.Orchestra.scrollUntilVisible: Element bounds: Bounds(x=213, y=450, width=91, height=64)
15:53:43.139 [ INFO] maestro.orchestra.Orchestra.scrollUntilVisible: Visibility Percent: 1.0
15:53:43.139 [ INFO] maestro.orchestra.Orchestra.scrollUntilVisible: Command centerElement: ScrollUntilVisibleCommand(selector=ElementSelector(textRegex=null, idRegex=tabu-taboo, size=null, below=null, above=null, leftOf=null, rightOf=null, containsChild=null, containsDescendants=null, traits=null, index=null, enabled=null, optional=false, selected=null, checked=null, focused=null, childOf=null, css=null), direction=DOWN, scrollDuration=601, visibilityPercentage=100, timeout=10000, waitToSettleTimeoutMs=null, centerElement=true, originalSpeedValue=40, label=null, optional=false).centerElement
15:53:43.139 [ INFO] maestro.orchestra.Orchestra.scrollUntilVisible: visibilityPercentageNormalized: 1.0
15:53:43.187 [ INFO] maestro.Maestro.swipeFromCenter: Swiping UP from center
15:53:44.195 [ INFO] maestro.orchestra.Orchestra.scrollUntilVisible: Scrolling try count: 3, DeviceWidth: 320, DeviceWidth: 640
15:53:44.195 [ INFO] maestro.orchestra.Orchestra.scrollUntilVisible: Element bounds: Bounds(x=213, y=450, width=91, height=64)
15:53:44.195 [ INFO] maestro.orchestra.Orchestra.scrollUntilVisible: Visibility Percent: 1.0
15:53:44.195 [ INFO] maestro.orchestra.Orchestra.scrollUntilVisible: Command centerElement: ScrollUntilVisibleCommand(selector=ElementSelector(textRegex=null, idRegex=tabu-taboo, size=null, below=null, above=null, leftOf=null, rightOf=null, containsChild=null, containsDescendants=null, traits=null, index=null, enabled=null, optional=false, selected=null, checked=null, focused=null, childOf=null, css=null), direction=DOWN, scrollDuration=601, visibilityPercentage=100, timeout=10000, waitToSettleTimeoutMs=null, centerElement=true, originalSpeedValue=40, label=null, optional=false).centerElement
15:53:44.195 [ INFO] maestro.orchestra.Orchestra.scrollUntilVisible: visibilityPercentageNormalized: 1.0
15:53:44.199 [ INFO] maestro.Maestro.swipeFromCenter: Swiping UP from center
15:53:45.216 [ INFO] maestro.orchestra.Orchestra.scrollUntilVisible: Scrolling try count: 4, DeviceWidth: 320, DeviceWidth: 640
15:53:45.216 [ INFO] maestro.orchestra.Orchestra.scrollUntilVisible: Element bounds: Bounds(x=213, y=450, width=91, height=64)
15:53:45.216 [ INFO] maestro.orchestra.Orchestra.scrollUntilVisible: Visibility Percent: 1.0
15:53:45.216 [ INFO] maestro.orchestra.Orchestra.scrollUntilVisible: Command centerElement: ScrollUntilVisibleCommand(selector=ElementSelector(textRegex=null, idRegex=tabu-taboo, size=null, below=null, above=null, leftOf=null, rightOf=null, containsChild=null, containsDescendants=null, traits=null, index=null, enabled=null, optional=false, selected=null, checked=null, focused=null, childOf=null, css=null), direction=DOWN, scrollDuration=601, visibilityPercentage=100, timeout=10000, waitToSettleTimeoutMs=null, centerElement=true, originalSpeedValue=40, label=null, optional=false).centerElement
15:53:45.216 [ INFO] maestro.orchestra.Orchestra.scrollUntilVisible: visibilityPercentageNormalized: 1.0
15:53:45.258 [ INFO] maestro.Maestro.swipeFromCenter: Swiping UP from center
15:53:46.202 [ INFO] maestro.orchestra.Orchestra.scrollUntilVisible: Scrolling try count: 5, DeviceWidth: 320, DeviceWidth: 640
15:53:46.203 [ INFO] maestro.orchestra.Orchestra.scrollUntilVisible: Element bounds: Bounds(x=213, y=450, width=91, height=64)
15:53:46.203 [ INFO] maestro.orchestra.Orchestra.scrollUntilVisible: Visibility Percent: 1.0
15:53:46.203 [ INFO] maestro.orchestra.Orchestra.scrollUntilVisible: Command centerElement: ScrollUntilVisibleCommand(selector=ElementSelector(textRegex=null, idRegex=tabu-taboo, size=null, below=null, above=null, leftOf=null, rightOf=null, containsChild=null, containsDescendants=null, traits=null, index=null, enabled=null, optional=false, selected=null, checked=null, focused=null, childOf=null, css=null), direction=DOWN, scrollDuration=601, visibilityPercentage=100, timeout=10000, waitToSettleTimeoutMs=null, centerElement=true, originalSpeedValue=40, label=null, optional=false).centerElement
15:53:46.203 [ INFO] maestro.orchestra.Orchestra.scrollUntilVisible: visibilityPercentageNormalized: 1.0
15:53:46.203 [ INFO] maestro.cli.runner.CliConsoleListener.onCommandFinished: Scrolling DOWN until id: tabu-taboo is visible with speed 40, visibility percentage 100%, timeout 10000 ms, with centering enabled COMPLETED
15:53:46.203 [ INFO] maestro.cli.runner.CliConsoleListener.onCommandStart: Assert that id: tabu-pass is visible RUNNING
15:53:46.387 [ INFO] maestro.cli.runner.CliConsoleListener.onCommandFinished: Assert that id: tabu-pass is visible COMPLETED
15:53:46.387 [ INFO] maestro.cli.runner.CliConsoleListener.onCommandStart: Take screenshot 34-coop-describer RUNNING
15:53:46.387 [ INFO] maestro.Maestro.takeScreenshot: Taking screenshot
15:53:46.387 [TRACE] maestro.utils.ScreenshotUtils.takeScreenshot: Taking screenshot to output sink
15:53:46.461 [ INFO] maestro.cli.runner.CliConsoleListener.onCommandFinished: Take screenshot 34-coop-describer COMPLETED
15:53:46.461 [ INFO] maestro.cli.runner.CliConsoleListener.onCommandStart: Tap on id: tabu-correct RUNNING
15:53:46.940 [ INFO] maestro.Maestro.tap-HgV9Ck0: Tapping on element:  UiElement(treeNode=TreeNode(attributes={text=, accessibilityText=Doğru +1, hintText=, ignoreBoundsFiltering=false, resource-id=tabu-correct, clickable=true, bounds=[16,450][107,514], enabled=true, focused=false, checked=false, scrollable=false, selected=false, class=android.widget.Button, important-for-accessibility=true, error=}, children=[TreeNode(attributes={text=, accessibilityText=, hintText=, ignoreBoundsFiltering=false, resource-id=, clickable=false, bounds=[16,450][107,514], enabled=true, focused=false, checked=false, scrollable=false, selected=false, class=android.view.ViewGroup, important-for-accessibility=false, error=}, children=[], clickable=false, enabled=true, focused=false, checked=false, selected=false), TreeNode(attributes={text=Doğru, accessibilityText=, hintText=, ignoreBoundsFiltering=false, resource-id=, clickable=false, bounds=[35,461][88,483], enabled=true, focused=false, checked=false, scrollable=false, selected=false, class=android.widget.TextView, important-for-accessibility=true, error=}, children=[], clickable=false, enabled=true, focused=false, checked=false, selected=false), TreeNode(attributes={text=+1, accessibilityText=, hintText=, ignoreBoundsFiltering=false, resource-id=, clickable=false, bounds=[51,483][71,503], enabled=true, focused=false, checked=false, scrollable=false, selected=false, class=android.widget.TextView, important-for-accessibility=true, error=}, children=[], clickable=false, enabled=true, focused=false, checked=false, selected=false)], clickable=true, enabled=true, focused=false, checked=false, selected=false), bounds=Bounds(x=16, y=450, width=91, height=64))
15:53:47.782 [ INFO] maestro.Maestro.tap-HgV9Ck0: Tap aimed via settled hierarchy
15:53:47.782 [ INFO] maestro.Maestro.hierarchyBasedTap-ogj28Uc: Tapping at (61, 482) using hierarchy based logic for wait
15:53:49.034 [ INFO] maestro.Maestro.hierarchyBasedTap-ogj28Uc: Something has changed in the UI judging by view hierarchy. Proceed.
15:53:49.034 [ INFO] maestro.cli.runner.CliConsoleListener.onCommandFinished: Tap on id: tabu-correct COMPLETED
15:53:49.034 [ INFO] maestro.cli.runner.CliConsoleListener.onCommandStart: Run ../scripts/bot.js RUNNING
15:53:49.135 [ INFO] maestro.cli.runner.CliConsoleListener.onCommandFinished: Run ../scripts/bot.js COMPLETED
15:53:49.135 [ INFO] maestro.cli.runner.CliConsoleListener.onCommandStart: Scrolling UP until id: tabu-guessing is visible with speed 40, visibility percentage 100%, timeout 20000 ms, with centering disabled RUNNING
15:53:50.066 [ INFO] maestro.orchestra.Orchestra.scrollUntilVisible: Scrolling try count: 0, DeviceWidth: 320, DeviceWidth: 640
15:53:50.067 [ INFO] maestro.orchestra.Orchestra.scrollUntilVisible: Element bounds: Bounds(x=16, y=322, width=288, height=18)
15:53:50.067 [ INFO] maestro.orchestra.Orchestra.scrollUntilVisible: Visibility Percent: 1.0
15:53:50.067 [ INFO] maestro.orchestra.Orchestra.scrollUntilVisible: Command centerElement: ScrollUntilVisibleCommand(selector=ElementSelector(textRegex=null, idRegex=tabu-guessing, size=null, below=null, above=null, leftOf=null, rightOf=null, containsChild=null, containsDescendants=null, traits=null, index=null, enabled=null, optional=false, selected=null, checked=null, focused=null, childOf=null, css=null), direction=UP, scrollDuration=601, visibilityPercentage=100, timeout=20000, waitToSettleTimeoutMs=null, centerElement=false, originalSpeedValue=40, label=null, optional=false).centerElement
15:53:50.067 [ INFO] maestro.orchestra.Orchestra.scrollUntilVisible: visibilityPercentageNormalized: 1.0
15:53:50.067 [ INFO] maestro.cli.runner.CliConsoleListener.onCommandFinished: Scrolling UP until id: tabu-guessing is visible with speed 40, visibility percentage 100%, timeout 20000 ms, with centering disabled COMPLETED
15:53:50.067 [ INFO] maestro.cli.runner.CliConsoleListener.onCommandStart: Assert that id: tabu-card is not visible RUNNING
15:53:51.222 [ INFO] maestro.cli.runner.CliConsoleListener.onCommandFinished: Assert that id: tabu-card is not visible COMPLETED
15:53:51.222 [ INFO] maestro.cli.runner.CliConsoleListener.onCommandStart: Assert that id: tabu-correct is not visible RUNNING
15:53:52.330 [ INFO] maestro.cli.runner.CliConsoleListener.onCommandFinished: Assert that id: tabu-correct is not visible COMPLETED
15:53:52.330 [ INFO] maestro.cli.runner.CliConsoleListener.onCommandStart: Run ../scripts/bot.js RUNNING
15:53:52.392 [ INFO] maestro.cli.runner.CliConsoleListener.onCommandFinished: Run ../scripts/bot.js COMPLETED
15:53:52.392 [ INFO] maestro.cli.runner.CliConsoleListener.onCommandStart: Take screenshot 35-coop-guesser RUNNING
15:53:52.393 [ INFO] maestro.Maestro.takeScreenshot: Taking screenshot
15:53:52.393 [TRACE] maestro.utils.ScreenshotUtils.takeScreenshot: Taking screenshot to output sink
15:53:52.422 [ INFO] maestro.cli.runner.CliConsoleListener.onCommandFinished: Take screenshot 35-coop-guesser COMPLETED
15:53:52.423 [ INFO] maestro.cli.runner.CliConsoleListener.onCommandStart: Run ../scripts/bot.js RUNNING
15:53:52.721 [ INFO] maestro.cli.runner.CliConsoleListener.onCommandFinished: Run ../scripts/bot.js COMPLETED
15:53:52.722 [ INFO] maestro.cli.runner.CliConsoleListener.onCommandStart: Assert that "Tanışalım mı\?" is visible RUNNING
15:53:53.786 [ INFO] maestro.cli.runner.CliConsoleListener.onCommandFinished: Assert that "Tanışalım mı\?" is visible COMPLETED
15:53:53.786 [ INFO] maestro.cli.runner.CliConsoleListener.onCommandStart: Tap on id: reveal-no RUNNING
15:53:53.855 [ INFO] maestro.Maestro.tap-HgV9Ck0: Tapping on element:  UiElement(treeNode=TreeNode(attributes={text=, accessibilityText=Hayır, hintText=, ignoreBoundsFiltering=false, resource-id=reveal-no, clickable=true, bounds=[37,313][155,361], enabled=true, focused=false, checked=false, scrollable=false, selected=false, class=android.widget.Button, important-for-accessibility=true, error=}, children=[TreeNode(attributes={text=, accessibilityText=, hintText=, ignoreBoundsFiltering=false, resource-id=, clickable=false, bounds=[37,313][155,361], enabled=true, focused=false, checked=false, scrollable=false, selected=false, class=android.view.ViewGroup, important-for-accessibility=false, error=}, children=[], clickable=false, enabled=true, focused=false, checked=false, selected=false), TreeNode(attributes={text=Hayır, accessibilityText=, hintText=, ignoreBoundsFiltering=false, resource-id=, clickable=false, bounds=[76,327][116,347], enabled=true, focused=false, checked=false, scrollable=false, selected=false, class=android.widget.TextView, important-for-accessibility=true, error=}, children=[], clickable=false, enabled=true, focused=false, checked=false, selected=false)], clickable=true, enabled=true, focused=false, checked=false, selected=false), bounds=Bounds(x=37, y=313, width=118, height=48))
15:53:55.922 [ INFO] maestro.Maestro.tap-HgV9Ck0: Tap aimed via settled hierarchy
15:53:55.922 [ INFO] maestro.Maestro.hierarchyBasedTap-ogj28Uc: Tapping at (96, 337) using hierarchy based logic for wait
15:53:56.881 [ INFO] maestro.Maestro.hierarchyBasedTap-ogj28Uc: Something has changed in the UI judging by view hierarchy. Proceed.
15:53:56.881 [ INFO] maestro.cli.runner.CliConsoleListener.onCommandFinished: Tap on id: reveal-no COMPLETED
15:53:56.881 [ INFO] maestro.cli.runner.CliConsoleListener.onCommandStart: Assert that "Güzel oyundu.*" is visible RUNNING
15:53:56.951 [ INFO] maestro.cli.runner.CliConsoleListener.onCommandFinished: Assert that "Güzel oyundu.*" is visible COMPLETED
15:53:56.951 [ INFO] maestro.cli.runner.CliConsoleListener.onCommandStart: Run ../scripts/bot.js RUNNING
15:53:57.021 [ INFO] maestro.cli.runner.CliConsoleListener.onCommandFinished: Run ../scripts/bot.js COMPLETED
15:53:57.021 [ INFO] maestro.cli.runner.CliConsoleListener.onCommandStart: Tap on "Mekana dön" RUNNING
15:53:57.090 [ INFO] maestro.Maestro.tap-HgV9Ck0: Tapping on element:  UiElement(treeNode=TreeNode(attributes={text=Mekana dön, accessibilityText=, hintText=, ignoreBoundsFiltering=false, resource-id=, clickable=false, bounds=[115,229][206,249], enabled=true, focused=false, checked=false, scrollable=false, selected=false, class=android.widget.TextView, important-for-accessibility=true, error=}, children=[], clickable=false, enabled=true, focused=false, checked=false, selected=false), bounds=Bounds(x=115, y=229, width=91, height=20))
15:53:58.354 [ INFO] maestro.Maestro.tap-HgV9Ck0: Tap aimed via settled hierarchy
15:53:58.354 [ INFO] maestro.Maestro.hierarchyBasedTap-ogj28Uc: Tapping at (160, 239) using hierarchy based logic for wait
15:53:59.332 [ INFO] maestro.Maestro.hierarchyBasedTap-ogj28Uc: Something has changed in the UI judging by view hierarchy. Proceed.
15:53:59.332 [ INFO] maestro.cli.runner.CliConsoleListener.onCommandFinished: Tap on "Mekana dön" COMPLETED
15:53:59.332 [ INFO] maestro.cli.runner.CliConsoleListener.onCommandStart: Assert that "Oda kur" is visible RUNNING
15:53:59.464 [ INFO] maestro.cli.runner.CliConsoleListener.onCommandFinished: Assert that "Oda kur" is visible COMPLETED
15:53:59.464 [ INFO] maestro.cli.runner.CliConsoleListener.onCommandFinished: Run flows/06b-tabu-coop.yaml COMPLETED
15:53:59.464 [ INFO] maestro.cli.runner.CliConsoleListener.onCommandStart: Run flows/07-history-block.yaml RUNNING
15:53:59.464 [ INFO] maestro.cli.runner.CliConsoleListener.onCommandStart: Apply configuration RUNNING
15:53:59.464 [ INFO] maestro.cli.runner.CliConsoleListener.onCommandFinished: Apply configuration COMPLETED
15:53:59.465 [ INFO] maestro.cli.runner.CliConsoleListener.onCommandStart: Tap on id: tab-messages RUNNING
15:53:59.565 [ INFO] maestro.Maestro.tap-HgV9Ck0: Tapping on element:  UiElement(treeNode=TreeNode(attributes={text=, accessibilityText=Mesajlar, hintText=, ignoreBoundsFiltering=false, resource-id=tab-messages, clickable=true, bounds=[187,568][242,632], enabled=true, focused=false, checked=false, scrollable=false, selected=false, class=android.view.View, important-for-accessibility=true, error=}, children=[TreeNode(attributes={text=, accessibilityText=, hintText=, ignoreBoundsFiltering=false, resource-id=, clickable=false, bounds=[202,580][226,604], enabled=true, focused=false, checked=false, scrollable=false, selected=false, class=android.widget.ImageView, important-for-accessibility=false, error=}, children=[], clickable=false, enabled=true, focused=false, checked=false, selected=false), TreeNode(attributes={text=Mesajlar, accessibilityText=, hintText=, ignoreBoundsFiltering=false, resource-id=, clickable=false, bounds=[190,612][238,628], enabled=true, focused=false, checked=false, scrollable=false, selected=false, class=android.widget.TextView, important-for-accessibility=true, error=}, children=[], clickable=false, enabled=true, focused=false, checked=false, selected=false)], clickable=true, enabled=true, focused=false, checked=false, selected=false), bounds=Bounds(x=187, y=568, width=55, height=64))
15:54:01.225 [ INFO] maestro.Maestro.tap-HgV9Ck0: Tap aimed via settled hierarchy
15:54:01.226 [ INFO] maestro.Maestro.hierarchyBasedTap-ogj28Uc: Tapping at (214, 600) using hierarchy based logic for wait
15:54:02.404 [ INFO] maestro.Maestro.hierarchyBasedTap-ogj28Uc: Something has changed in the UI judging by view hierarchy. Proceed.
15:54:02.405 [ INFO] maestro.cli.runner.CliConsoleListener.onCommandFinished: Tap on id: tab-messages COMPLETED
15:54:02.405 [ INFO] maestro.cli.runner.CliConsoleListener.onCommandStart: Tap on id: bell RUNNING
15:54:02.532 [ INFO] maestro.Maestro.tap-HgV9Ck0: Tapping on element:  UiElement(treeNode=TreeNode(attributes={text=, accessibilityText=Bildirimler, hintText=, ignoreBoundsFiltering=false, resource-id=bell, clickable=true, bounds=[256,36][300,80], enabled=true, focused=false, checked=false, scrollable=false, selected=false, class=android.widget.Button, important-for-accessibility=true, error=}, children=[TreeNode(attributes={text=, accessibilityText=, hintText=, ignoreBoundsFiltering=false, resource-id=, clickable=false, bounds=[256,36][300,80], enabled=true, focused=false, checked=false, scrollable=false, selected=false, class=android.view.ViewGroup, important-for-accessibility=false, error=}, children=[], clickable=false, enabled=true, focused=false, checked=false, selected=false), TreeNode(attributes={text=, accessibilityText=, hintText=, ignoreBoundsFiltering=false, resource-id=, clickable=false, bounds=[266,46][290,70], enabled=true, focused=false, checked=false, scrollable=false, selected=false, class=android.widget.ImageView, important-for-accessibility=false, error=}, children=[], clickable=false, enabled=true, focused=false, checked=false, selected=false)], clickable=true, enabled=true, focused=false, checked=false, selected=false), bounds=Bounds(x=256, y=36, width=44, height=44))
15:54:03.786 [ INFO] maestro.Maestro.tap-HgV9Ck0: Tap aimed via settled hierarchy
15:54:03.787 [ INFO] maestro.Maestro.hierarchyBasedTap-ogj28Uc: Tapping at (278, 58) using hierarchy based logic for wait
15:54:05.114 [ INFO] maestro.Maestro.hierarchyBasedTap-ogj28Uc: Something has changed in the UI judging by view hierarchy. Proceed.
15:54:05.114 [ INFO] maestro.cli.runner.CliConsoleListener.onCommandFinished: Tap on id: bell COMPLETED
15:54:05.114 [ INFO] maestro.cli.runner.CliConsoleListener.onCommandStart: Assert that ".*masasıyla Sesli Tabu.*" is visible RUNNING
15:54:05.223 [ INFO] maestro.cli.runner.CliConsoleListener.onCommandFinished: Assert that ".*masasıyla Sesli Tabu.*" is visible COMPLETED
15:54:05.223 [ INFO] maestro.cli.runner.CliConsoleListener.onCommandStart: Take screenshot 30-history RUNNING
15:54:05.224 [ INFO] maestro.Maestro.takeScreenshot: Taking screenshot
15:54:05.224 [TRACE] maestro.utils.ScreenshotUtils.takeScreenshot: Taking screenshot to output sink
15:54:05.289 [ INFO] maestro.cli.runner.CliConsoleListener.onCommandFinished: Take screenshot 30-history COMPLETED
15:54:05.289 [ INFO] maestro.cli.runner.CliConsoleListener.onCommandStart: Tap on id: history-more, Index: 0 RUNNING
15:54:05.394 [ INFO] maestro.Maestro.tap-HgV9Ck0: Tapping on element:  UiElement(treeNode=TreeNode(attributes={text=, accessibilityText=Diğer, hintText=, ignoreBoundsFiltering=false, resource-id=history-more, clickable=true, bounds=[203,363][284,411], enabled=true, focused=false, checked=false, scrollable=false, selected=false, class=android.widget.Button, important-for-accessibility=true, error=}, children=[TreeNode(attributes={text=, accessibilityText=, hintText=, ignoreBoundsFiltering=false, resource-id=, clickable=false, bounds=[203,363][284,411], enabled=true, focused=false, checked=false, scrollable=false, selected=false, class=android.view.ViewGroup, important-for-accessibility=false, error=}, children=[], clickable=false, enabled=true, focused=false, checked=false, selected=false), TreeNode(attributes={text=Diğer, accessibilityText=, hintText=, ignoreBoundsFiltering=false, resource-id=, clickable=false, bounds=[223,377][264,397], enabled=true, focused=false, checked=false, scrollable=false, selected=false, class=android.widget.TextView, important-for-accessibility=true, error=}, children=[], clickable=false, enabled=true, focused=false, checked=false, selected=false)], clickable=true, enabled=true, focused=false, checked=false, selected=false), bounds=Bounds(x=203, y=363, width=81, height=48))
15:54:06.701 [ INFO] maestro.Maestro.tap-HgV9Ck0: Tap aimed via settled hierarchy
15:54:06.702 [ INFO] maestro.Maestro.hierarchyBasedTap-ogj28Uc: Tapping at (243, 387) using hierarchy based logic for wait
15:54:07.561 [ INFO] maestro.Maestro.hierarchyBasedTap-ogj28Uc: Something has changed in the UI judging by view hierarchy. Proceed.
15:54:07.561 [ INFO] maestro.cli.runner.CliConsoleListener.onCommandFinished: Tap on id: history-more, Index: 0 COMPLETED
15:54:07.561 [ INFO] maestro.cli.runner.CliConsoleListener.onCommandStart: Assert that "Bu masa" is visible RUNNING
15:54:07.626 [ INFO] maestro.cli.runner.CliConsoleListener.onCommandFinished: Assert that "Bu masa" is visible COMPLETED
15:54:07.626 [ INFO] maestro.cli.runner.CliConsoleListener.onCommandStart: Take screenshot 31-history-menu RUNNING
15:54:07.626 [ INFO] maestro.Maestro.takeScreenshot: Taking screenshot
15:54:07.627 [TRACE] maestro.utils.ScreenshotUtils.takeScreenshot: Taking screenshot to output sink
15:54:07.690 [ INFO] maestro.cli.runner.CliConsoleListener.onCommandFinished: Take screenshot 31-history-menu COMPLETED
15:54:07.690 [ INFO] maestro.cli.runner.CliConsoleListener.onCommandStart: Tap on id: menu-block RUNNING
15:54:07.798 [ INFO] maestro.Maestro.tap-HgV9Ck0: Tapping on element:  UiElement(treeNode=TreeNode(attributes={text=, accessibilityText=Engelle, hintText=, ignoreBoundsFiltering=false, resource-id=menu-block, clickable=true, bounds=[24,508][296,556], enabled=true, focused=false, checked=false, scrollable=false, selected=false, class=android.widget.Button, important-for-accessibility=true, error=}, children=[TreeNode(attributes={text=, accessibilityText=, hintText=, ignoreBoundsFiltering=false, resource-id=, clickable=false, bounds=[24,508][296,556], enabled=true, focused=false, checked=false, scrollable=false, selected=false, class=android.view.ViewGroup, important-for-accessibility=false, error=}, children=[], clickable=false, enabled=true, focused=false, checked=false, selected=false), TreeNode(attributes={text=Engelle, accessibilityText=, hintText=, ignoreBoundsFiltering=false, resource-id=, clickable=false, bounds=[132,522][189,542], enabled=true, focused=false, checked=false, scrollable=false, selected=false, class=android.widget.TextView, important-for-accessibility=true, error=}, children=[], clickable=false, enabled=true, focused=false, checked=false, selected=false)], clickable=true, enabled=true, focused=false, checked=false, selected=false), bounds=Bounds(x=24, y=508, width=272, height=48))
15:54:08.974 [ INFO] maestro.Maestro.tap-HgV9Ck0: Tap aimed via settled hierarchy
15:54:08.974 [ INFO] maestro.Maestro.hierarchyBasedTap-ogj28Uc: Tapping at (160, 532) using hierarchy based logic for wait
15:54:09.841 [ INFO] maestro.Maestro.hierarchyBasedTap-ogj28Uc: Something has changed in the UI judging by view hierarchy. Proceed.
15:54:09.842 [ INFO] maestro.cli.runner.CliConsoleListener.onCommandFinished: Tap on id: menu-block COMPLETED
15:54:09.842 [ INFO] maestro.cli.runner.CliConsoleListener.onCommandStart: Assert that "Bu masayı engellemek istiyor musun\?" is visible RUNNING
15:54:09.910 [ INFO] maestro.cli.runner.CliConsoleListener.onCommandFinished: Assert that "Bu masayı engellemek istiyor musun\?" is visible COMPLETED
15:54:09.910 [ INFO] maestro.cli.runner.CliConsoleListener.onCommandStart: Take screenshot 32-block-confirm RUNNING
15:54:09.910 [ INFO] maestro.Maestro.takeScreenshot: Taking screenshot
15:54:09.911 [TRACE] maestro.utils.ScreenshotUtils.takeScreenshot: Taking screenshot to output sink
15:54:09.934 [ INFO] maestro.cli.runner.CliConsoleListener.onCommandFinished: Take screenshot 32-block-confirm COMPLETED
15:54:09.934 [ INFO] maestro.cli.runner.CliConsoleListener.onCommandStart: Tap on id: confirm-action RUNNING
15:54:10.038 [ INFO] maestro.Maestro.tap-HgV9Ck0: Tapping on element:  UiElement(treeNode=TreeNode(attributes={text=, accessibilityText=Engelle, hintText=, ignoreBoundsFiltering=false, resource-id=confirm-action, clickable=true, bounds=[24,508][296,556], enabled=true, focused=false, checked=false, scrollable=false, selected=false, class=android.widget.Button, important-for-accessibility=true, error=}, children=[TreeNode(attributes={text=, accessibilityText=, hintText=, ignoreBoundsFiltering=false, resource-id=, clickable=false, bounds=[24,508][296,556], enabled=true, focused=false, checked=false, scrollable=false, selected=false, class=android.view.ViewGroup, important-for-accessibility=false, error=}, children=[], clickable=false, enabled=true, focused=false, checked=false, selected=false), TreeNode(attributes={text=Engelle, accessibilityText=, hintText=, ignoreBoundsFiltering=false, resource-id=, clickable=false, bounds=[132,522][189,542], enabled=true, focused=false, checked=false, scrollable=false, selected=false, class=android.widget.TextView, important-for-accessibility=true, error=}, children=[], clickable=false, enabled=true, focused=false, checked=false, selected=false)], clickable=true, enabled=true, focused=false, checked=false, selected=false), bounds=Bounds(x=24, y=508, width=272, height=48))
15:54:11.261 [ INFO] maestro.Maestro.tap-HgV9Ck0: Tap aimed via settled hierarchy
15:54:11.262 [ INFO] maestro.Maestro.hierarchyBasedTap-ogj28Uc: Tapping at (160, 532) using hierarchy based logic for wait
15:54:12.418 [ INFO] maestro.Maestro.hierarchyBasedTap-ogj28Uc: Something has changed in the UI judging by view hierarchy. Proceed.
15:54:12.418 [ INFO] maestro.cli.runner.CliConsoleListener.onCommandFinished: Tap on id: confirm-action COMPLETED
15:54:12.418 [ INFO] maestro.cli.runner.CliConsoleListener.onCommandStart: Assert that "Bu masayı engellemek istiyor musun\?" is not visible RUNNING
15:54:13.014 [ INFO] maestro.cli.runner.CliConsoleListener.onCommandFinished: Assert that "Bu masayı engellemek istiyor musun\?" is not visible COMPLETED
15:54:13.014 [ INFO] maestro.cli.runner.CliConsoleListener.onCommandStart: Tap on "Geri" RUNNING
15:54:13.122 [ INFO] maestro.Maestro.tap-HgV9Ck0: Tapping on element:  UiElement(treeNode=TreeNode(attributes={text=, accessibilityText=Geri, hintText=, ignoreBoundsFiltering=false, resource-id=, clickable=true, bounds=[8,36][52,80], enabled=true, focused=false, checked=false, scrollable=false, selected=false, class=android.widget.Button, important-for-accessibility=true, error=}, children=[TreeNode(attributes={text=, accessibilityText=, hintText=, ignoreBoundsFiltering=false, resource-id=, clickable=false, bounds=[18,45][42,71], enabled=true, focused=false, checked=false, scrollable=false, selected=false, class=android.widget.TextView, important-for-accessibility=true, error=}, children=[], clickable=false, enabled=true, focused=false, checked=false, selected=false)], clickable=true, enabled=true, focused=false, checked=false, selected=false), bounds=Bounds(x=8, y=36, width=44, height=44))
15:54:14.369 [ INFO] maestro.Maestro.tap-HgV9Ck0: Tap aimed via settled hierarchy
15:54:14.370 [ INFO] maestro.Maestro.hierarchyBasedTap-ogj28Uc: Tapping at (30, 58) using hierarchy based logic for wait
15:54:15.270 [ INFO] maestro.Maestro.hierarchyBasedTap-ogj28Uc: Something has changed in the UI judging by view hierarchy. Proceed.
15:54:15.270 [ INFO] maestro.cli.runner.CliConsoleListener.onCommandFinished: Tap on "Geri" COMPLETED
15:54:15.270 [ INFO] maestro.cli.runner.CliConsoleListener.onCommandStart: Assert that "Henüz mesajın yok." is visible RUNNING
15:54:15.391 [ INFO] maestro.cli.runner.CliConsoleListener.onCommandFinished: Assert that "Henüz mesajın yok." is visible COMPLETED
15:54:15.391 [ INFO] maestro.cli.runner.CliConsoleListener.onCommandStart: Take screenshot 33-messages-after-block RUNNING
15:54:15.391 [ INFO] maestro.Maestro.takeScreenshot: Taking screenshot
15:54:15.392 [TRACE] maestro.utils.ScreenshotUtils.takeScreenshot: Taking screenshot to output sink
15:54:15.454 [ INFO] maestro.cli.runner.CliConsoleListener.onCommandFinished: Take screenshot 33-messages-after-block COMPLETED
15:54:15.454 [ INFO] maestro.cli.runner.CliConsoleListener.onCommandFinished: Run flows/07-history-block.yaml COMPLETED
15:54:15.454 [ INFO] maestro.cli.runner.CliConsoleListener.onCommandStart: Run flows/08-venue-chat.yaml RUNNING
15:54:15.454 [ INFO] maestro.cli.runner.CliConsoleListener.onCommandStart: Apply configuration RUNNING
15:54:15.455 [ INFO] maestro.cli.runner.CliConsoleListener.onCommandFinished: Apply configuration COMPLETED
15:54:15.455 [ INFO] maestro.cli.runner.CliConsoleListener.onCommandStart: Run ../scripts/bot.js RUNNING
15:54:15.963 [ INFO] maestro.cli.runner.CliConsoleListener.onCommandFinished: Run ../scripts/bot.js COMPLETED
15:54:15.963 [ INFO] maestro.cli.runner.CliConsoleListener.onCommandStart: Run ../scripts/bot.js RUNNING
15:54:16.343 [ INFO] maestro.cli.runner.CliConsoleListener.onCommandFinished: Run ../scripts/bot.js COMPLETED
15:54:16.343 [ INFO] maestro.cli.runner.CliConsoleListener.onCommandStart: Tap on id: tab-venue RUNNING
15:54:16.471 [ INFO] maestro.Maestro.tap-HgV9Ck0: Tapping on element:  UiElement(treeNode=TreeNode(attributes={text=, accessibilityText=Mekan, hintText=, ignoreBoundsFiltering=false, resource-id=tab-venue, clickable=true, bounds=[133,568][187,632], enabled=true, focused=false, checked=false, scrollable=false, selected=false, class=android.view.View, important-for-accessibility=true, error=}, children=[TreeNode(attributes={text=, accessibilityText=, hintText=, ignoreBoundsFiltering=false, resource-id=, clickable=false, bounds=[140,572][180,612], enabled=true, focused=false, checked=false, scrollable=false, selected=false, class=android.view.ViewGroup, important-for-accessibility=false, error=}, children=[], clickable=false, enabled=true, focused=false, checked=false, selected=false), TreeNode(attributes={text=, accessibilityText=, hintText=, ignoreBoundsFiltering=false, resource-id=, clickable=false, bounds=[148,580][172,604], enabled=true, focused=false, checked=false, scrollable=false, selected=false, class=android.widget.ImageView, important-for-accessibility=false, error=}, children=[], clickable=false, enabled=true, focused=false, checked=false, selected=false), TreeNode(attributes={text=Mekan, accessibilityText=, hintText=, ignoreBoundsFiltering=false, resource-id=, clickable=false, bounds=[141,612][178,628], enabled=true, focused=false, checked=false, scrollable=false, selected=false, class=android.widget.TextView, important-for-accessibility=true, error=}, children=[], clickable=false, enabled=true, focused=false, checked=false, selected=false)], clickable=true, enabled=true, focused=false, checked=false, selected=false), bounds=Bounds(x=133, y=568, width=54, height=64))
15:54:17.708 [ INFO] maestro.Maestro.tap-HgV9Ck0: Tap aimed via settled hierarchy
15:54:17.708 [ INFO] maestro.Maestro.hierarchyBasedTap-ogj28Uc: Tapping at (160, 600) using hierarchy based logic for wait
15:54:18.919 [ INFO] maestro.Maestro.hierarchyBasedTap-ogj28Uc: Something has changed in the UI judging by view hierarchy. Proceed.
15:54:18.919 [ INFO] maestro.cli.runner.CliConsoleListener.onCommandFinished: Tap on id: tab-venue COMPLETED
15:54:18.919 [ INFO] maestro.cli.runner.CliConsoleListener.onCommandStart: Scrolling DOWN until id: venue-chat-open is visible with speed 40, visibility percentage 100%, timeout 15000 ms, with centering disabled RUNNING
15:54:19.017 [ INFO] maestro.orchestra.Orchestra.scrollUntilVisible: Scrolling try count: 0, DeviceWidth: 320, DeviceWidth: 640
15:54:19.017 [ INFO] maestro.orchestra.Orchestra.scrollUntilVisible: Element bounds: Bounds(x=20, y=481, width=280, height=76)
15:54:19.017 [ INFO] maestro.orchestra.Orchestra.scrollUntilVisible: Visibility Percent: 1.0
15:54:19.017 [ INFO] maestro.orchestra.Orchestra.scrollUntilVisible: Command centerElement: ScrollUntilVisibleCommand(selector=ElementSelector(textRegex=null, idRegex=venue-chat-open, size=null, below=null, above=null, leftOf=null, rightOf=null, containsChild=null, containsDescendants=null, traits=null, index=null, enabled=null, optional=false, selected=null, checked=null, focused=null, childOf=null, css=null), direction=DOWN, scrollDuration=601, visibilityPercentage=100, timeout=15000, waitToSettleTimeoutMs=null, centerElement=false, originalSpeedValue=40, label=null, optional=false).centerElement
15:54:19.017 [ INFO] maestro.orchestra.Orchestra.scrollUntilVisible: visibilityPercentageNormalized: 1.0
15:54:19.017 [ INFO] maestro.cli.runner.CliConsoleListener.onCommandFinished: Scrolling DOWN until id: venue-chat-open is visible with speed 40, visibility percentage 100%, timeout 15000 ms, with centering disabled COMPLETED
15:54:19.018 [ INFO] maestro.cli.runner.CliConsoleListener.onCommandStart: Tap on id: venue-chat-open RUNNING
15:54:19.145 [ INFO] maestro.Maestro.tap-HgV9Ck0: Tapping on element:  UiElement(treeNode=TreeNode(attributes={text=, accessibilityText=, Sohbet odası, E2E Kafe sohbet odası, , hintText=, ignoreBoundsFiltering=false, resource-id=venue-chat-open, clickable=true, bounds=[20,481][300,557], enabled=true, focused=false, checked=false, scrollable=false, selected=false, class=android.widget.Button, important-for-accessibility=true, error=}, children=[TreeNode(attributes={text=, accessibilityText=, hintText=, ignoreBoundsFiltering=false, resource-id=, clickable=false, bounds=[20,481][300,557], enabled=true, focused=false, checked=false, scrollable=false, selected=false, class=android.view.ViewGroup, important-for-accessibility=false, error=}, children=[], clickable=false, enabled=true, focused=false, checked=false, selected=false), TreeNode(attributes={text=, accessibilityText=, hintText=, ignoreBoundsFiltering=false, resource-id=, clickable=false, bounds=[32,495][80,543], enabled=true, focused=false, checked=false, scrollable=false, selected=false, class=android.view.ViewGroup, important-for-accessibility=false, error=}, children=[], clickable=false, enabled=true, focused=false, checked=false, selected=false), TreeNode(attributes={text=, accessibilityText=, hintText=, ignoreBoundsFiltering=false, resource-id=, clickable=false, bounds=[44,506][68,532], enabled=true, focused=false, checked=false, scrollable=false, selected=false, class=android.widget.TextView, important-for-accessibility=true, error=}, children=[], clickable=false, enabled=true, focused=false, checked=false, selected=false), TreeNode(attributes={text=Sohbet odası, accessibilityText=, hintText=, ignoreBoundsFiltering=false, resource-id=, clickable=false, bounds=[94,498][254,521], enabled=true, focused=false, checked=false, scrollable=false, selected=false, class=android.widget.TextView, important-for-accessibility=true, error=}, children=[], clickable=false, enabled=true, focused=false, checked=false, selected=false), TreeNode(attributes={text=E2E Kafe sohbet odası, accessibilityText=, hintText=, ignoreBoundsFiltering=false, resource-id=, clickable=false, bounds=[94,523][254,541], enabled=true, focused=false, checked=false, scrollable=false, selected=false, class=android.widget.TextView, important-for-accessibility=true, error=}, children=[], clickable=false, enabled=true, focused=false, checked=false, selected=false), TreeNode(attributes={text=, accessibilityText=, hintText=, ignoreBoundsFiltering=false, resource-id=, clickable=false, bounds=[268,508][288,529], enabled=true, focused=false, checked=false, scrollable=false, selected=false, class=android.widget.TextView, important-for-accessibility=true, error=}, children=[], clickable=false, enabled=true, focused=false, checked=false, selected=false)], clickable=true, enabled=true, focused=false, checked=false, selected=false), bounds=Bounds(x=20, y=481, width=280, height=76))
15:54:21.111 [ INFO] maestro.Maestro.tap-HgV9Ck0: Tap aimed via settled hierarchy
15:54:21.111 [ INFO] maestro.Maestro.hierarchyBasedTap-ogj28Uc: Tapping at (160, 519) using hierarchy based logic for wait
15:54:22.414 [ INFO] maestro.Maestro.hierarchyBasedTap-ogj28Uc: Something has changed in the UI judging by view hierarchy. Proceed.
15:54:22.414 [ INFO] maestro.cli.runner.CliConsoleListener.onCommandFinished: Tap on id: venue-chat-open COMPLETED
15:54:22.414 [ INFO] maestro.cli.runner.CliConsoleListener.onCommandStart: Assert that "E2E Kafe sohbet odası" is visible RUNNING
15:54:22.534 [ INFO] maestro.cli.runner.CliConsoleListener.onCommandFinished: Assert that "E2E Kafe sohbet odası" is visible COMPLETED
15:54:22.535 [ INFO] maestro.cli.runner.CliConsoleListener.onCommandStart: Scrolling DOWN until id: venue-chat-input is visible with speed 40, visibility percentage 100%, timeout 10000 ms, with centering disabled RUNNING
15:54:22.606 [ INFO] maestro.orchestra.Orchestra.scrollUntilVisible: Scrolling try count: 0, DeviceWidth: 320, DeviceWidth: 640
15:54:22.606 [ INFO] maestro.orchestra.Orchestra.scrollUntilVisible: Element bounds: Bounds(x=33, y=584, width=196, height=43)
15:54:22.606 [ INFO] maestro.orchestra.Orchestra.scrollUntilVisible: Visibility Percent: 1.0
15:54:22.606 [ INFO] maestro.orchestra.Orchestra.scrollUntilVisible: Command centerElement: ScrollUntilVisibleCommand(selector=ElementSelector(textRegex=null, idRegex=venue-chat-input, size=null, below=null, above=null, leftOf=null, rightOf=null, containsChild=null, containsDescendants=null, traits=null, index=null, enabled=null, optional=false, selected=null, checked=null, focused=null, childOf=null, css=null), direction=DOWN, scrollDuration=601, visibilityPercentage=100, timeout=10000, waitToSettleTimeoutMs=null, centerElement=false, originalSpeedValue=40, label=null, optional=false).centerElement
15:54:22.606 [ INFO] maestro.orchestra.Orchestra.scrollUntilVisible: visibilityPercentageNormalized: 1.0
15:54:22.606 [ INFO] maestro.cli.runner.CliConsoleListener.onCommandFinished: Scrolling DOWN until id: venue-chat-input is visible with speed 40, visibility percentage 100%, timeout 10000 ms, with centering disabled COMPLETED
15:54:22.606 [ INFO] maestro.cli.runner.CliConsoleListener.onCommandStart: Tap on id: venue-chat-input RUNNING
15:54:22.714 [ INFO] maestro.Maestro.tap-HgV9Ck0: Tapping on element:  UiElement(treeNode=TreeNode(attributes={text=, accessibilityText=, hintText=Mekana yaz…, ignoreBoundsFiltering=false, resource-id=venue-chat-input, clickable=true, bounds=[33,584][229,627], enabled=true, focused=false, checked=false, scrollable=false, selected=false, class=android.widget.EditText, important-for-accessibility=true, error=}, children=[], clickable=true, enabled=true, focused=false, checked=false, selected=false), bounds=Bounds(x=33, y=584, width=196, height=43))
15:54:24.022 [ INFO] maestro.Maestro.tap-HgV9Ck0: Tap aimed via settled hierarchy
15:54:24.022 [ INFO] maestro.Maestro.hierarchyBasedTap-ogj28Uc: Tapping at (131, 605) using hierarchy based logic for wait
15:54:25.266 [ INFO] maestro.Maestro.hierarchyBasedTap-ogj28Uc: Something has changed in the UI judging by view hierarchy. Proceed.
15:54:25.266 [ INFO] maestro.cli.runner.CliConsoleListener.onCommandFinished: Tap on id: venue-chat-input COMPLETED
15:54:25.266 [ INFO] maestro.cli.runner.CliConsoleListener.onCommandStart: Input text Selam mekan RUNNING
15:54:25.266 [ INFO] maestro.Maestro.inputText: Inputting text: Selam mekan
15:54:28.040 [ INFO] maestro.cli.runner.CliConsoleListener.onCommandFinished: Input text Selam mekan COMPLETED
15:54:28.040 [ INFO] maestro.cli.runner.CliConsoleListener.onCommandStart: Hide Keyboard RUNNING
15:54:28.040 [ INFO] maestro.Maestro.hideKeyboard$lambda$12: Hiding Keyboard
15:54:29.033 [ INFO] maestro.cli.runner.CliConsoleListener.onCommandFinished: Hide Keyboard COMPLETED
15:54:29.033 [ INFO] maestro.cli.runner.CliConsoleListener.onCommandStart: Tap on id: venue-chat-send RUNNING
15:54:29.110 [ INFO] maestro.Maestro.tap-HgV9Ck0: Tapping on element:  UiElement(treeNode=TreeNode(attributes={text=, accessibilityText=Gönder, hintText=, ignoreBoundsFiltering=false, resource-id=venue-chat-send, clickable=true, bounds=[256,558][304,606], enabled=true, focused=false, checked=false, scrollable=false, selected=false, class=android.widget.Button, important-for-accessibility=true, error=}, children=[TreeNode(attributes={text=, accessibilityText=, hintText=, ignoreBoundsFiltering=false, resource-id=, clickable=false, bounds=[256,558][304,606], enabled=true, focused=false, checked=false, scrollable=false, selected=false, class=android.view.ViewGroup, important-for-accessibility=false, error=}, children=[], clickable=false, enabled=true, focused=false, checked=false, selected=false), TreeNode(attributes={text=, accessibilityText=, hintText=, ignoreBoundsFiltering=false, resource-id=, clickable=false, bounds=[270,571][290,592], enabled=true, focused=false, checked=false, scrollable=false, selected=false, class=android.widget.TextView, important-for-accessibility=true, error=}, children=[], clickable=false, enabled=true, focused=false, checked=false, selected=false)], clickable=true, enabled=true, focused=false, checked=false, selected=false), bounds=Bounds(x=256, y=558, width=48, height=48))
15:54:30.418 [ INFO] maestro.Maestro.tap-HgV9Ck0: Tap aimed via settled hierarchy
15:54:30.418 [ INFO] maestro.Maestro.hierarchyBasedTap-ogj28Uc: Tapping at (280, 582) using hierarchy based logic for wait
15:54:31.878 [ INFO] maestro.Maestro.hierarchyBasedTap-ogj28Uc: Something has changed in the UI judging by view hierarchy. Proceed.
15:54:31.878 [ INFO] maestro.cli.runner.CliConsoleListener.onCommandFinished: Tap on id: venue-chat-send COMPLETED
15:54:31.878 [ INFO] maestro.cli.runner.CliConsoleListener.onCommandStart: Assert that "Selam mekan" is visible RUNNING
15:54:31.986 [ INFO] maestro.cli.runner.CliConsoleListener.onCommandFinished: Assert that "Selam mekan" is visible COMPLETED
15:54:31.986 [ INFO] maestro.cli.runner.CliConsoleListener.onCommandStart: Tap on "Profilimle yaz" RUNNING
15:54:32.055 [ INFO] maestro.Maestro.tap-HgV9Ck0: Tapping on element:  UiElement(treeNode=TreeNode(attributes={text=Profilimle yaz, accessibilityText=, hintText=, ignoreBoundsFiltering=false, resource-id=, clickable=false, bounds=[66,545][147,563], enabled=true, focused=false, checked=false, scrollable=false, selected=false, class=android.widget.TextView, important-for-accessibility=true, error=}, children=[], clickable=false, enabled=true, focused=false, checked=false, selected=false), bounds=Bounds(x=66, y=545, width=81, height=18))
15:54:33.318 [ INFO] maestro.Maestro.tap-HgV9Ck0: Tap aimed via settled hierarchy
15:54:33.318 [ INFO] maestro.Maestro.hierarchyBasedTap-ogj28Uc: Tapping at (106, 554) using hierarchy based logic for wait
15:54:34.450 [ INFO] maestro.Maestro.hierarchyBasedTap-ogj28Uc: Something has changed in the UI judging by view hierarchy. Proceed.
15:54:34.450 [ INFO] maestro.cli.runner.CliConsoleListener.onCommandFinished: Tap on "Profilimle yaz" COMPLETED
15:54:34.450 [ INFO] maestro.cli.runner.CliConsoleListener.onCommandStart: Assert that "Adınla görünür; masa adın görünmez." is visible RUNNING
15:54:34.559 [ INFO] maestro.cli.runner.CliConsoleListener.onCommandFinished: Assert that "Adınla görünür; masa adın görünmez." is visible COMPLETED
15:54:34.559 [ INFO] maestro.cli.runner.CliConsoleListener.onCommandStart: Tap on id: venue-chat-input RUNNING
15:54:34.664 [ INFO] maestro.Maestro.tap-HgV9Ck0: Tapping on element:  UiElement(treeNode=TreeNode(attributes={text=, accessibilityText=, hintText=Mekana yaz…, ignoreBoundsFiltering=false, resource-id=venue-chat-input, clickable=true, bounds=[33,584][229,627], enabled=true, focused=true, checked=false, scrollable=false, selected=false, class=android.widget.EditText, important-for-accessibility=true, error=}, children=[], clickable=true, enabled=true, focused=true, checked=false, selected=false), bounds=Bounds(x=33, y=584, width=196, height=43))
15:54:35.902 [ INFO] maestro.Maestro.tap-HgV9Ck0: Tap aimed via settled hierarchy
15:54:35.902 [ INFO] maestro.Maestro.hierarchyBasedTap-ogj28Uc: Tapping at (131, 605) using hierarchy based logic for wait
15:54:37.175 [ INFO] maestro.Maestro.hierarchyBasedTap-ogj28Uc: Something has changed in the UI judging by view hierarchy. Proceed.
15:54:37.176 [ INFO] maestro.cli.runner.CliConsoleListener.onCommandFinished: Tap on id: venue-chat-input COMPLETED
15:54:37.176 [ INFO] maestro.cli.runner.CliConsoleListener.onCommandStart: Input text Adımla yazıyorum RUNNING
15:54:37.176 [ INFO] maestro.Maestro.inputText: Inputting text: Adımla yazıyorum
15:54:39.013 [ INFO] maestro.cli.runner.CliConsoleListener.onCommandFinished: Input text Adımla yazıyorum COMPLETED
15:54:39.013 [ INFO] maestro.cli.runner.CliConsoleListener.onCommandStart: Hide Keyboard RUNNING
15:54:39.014 [ INFO] maestro.Maestro.hideKeyboard$lambda$12: Hiding Keyboard
15:54:40.012 [ INFO] maestro.cli.runner.CliConsoleListener.onCommandFinished: Hide Keyboard COMPLETED
15:54:40.012 [ INFO] maestro.cli.runner.CliConsoleListener.onCommandStart: Tap on id: venue-chat-send RUNNING
15:54:40.079 [ INFO] maestro.Maestro.tap-HgV9Ck0: Tapping on element:  UiElement(treeNode=TreeNode(attributes={text=, accessibilityText=Gönder, hintText=, ignoreBoundsFiltering=false, resource-id=venue-chat-send, clickable=true, bounds=[256,558][304,606], enabled=true, focused=false, checked=false, scrollable=false, selected=false, class=android.widget.Button, important-for-accessibility=true, error=}, children=[TreeNode(attributes={text=, accessibilityText=, hintText=, ignoreBoundsFiltering=false, resource-id=, clickable=false, bounds=[256,558][304,606], enabled=true, focused=false, checked=false, scrollable=false, selected=false, class=android.view.ViewGroup, important-for-accessibility=false, error=}, children=[], clickable=false, enabled=true, focused=false, checked=false, selected=false), TreeNode(attributes={text=, accessibilityText=, hintText=, ignoreBoundsFiltering=false, resource-id=, clickable=false, bounds=[270,571][290,592], enabled=true, focused=false, checked=false, scrollable=false, selected=false, class=android.widget.TextView, important-for-accessibility=true, error=}, children=[], clickable=false, enabled=true, focused=false, checked=false, selected=false)], clickable=true, enabled=true, focused=false, checked=false, selected=false), bounds=Bounds(x=256, y=558, width=48, height=48))
15:54:41.354 [ INFO] maestro.Maestro.tap-HgV9Ck0: Tap aimed via settled hierarchy
15:54:41.354 [ INFO] maestro.Maestro.hierarchyBasedTap-ogj28Uc: Tapping at (280, 582) using hierarchy based logic for wait
15:54:42.602 [ INFO] maestro.Maestro.hierarchyBasedTap-ogj28Uc: Something has changed in the UI judging by view hierarchy. Proceed.
15:54:42.602 [ INFO] maestro.cli.runner.CliConsoleListener.onCommandFinished: Tap on id: venue-chat-send COMPLETED
15:54:42.602 [ INFO] maestro.cli.runner.CliConsoleListener.onCommandStart: Assert that "Adımla yazıyorum" is visible RUNNING
15:54:42.755 [ INFO] maestro.cli.runner.CliConsoleListener.onCommandFinished: Assert that "Adımla yazıyorum" is visible COMPLETED
15:54:42.755 [ INFO] maestro.cli.runner.CliConsoleListener.onCommandStart: Take screenshot 36-venue-chat-mine RUNNING
15:54:42.755 [ INFO] maestro.Maestro.takeScreenshot: Taking screenshot
15:54:42.755 [TRACE] maestro.utils.ScreenshotUtils.takeScreenshot: Taking screenshot to output sink
15:54:42.781 [ INFO] maestro.cli.runner.CliConsoleListener.onCommandFinished: Take screenshot 36-venue-chat-mine COMPLETED
15:54:42.781 [ INFO] maestro.cli.runner.CliConsoleListener.onCommandStart: Run ../scripts/bot.js RUNNING
15:54:42.857 [ INFO] maestro.cli.runner.CliConsoleListener.onCommandFinished: Run ../scripts/bot.js COMPLETED
15:54:42.857 [ INFO] maestro.cli.runner.CliConsoleListener.onCommandStart: Scrolling DOWN until "Bot İki burada" is visible with speed 40, visibility percentage 100%, timeout 20000 ms, with centering disabled RUNNING
15:54:43.579 [ INFO] maestro.orchestra.Orchestra.scrollUntilVisible: Scrolling try count: 0, DeviceWidth: 320, DeviceWidth: 640
15:54:43.579 [ INFO] maestro.orchestra.Orchestra.scrollUntilVisible: Element bounds: Bounds(x=70, y=380, width=100, height=23)
15:54:43.579 [ INFO] maestro.orchestra.Orchestra.scrollUntilVisible: Visibility Percent: 1.0
15:54:43.579 [ INFO] maestro.orchestra.Orchestra.scrollUntilVisible: Command centerElement: ScrollUntilVisibleCommand(selector=ElementSelector(textRegex=Bot İki burada, idRegex=null, size=null, below=null, above=null, leftOf=null, rightOf=null, containsChild=null, containsDescendants=null, traits=null, index=null, enabled=null, optional=false, selected=null, checked=null, focused=null, childOf=null, css=null), direction=DOWN, scrollDuration=601, visibilityPercentage=100, timeout=20000, waitToSettleTimeoutMs=null, centerElement=false, originalSpeedValue=40, label=null, optional=false).centerElement
15:54:43.579 [ INFO] maestro.orchestra.Orchestra.scrollUntilVisible: visibilityPercentageNormalized: 1.0
15:54:43.579 [ INFO] maestro.cli.runner.CliConsoleListener.onCommandFinished: Scrolling DOWN until "Bot İki burada" is visible with speed 40, visibility percentage 100%, timeout 20000 ms, with centering disabled COMPLETED
15:54:43.580 [ INFO] maestro.cli.runner.CliConsoleListener.onCommandStart: Take screenshot 37-venue-chat-profiled RUNNING
15:54:43.580 [ INFO] maestro.Maestro.takeScreenshot: Taking screenshot
15:54:43.580 [TRACE] maestro.utils.ScreenshotUtils.takeScreenshot: Taking screenshot to output sink
15:54:43.605 [ INFO] maestro.cli.runner.CliConsoleListener.onCommandFinished: Take screenshot 37-venue-chat-profiled COMPLETED
15:54:43.605 [ INFO] maestro.cli.runner.CliConsoleListener.onCommandStart: Tap on "Bot İki" RUNNING
15:54:43.747 [ INFO] maestro.Maestro.tap-HgV9Ck0: Tapping on element:  UiElement(treeNode=TreeNode(attributes={text=Bot İki, accessibilityText=, hintText=, ignoreBoundsFiltering=false, resource-id=, clickable=false, bounds=[60,346][98,364], enabled=true, focused=false, checked=false, scrollable=false, selected=false, class=android.widget.TextView, important-for-accessibility=true, error=}, children=[], clickable=false, enabled=true, focused=false, checked=false, selected=false), bounds=Bounds(x=60, y=346, width=38, height=18))
15:54:44.942 [ INFO] maestro.Maestro.tap-HgV9Ck0: Tap aimed via settled hierarchy
15:54:44.943 [ INFO] maestro.Maestro.hierarchyBasedTap-ogj28Uc: Tapping at (79, 355) using hierarchy based logic for wait
15:54:46.582 [ INFO] maestro.Maestro.hierarchyBasedTap-ogj28Uc: Something has changed in the UI judging by view hierarchy. Proceed.
15:54:46.582 [ INFO] maestro.cli.runner.CliConsoleListener.onCommandFinished: Tap on "Bot İki" COMPLETED
15:54:46.582 [ INFO] maestro.cli.runner.CliConsoleListener.onCommandStart: Assert that id: venue-chat-profile is visible RUNNING
15:54:46.654 [ INFO] maestro.cli.runner.CliConsoleListener.onCommandFinished: Assert that id: venue-chat-profile is visible COMPLETED
15:54:46.655 [ INFO] maestro.cli.runner.CliConsoleListener.onCommandStart: Take screenshot 38-venue-chat-profile RUNNING
15:54:46.655 [ INFO] maestro.Maestro.takeScreenshot: Taking screenshot
15:54:46.655 [TRACE] maestro.utils.ScreenshotUtils.takeScreenshot: Taking screenshot to output sink
15:54:46.717 [ INFO] maestro.cli.runner.CliConsoleListener.onCommandFinished: Take screenshot 38-venue-chat-profile COMPLETED
15:54:46.717 [ INFO] maestro.cli.runner.CliConsoleListener.onCommandStart: Tap on id: venue-chat-request RUNNING
15:54:46.834 [ INFO] maestro.Maestro.tap-HgV9Ck0: Tapping on element:  UiElement(treeNode=TreeNode(attributes={text=, accessibilityText=Arkadaşlık isteği gönder, hintText=, ignoreBoundsFiltering=false, resource-id=venue-chat-request, clickable=true, bounds=[20,490][300,554], enabled=true, focused=false, checked=false, scrollable=false, selected=false, class=android.widget.Button, important-for-accessibility=true, error=}, children=[TreeNode(attributes={text=, accessibilityText=, hintText=, ignoreBoundsFiltering=false, resource-id=, clickable=false, bounds=[20,490][300,554], enabled=true, focused=false, checked=false, scrollable=false, selected=false, class=android.view.ViewGroup, important-for-accessibility=false, error=}, children=[], clickable=false, enabled=true, focused=false, checked=false, selected=false), TreeNode(attributes={text=, accessibilityText=, hintText=, ignoreBoundsFiltering=false, resource-id=, clickable=false, bounds=[44,511][64,532], enabled=true, focused=false, checked=false, scrollable=false, selected=false, class=android.widget.TextView, important-for-accessibility=true, error=}, children=[], clickable=false, enabled=true, focused=false, checked=false, selected=false), TreeNode(attributes={text=Arkadaşlık isteği gönder, accessibilityText=, hintText=, ignoreBoundsFiltering=false, resource-id=, clickable=false, bounds=[72,511][276,533], enabled=true, focused=false, checked=false, scrollable=false, selected=false, class=android.widget.TextView, important-for-accessibility=true, error=}, children=[], clickable=false, enabled=true, focused=false, checked=false, selected=false)], clickable=true, enabled=true, focused=false, checked=false, selected=false), bounds=Bounds(x=20, y=490, width=280, height=64))
15:54:48.078 [ INFO] maestro.Maestro.tap-HgV9Ck0: Tap aimed via settled hierarchy
15:54:48.079 [ INFO] maestro.Maestro.hierarchyBasedTap-ogj28Uc: Tapping at (160, 522) using hierarchy based logic for wait
15:54:48.942 [ INFO] maestro.Maestro.hierarchyBasedTap-ogj28Uc: Something has changed in the UI judging by view hierarchy. Proceed.
15:54:48.942 [ INFO] maestro.cli.runner.CliConsoleListener.onCommandFinished: Tap on id: venue-chat-request COMPLETED
15:54:48.942 [ INFO] maestro.cli.runner.CliConsoleListener.onCommandStart: Assert that "İstek gönderilsin mi\?" is visible RUNNING
15:54:49.002 [ INFO] maestro.cli.runner.CliConsoleListener.onCommandFinished: Assert that "İstek gönderilsin mi\?" is visible COMPLETED
15:54:49.002 [ INFO] maestro.cli.runner.CliConsoleListener.onCommandStart: Take screenshot 39-venue-chat-request-confirm RUNNING
15:54:49.002 [ INFO] maestro.Maestro.takeScreenshot: Taking screenshot
15:54:49.003 [TRACE] maestro.utils.ScreenshotUtils.takeScreenshot: Taking screenshot to output sink
15:54:49.063 [ INFO] maestro.cli.runner.CliConsoleListener.onCommandFinished: Take screenshot 39-venue-chat-request-confirm COMPLETED
15:54:49.064 [ INFO] maestro.cli.runner.CliConsoleListener.onCommandStart: Tap on id: venue-chat-request-confirm RUNNING
15:54:49.126 [ INFO] maestro.Maestro.tap-HgV9Ck0: Tapping on element:  UiElement(treeNode=TreeNode(attributes={text=, accessibilityText=İsteği gönder, hintText=, ignoreBoundsFiltering=false, resource-id=venue-chat-request-confirm, clickable=true, bounds=[24,568][296,616], enabled=true, focused=false, checked=false, scrollable=false, selected=false, class=android.widget.Button, important-for-accessibility=true, error=}, children=[TreeNode(attributes={text=, accessibilityText=, hintText=, ignoreBoundsFiltering=false, resource-id=, clickable=false, bounds=[24,568][296,616], enabled=true, focused=false, checked=false, scrollable=false, selected=false, class=android.view.ViewGroup, important-for-accessibility=false, error=}, children=[], clickable=false, enabled=true, focused=false, checked=false, selected=false), TreeNode(attributes={text=İsteği gönder, accessibilityText=, hintText=, ignoreBoundsFiltering=false, resource-id=, clickable=false, bounds=[111,582][209,602], enabled=true, focused=false, checked=false, scrollable=false, selected=false, class=android.widget.TextView, important-for-accessibility=true, error=}, children=[], clickable=false, enabled=true, focused=false, checked=false, selected=false)], clickable=true, enabled=true, focused=false, checked=false, selected=false), bounds=Bounds(x=24, y=568, width=272, height=48))
15:54:50.359 [ INFO] maestro.Maestro.tap-HgV9Ck0: Tap aimed via settled hierarchy
15:54:50.360 [ INFO] maestro.Maestro.hierarchyBasedTap-ogj28Uc: Tapping at (160, 592) using hierarchy based logic for wait
15:54:51.282 [ INFO] maestro.Maestro.hierarchyBasedTap-ogj28Uc: Something has changed in the UI judging by view hierarchy. Proceed.
15:54:51.282 [ INFO] maestro.cli.runner.CliConsoleListener.onCommandFinished: Tap on id: venue-chat-request-confirm COMPLETED
15:54:51.282 [ INFO] maestro.cli.runner.CliConsoleListener.onCommandStart: Assert that id: venue-chat-request-sent is visible RUNNING
15:54:51.390 [ INFO] maestro.cli.runner.CliConsoleListener.onCommandFinished: Assert that id: venue-chat-request-sent is visible COMPLETED
15:54:51.391 [ INFO] maestro.cli.runner.CliConsoleListener.onCommandStart: Run ../scripts/bot.js RUNNING
15:54:51.519 [ INFO] maestro.cli.runner.CliConsoleListener.onCommandFinished: Run ../scripts/bot.js COMPLETED
15:54:51.519 [ INFO] maestro.cli.runner.CliConsoleListener.onCommandStart: Scrolling DOWN until "Geri dön" is visible with speed 40, visibility percentage 100%, timeout 10000 ms, with centering disabled RUNNING
15:54:51.662 [ INFO] maestro.orchestra.Orchestra.scrollUntilVisible: Scrolling try count: 0, DeviceWidth: 320, DeviceWidth: 640
15:54:51.662 [ INFO] maestro.orchestra.Orchestra.scrollUntilVisible: Element bounds: Bounds(x=46, y=48, width=64, height=20)
15:54:51.662 [ INFO] maestro.orchestra.Orchestra.scrollUntilVisible: Visibility Percent: 1.0
15:54:51.662 [ INFO] maestro.orchestra.Orchestra.scrollUntilVisible: Command centerElement: ScrollUntilVisibleCommand(selector=ElementSelector(textRegex=Geri dön, idRegex=null, size=null, below=null, above=null, leftOf=null, rightOf=null, containsChild=null, containsDescendants=null, traits=null, index=null, enabled=null, optional=false, selected=null, checked=null, focused=null, childOf=null, css=null), direction=DOWN, scrollDuration=601, visibilityPercentage=100, timeout=10000, waitToSettleTimeoutMs=null, centerElement=false, originalSpeedValue=40, label=null, optional=false).centerElement
15:54:51.662 [ INFO] maestro.orchestra.Orchestra.scrollUntilVisible: visibilityPercentageNormalized: 1.0
15:54:51.662 [ INFO] maestro.cli.runner.CliConsoleListener.onCommandFinished: Scrolling DOWN until "Geri dön" is visible with speed 40, visibility percentage 100%, timeout 10000 ms, with centering disabled COMPLETED
15:54:51.662 [ INFO] maestro.cli.runner.CliConsoleListener.onCommandStart: Tap on "Geri dön" RUNNING
15:54:51.840 [ INFO] maestro.Maestro.tap-HgV9Ck0: Tapping on element:  UiElement(treeNode=TreeNode(attributes={text=Geri dön, accessibilityText=, hintText=, ignoreBoundsFiltering=false, resource-id=, clickable=false, bounds=[46,48][110,68], enabled=true, focused=false, checked=false, scrollable=false, selected=false, class=android.widget.TextView, important-for-accessibility=true, error=}, children=[], clickable=false, enabled=true, focused=false, checked=false, selected=false), bounds=Bounds(x=46, y=48, width=64, height=20))
15:54:53.138 [ INFO] maestro.Maestro.tap-HgV9Ck0: Tap aimed via settled hierarchy
15:54:53.138 [ INFO] maestro.Maestro.hierarchyBasedTap-ogj28Uc: Tapping at (78, 58) using hierarchy based logic for wait
15:54:54.047 [ INFO] maestro.Maestro.hierarchyBasedTap-ogj28Uc: Something has changed in the UI judging by view hierarchy. Proceed.
15:54:54.047 [ INFO] maestro.cli.runner.CliConsoleListener.onCommandFinished: Tap on "Geri dön" COMPLETED
15:54:54.047 [ INFO] maestro.cli.runner.CliConsoleListener.onCommandStart: Scrolling UP until "Geri" is visible with speed 40, visibility percentage 100%, timeout 10000 ms, with centering disabled RUNNING
15:54:54.172 [ INFO] maestro.orchestra.Orchestra.scrollUntilVisible: Scrolling try count: 0, DeviceWidth: 320, DeviceWidth: 640
15:54:54.172 [ INFO] maestro.orchestra.Orchestra.scrollUntilVisible: Element bounds: Bounds(x=4, y=30, width=44, height=44)
15:54:54.172 [ INFO] maestro.orchestra.Orchestra.scrollUntilVisible: Visibility Percent: 1.0
15:54:54.172 [ INFO] maestro.orchestra.Orchestra.scrollUntilVisible: Command centerElement: ScrollUntilVisibleCommand(selector=ElementSelector(textRegex=Geri, idRegex=null, size=null, below=null, above=null, leftOf=null, rightOf=null, containsChild=null, containsDescendants=null, traits=null, index=null, enabled=null, optional=false, selected=null, checked=null, focused=null, childOf=null, css=null), direction=UP, scrollDuration=601, visibilityPercentage=100, timeout=10000, waitToSettleTimeoutMs=null, centerElement=false, originalSpeedValue=40, label=null, optional=false).centerElement
15:54:54.172 [ INFO] maestro.orchestra.Orchestra.scrollUntilVisible: visibilityPercentageNormalized: 1.0
15:54:54.172 [ INFO] maestro.cli.runner.CliConsoleListener.onCommandFinished: Scrolling UP until "Geri" is visible with speed 40, visibility percentage 100%, timeout 10000 ms, with centering disabled COMPLETED
15:54:54.172 [ INFO] maestro.cli.runner.CliConsoleListener.onCommandStart: Tap on "Geri" RUNNING
15:54:54.328 [ INFO] maestro.Maestro.tap-HgV9Ck0: Tapping on element:  UiElement(treeNode=TreeNode(attributes={text=, accessibilityText=Geri, hintText=, ignoreBoundsFiltering=false, resource-id=chat-back, clickable=true, bounds=[4,30][48,74], enabled=true, focused=false, checked=false, scrollable=false, selected=false, class=android.widget.Button, important-for-accessibility=true, error=}, children=[TreeNode(attributes={text=, accessibilityText=, hintText=, ignoreBoundsFiltering=false, resource-id=, clickable=false, bounds=[14,39][38,65], enabled=true, focused=false, checked=false, scrollable=false, selected=false, class=android.widget.TextView, important-for-accessibility=true, error=}, children=[], clickable=false, enabled=true, focused=false, checked=false, selected=false)], clickable=true, enabled=true, focused=false, checked=false, selected=false), bounds=Bounds(x=4, y=30, width=44, height=44))
15:54:55.582 [ INFO] maestro.Maestro.tap-HgV9Ck0: Tap aimed via settled hierarchy
15:54:55.583 [ INFO] maestro.Maestro.hierarchyBasedTap-ogj28Uc: Tapping at (26, 52) using hierarchy based logic for wait
15:54:56.618 [ INFO] maestro.Maestro.hierarchyBasedTap-ogj28Uc: Something has changed in the UI judging by view hierarchy. Proceed.
15:54:56.619 [ INFO] maestro.cli.runner.CliConsoleListener.onCommandFinished: Tap on "Geri" COMPLETED
15:54:56.619 [ INFO] maestro.cli.runner.CliConsoleListener.onCommandStart: Tap on id: tab-messages RUNNING
15:54:56.713 [ INFO] maestro.Maestro.tap-HgV9Ck0: Tapping on element:  UiElement(treeNode=TreeNode(attributes={text=, accessibilityText=Mesajlar, hintText=, ignoreBoundsFiltering=false, resource-id=tab-messages, clickable=true, bounds=[187,568][242,632], enabled=true, focused=false, checked=false, scrollable=false, selected=false, class=android.view.View, important-for-accessibility=true, error=}, children=[TreeNode(attributes={text=, accessibilityText=, hintText=, ignoreBoundsFiltering=false, resource-id=, clickable=false, bounds=[202,580][226,604], enabled=true, focused=false, checked=false, scrollable=false, selected=false, class=android.widget.ImageView, important-for-accessibility=false, error=}, children=[], clickable=false, enabled=true, focused=false, checked=false, selected=false), TreeNode(attributes={text=Mesajlar, accessibilityText=, hintText=, ignoreBoundsFiltering=false, resource-id=, clickable=false, bounds=[190,612][238,628], enabled=true, focused=false, checked=false, scrollable=false, selected=false, class=android.widget.TextView, important-for-accessibility=true, error=}, children=[], clickable=false, enabled=true, focused=false, checked=false, selected=false)], clickable=true, enabled=true, focused=false, checked=false, selected=false), bounds=Bounds(x=187, y=568, width=55, height=64))
15:54:57.971 [ INFO] maestro.Maestro.tap-HgV9Ck0: Tap aimed via settled hierarchy
15:54:57.971 [ INFO] maestro.Maestro.hierarchyBasedTap-ogj28Uc: Tapping at (214, 600) using hierarchy based logic for wait
15:54:58.926 [ INFO] maestro.Maestro.hierarchyBasedTap-ogj28Uc: Something has changed in the UI judging by view hierarchy. Proceed.
15:54:58.927 [ INFO] maestro.cli.runner.CliConsoleListener.onCommandFinished: Tap on id: tab-messages COMPLETED
15:54:58.927 [ INFO] maestro.cli.runner.CliConsoleListener.onCommandStart: Assert that "Bot İki" is visible RUNNING
15:54:58.999 [ INFO] maestro.cli.runner.CliConsoleListener.onCommandFinished: Assert that "Bot İki" is visible COMPLETED
15:54:58.999 [ INFO] maestro.cli.runner.CliConsoleListener.onCommandStart: Take screenshot 40-venue-chat-friend RUNNING
15:54:59.000 [ INFO] maestro.Maestro.takeScreenshot: Taking screenshot
15:54:59.000 [TRACE] maestro.utils.ScreenshotUtils.takeScreenshot: Taking screenshot to output sink
15:54:59.061 [ INFO] maestro.cli.runner.CliConsoleListener.onCommandFinished: Take screenshot 40-venue-chat-friend COMPLETED
15:54:59.061 [ INFO] maestro.cli.runner.CliConsoleListener.onCommandFinished: Run flows/08-venue-chat.yaml COMPLETED
