10:18:18.000 [ INFO] maestro.cli.runner.CliConsoleListener.onCommandStart: Define variables RUNNING
10:18:18.004 [ INFO] maestro.cli.runner.CliConsoleListener.onCommandFinished: Define variables COMPLETED
10:18:18.005 [ INFO] maestro.cli.runner.CliConsoleListener.onCommandStart: Apply configuration RUNNING
10:18:18.005 [ INFO] maestro.cli.runner.CliConsoleListener.onCommandFinished: Apply configuration COMPLETED
10:18:18.006 [ INFO] maestro.cli.runner.CliConsoleListener.onCommandStart: Run flows/01-login.yaml RUNNING
10:18:18.009 [ INFO] maestro.cli.runner.CliConsoleListener.onCommandStart: Apply configuration RUNNING
10:18:18.010 [ INFO] maestro.cli.runner.CliConsoleListener.onCommandFinished: Apply configuration COMPLETED
10:18:18.010 [ INFO] maestro.cli.runner.CliConsoleListener.onCommandStart: Launch app "app.kabuk.mobile" with clear state RUNNING
10:18:18.011 [ INFO] maestro.Maestro.clearAppState$lambda$8: Clearing app state app.kabuk.mobile
10:18:19.814 [DEBUG] maestro.Maestro.setPermissionInternal: Failed to set permission android.permission.READ_EXTERNAL_STORAGE for app app.kabuk.mobile: shell command failed (exit -1): 
Exception occurred while executing 'grant':
java.lang.SecurityException: Package app.kabuk.mobile has not requested permission android.permission.READ_EXTERNAL_STORAGE
	at com.android.server.pm.permission.PermissionManagerServiceImpl.grantRuntimePermissionInternal(PermissionManagerServiceImpl.java:1423)
	at com.android.server.pm.permission.PermissionManagerServiceImpl.grantRuntimePermission(PermissionManagerServiceImpl.java:1337)
	at com.android.server.pm.permission.PermissionManagerService.grantRuntimePermission(PermissionManagerService.java:551)
	at android.permission.PermissionManager.grantRuntimePermission(PermissionManager.java:609)
	at com.android.server.pm.PackageManagerShellCommand.runGrantRevokePermission(PackageManagerShellCommand.java:2672)
	at com.android.server.pm.PackageManagerShellCommand.onCommand(PackageManagerShellCommand.java:291)
	at com.android.modules.utils.BasicShellCommandHandler.exec(BasicShellCommandHandler.java:97)
	at android.os.ShellCommand.exec(ShellCommand.java:38)
	at com.android.server.pm.PackageManagerService$IPackageManagerImpl.onShellCommand(PackageManagerService.java:6350)
	at android.os.Binder.shellCommand(Binder.java:1068)
	at android.os.Binder.onTransact(Binder.java:888)
	at android.content.pm.IPackageManager$Stub.onTransact(IPackageManager.java:4352)
	at com.android.server.pm.PackageManagerService$IPackageManagerImpl.onTransact(PackageManagerService.java:6334)
	at android.os.Binder.execTransactInternal(Binder.java:1344)
	at android.os.Binder.execTransact(Binder.java:1275)

10:18:20.002 [DEBUG] maestro.Maestro.setPermissionInternal: Failed to set permission android.permission.WRITE_EXTERNAL_STORAGE for app app.kabuk.mobile: shell command failed (exit -1): 
Exception occurred while executing 'grant':
java.lang.SecurityException: Package app.kabuk.mobile has not requested permission android.permission.WRITE_EXTERNAL_STORAGE
	at com.android.server.pm.permission.PermissionManagerServiceImpl.grantRuntimePermissionInternal(PermissionManagerServiceImpl.java:1423)
	at com.android.server.pm.permission.PermissionManagerServiceImpl.grantRuntimePermission(PermissionManagerServiceImpl.java:1337)
	at com.android.server.pm.permission.PermissionManagerService.grantRuntimePermission(PermissionManagerService.java:551)
	at android.permission.PermissionManager.grantRuntimePermission(PermissionManager.java:609)
	at com.android.server.pm.PackageManagerShellCommand.runGrantRevokePermission(PackageManagerShellCommand.java:2672)
	at com.android.server.pm.PackageManagerShellCommand.onCommand(PackageManagerShellCommand.java:291)
	at com.android.modules.utils.BasicShellCommandHandler.exec(BasicShellCommandHandler.java:97)
	at android.os.ShellCommand.exec(ShellCommand.java:38)
	at com.android.server.pm.PackageManagerService$IPackageManagerImpl.onShellCommand(PackageManagerService.java:6350)
	at android.os.Binder.shellCommand(Binder.java:1068)
	at android.os.Binder.onTransact(Binder.java:888)
	at android.content.pm.IPackageManager$Stub.onTransact(IPackageManager.java:4352)
	at com.android.server.pm.PackageManagerService$IPackageManagerImpl.onTransact(PackageManagerService.java:6334)
	at android.os.Binder.execTransactInternal(Binder.java:1344)
	at android.os.Binder.execTransact(Binder.java:1275)

10:18:20.446 [DEBUG] maestro.Maestro.setPermissionInternal: Failed to set permission com.google.android.finsky.permission.BIND_GET_INSTALL_REFERRER_SERVICE for app app.kabuk.mobile: shell command failed (exit -1): 
Exception occurred while executing 'grant':
java.lang.IllegalArgumentException: Unknown permission: com.google.android.finsky.permission.BIND_GET_INSTALL_REFERRER_SERVICE
	at com.android.server.pm.permission.PermissionManagerServiceImpl.grantRuntimePermissionInternal(PermissionManagerServiceImpl.java:1380)
	at com.android.server.pm.permission.PermissionManagerServiceImpl.grantRuntimePermission(PermissionManagerServiceImpl.java:1337)
	at com.android.server.pm.permission.PermissionManagerService.grantRuntimePermission(PermissionManagerService.java:551)
	at android.permission.PermissionManager.grantRuntimePermission(PermissionManager.java:609)
	at com.android.server.pm.PackageManagerShellCommand.runGrantRevokePermission(PackageManagerShellCommand.java:2672)
	at com.android.server.pm.PackageManagerShellCommand.onCommand(PackageManagerShellCommand.java:291)
	at com.android.modules.utils.BasicShellCommandHandler.exec(BasicShellCommandHandler.java:97)
	at android.os.ShellCommand.exec(ShellCommand.java:38)
	at com.android.server.pm.PackageManagerService$IPackageManagerImpl.onShellCommand(PackageManagerService.java:6350)
	at android.os.Binder.shellCommand(Binder.java:1068)
	at android.os.Binder.onTransact(Binder.java:888)
	at android.content.pm.IPackageManager$Stub.onTransact(IPackageManager.java:4352)
	at com.android.server.pm.PackageManagerService$IPackageManagerImpl.onTransact(PackageManagerService.java:6334)
	at android.os.Binder.execTransactInternal(Binder.java:1344)
	at android.os.Binder.execTransact(Binder.java:1275)

10:18:20.512 [DEBUG] maestro.Maestro.setPermissionInternal: Failed to set permission com.sec.android.provider.badge.permission.READ for app app.kabuk.mobile: shell command failed (exit -1): 
Exception occurred while executing 'grant':
java.lang.IllegalArgumentException: Unknown permission: com.sec.android.provider.badge.permission.READ
	at com.android.server.pm.permission.PermissionManagerServiceImpl.grantRuntimePermissionInternal(PermissionManagerServiceImpl.java:1380)
	at com.android.server.pm.permission.PermissionManagerServiceImpl.grantRuntimePermission(PermissionManagerServiceImpl.java:1337)
	at com.android.server.pm.permission.PermissionManagerService.grantRuntimePermission(PermissionManagerService.java:551)
	at android.permission.PermissionManager.grantRuntimePermission(PermissionManager.java:609)
	at com.android.server.pm.PackageManagerShellCommand.runGrantRevokePermission(PackageManagerShellCommand.java:2672)
	at com.android.server.pm.PackageManagerShellCommand.onCommand(PackageManagerShellCommand.java:291)
	at com.android.modules.utils.BasicShellCommandHandler.exec(BasicShellCommandHandler.java:97)
	at android.os.ShellCommand.exec(ShellCommand.java:38)
	at com.android.server.pm.PackageManagerService$IPackageManagerImpl.onShellCommand(PackageManagerService.java:6350)
	at android.os.Binder.shellCommand(Binder.java:1068)
	at android.os.Binder.onTransact(Binder.java:888)
	at android.content.pm.IPackageManager$Stub.onTransact(IPackageManager.java:4352)
	at com.android.server.pm.PackageManagerService$IPackageManagerImpl.onTransact(PackageManagerService.java:6334)
	at android.os.Binder.execTransactInternal(Binder.java:1344)
	at android.os.Binder.execTransact(Binder.java:1275)

10:18:20.591 [DEBUG] maestro.Maestro.setPermissionInternal: Failed to set permission com.sec.android.provider.badge.permission.WRITE for app app.kabuk.mobile: shell command failed (exit -1): 
Exception occurred while executing 'grant':
java.lang.IllegalArgumentException: Unknown permission: com.sec.android.provider.badge.permission.WRITE
	at com.android.server.pm.permission.PermissionManagerServiceImpl.grantRuntimePermissionInternal(PermissionManagerServiceImpl.java:1380)
	at com.android.server.pm.permission.PermissionManagerServiceImpl.grantRuntimePermission(PermissionManagerServiceImpl.java:1337)
	at com.android.server.pm.permission.PermissionManagerService.grantRuntimePermission(PermissionManagerService.java:551)
	at android.permission.PermissionManager.grantRuntimePermission(PermissionManager.java:609)
	at com.android.server.pm.PackageManagerShellCommand.runGrantRevokePermission(PackageManagerShellCommand.java:2672)
	at com.android.server.pm.PackageManagerShellCommand.onCommand(PackageManagerShellCommand.java:291)
	at com.android.modules.utils.BasicShellCommandHandler.exec(BasicShellCommandHandler.java:97)
	at android.os.ShellCommand.exec(ShellCommand.java:38)
	at com.android.server.pm.PackageManagerService$IPackageManagerImpl.onShellCommand(PackageManagerService.java:6350)
	at android.os.Binder.shellCommand(Binder.java:1068)
	at android.os.Binder.onTransact(Binder.java:888)
	at android.content.pm.IPackageManager$Stub.onTransact(IPackageManager.java:4352)
	at com.android.server.pm.PackageManagerService$IPackageManagerImpl.onTransact(PackageManagerService.java:6334)
	at android.os.Binder.execTransactInternal(Binder.java:1344)
	at android.os.Binder.execTransact(Binder.java:1275)

10:18:20.641 [DEBUG] maestro.Maestro.setPermissionInternal: Failed to set permission com.htc.launcher.permission.READ_SETTINGS for app app.kabuk.mobile: shell command failed (exit -1): 
Exception occurred while executing 'grant':
java.lang.IllegalArgumentException: Unknown permission: com.htc.launcher.permission.READ_SETTINGS
	at com.android.server.pm.permission.PermissionManagerServiceImpl.grantRuntimePermissionInternal(PermissionManagerServiceImpl.java:1380)
	at com.android.server.pm.permission.PermissionManagerServiceImpl.grantRuntimePermission(PermissionManagerServiceImpl.java:1337)
	at com.android.server.pm.permission.PermissionManagerService.grantRuntimePermission(PermissionManagerService.java:551)
	at android.permission.PermissionManager.grantRuntimePermission(PermissionManager.java:609)
	at com.android.server.pm.PackageManagerShellCommand.runGrantRevokePermission(PackageManagerShellCommand.java:2672)
	at com.android.server.pm.PackageManagerShellCommand.onCommand(PackageManagerShellCommand.java:291)
	at com.android.modules.utils.BasicShellCommandHandler.exec(BasicShellCommandHandler.java:97)
	at android.os.ShellCommand.exec(ShellCommand.java:38)
	at com.android.server.pm.PackageManagerService$IPackageManagerImpl.onShellCommand(PackageManagerService.java:6350)
	at android.os.Binder.shellCommand(Binder.java:1068)
	at android.os.Binder.onTransact(Binder.java:888)
	at android.content.pm.IPackageManager$Stub.onTransact(IPackageManager.java:4352)
	at com.android.server.pm.PackageManagerService$IPackageManagerImpl.onTransact(PackageManagerService.java:6334)
	at android.os.Binder.execTransactInternal(Binder.java:1344)
	at android.os.Binder.execTransact(Binder.java:1275)

10:18:20.683 [DEBUG] maestro.Maestro.setPermissionInternal: Failed to set permission com.htc.launcher.permission.UPDATE_SHORTCUT for app app.kabuk.mobile: shell command failed (exit -1): 
Exception occurred while executing 'grant':
java.lang.IllegalArgumentException: Unknown permission: com.htc.launcher.permission.UPDATE_SHORTCUT
	at com.android.server.pm.permission.PermissionManagerServiceImpl.grantRuntimePermissionInternal(PermissionManagerServiceImpl.java:1380)
	at com.android.server.pm.permission.PermissionManagerServiceImpl.grantRuntimePermission(PermissionManagerServiceImpl.java:1337)
	at com.android.server.pm.permission.PermissionManagerService.grantRuntimePermission(PermissionManagerService.java:551)
	at android.permission.PermissionManager.grantRuntimePermission(PermissionManager.java:609)
	at com.android.server.pm.PackageManagerShellCommand.runGrantRevokePermission(PackageManagerShellCommand.java:2672)
	at com.android.server.pm.PackageManagerShellCommand.onCommand(PackageManagerShellCommand.java:291)
	at com.android.modules.utils.BasicShellCommandHandler.exec(BasicShellCommandHandler.java:97)
	at android.os.ShellCommand.exec(ShellCommand.java:38)
	at com.android.server.pm.PackageManagerService$IPackageManagerImpl.onShellCommand(PackageManagerService.java:6350)
	at android.os.Binder.shellCommand(Binder.java:1068)
	at android.os.Binder.onTransact(Binder.java:888)
	at android.content.pm.IPackageManager$Stub.onTransact(IPackageManager.java:4352)
	at com.android.server.pm.PackageManagerService$IPackageManagerImpl.onTransact(PackageManagerService.java:6334)
	at android.os.Binder.execTransactInternal(Binder.java:1344)
	at android.os.Binder.execTransact(Binder.java:1275)

10:18:20.732 [DEBUG] maestro.Maestro.setPermissionInternal: Failed to set permission com.sonyericsson.home.permission.BROADCAST_BADGE for app app.kabuk.mobile: shell command failed (exit -1): 
Exception occurred while executing 'grant':
java.lang.IllegalArgumentException: Unknown permission: com.sonyericsson.home.permission.BROADCAST_BADGE
	at com.android.server.pm.permission.PermissionManagerServiceImpl.grantRuntimePermissionInternal(PermissionManagerServiceImpl.java:1380)
	at com.android.server.pm.permission.PermissionManagerServiceImpl.grantRuntimePermission(PermissionManagerServiceImpl.java:1337)
	at com.android.server.pm.permission.PermissionManagerService.grantRuntimePermission(PermissionManagerService.java:551)
	at android.permission.PermissionManager.grantRuntimePermission(PermissionManager.java:609)
	at com.android.server.pm.PackageManagerShellCommand.runGrantRevokePermission(PackageManagerShellCommand.java:2672)
	at com.android.server.pm.PackageManagerShellCommand.onCommand(PackageManagerShellCommand.java:291)
	at com.android.modules.utils.BasicShellCommandHandler.exec(BasicShellCommandHandler.java:97)
	at android.os.ShellCommand.exec(ShellCommand.java:38)
	at com.android.server.pm.PackageManagerService$IPackageManagerImpl.onShellCommand(PackageManagerService.java:6350)
	at android.os.Binder.shellCommand(Binder.java:1068)
	at android.os.Binder.onTransact(Binder.java:888)
	at android.content.pm.IPackageManager$Stub.onTransact(IPackageManager.java:4352)
	at com.android.server.pm.PackageManagerService$IPackageManagerImpl.onTransact(PackageManagerService.java:6334)
	at android.os.Binder.execTransactInternal(Binder.java:1344)
	at android.os.Binder.execTransact(Binder.java:1275)

10:18:20.778 [DEBUG] maestro.Maestro.setPermissionInternal: Failed to set permission com.sonymobile.home.permission.PROVIDER_INSERT_BADGE for app app.kabuk.mobile: shell command failed (exit -1): 
Exception occurred while executing 'grant':
java.lang.IllegalArgumentException: Unknown permission: com.sonymobile.home.permission.PROVIDER_INSERT_BADGE
	at com.android.server.pm.permission.PermissionManagerServiceImpl.grantRuntimePermissionInternal(PermissionManagerServiceImpl.java:1380)
	at com.android.server.pm.permission.PermissionManagerServiceImpl.grantRuntimePermission(PermissionManagerServiceImpl.java:1337)
	at com.android.server.pm.permission.PermissionManagerService.grantRuntimePermission(PermissionManagerService.java:551)
	at android.permission.PermissionManager.grantRuntimePermission(PermissionManager.java:609)
	at com.android.server.pm.PackageManagerShellCommand.runGrantRevokePermission(PackageManagerShellCommand.java:2672)
	at com.android.server.pm.PackageManagerShellCommand.onCommand(PackageManagerShellCommand.java:291)
	at com.android.modules.utils.BasicShellCommandHandler.exec(BasicShellCommandHandler.java:97)
	at android.os.ShellCommand.exec(ShellCommand.java:38)
	at com.android.server.pm.PackageManagerService$IPackageManagerImpl.onShellCommand(PackageManagerService.java:6350)
	at android.os.Binder.shellCommand(Binder.java:1068)
	at android.os.Binder.onTransact(Binder.java:888)
	at android.content.pm.IPackageManager$Stub.onTransact(IPackageManager.java:4352)
	at com.android.server.pm.PackageManagerService$IPackageManagerImpl.onTransact(PackageManagerService.java:6334)
	at android.os.Binder.execTransactInternal(Binder.java:1344)
	at android.os.Binder.execTransact(Binder.java:1275)

10:18:20.819 [DEBUG] maestro.Maestro.setPermissionInternal: Failed to set permission com.anddoes.launcher.permission.UPDATE_COUNT for app app.kabuk.mobile: shell command failed (exit -1): 
Exception occurred while executing 'grant':
java.lang.IllegalArgumentException: Unknown permission: com.anddoes.launcher.permission.UPDATE_COUNT
	at com.android.server.pm.permission.PermissionManagerServiceImpl.grantRuntimePermissionInternal(PermissionManagerServiceImpl.java:1380)
	at com.android.server.pm.permission.PermissionManagerServiceImpl.grantRuntimePermission(PermissionManagerServiceImpl.java:1337)
	at com.android.server.pm.permission.PermissionManagerService.grantRuntimePermission(PermissionManagerService.java:551)
	at android.permission.PermissionManager.grantRuntimePermission(PermissionManager.java:609)
	at com.android.server.pm.PackageManagerShellCommand.runGrantRevokePermission(PackageManagerShellCommand.java:2672)
	at com.android.server.pm.PackageManagerShellCommand.onCommand(PackageManagerShellCommand.java:291)
	at com.android.modules.utils.BasicShellCommandHandler.exec(BasicShellCommandHandler.java:97)
	at android.os.ShellCommand.exec(ShellCommand.java:38)
	at com.android.server.pm.PackageManagerService$IPackageManagerImpl.onShellCommand(PackageManagerService.java:6350)
	at android.os.Binder.shellCommand(Binder.java:1068)
	at android.os.Binder.onTransact(Binder.java:888)
	at android.content.pm.IPackageManager$Stub.onTransact(IPackageManager.java:4352)
	at com.android.server.pm.PackageManagerService$IPackageManagerImpl.onTransact(PackageManagerService.java:6334)
	at android.os.Binder.execTransactInternal(Binder.java:1344)
	at android.os.Binder.execTransact(Binder.java:1275)

10:18:20.877 [DEBUG] maestro.Maestro.setPermissionInternal: Failed to set permission com.majeur.launcher.permission.UPDATE_BADGE for app app.kabuk.mobile: shell command failed (exit -1): 
Exception occurred while executing 'grant':
java.lang.IllegalArgumentException: Unknown permission: com.majeur.launcher.permission.UPDATE_BADGE
	at com.android.server.pm.permission.PermissionManagerServiceImpl.grantRuntimePermissionInternal(PermissionManagerServiceImpl.java:1380)
	at com.android.server.pm.permission.PermissionManagerServiceImpl.grantRuntimePermission(PermissionManagerServiceImpl.java:1337)
	at com.android.server.pm.permission.PermissionManagerService.grantRuntimePermission(PermissionManagerService.java:551)
	at android.permission.PermissionManager.grantRuntimePermission(PermissionManager.java:609)
	at com.android.server.pm.PackageManagerShellCommand.runGrantRevokePermission(PackageManagerShellCommand.java:2672)
	at com.android.server.pm.PackageManagerShellCommand.onCommand(PackageManagerShellCommand.java:291)
	at com.android.modules.utils.BasicShellCommandHandler.exec(BasicShellCommandHandler.java:97)
	at android.os.ShellCommand.exec(ShellCommand.java:38)
	at com.android.server.pm.PackageManagerService$IPackageManagerImpl.onShellCommand(PackageManagerService.java:6350)
	at android.os.Binder.shellCommand(Binder.java:1068)
	at android.os.Binder.onTransact(Binder.java:888)
	at android.content.pm.IPackageManager$Stub.onTransact(IPackageManager.java:4352)
	at com.android.server.pm.PackageManagerService$IPackageManagerImpl.onTransact(PackageManagerService.java:6334)
	at android.os.Binder.execTransactInternal(Binder.java:1344)
	at android.os.Binder.execTransact(Binder.java:1275)

10:18:20.988 [DEBUG] maestro.Maestro.setPermissionInternal: Failed to set permission com.huawei.android.launcher.permission.CHANGE_BADGE for app app.kabuk.mobile: shell command failed (exit -1): 
Exception occurred while executing 'grant':
java.lang.IllegalArgumentException: Unknown permission: com.huawei.android.launcher.permission.CHANGE_BADGE
	at com.android.server.pm.permission.PermissionManagerServiceImpl.grantRuntimePermissionInternal(PermissionManagerServiceImpl.java:1380)
	at com.android.server.pm.permission.PermissionManagerServiceImpl.grantRuntimePermission(PermissionManagerServiceImpl.java:1337)
	at com.android.server.pm.permission.PermissionManagerService.grantRuntimePermission(PermissionManagerService.java:551)
	at android.permission.PermissionManager.grantRuntimePermission(PermissionManager.java:609)
	at com.android.server.pm.PackageManagerShellCommand.runGrantRevokePermission(PackageManagerShellCommand.java:2672)
	at com.android.server.pm.PackageManagerShellCommand.onCommand(PackageManagerShellCommand.java:291)
	at com.android.modules.utils.BasicShellCommandHandler.exec(BasicShellCommandHandler.java:97)
	at android.os.ShellCommand.exec(ShellCommand.java:38)
	at com.android.server.pm.PackageManagerService$IPackageManagerImpl.onShellCommand(PackageManagerService.java:6350)
	at android.os.Binder.shellCommand(Binder.java:1068)
	at android.os.Binder.onTransact(Binder.java:888)
	at android.content.pm.IPackageManager$Stub.onTransact(IPackageManager.java:4352)
	at com.android.server.pm.PackageManagerService$IPackageManagerImpl.onTransact(PackageManagerService.java:6334)
	at android.os.Binder.execTransactInternal(Binder.java:1344)
	at android.os.Binder.execTransact(Binder.java:1275)

10:18:21.078 [DEBUG] maestro.Maestro.setPermissionInternal: Failed to set permission com.huawei.android.launcher.permission.READ_SETTINGS for app app.kabuk.mobile: shell command failed (exit -1): 
Exception occurred while executing 'grant':
java.lang.IllegalArgumentException: Unknown permission: com.huawei.android.launcher.permission.READ_SETTINGS
	at com.android.server.pm.permission.PermissionManagerServiceImpl.grantRuntimePermissionInternal(PermissionManagerServiceImpl.java:1380)
	at com.android.server.pm.permission.PermissionManagerServiceImpl.grantRuntimePermission(PermissionManagerServiceImpl.java:1337)
	at com.android.server.pm.permission.PermissionManagerService.grantRuntimePermission(PermissionManagerService.java:551)
	at android.permission.PermissionManager.grantRuntimePermission(PermissionManager.java:609)
	at com.android.server.pm.PackageManagerShellCommand.runGrantRevokePermission(PackageManagerShellCommand.java:2672)
	at com.android.server.pm.PackageManagerShellCommand.onCommand(PackageManagerShellCommand.java:291)
	at com.android.modules.utils.BasicShellCommandHandler.exec(BasicShellCommandHandler.java:97)
	at android.os.ShellCommand.exec(ShellCommand.java:38)
	at com.android.server.pm.PackageManagerService$IPackageManagerImpl.onShellCommand(PackageManagerService.java:6350)
	at android.os.Binder.shellCommand(Binder.java:1068)
	at android.os.Binder.onTransact(Binder.java:888)
	at android.content.pm.IPackageManager$Stub.onTransact(IPackageManager.java:4352)
	at com.android.server.pm.PackageManagerService$IPackageManagerImpl.onTransact(PackageManagerService.java:6334)
	at android.os.Binder.execTransactInternal(Binder.java:1344)
	at android.os.Binder.execTransact(Binder.java:1275)

10:18:21.153 [DEBUG] maestro.Maestro.setPermissionInternal: Failed to set permission com.huawei.android.launcher.permission.WRITE_SETTINGS for app app.kabuk.mobile: shell command failed (exit -1): 
Exception occurred while executing 'grant':
java.lang.IllegalArgumentException: Unknown permission: com.huawei.android.launcher.permission.WRITE_SETTINGS
	at com.android.server.pm.permission.PermissionManagerServiceImpl.grantRuntimePermissionInternal(PermissionManagerServiceImpl.java:1380)
	at com.android.server.pm.permission.PermissionManagerServiceImpl.grantRuntimePermission(PermissionManagerServiceImpl.java:1337)
	at com.android.server.pm.permission.PermissionManagerService.grantRuntimePermission(PermissionManagerService.java:551)
	at android.permission.PermissionManager.grantRuntimePermission(PermissionManager.java:609)
	at com.android.server.pm.PackageManagerShellCommand.runGrantRevokePermission(PackageManagerShellCommand.java:2672)
	at com.android.server.pm.PackageManagerShellCommand.onCommand(PackageManagerShellCommand.java:291)
	at com.android.modules.utils.BasicShellCommandHandler.exec(BasicShellCommandHandler.java:97)
	at android.os.ShellCommand.exec(ShellCommand.java:38)
	at com.android.server.pm.PackageManagerService$IPackageManagerImpl.onShellCommand(PackageManagerService.java:6350)
	at android.os.Binder.shellCommand(Binder.java:1068)
	at android.os.Binder.onTransact(Binder.java:888)
	at android.content.pm.IPackageManager$Stub.onTransact(IPackageManager.java:4352)
	at com.android.server.pm.PackageManagerService$IPackageManagerImpl.onTransact(PackageManagerService.java:6334)
	at android.os.Binder.execTransactInternal(Binder.java:1344)
	at android.os.Binder.execTransact(Binder.java:1275)

10:18:21.223 [DEBUG] maestro.Maestro.setPermissionInternal: Failed to set permission android.permission.READ_APP_BADGE for app app.kabuk.mobile: shell command failed (exit -1): 
Exception occurred while executing 'grant':
java.lang.IllegalArgumentException: Unknown permission: android.permission.READ_APP_BADGE
	at com.android.server.pm.permission.PermissionManagerServiceImpl.grantRuntimePermissionInternal(PermissionManagerServiceImpl.java:1380)
	at com.android.server.pm.permission.PermissionManagerServiceImpl.grantRuntimePermission(PermissionManagerServiceImpl.java:1337)
	at com.android.server.pm.permission.PermissionManagerService.grantRuntimePermission(PermissionManagerService.java:551)
	at android.permission.PermissionManager.grantRuntimePermission(PermissionManager.java:609)
	at com.android.server.pm.PackageManagerShellCommand.runGrantRevokePermission(PackageManagerShellCommand.java:2672)
	at com.android.server.pm.PackageManagerShellCommand.onCommand(PackageManagerShellCommand.java:291)
	at com.android.modules.utils.BasicShellCommandHandler.exec(BasicShellCommandHandler.java:97)
	at android.os.ShellCommand.exec(ShellCommand.java:38)
	at com.android.server.pm.PackageManagerService$IPackageManagerImpl.onShellCommand(PackageManagerService.java:6350)
	at android.os.Binder.shellCommand(Binder.java:1068)
	at android.os.Binder.onTransact(Binder.java:888)
	at android.content.pm.IPackageManager$Stub.onTransact(IPackageManager.java:4352)
	at com.android.server.pm.PackageManagerService$IPackageManagerImpl.onTransact(PackageManagerService.java:6334)
	at android.os.Binder.execTransactInternal(Binder.java:1344)
	at android.os.Binder.execTransact(Binder.java:1275)

10:18:21.261 [DEBUG] maestro.Maestro.setPermissionInternal: Failed to set permission com.oppo.launcher.permission.READ_SETTINGS for app app.kabuk.mobile: shell command failed (exit -1): 
Exception occurred while executing 'grant':
java.lang.IllegalArgumentException: Unknown permission: com.oppo.launcher.permission.READ_SETTINGS
	at com.android.server.pm.permission.PermissionManagerServiceImpl.grantRuntimePermissionInternal(PermissionManagerServiceImpl.java:1380)
	at com.android.server.pm.permission.PermissionManagerServiceImpl.grantRuntimePermission(PermissionManagerServiceImpl.java:1337)
	at com.android.server.pm.permission.PermissionManagerService.grantRuntimePermission(PermissionManagerService.java:551)
	at android.permission.PermissionManager.grantRuntimePermission(PermissionManager.java:609)
	at com.android.server.pm.PackageManagerShellCommand.runGrantRevokePermission(PackageManagerShellCommand.java:2672)
	at com.android.server.pm.PackageManagerShellCommand.onCommand(PackageManagerShellCommand.java:291)
	at com.android.modules.utils.BasicShellCommandHandler.exec(BasicShellCommandHandler.java:97)
	at android.os.ShellCommand.exec(ShellCommand.java:38)
	at com.android.server.pm.PackageManagerService$IPackageManagerImpl.onShellCommand(PackageManagerService.java:6350)
	at android.os.Binder.shellCommand(Binder.java:1068)
	at android.os.Binder.onTransact(Binder.java:888)
	at android.content.pm.IPackageManager$Stub.onTransact(IPackageManager.java:4352)
	at com.android.server.pm.PackageManagerService$IPackageManagerImpl.onTransact(PackageManagerService.java:6334)
	at android.os.Binder.execTransactInternal(Binder.java:1344)
	at android.os.Binder.execTransact(Binder.java:1275)

10:18:21.323 [DEBUG] maestro.Maestro.setPermissionInternal: Failed to set permission com.oppo.launcher.permission.WRITE_SETTINGS for app app.kabuk.mobile: shell command failed (exit -1): 
Exception occurred while executing 'grant':
java.lang.IllegalArgumentException: Unknown permission: com.oppo.launcher.permission.WRITE_SETTINGS
	at com.android.server.pm.permission.PermissionManagerServiceImpl.grantRuntimePermissionInternal(PermissionManagerServiceImpl.java:1380)
	at com.android.server.pm.permission.PermissionManagerServiceImpl.grantRuntimePermission(PermissionManagerServiceImpl.java:1337)
	at com.android.server.pm.permission.PermissionManagerService.grantRuntimePermission(PermissionManagerService.java:551)
	at android.permission.PermissionManager.grantRuntimePermission(PermissionManager.java:609)
	at com.android.server.pm.PackageManagerShellCommand.runGrantRevokePermission(PackageManagerShellCommand.java:2672)
	at com.android.server.pm.PackageManagerShellCommand.onCommand(PackageManagerShellCommand.java:291)
	at com.android.modules.utils.BasicShellCommandHandler.exec(BasicShellCommandHandler.java:97)
	at android.os.ShellCommand.exec(ShellCommand.java:38)
	at com.android.server.pm.PackageManagerService$IPackageManagerImpl.onShellCommand(PackageManagerService.java:6350)
	at android.os.Binder.shellCommand(Binder.java:1068)
	at android.os.Binder.onTransact(Binder.java:888)
	at android.content.pm.IPackageManager$Stub.onTransact(IPackageManager.java:4352)
	at com.android.server.pm.PackageManagerService$IPackageManagerImpl.onTransact(PackageManagerService.java:6334)
	at android.os.Binder.execTransactInternal(Binder.java:1344)
	at android.os.Binder.execTransact(Binder.java:1275)

10:18:21.417 [DEBUG] maestro.Maestro.setPermissionInternal: Failed to set permission me.everything.badger.permission.BADGE_COUNT_READ for app app.kabuk.mobile: shell command failed (exit -1): 
Exception occurred while executing 'grant':
java.lang.IllegalArgumentException: Unknown permission: me.everything.badger.permission.BADGE_COUNT_READ
	at com.android.server.pm.permission.PermissionManagerServiceImpl.grantRuntimePermissionInternal(PermissionManagerServiceImpl.java:1380)
	at com.android.server.pm.permission.PermissionManagerServiceImpl.grantRuntimePermission(PermissionManagerServiceImpl.java:1337)
	at com.android.server.pm.permission.PermissionManagerService.grantRuntimePermission(PermissionManagerService.java:551)
	at android.permission.PermissionManager.grantRuntimePermission(PermissionManager.java:609)
	at com.android.server.pm.PackageManagerShellCommand.runGrantRevokePermission(PackageManagerShellCommand.java:2672)
	at com.android.server.pm.PackageManagerShellCommand.onCommand(PackageManagerShellCommand.java:291)
	at com.android.modules.utils.BasicShellCommandHandler.exec(BasicShellCommandHandler.java:97)
	at android.os.ShellCommand.exec(ShellCommand.java:38)
	at com.android.server.pm.PackageManagerService$IPackageManagerImpl.onShellCommand(PackageManagerService.java:6350)
	at android.os.Binder.shellCommand(Binder.java:1068)
	at android.os.Binder.onTransact(Binder.java:888)
	at android.content.pm.IPackageManager$Stub.onTransact(IPackageManager.java:4352)
	at com.android.server.pm.PackageManagerService$IPackageManagerImpl.onTransact(PackageManagerService.java:6334)
	at android.os.Binder.execTransactInternal(Binder.java:1344)
	at android.os.Binder.execTransact(Binder.java:1275)

10:18:21.481 [DEBUG] maestro.Maestro.setPermissionInternal: Failed to set permission me.everything.badger.permission.BADGE_COUNT_WRITE for app app.kabuk.mobile: shell command failed (exit -1): 
Exception occurred while executing 'grant':
java.lang.IllegalArgumentException: Unknown permission: me.everything.badger.permission.BADGE_COUNT_WRITE
	at com.android.server.pm.permission.PermissionManagerServiceImpl.grantRuntimePermissionInternal(PermissionManagerServiceImpl.java:1380)
	at com.android.server.pm.permission.PermissionManagerServiceImpl.grantRuntimePermission(PermissionManagerServiceImpl.java:1337)
	at com.android.server.pm.permission.PermissionManagerService.grantRuntimePermission(PermissionManagerService.java:551)
	at android.permission.PermissionManager.grantRuntimePermission(PermissionManager.java:609)
	at com.android.server.pm.PackageManagerShellCommand.runGrantRevokePermission(PackageManagerShellCommand.java:2672)
	at com.android.server.pm.PackageManagerShellCommand.onCommand(PackageManagerShellCommand.java:291)
	at com.android.modules.utils.BasicShellCommandHandler.exec(BasicShellCommandHandler.java:97)
	at android.os.ShellCommand.exec(ShellCommand.java:38)
	at com.android.server.pm.PackageManagerService$IPackageManagerImpl.onShellCommand(PackageManagerService.java:6350)
	at android.os.Binder.shellCommand(Binder.java:1068)
	at android.os.Binder.onTransact(Binder.java:888)
	at android.content.pm.IPackageManager$Stub.onTransact(IPackageManager.java:4352)
	at com.android.server.pm.PackageManagerService$IPackageManagerImpl.onTransact(PackageManagerService.java:6334)
	at android.os.Binder.execTransactInternal(Binder.java:1344)
	at android.os.Binder.execTransact(Binder.java:1275)

10:18:21.486 [ INFO] maestro.Maestro.launchApp$lambda$5: Launching app app.kabuk.mobile
10:18:21.487 [ INFO] maestro.Maestro.launchApp$lambda$5: Stopping app.kabuk.mobile app during launch
10:18:21.770 [ INFO] maestro.cli.runner.CliConsoleListener.onCommandFinished: Launch app "app.kabuk.mobile" with clear state COMPLETED
10:18:21.771 [ INFO] maestro.cli.runner.CliConsoleListener.onCommandStart: Assert that "Telefon numaran" is visible RUNNING
10:18:24.782 [ INFO] maestro.cli.runner.CliConsoleListener.onCommandFinished: Assert that "Telefon numaran" is visible COMPLETED
10:18:24.789 [ INFO] maestro.cli.runner.CliConsoleListener.onCommandStart: Take screenshot 01-phone RUNNING
10:18:24.794 [ INFO] maestro.Maestro.takeScreenshot: Taking screenshot
10:18:24.802 [TRACE] maestro.utils.ScreenshotUtils.takeScreenshot: Taking screenshot to output sink
10:18:25.131 [ INFO] maestro.cli.runner.CliConsoleListener.onCommandFinished: Take screenshot 01-phone COMPLETED
10:18:25.132 [ INFO] maestro.cli.runner.CliConsoleListener.onCommandStart: Run login-code.yaml RUNNING
10:18:25.132 [ INFO] maestro.cli.runner.CliConsoleListener.onCommandStart: Apply configuration RUNNING
10:18:25.133 [ INFO] maestro.cli.runner.CliConsoleListener.onCommandFinished: Apply configuration COMPLETED
10:18:25.133 [ INFO] maestro.cli.runner.CliConsoleListener.onCommandStart: Tap on id: phone-input RUNNING
10:18:25.290 [ INFO] maestro.Maestro.tap-HgV9Ck0: Tapping on element:  UiElement(treeNode=TreeNode(attributes={text=, accessibilityText=Telefon numaran, hintText=5xx xxx xx xx, ignoreBoundsFiltering=false, resource-id=phone-input, clickable=true, bounds=[75,200][282,247], enabled=true, focused=false, checked=false, scrollable=false, selected=false, class=android.widget.EditText, important-for-accessibility=true, error=}, children=[], clickable=true, enabled=true, focused=false, checked=false, selected=false), bounds=Bounds(x=75, y=200, width=207, height=47))
10:18:26.612 [ INFO] maestro.Maestro.tap-HgV9Ck0: Tap aimed via settled hierarchy
10:18:26.620 [ INFO] maestro.Maestro.hierarchyBasedTap-ogj28Uc: Tapping at (178, 223) using hierarchy based logic for wait
10:18:27.773 [ INFO] maestro.Maestro.hierarchyBasedTap-ogj28Uc: Something has changed in the UI judging by view hierarchy. Proceed.
10:18:27.773 [ INFO] maestro.cli.runner.CliConsoleListener.onCommandFinished: Tap on id: phone-input COMPLETED
10:18:27.773 [ INFO] maestro.cli.runner.CliConsoleListener.onCommandStart: Erase text RUNNING
10:18:27.777 [ INFO] maestro.Maestro.eraseText$lambda$52: Erasing 50 characters
10:18:31.280 [ INFO] maestro.cli.runner.CliConsoleListener.onCommandFinished: Erase text COMPLETED
10:18:31.281 [ INFO] maestro.cli.runner.CliConsoleListener.onCommandStart: Input text 5550000001 RUNNING
10:18:31.282 [ INFO] maestro.Maestro.inputText: Inputting text: 5550000001
10:18:33.629 [ INFO] maestro.cli.runner.CliConsoleListener.onCommandFinished: Input text 5550000001 COMPLETED
10:18:33.629 [ INFO] maestro.cli.runner.CliConsoleListener.onCommandStart: Hide Keyboard RUNNING
10:18:33.631 [ INFO] maestro.Maestro.hideKeyboard$lambda$12: Hiding Keyboard
10:18:35.586 [ INFO] maestro.cli.runner.CliConsoleListener.onCommandFinished: Hide Keyboard COMPLETED
10:18:35.586 [ INFO] maestro.cli.runner.CliConsoleListener.onCommandStart: Tap on "Kod gönder" RUNNING
10:18:35.891 [ INFO] maestro.Maestro.tap-HgV9Ck0: Tapping on element:  UiElement(treeNode=TreeNode(attributes={text=Kod gönder, accessibilityText=, hintText=, ignoreBoundsFiltering=false, resource-id=, clickable=false, bounds=[117,574][204,594], enabled=true, focused=false, checked=false, scrollable=false, selected=false, class=android.widget.TextView, important-for-accessibility=true, error=}, children=[], clickable=false, enabled=true, focused=false, checked=false, selected=false), bounds=Bounds(x=117, y=574, width=87, height=20))
10:18:37.613 [ INFO] maestro.Maestro.tap-HgV9Ck0: Tap aimed via settled hierarchy
10:18:37.615 [ INFO] maestro.Maestro.hierarchyBasedTap-ogj28Uc: Tapping at (160, 584) using hierarchy based logic for wait
10:18:48.643 [ INFO] maestro.Maestro.hierarchyBasedTap-ogj28Uc: Something has changed in the UI judging by view hierarchy. Proceed.
10:18:48.644 [ INFO] maestro.cli.runner.CliConsoleListener.onCommandFinished: Tap on "Kod gönder" COMPLETED
10:18:48.644 [ INFO] maestro.cli.runner.CliConsoleListener.onCommandStart: Assert that "Doğrulama kodu" is visible RUNNING
10:18:49.323 [ INFO] maestro.cli.runner.CliConsoleListener.onCommandFinished: Assert that "Doğrulama kodu" is visible COMPLETED
10:18:49.324 [ INFO] maestro.cli.runner.CliConsoleListener.onCommandStart: Take screenshot 02-otp RUNNING
10:18:49.325 [ INFO] maestro.Maestro.takeScreenshot: Taking screenshot
10:18:49.326 [TRACE] maestro.utils.ScreenshotUtils.takeScreenshot: Taking screenshot to output sink
10:18:49.422 [ INFO] maestro.cli.runner.CliConsoleListener.onCommandFinished: Take screenshot 02-otp COMPLETED
10:18:49.422 [ INFO] maestro.cli.runner.CliConsoleListener.onCommandStart: Tap on id: otp-input RUNNING
10:18:49.616 [ INFO] maestro.Maestro.tap-HgV9Ck0: Tapping on element:  UiElement(treeNode=TreeNode(attributes={text=, accessibilityText=Doğrulama kodu, hintText=, ignoreBoundsFiltering=false, resource-id=otp-input, clickable=true, bounds=[20,194][300,252], enabled=true, focused=true, checked=false, scrollable=false, selected=false, class=android.widget.EditText, important-for-accessibility=true, error=}, children=[], clickable=true, enabled=true, focused=true, checked=false, selected=false), bounds=Bounds(x=20, y=194, width=280, height=58))
10:18:50.686 [ INFO] maestro.Maestro.tap-HgV9Ck0: Tap aimed via settled hierarchy
10:18:50.689 [ INFO] maestro.Maestro.hierarchyBasedTap-ogj28Uc: Tapping at (160, 223) using hierarchy based logic for wait
10:18:51.709 [ INFO] maestro.Maestro.hierarchyBasedTap-ogj28Uc: Something has changed in the UI judging by view hierarchy. Proceed.
10:18:51.709 [ INFO] maestro.cli.runner.CliConsoleListener.onCommandFinished: Tap on id: otp-input COMPLETED
10:18:51.709 [ INFO] maestro.cli.runner.CliConsoleListener.onCommandStart: Input text 123456 RUNNING
10:18:51.710 [ INFO] maestro.Maestro.inputText: Inputting text: 123456
10:18:54.562 [ INFO] maestro.cli.runner.CliConsoleListener.onCommandFinished: Input text 123456 COMPLETED
10:18:54.563 [ INFO] maestro.cli.runner.CliConsoleListener.onCommandFinished: Run login-code.yaml COMPLETED
10:18:54.564 [ INFO] maestro.cli.runner.CliConsoleListener.onCommandStart: Assert that "Başlamadan önce" is visible RUNNING
10:18:54.845 [ INFO] maestro.cli.runner.CliConsoleListener.onCommandFinished: Assert that "Başlamadan önce" is visible COMPLETED
10:18:54.845 [ INFO] maestro.cli.runner.CliConsoleListener.onCommandStart: Take screenshot 03-consents RUNNING
10:18:54.848 [ INFO] maestro.Maestro.takeScreenshot: Taking screenshot
10:18:54.853 [TRACE] maestro.utils.ScreenshotUtils.takeScreenshot: Taking screenshot to output sink
10:18:55.087 [ INFO] maestro.cli.runner.CliConsoleListener.onCommandFinished: Take screenshot 03-consents COMPLETED
10:18:55.092 [ INFO] maestro.cli.runner.CliConsoleListener.onCommandStart: Tap on "Kullanım Koşulları’nı okudum ve kabul ediyorum." RUNNING
10:18:55.496 [ INFO] maestro.Maestro.tap-HgV9Ck0: Tapping on element:  UiElement(treeNode=TreeNode(attributes={text=Kullanım Koşulları’nı okudum ve kabul ediyorum., accessibilityText=, hintText=, ignoreBoundsFiltering=false, resource-id=, clickable=false, bounds=[74,119][284,165], enabled=true, focused=false, checked=false, scrollable=false, selected=false, class=android.widget.TextView, important-for-accessibility=true, error=}, children=[], clickable=false, enabled=true, focused=false, checked=false, selected=false), bounds=Bounds(x=74, y=119, width=210, height=46))
10:18:56.924 [ INFO] maestro.Maestro.tap-HgV9Ck0: Tap aimed via settled hierarchy
10:18:56.925 [ INFO] maestro.Maestro.hierarchyBasedTap-ogj28Uc: Tapping at (179, 142) using hierarchy based logic for wait
10:18:58.241 [ INFO] maestro.Maestro.hierarchyBasedTap-ogj28Uc: Something has changed in the UI judging by view hierarchy. Proceed.
10:18:58.242 [ INFO] maestro.cli.runner.CliConsoleListener.onCommandFinished: Tap on "Kullanım Koşulları’nı okudum ve kabul ediyorum." COMPLETED
10:18:58.242 [ INFO] maestro.cli.runner.CliConsoleListener.onCommandStart: Tap on "KVKK Aydınlatma Metni’ni okudum." RUNNING
10:18:58.483 [ INFO] maestro.Maestro.tap-HgV9Ck0: Tapping on element:  UiElement(treeNode=TreeNode(attributes={text=KVKK Aydınlatma Metni’ni okudum., accessibilityText=, hintText=, ignoreBoundsFiltering=false, resource-id=, clickable=false, bounds=[74,219][284,265], enabled=true, focused=false, checked=false, scrollable=false, selected=false, class=android.widget.TextView, important-for-accessibility=true, error=}, children=[], clickable=false, enabled=true, focused=false, checked=false, selected=false), bounds=Bounds(x=74, y=219, width=210, height=46))
10:19:01.556 [ INFO] maestro.Maestro.tap-HgV9Ck0: Tap aimed via settled hierarchy
10:19:01.560 [ INFO] maestro.Maestro.hierarchyBasedTap-ogj28Uc: Tapping at (179, 242) using hierarchy based logic for wait
10:19:03.217 [ INFO] maestro.Maestro.hierarchyBasedTap-ogj28Uc: Something has changed in the UI judging by view hierarchy. Proceed.
10:19:03.217 [ INFO] maestro.cli.runner.CliConsoleListener.onCommandFinished: Tap on "KVKK Aydınlatma Metni’ni okudum." COMPLETED
10:19:03.218 [ INFO] maestro.cli.runner.CliConsoleListener.onCommandStart: Tap on "Onayla ve devam et" RUNNING
10:19:03.511 [ INFO] maestro.Maestro.tap-HgV9Ck0: Tapping on element:  UiElement(treeNode=TreeNode(attributes={text=Onayla ve devam et, accessibilityText=, hintText=, ignoreBoundsFiltering=false, resource-id=, clickable=false, bounds=[87,574][234,594], enabled=true, focused=false, checked=false, scrollable=false, selected=false, class=android.widget.TextView, important-for-accessibility=true, error=}, children=[], clickable=false, enabled=true, focused=false, checked=false, selected=false), bounds=Bounds(x=87, y=574, width=147, height=20))
10:19:04.870 [ INFO] maestro.Maestro.tap-HgV9Ck0: Tap aimed via settled hierarchy
10:19:04.871 [ INFO] maestro.Maestro.hierarchyBasedTap-ogj28Uc: Tapping at (160, 584) using hierarchy based logic for wait
10:19:06.061 [ INFO] maestro.Maestro.hierarchyBasedTap-ogj28Uc: Something has changed in the UI judging by view hierarchy. Proceed.
10:19:06.061 [ INFO] maestro.cli.runner.CliConsoleListener.onCommandFinished: Tap on "Onayla ve devam et" COMPLETED
10:19:06.061 [ INFO] maestro.cli.runner.CliConsoleListener.onCommandStart: Assert that "Seni tanıyalım" is visible RUNNING
10:19:06.221 [ INFO] maestro.cli.runner.CliConsoleListener.onCommandFinished: Assert that "Seni tanıyalım" is visible COMPLETED
10:19:06.222 [ INFO] maestro.cli.runner.CliConsoleListener.onCommandStart: Run ${output.underAgeYear = String(new Date().getFullYear() - 17)} RUNNING
10:19:08.816 [ INFO] maestro.cli.runner.CliConsoleListener.onCommandFinished: Run ${output.underAgeYear = String(new Date().getFullYear() - 17)} COMPLETED
10:19:08.816 [ INFO] maestro.cli.runner.CliConsoleListener.onCommandStart: Run about-you.yaml RUNNING
10:19:08.818 [ INFO] maestro.cli.runner.CliConsoleListener.onCommandStart: Define variables RUNNING
10:19:08.833 [ INFO] maestro.cli.runner.CliConsoleListener.onCommandFinished: Define variables COMPLETED
10:19:08.833 [ INFO] maestro.cli.runner.CliConsoleListener.onCommandStart: Apply configuration RUNNING
10:19:08.834 [ INFO] maestro.cli.runner.CliConsoleListener.onCommandFinished: Apply configuration COMPLETED
10:19:08.834 [ INFO] maestro.cli.runner.CliConsoleListener.onCommandStart: Tap on id: signup-name RUNNING
10:19:08.951 [ INFO] maestro.Maestro.tap-HgV9Ck0: Tapping on element:  UiElement(treeNode=TreeNode(attributes={text=, accessibilityText=, hintText=, ignoreBoundsFiltering=false, resource-id=signup-name, clickable=true, bounds=[38,154][282,200], enabled=true, focused=false, checked=false, scrollable=false, selected=false, class=android.widget.EditText, important-for-accessibility=true, error=}, children=[], clickable=true, enabled=true, focused=false, checked=false, selected=false), bounds=Bounds(x=38, y=154, width=244, height=46))
10:19:10.217 [ INFO] maestro.Maestro.tap-HgV9Ck0: Tap aimed via settled hierarchy
10:19:10.219 [ INFO] maestro.Maestro.hierarchyBasedTap-ogj28Uc: Tapping at (160, 177) using hierarchy based logic for wait
10:19:12.224 [ INFO] maestro.Maestro.hierarchyBasedTap-ogj28Uc: Something has changed in the UI judging by view hierarchy. Proceed.
10:19:12.225 [ INFO] maestro.cli.runner.CliConsoleListener.onCommandFinished: Tap on id: signup-name COMPLETED
10:19:12.225 [ INFO] maestro.cli.runner.CliConsoleListener.onCommandStart: Erase text RUNNING
10:19:12.225 [ INFO] maestro.Maestro.eraseText$lambda$52: Erasing 50 characters
10:19:14.395 [ INFO] maestro.cli.runner.CliConsoleListener.onCommandFinished: Erase text COMPLETED
10:19:14.396 [ INFO] maestro.cli.runner.CliConsoleListener.onCommandStart: Input text ${NAME} RUNNING
10:19:14.405 [ INFO] maestro.Maestro.inputText: Inputting text: Genç Masa
10:19:16.764 [ INFO] maestro.cli.runner.CliConsoleListener.onCommandFinished: Input text ${NAME} COMPLETED
10:19:16.765 [ INFO] maestro.cli.runner.CliConsoleListener.onCommandStart: Tap on id: birth-day RUNNING
10:19:17.471 [ INFO] maestro.Maestro.tap-HgV9Ck0: Tapping on element:  UiElement(treeNode=TreeNode(attributes={text=, accessibilityText=Gün, hintText=, ignoreBoundsFiltering=false, resource-id=birth-day, clickable=true, bounds=[38,299][75,345], enabled=true, focused=false, checked=false, scrollable=false, selected=false, class=android.widget.EditText, important-for-accessibility=true, error=}, children=[], clickable=true, enabled=true, focused=false, checked=false, selected=false), bounds=Bounds(x=38, y=299, width=37, height=46))
10:19:18.947 [ INFO] maestro.Maestro.tap-HgV9Ck0: Tap aimed via settled hierarchy
10:19:18.950 [ INFO] maestro.Maestro.hierarchyBasedTap-ogj28Uc: Tapping at (56, 322) using hierarchy based logic for wait
10:19:20.396 [ INFO] maestro.Maestro.hierarchyBasedTap-ogj28Uc: Something has changed in the UI judging by view hierarchy. Proceed.
10:19:20.397 [ INFO] maestro.cli.runner.CliConsoleListener.onCommandFinished: Tap on id: birth-day COMPLETED
10:19:20.397 [ INFO] maestro.cli.runner.CliConsoleListener.onCommandStart: Input text ${DAY} RUNNING
10:19:20.412 [ INFO] maestro.Maestro.inputText: Inputting text: 01
10:19:21.601 [ INFO] maestro.cli.runner.CliConsoleListener.onCommandFinished: Input text ${DAY} COMPLETED
10:19:21.602 [ INFO] maestro.cli.runner.CliConsoleListener.onCommandStart: Tap on id: birth-month RUNNING
10:19:21.760 [ INFO] maestro.Maestro.tap-HgV9Ck0: Tapping on element:  UiElement(treeNode=TreeNode(attributes={text=, accessibilityText=Ay, hintText=, ignoreBoundsFiltering=false, resource-id=birth-month, clickable=true, bounds=[120,299][157,345], enabled=true, focused=false, checked=false, scrollable=false, selected=false, class=android.widget.EditText, important-for-accessibility=true, error=}, children=[], clickable=true, enabled=true, focused=false, checked=false, selected=false), bounds=Bounds(x=120, y=299, width=37, height=46))
10:19:23.168 [ INFO] maestro.Maestro.tap-HgV9Ck0: Tap aimed via settled hierarchy
10:19:23.170 [ INFO] maestro.Maestro.hierarchyBasedTap-ogj28Uc: Tapping at (138, 322) using hierarchy based logic for wait
10:19:24.204 [ INFO] maestro.Maestro.hierarchyBasedTap-ogj28Uc: Something has changed in the UI judging by view hierarchy. Proceed.
10:19:24.204 [ INFO] maestro.cli.runner.CliConsoleListener.onCommandFinished: Tap on id: birth-month COMPLETED
10:19:24.205 [ INFO] maestro.cli.runner.CliConsoleListener.onCommandStart: Input text ${MONTH} RUNNING
10:19:24.215 [ INFO] maestro.Maestro.inputText: Inputting text: 01
10:19:25.250 [ INFO] maestro.cli.runner.CliConsoleListener.onCommandFinished: Input text ${MONTH} COMPLETED
10:19:25.251 [ INFO] maestro.cli.runner.CliConsoleListener.onCommandStart: Tap on id: birth-year RUNNING
10:19:25.492 [ INFO] maestro.Maestro.tap-HgV9Ck0: Tapping on element:  UiElement(treeNode=TreeNode(attributes={text=, accessibilityText=Yıl, hintText=, ignoreBoundsFiltering=false, resource-id=birth-year, clickable=true, bounds=[202,299][282,345], enabled=true, focused=false, checked=false, scrollable=false, selected=false, class=android.widget.EditText, important-for-accessibility=true, error=}, children=[], clickable=true, enabled=true, focused=false, checked=false, selected=false), bounds=Bounds(x=202, y=299, width=80, height=46))
10:19:26.889 [ INFO] maestro.Maestro.tap-HgV9Ck0: Tap aimed via settled hierarchy
10:19:26.891 [ INFO] maestro.Maestro.hierarchyBasedTap-ogj28Uc: Tapping at (242, 322) using hierarchy based logic for wait
10:19:27.899 [ INFO] maestro.Maestro.hierarchyBasedTap-ogj28Uc: Something has changed in the UI judging by view hierarchy. Proceed.
10:19:27.900 [ INFO] maestro.cli.runner.CliConsoleListener.onCommandFinished: Tap on id: birth-year COMPLETED
10:19:27.900 [ INFO] maestro.cli.runner.CliConsoleListener.onCommandStart: Input text ${YEAR} RUNNING
10:19:27.904 [ INFO] maestro.Maestro.inputText: Inputting text: 2009
10:19:29.195 [ INFO] maestro.cli.runner.CliConsoleListener.onCommandFinished: Input text ${YEAR} COMPLETED
10:19:29.195 [ INFO] maestro.cli.runner.CliConsoleListener.onCommandStart: Hide Keyboard RUNNING
10:19:29.195 [ INFO] maestro.Maestro.hideKeyboard$lambda$12: Hiding Keyboard
10:19:30.230 [ INFO] maestro.cli.runner.CliConsoleListener.onCommandFinished: Hide Keyboard COMPLETED
10:19:30.230 [ INFO] maestro.cli.runner.CliConsoleListener.onCommandStart: Tap on id: signup-continue RUNNING
10:19:30.316 [ INFO] maestro.Maestro.tap-HgV9Ck0: Tapping on element:  UiElement(treeNode=TreeNode(attributes={text=, accessibilityText=Devam, hintText=, ignoreBoundsFiltering=false, resource-id=signup-continue, clickable=true, bounds=[20,560][300,608], enabled=true, focused=false, checked=false, scrollable=false, selected=false, class=android.widget.Button, important-for-accessibility=true, error=}, children=[TreeNode(attributes={text=, accessibilityText=, hintText=, ignoreBoundsFiltering=false, resource-id=, clickable=false, bounds=[20,560][300,608], enabled=true, focused=false, checked=false, scrollable=false, selected=false, class=android.view.ViewGroup, important-for-accessibility=false, error=}, children=[], clickable=false, enabled=true, focused=false, checked=false, selected=false), TreeNode(attributes={text=Devam, accessibilityText=, hintText=, ignoreBoundsFiltering=false, resource-id=, clickable=false, bounds=[134,574][186,594], enabled=true, focused=false, checked=false, scrollable=false, selected=false, class=android.widget.TextView, important-for-accessibility=true, error=}, children=[], clickable=false, enabled=true, focused=false, checked=false, selected=false)], clickable=true, enabled=true, focused=false, checked=false, selected=false), bounds=Bounds(x=20, y=560, width=280, height=48))
10:19:31.523 [ INFO] maestro.Maestro.tap-HgV9Ck0: Tap aimed via settled hierarchy
10:19:31.524 [ INFO] maestro.Maestro.hierarchyBasedTap-ogj28Uc: Tapping at (160, 584) using hierarchy based logic for wait
10:19:32.851 [ INFO] maestro.Maestro.hierarchyBasedTap-ogj28Uc: Something has changed in the UI judging by view hierarchy. Proceed.
10:19:32.851 [ INFO] maestro.cli.runner.CliConsoleListener.onCommandFinished: Tap on id: signup-continue COMPLETED
10:19:32.851 [ INFO] maestro.cli.runner.CliConsoleListener.onCommandFinished: Run about-you.yaml COMPLETED
10:19:32.851 [ INFO] maestro.cli.runner.CliConsoleListener.onCommandStart: Assert that id: under-age is visible RUNNING
10:19:32.932 [ INFO] maestro.cli.runner.CliConsoleListener.onCommandFinished: Assert that id: under-age is visible COMPLETED
10:19:32.932 [ INFO] maestro.cli.runner.CliConsoleListener.onCommandStart: Assert that "Kabuk 18 yaş ve üzeri içindir" is visible RUNNING
10:19:33.006 [ INFO] maestro.cli.runner.CliConsoleListener.onCommandFinished: Assert that "Kabuk 18 yaş ve üzeri içindir" is visible COMPLETED
10:19:33.006 [ INFO] maestro.cli.runner.CliConsoleListener.onCommandStart: Take screenshot 03a-under-age RUNNING
10:19:33.007 [ INFO] maestro.Maestro.takeScreenshot: Taking screenshot
10:19:33.008 [TRACE] maestro.utils.ScreenshotUtils.takeScreenshot: Taking screenshot to output sink
10:19:33.034 [ INFO] maestro.cli.runner.CliConsoleListener.onCommandFinished: Take screenshot 03a-under-age COMPLETED
10:19:33.034 [ INFO] maestro.cli.runner.CliConsoleListener.onCommandStart: Tap on "Kapat" RUNNING
10:19:33.169 [ INFO] maestro.Maestro.tap-HgV9Ck0: Tapping on element:  UiElement(treeNode=TreeNode(attributes={text=Kapat, accessibilityText=, hintText=, ignoreBoundsFiltering=false, resource-id=, clickable=false, bounds=[138,574][182,594], enabled=true, focused=false, checked=false, scrollable=false, selected=false, class=android.widget.TextView, important-for-accessibility=true, error=}, children=[], clickable=false, enabled=true, focused=false, checked=false, selected=false), bounds=Bounds(x=138, y=574, width=44, height=20))
10:19:34.427 [ INFO] maestro.Maestro.tap-HgV9Ck0: Tap aimed via settled hierarchy
10:19:34.428 [ INFO] maestro.Maestro.hierarchyBasedTap-ogj28Uc: Tapping at (160, 584) using hierarchy based logic for wait
10:19:35.348 [ INFO] maestro.Maestro.hierarchyBasedTap-ogj28Uc: Something has changed in the UI judging by view hierarchy. Proceed.
10:19:35.349 [ INFO] maestro.cli.runner.CliConsoleListener.onCommandFinished: Tap on "Kapat" COMPLETED
10:19:35.349 [ INFO] maestro.cli.runner.CliConsoleListener.onCommandStart: Assert that "Telefon numaran" is visible RUNNING
10:19:35.386 [ INFO] maestro.cli.runner.CliConsoleListener.onCommandFinished: Assert that "Telefon numaran" is visible COMPLETED
10:19:35.386 [ INFO] maestro.cli.runner.CliConsoleListener.onCommandStart: Run login-code.yaml RUNNING
10:19:35.387 [ INFO] maestro.cli.runner.CliConsoleListener.onCommandStart: Apply configuration RUNNING
10:19:35.387 [ INFO] maestro.cli.runner.CliConsoleListener.onCommandFinished: Apply configuration COMPLETED
10:19:35.387 [ INFO] maestro.cli.runner.CliConsoleListener.onCommandStart: Tap on id: phone-input RUNNING
10:19:35.507 [ INFO] maestro.Maestro.tap-HgV9Ck0: Tapping on element:  UiElement(treeNode=TreeNode(attributes={text=, accessibilityText=Telefon numaran, hintText=5xx xxx xx xx, ignoreBoundsFiltering=false, resource-id=phone-input, clickable=true, bounds=[75,200][282,247], enabled=true, focused=false, checked=false, scrollable=false, selected=false, class=android.widget.EditText, important-for-accessibility=true, error=}, children=[], clickable=true, enabled=true, focused=false, checked=false, selected=false), bounds=Bounds(x=75, y=200, width=207, height=47))
10:19:36.843 [ INFO] maestro.Maestro.tap-HgV9Ck0: Tap aimed via settled hierarchy
10:19:36.844 [ INFO] maestro.Maestro.hierarchyBasedTap-ogj28Uc: Tapping at (178, 223) using hierarchy based logic for wait
10:19:38.380 [ INFO] maestro.Maestro.hierarchyBasedTap-ogj28Uc: Something has changed in the UI judging by view hierarchy. Proceed.
10:19:38.380 [ INFO] maestro.cli.runner.CliConsoleListener.onCommandFinished: Tap on id: phone-input COMPLETED
10:19:38.381 [ INFO] maestro.cli.runner.CliConsoleListener.onCommandStart: Erase text RUNNING
10:19:38.381 [ INFO] maestro.Maestro.eraseText$lambda$52: Erasing 50 characters
10:19:40.313 [ INFO] maestro.cli.runner.CliConsoleListener.onCommandFinished: Erase text COMPLETED
10:19:40.313 [ INFO] maestro.cli.runner.CliConsoleListener.onCommandStart: Input text 5550000001 RUNNING
10:19:40.314 [ INFO] maestro.Maestro.inputText: Inputting text: 5550000001
10:19:42.175 [ INFO] maestro.cli.runner.CliConsoleListener.onCommandFinished: Input text 5550000001 COMPLETED
10:19:42.175 [ INFO] maestro.cli.runner.CliConsoleListener.onCommandStart: Hide Keyboard RUNNING
10:19:42.176 [ INFO] maestro.Maestro.hideKeyboard$lambda$12: Hiding Keyboard
10:19:43.105 [ INFO] maestro.cli.runner.CliConsoleListener.onCommandFinished: Hide Keyboard COMPLETED
10:19:43.105 [ INFO] maestro.cli.runner.CliConsoleListener.onCommandStart: Tap on "Kod gönder" RUNNING
10:19:43.144 [ INFO] maestro.Maestro.tap-HgV9Ck0: Tapping on element:  UiElement(treeNode=TreeNode(attributes={text=Kod gönder, accessibilityText=, hintText=, ignoreBoundsFiltering=false, resource-id=, clickable=false, bounds=[117,574][204,594], enabled=true, focused=false, checked=false, scrollable=false, selected=false, class=android.widget.TextView, important-for-accessibility=true, error=}, children=[], clickable=false, enabled=true, focused=false, checked=false, selected=false), bounds=Bounds(x=117, y=574, width=87, height=20))
10:19:44.315 [ INFO] maestro.Maestro.tap-HgV9Ck0: Tap aimed via settled hierarchy
10:19:44.316 [ INFO] maestro.Maestro.hierarchyBasedTap-ogj28Uc: Tapping at (160, 584) using hierarchy based logic for wait
10:19:45.583 [ INFO] maestro.Maestro.hierarchyBasedTap-ogj28Uc: Something has changed in the UI judging by view hierarchy. Proceed.
10:19:45.583 [ INFO] maestro.cli.runner.CliConsoleListener.onCommandFinished: Tap on "Kod gönder" COMPLETED
10:19:45.584 [ INFO] maestro.cli.runner.CliConsoleListener.onCommandStart: Assert that "Doğrulama kodu" is visible RUNNING
10:19:45.729 [ INFO] maestro.cli.runner.CliConsoleListener.onCommandFinished: Assert that "Doğrulama kodu" is visible COMPLETED
10:19:45.730 [ INFO] maestro.cli.runner.CliConsoleListener.onCommandStart: Take screenshot 02-otp RUNNING
10:19:45.730 [ INFO] maestro.Maestro.takeScreenshot: Taking screenshot
10:19:45.731 [TRACE] maestro.utils.ScreenshotUtils.takeScreenshot: Taking screenshot to output sink
10:19:45.760 [ INFO] maestro.cli.runner.CliConsoleListener.onCommandFinished: Take screenshot 02-otp COMPLETED
10:19:45.761 [ INFO] maestro.cli.runner.CliConsoleListener.onCommandStart: Tap on id: otp-input RUNNING
10:19:46.510 [ INFO] maestro.Maestro.tap-HgV9Ck0: Tapping on element:  UiElement(treeNode=TreeNode(attributes={text=, accessibilityText=Doğrulama kodu, hintText=, ignoreBoundsFiltering=false, resource-id=otp-input, clickable=true, bounds=[20,194][300,252], enabled=true, focused=true, checked=false, scrollable=false, selected=false, class=android.widget.EditText, important-for-accessibility=true, error=}, children=[], clickable=true, enabled=true, focused=true, checked=false, selected=false), bounds=Bounds(x=20, y=194, width=280, height=58))
10:19:47.794 [ INFO] maestro.Maestro.tap-HgV9Ck0: Tap aimed via settled hierarchy
10:19:47.795 [ INFO] maestro.Maestro.hierarchyBasedTap-ogj28Uc: Tapping at (160, 223) using hierarchy based logic for wait
10:19:48.667 [ INFO] maestro.Maestro.hierarchyBasedTap-ogj28Uc: Something has changed in the UI judging by view hierarchy. Proceed.
10:19:48.667 [ INFO] maestro.cli.runner.CliConsoleListener.onCommandFinished: Tap on id: otp-input COMPLETED
10:19:48.667 [ INFO] maestro.cli.runner.CliConsoleListener.onCommandStart: Input text 123456 RUNNING
10:19:48.668 [ INFO] maestro.Maestro.inputText: Inputting text: 123456
10:19:50.197 [ INFO] maestro.cli.runner.CliConsoleListener.onCommandFinished: Input text 123456 COMPLETED
10:19:50.197 [ INFO] maestro.cli.runner.CliConsoleListener.onCommandFinished: Run login-code.yaml COMPLETED
10:19:50.197 [ INFO] maestro.cli.runner.CliConsoleListener.onCommandStart: Assert that "Başlamadan önce" is visible RUNNING
10:19:50.317 [ INFO] maestro.cli.runner.CliConsoleListener.onCommandFinished: Assert that "Başlamadan önce" is visible COMPLETED
10:19:50.318 [ INFO] maestro.cli.runner.CliConsoleListener.onCommandStart: Tap on "Kullanım Koşulları’nı okudum ve kabul ediyorum." RUNNING
10:19:50.432 [ INFO] maestro.Maestro.tap-HgV9Ck0: Tapping on element:  UiElement(treeNode=TreeNode(attributes={text=Kullanım Koşulları’nı okudum ve kabul ediyorum., accessibilityText=, hintText=, ignoreBoundsFiltering=false, resource-id=, clickable=false, bounds=[74,119][284,165], enabled=true, focused=false, checked=false, scrollable=false, selected=false, class=android.widget.TextView, important-for-accessibility=true, error=}, children=[], clickable=false, enabled=true, focused=false, checked=false, selected=false), bounds=Bounds(x=74, y=119, width=210, height=46))
10:19:51.639 [ INFO] maestro.Maestro.tap-HgV9Ck0: Tap aimed via settled hierarchy
10:19:51.640 [ INFO] maestro.Maestro.hierarchyBasedTap-ogj28Uc: Tapping at (179, 142) using hierarchy based logic for wait
10:19:52.579 [ INFO] maestro.Maestro.hierarchyBasedTap-ogj28Uc: Something has changed in the UI judging by view hierarchy. Proceed.
10:19:52.579 [ INFO] maestro.cli.runner.CliConsoleListener.onCommandFinished: Tap on "Kullanım Koşulları’nı okudum ve kabul ediyorum." COMPLETED
10:19:52.580 [ INFO] maestro.cli.runner.CliConsoleListener.onCommandStart: Tap on "KVKK Aydınlatma Metni’ni okudum." RUNNING
10:19:52.660 [ INFO] maestro.Maestro.tap-HgV9Ck0: Tapping on element:  UiElement(treeNode=TreeNode(attributes={text=KVKK Aydınlatma Metni’ni okudum., accessibilityText=, hintText=, ignoreBoundsFiltering=false, resource-id=, clickable=false, bounds=[74,219][284,265], enabled=true, focused=false, checked=false, scrollable=false, selected=false, class=android.widget.TextView, important-for-accessibility=true, error=}, children=[], clickable=false, enabled=true, focused=false, checked=false, selected=false), bounds=Bounds(x=74, y=219, width=210, height=46))
10:19:53.908 [ INFO] maestro.Maestro.tap-HgV9Ck0: Tap aimed via settled hierarchy
10:19:53.909 [ INFO] maestro.Maestro.hierarchyBasedTap-ogj28Uc: Tapping at (179, 242) using hierarchy based logic for wait
10:19:55.217 [ INFO] maestro.Maestro.hierarchyBasedTap-ogj28Uc: Something has changed in the UI judging by view hierarchy. Proceed.
10:19:55.218 [ INFO] maestro.cli.runner.CliConsoleListener.onCommandFinished: Tap on "KVKK Aydınlatma Metni’ni okudum." COMPLETED
10:19:55.219 [ INFO] maestro.cli.runner.CliConsoleListener.onCommandStart: Tap on "Onayla ve devam et" RUNNING
10:19:55.470 [ INFO] maestro.Maestro.tap-HgV9Ck0: Tapping on element:  UiElement(treeNode=TreeNode(attributes={text=Onayla ve devam et, accessibilityText=, hintText=, ignoreBoundsFiltering=false, resource-id=, clickable=false, bounds=[87,574][234,594], enabled=true, focused=false, checked=false, scrollable=false, selected=false, class=android.widget.TextView, important-for-accessibility=true, error=}, children=[], clickable=false, enabled=true, focused=false, checked=false, selected=false), bounds=Bounds(x=87, y=574, width=147, height=20))
10:19:56.803 [ INFO] maestro.Maestro.tap-HgV9Ck0: Tap aimed via settled hierarchy
10:19:56.804 [ INFO] maestro.Maestro.hierarchyBasedTap-ogj28Uc: Tapping at (160, 584) using hierarchy based logic for wait
10:19:57.735 [ INFO] maestro.Maestro.hierarchyBasedTap-ogj28Uc: Something has changed in the UI judging by view hierarchy. Proceed.
10:19:57.736 [ INFO] maestro.cli.runner.CliConsoleListener.onCommandFinished: Tap on "Onayla ve devam et" COMPLETED
10:19:57.736 [ INFO] maestro.cli.runner.CliConsoleListener.onCommandStart: Assert that "Seni tanıyalım" is visible RUNNING
10:19:57.865 [ INFO] maestro.cli.runner.CliConsoleListener.onCommandFinished: Assert that "Seni tanıyalım" is visible COMPLETED
10:19:57.865 [ INFO] maestro.cli.runner.CliConsoleListener.onCommandStart: Take screenshot 03b-about-you RUNNING
10:19:57.866 [ INFO] maestro.Maestro.takeScreenshot: Taking screenshot
10:19:57.866 [TRACE] maestro.utils.ScreenshotUtils.takeScreenshot: Taking screenshot to output sink
10:19:57.892 [ INFO] maestro.cli.runner.CliConsoleListener.onCommandFinished: Take screenshot 03b-about-you COMPLETED
10:19:57.893 [ INFO] maestro.cli.runner.CliConsoleListener.onCommandStart: Run about-you.yaml RUNNING
10:19:57.894 [ INFO] maestro.cli.runner.CliConsoleListener.onCommandStart: Define variables RUNNING
10:19:57.894 [ INFO] maestro.cli.runner.CliConsoleListener.onCommandFinished: Define variables COMPLETED
10:19:57.894 [ INFO] maestro.cli.runner.CliConsoleListener.onCommandStart: Apply configuration RUNNING
10:19:57.894 [ INFO] maestro.cli.runner.CliConsoleListener.onCommandFinished: Apply configuration COMPLETED
10:19:57.894 [ INFO] maestro.cli.runner.CliConsoleListener.onCommandStart: Tap on id: signup-name RUNNING
10:19:58.016 [ INFO] maestro.Maestro.tap-HgV9Ck0: Tapping on element:  UiElement(treeNode=TreeNode(attributes={text=, accessibilityText=, hintText=, ignoreBoundsFiltering=false, resource-id=signup-name, clickable=true, bounds=[38,154][282,200], enabled=true, focused=false, checked=false, scrollable=false, selected=false, class=android.widget.EditText, important-for-accessibility=true, error=}, children=[], clickable=true, enabled=true, focused=false, checked=false, selected=false), bounds=Bounds(x=38, y=154, width=244, height=46))
10:19:59.265 [ INFO] maestro.Maestro.tap-HgV9Ck0: Tap aimed via settled hierarchy
10:19:59.266 [ INFO] maestro.Maestro.hierarchyBasedTap-ogj28Uc: Tapping at (160, 177) using hierarchy based logic for wait
10:20:01.294 [ INFO] maestro.Maestro.hierarchyBasedTap-ogj28Uc: Something has changed in the UI judging by view hierarchy. Proceed.
10:20:01.295 [ INFO] maestro.cli.runner.CliConsoleListener.onCommandFinished: Tap on id: signup-name COMPLETED
10:20:01.295 [ INFO] maestro.cli.runner.CliConsoleListener.onCommandStart: Erase text RUNNING
10:20:01.296 [ INFO] maestro.Maestro.eraseText$lambda$52: Erasing 50 characters
10:20:03.355 [ INFO] maestro.cli.runner.CliConsoleListener.onCommandFinished: Erase text COMPLETED
10:20:03.355 [ INFO] maestro.cli.runner.CliConsoleListener.onCommandStart: Input text ${NAME} RUNNING
10:20:03.360 [ INFO] maestro.Maestro.inputText: Inputting text: Cihaz Masa
10:20:06.026 [ INFO] maestro.cli.runner.CliConsoleListener.onCommandFinished: Input text ${NAME} COMPLETED
10:20:06.027 [ INFO] maestro.cli.runner.CliConsoleListener.onCommandStart: Tap on id: birth-day RUNNING
10:20:06.168 [ INFO] maestro.Maestro.tap-HgV9Ck0: Tapping on element:  UiElement(treeNode=TreeNode(attributes={text=, accessibilityText=Gün, hintText=, ignoreBoundsFiltering=false, resource-id=birth-day, clickable=true, bounds=[38,299][75,345], enabled=true, focused=false, checked=false, scrollable=false, selected=false, class=android.widget.EditText, important-for-accessibility=true, error=}, children=[], clickable=true, enabled=true, focused=false, checked=false, selected=false), bounds=Bounds(x=38, y=299, width=37, height=46))
10:20:07.474 [ INFO] maestro.Maestro.tap-HgV9Ck0: Tap aimed via settled hierarchy
10:20:07.474 [ INFO] maestro.Maestro.hierarchyBasedTap-ogj28Uc: Tapping at (56, 322) using hierarchy based logic for wait
10:20:08.460 [ INFO] maestro.Maestro.hierarchyBasedTap-ogj28Uc: Something has changed in the UI judging by view hierarchy. Proceed.
10:20:08.460 [ INFO] maestro.cli.runner.CliConsoleListener.onCommandFinished: Tap on id: birth-day COMPLETED
10:20:08.460 [ INFO] maestro.cli.runner.CliConsoleListener.onCommandStart: Input text ${DAY} RUNNING
10:20:08.465 [ INFO] maestro.Maestro.inputText: Inputting text: 15
10:20:09.388 [ INFO] maestro.cli.runner.CliConsoleListener.onCommandFinished: Input text ${DAY} COMPLETED
10:20:09.388 [ INFO] maestro.cli.runner.CliConsoleListener.onCommandStart: Tap on id: birth-month RUNNING
10:20:09.497 [ INFO] maestro.Maestro.tap-HgV9Ck0: Tapping on element:  UiElement(treeNode=TreeNode(attributes={text=, accessibilityText=Ay, hintText=, ignoreBoundsFiltering=false, resource-id=birth-month, clickable=true, bounds=[120,299][157,345], enabled=true, focused=false, checked=false, scrollable=false, selected=false, class=android.widget.EditText, important-for-accessibility=true, error=}, children=[], clickable=true, enabled=true, focused=false, checked=false, selected=false), bounds=Bounds(x=120, y=299, width=37, height=46))
10:20:10.756 [ INFO] maestro.Maestro.tap-HgV9Ck0: Tap aimed via settled hierarchy
10:20:10.757 [ INFO] maestro.Maestro.hierarchyBasedTap-ogj28Uc: Tapping at (138, 322) using hierarchy based logic for wait
10:20:11.748 [ INFO] maestro.Maestro.hierarchyBasedTap-ogj28Uc: Something has changed in the UI judging by view hierarchy. Proceed.
10:20:11.749 [ INFO] maestro.cli.runner.CliConsoleListener.onCommandFinished: Tap on id: birth-month COMPLETED
10:20:11.749 [ INFO] maestro.cli.runner.CliConsoleListener.onCommandStart: Input text ${MONTH} RUNNING
10:20:11.753 [ INFO] maestro.Maestro.inputText: Inputting text: 01
10:20:12.682 [ INFO] maestro.cli.runner.CliConsoleListener.onCommandFinished: Input text ${MONTH} COMPLETED
10:20:12.682 [ INFO] maestro.cli.runner.CliConsoleListener.onCommandStart: Tap on id: birth-year RUNNING
10:20:12.792 [ INFO] maestro.Maestro.tap-HgV9Ck0: Tapping on element:  UiElement(treeNode=TreeNode(attributes={text=, accessibilityText=Yıl, hintText=, ignoreBoundsFiltering=false, resource-id=birth-year, clickable=true, bounds=[202,299][282,345], enabled=true, focused=false, checked=false, scrollable=false, selected=false, class=android.widget.EditText, important-for-accessibility=true, error=}, children=[], clickable=true, enabled=true, focused=false, checked=false, selected=false), bounds=Bounds(x=202, y=299, width=80, height=46))
10:20:14.052 [ INFO] maestro.Maestro.tap-HgV9Ck0: Tap aimed via settled hierarchy
10:20:14.053 [ INFO] maestro.Maestro.hierarchyBasedTap-ogj28Uc: Tapping at (242, 322) using hierarchy based logic for wait
10:20:15.040 [ INFO] maestro.Maestro.hierarchyBasedTap-ogj28Uc: Something has changed in the UI judging by view hierarchy. Proceed.
10:20:15.041 [ INFO] maestro.cli.runner.CliConsoleListener.onCommandFinished: Tap on id: birth-year COMPLETED
10:20:15.041 [ INFO] maestro.cli.runner.CliConsoleListener.onCommandStart: Input text ${YEAR} RUNNING
10:20:15.045 [ INFO] maestro.Maestro.inputText: Inputting text: 2000
10:20:16.296 [ INFO] maestro.cli.runner.CliConsoleListener.onCommandFinished: Input text ${YEAR} COMPLETED
10:20:16.297 [ INFO] maestro.cli.runner.CliConsoleListener.onCommandStart: Hide Keyboard RUNNING
10:20:16.297 [ INFO] maestro.Maestro.hideKeyboard$lambda$12: Hiding Keyboard
10:20:17.235 [ INFO] maestro.cli.runner.CliConsoleListener.onCommandFinished: Hide Keyboard COMPLETED
10:20:17.235 [ INFO] maestro.cli.runner.CliConsoleListener.onCommandStart: Tap on id: signup-continue RUNNING
10:20:17.317 [ INFO] maestro.Maestro.tap-HgV9Ck0: Tapping on element:  UiElement(treeNode=TreeNode(attributes={text=, accessibilityText=Devam, hintText=, ignoreBoundsFiltering=false, resource-id=signup-continue, clickable=true, bounds=[20,560][300,608], enabled=true, focused=false, checked=false, scrollable=false, selected=false, class=android.widget.Button, important-for-accessibility=true, error=}, children=[TreeNode(attributes={text=, accessibilityText=, hintText=, ignoreBoundsFiltering=false, resource-id=, clickable=false, bounds=[20,560][300,608], enabled=true, focused=false, checked=false, scrollable=false, selected=false, class=android.view.ViewGroup, important-for-accessibility=false, error=}, children=[], clickable=false, enabled=true, focused=false, checked=false, selected=false), TreeNode(attributes={text=Devam, accessibilityText=, hintText=, ignoreBoundsFiltering=false, resource-id=, clickable=false, bounds=[134,574][186,594], enabled=true, focused=false, checked=false, scrollable=false, selected=false, class=android.widget.TextView, important-for-accessibility=true, error=}, children=[], clickable=false, enabled=true, focused=false, checked=false, selected=false)], clickable=true, enabled=true, focused=false, checked=false, selected=false), bounds=Bounds(x=20, y=560, width=280, height=48))
10:20:18.603 [ INFO] maestro.Maestro.tap-HgV9Ck0: Tap aimed via settled hierarchy
10:20:18.604 [ INFO] maestro.Maestro.hierarchyBasedTap-ogj28Uc: Tapping at (160, 584) using hierarchy based logic for wait
10:20:19.741 [ INFO] maestro.Maestro.hierarchyBasedTap-ogj28Uc: Something has changed in the UI judging by view hierarchy. Proceed.
10:20:19.741 [ INFO] maestro.cli.runner.CliConsoleListener.onCommandFinished: Tap on id: signup-continue COMPLETED
10:20:19.741 [ INFO] maestro.cli.runner.CliConsoleListener.onCommandFinished: Run about-you.yaml COMPLETED
10:20:19.741 [ INFO] maestro.cli.runner.CliConsoleListener.onCommandStart: Assert that "Profilini tamamla" is visible RUNNING
10:20:19.865 [ INFO] maestro.cli.runner.CliConsoleListener.onCommandFinished: Assert that "Profilini tamamla" is visible COMPLETED
10:20:19.865 [ INFO] maestro.cli.runner.CliConsoleListener.onCommandStart: Take screenshot 03c-extras RUNNING
10:20:19.866 [ INFO] maestro.Maestro.takeScreenshot: Taking screenshot
10:20:19.867 [TRACE] maestro.utils.ScreenshotUtils.takeScreenshot: Taking screenshot to output sink
10:20:19.998 [ INFO] maestro.cli.runner.CliConsoleListener.onCommandFinished: Take screenshot 03c-extras COMPLETED
10:20:19.999 [ INFO] maestro.cli.runner.CliConsoleListener.onCommandStart: Scrolling DOWN until id: signup-skip is visible with speed 40, visibility percentage 100%, timeout 20000 ms, with centering disabled RUNNING
10:20:20.130 [ INFO] maestro.orchestra.Orchestra.scrollUntilVisible: Scrolling try count: 0, DeviceWidth: 320, DeviceWidth: 640
10:20:20.130 [ INFO] maestro.orchestra.Orchestra.scrollUntilVisible: Element bounds: Bounds(x=20, y=560, width=280, height=48)
10:20:20.136 [ INFO] maestro.orchestra.Orchestra.scrollUntilVisible: Visibility Percent: 1.0
10:20:20.171 [ INFO] maestro.orchestra.Orchestra.scrollUntilVisible: Command centerElement: ScrollUntilVisibleCommand(selector=ElementSelector(textRegex=null, idRegex=signup-skip, size=null, below=null, above=null, leftOf=null, rightOf=null, containsChild=null, containsDescendants=null, traits=null, index=null, enabled=null, optional=false, selected=null, checked=null, focused=null, childOf=null, css=null), direction=DOWN, scrollDuration=601, visibilityPercentage=100, timeout=20000, waitToSettleTimeoutMs=null, centerElement=false, originalSpeedValue=40, label=null, optional=false).centerElement
10:20:20.171 [ INFO] maestro.orchestra.Orchestra.scrollUntilVisible: visibilityPercentageNormalized: 1.0
10:20:20.172 [ INFO] maestro.cli.runner.CliConsoleListener.onCommandFinished: Scrolling DOWN until id: signup-skip is visible with speed 40, visibility percentage 100%, timeout 20000 ms, with centering disabled COMPLETED
10:20:20.172 [ INFO] maestro.cli.runner.CliConsoleListener.onCommandStart: Tap on id: signup-skip RUNNING
10:20:20.345 [ INFO] maestro.Maestro.tap-HgV9Ck0: Tapping on element:  UiElement(treeNode=TreeNode(attributes={text=, accessibilityText=Şimdilik geç, hintText=, ignoreBoundsFiltering=false, resource-id=signup-skip, clickable=true, bounds=[20,560][300,608], enabled=true, focused=false, checked=false, scrollable=false, selected=false, class=android.widget.Button, important-for-accessibility=true, error=}, children=[TreeNode(attributes={text=Şimdilik geç, accessibilityText=, hintText=, ignoreBoundsFiltering=false, resource-id=, clickable=false, bounds=[115,574][205,594], enabled=true, focused=false, checked=false, scrollable=false, selected=false, class=android.widget.TextView, important-for-accessibility=true, error=}, children=[], clickable=false, enabled=true, focused=false, checked=false, selected=false)], clickable=true, enabled=true, focused=false, checked=false, selected=false), bounds=Bounds(x=20, y=560, width=280, height=48))
10:20:21.560 [ INFO] maestro.Maestro.tap-HgV9Ck0: Tap aimed via settled hierarchy
10:20:21.561 [ INFO] maestro.Maestro.hierarchyBasedTap-ogj28Uc: Tapping at (160, 584) using hierarchy based logic for wait
10:20:23.371 [ INFO] maestro.Maestro.hierarchyBasedTap-ogj28Uc: Something has changed in the UI judging by view hierarchy. Proceed.
10:20:23.371 [ INFO] maestro.cli.runner.CliConsoleListener.onCommandFinished: Tap on id: signup-skip COMPLETED
10:20:23.371 [ INFO] maestro.cli.runner.CliConsoleListener.onCommandStart: Assert that "Liste" is visible RUNNING
10:20:23.527 [ INFO] maestro.cli.runner.CliConsoleListener.onCommandFinished: Assert that "Liste" is visible COMPLETED
10:20:23.527 [ INFO] maestro.cli.runner.CliConsoleListener.onCommandStart: Take screenshot 04-explore RUNNING
10:20:23.528 [ INFO] maestro.Maestro.takeScreenshot: Taking screenshot
10:20:23.529 [TRACE] maestro.utils.ScreenshotUtils.takeScreenshot: Taking screenshot to output sink
10:20:23.561 [ INFO] maestro.cli.runner.CliConsoleListener.onCommandFinished: Take screenshot 04-explore COMPLETED
10:20:23.561 [ INFO] maestro.cli.runner.CliConsoleListener.onCommandFinished: Run flows/01-login.yaml COMPLETED
10:20:23.561 [ INFO] maestro.cli.runner.CliConsoleListener.onCommandStart: Run flows/01b-design.yaml RUNNING
10:20:23.562 [ INFO] maestro.cli.runner.CliConsoleListener.onCommandStart: Apply configuration RUNNING
10:20:23.562 [ INFO] maestro.cli.runner.CliConsoleListener.onCommandFinished: Apply configuration COMPLETED
10:20:23.562 [ INFO] maestro.cli.runner.CliConsoleListener.onCommandStart: Tap on id: tab-profile RUNNING
10:20:23.718 [ INFO] maestro.Maestro.tap-HgV9Ck0: Tapping on element:  UiElement(treeNode=TreeNode(attributes={text=, accessibilityText=Profil, hintText=, ignoreBoundsFiltering=false, resource-id=tab-profile, clickable=true, bounds=[242,568][296,632], enabled=true, focused=false, checked=false, scrollable=false, selected=false, class=android.view.View, important-for-accessibility=true, error=}, children=[TreeNode(attributes={text=, accessibilityText=, hintText=, ignoreBoundsFiltering=false, resource-id=, clickable=false, bounds=[257,580][281,604], enabled=true, focused=false, checked=false, scrollable=false, selected=false, class=android.widget.ImageView, important-for-accessibility=false, error=}, children=[], clickable=false, enabled=true, focused=false, checked=false, selected=false), TreeNode(attributes={text=Profil, accessibilityText=, hintText=, ignoreBoundsFiltering=false, resource-id=, clickable=false, bounds=[253,612][284,628], enabled=true, focused=false, checked=false, scrollable=false, selected=false, class=android.widget.TextView, important-for-accessibility=true, error=}, children=[], clickable=false, enabled=true, focused=false, checked=false, selected=false)], clickable=true, enabled=true, focused=false, checked=false, selected=false), bounds=Bounds(x=242, y=568, width=54, height=64))
10:20:25.059 [ INFO] maestro.Maestro.tap-HgV9Ck0: Tap aimed via settled hierarchy
10:20:25.060 [ INFO] maestro.Maestro.hierarchyBasedTap-ogj28Uc: Tapping at (269, 600) using hierarchy based logic for wait
10:20:26.535 [ INFO] maestro.Maestro.hierarchyBasedTap-ogj28Uc: Something has changed in the UI judging by view hierarchy. Proceed.
10:20:26.536 [ INFO] maestro.cli.runner.CliConsoleListener.onCommandFinished: Tap on id: tab-profile COMPLETED
10:20:26.536 [ INFO] maestro.cli.runner.CliConsoleListener.onCommandStart: Tap on "Ayarlar" RUNNING
10:20:26.698 [ INFO] maestro.Maestro.tap-HgV9Ck0: Tapping on element:  UiElement(treeNode=TreeNode(attributes={text=, accessibilityText=Ayarlar, hintText=, ignoreBoundsFiltering=false, resource-id=, clickable=true, bounds=[268,36][312,80], enabled=true, focused=false, checked=false, scrollable=false, selected=false, class=android.widget.Button, important-for-accessibility=true, error=}, children=[TreeNode(attributes={text=, accessibilityText=, hintText=, ignoreBoundsFiltering=false, resource-id=, clickable=false, bounds=[278,45][302,71], enabled=true, focused=false, checked=false, scrollable=false, selected=false, class=android.widget.TextView, important-for-accessibility=true, error=}, children=[], clickable=false, enabled=true, focused=false, checked=false, selected=false)], clickable=true, enabled=true, focused=false, checked=false, selected=false), bounds=Bounds(x=268, y=36, width=44, height=44))
10:20:27.995 [ INFO] maestro.Maestro.tap-HgV9Ck0: Tap aimed via settled hierarchy
10:20:27.995 [ INFO] maestro.Maestro.hierarchyBasedTap-ogj28Uc: Tapping at (290, 58) using hierarchy based logic for wait
10:20:29.012 [ INFO] maestro.Maestro.hierarchyBasedTap-ogj28Uc: Something has changed in the UI judging by view hierarchy. Proceed.
10:20:29.013 [ INFO] maestro.cli.runner.CliConsoleListener.onCommandFinished: Tap on "Ayarlar" COMPLETED
10:20:29.013 [ INFO] maestro.cli.runner.CliConsoleListener.onCommandStart: Assert that "Tasarım \(test\)" is visible RUNNING
10:20:29.139 [ INFO] maestro.cli.runner.CliConsoleListener.onCommandFinished: Assert that "Tasarım \(test\)" is visible COMPLETED
10:20:29.139 [ INFO] maestro.cli.runner.CliConsoleListener.onCommandStart: Tap on id: design-scheme-${SCHEME} RUNNING
10:20:29.257 [ INFO] maestro.Maestro.tap-HgV9Ck0: Tapping on element:  UiElement(treeNode=TreeNode(attributes={text=, accessibilityText=Koyu, hintText=, ignoreBoundsFiltering=false, resource-id=design-scheme-dark, clickable=true, bounds=[75,254][130,298], enabled=true, focused=false, checked=false, scrollable=false, selected=false, class=android.view.View, important-for-accessibility=true, error=}, children=[TreeNode(attributes={text=Koyu, accessibilityText=, hintText=, ignoreBoundsFiltering=false, resource-id=, clickable=false, bounds=[87,267][118,284], enabled=true, focused=false, checked=false, scrollable=false, selected=false, class=android.widget.TextView, important-for-accessibility=true, error=}, children=[], clickable=false, enabled=true, focused=false, checked=false, selected=false)], clickable=true, enabled=true, focused=false, checked=false, selected=false), bounds=Bounds(x=75, y=254, width=55, height=44))
10:20:30.517 [ INFO] maestro.Maestro.tap-HgV9Ck0: Tap aimed via settled hierarchy
10:20:30.518 [ INFO] maestro.Maestro.hierarchyBasedTap-ogj28Uc: Tapping at (102, 276) using hierarchy based logic for wait
10:20:31.496 [ INFO] maestro.Maestro.hierarchyBasedTap-ogj28Uc: Something has changed in the UI judging by view hierarchy. Proceed.
10:20:31.496 [ INFO] maestro.cli.runner.CliConsoleListener.onCommandFinished: Tap on id: design-scheme-${SCHEME} COMPLETED
10:20:31.496 [ INFO] maestro.cli.runner.CliConsoleListener.onCommandStart: Take screenshot 04b-design RUNNING
10:20:31.497 [ INFO] maestro.Maestro.takeScreenshot: Taking screenshot
10:20:31.497 [TRACE] maestro.utils.ScreenshotUtils.takeScreenshot: Taking screenshot to output sink
10:20:31.522 [ INFO] maestro.cli.runner.CliConsoleListener.onCommandFinished: Take screenshot 04b-design COMPLETED
10:20:31.522 [ INFO] maestro.cli.runner.CliConsoleListener.onCommandStart: Tap on "Geri" RUNNING
10:20:31.674 [ INFO] maestro.Maestro.tap-HgV9Ck0: Tapping on element:  UiElement(treeNode=TreeNode(attributes={text=, accessibilityText=Geri, hintText=, ignoreBoundsFiltering=false, resource-id=, clickable=true, bounds=[8,36][52,80], enabled=true, focused=false, checked=false, scrollable=false, selected=false, class=android.widget.Button, important-for-accessibility=true, error=}, children=[TreeNode(attributes={text=, accessibilityText=, hintText=, ignoreBoundsFiltering=false, resource-id=, clickable=false, bounds=[18,45][42,71], enabled=true, focused=false, checked=false, scrollable=false, selected=false, class=android.widget.TextView, important-for-accessibility=true, error=}, children=[], clickable=false, enabled=true, focused=false, checked=false, selected=false)], clickable=true, enabled=true, focused=false, checked=false, selected=false), bounds=Bounds(x=8, y=36, width=44, height=44))
10:20:32.917 [ INFO] maestro.Maestro.tap-HgV9Ck0: Tap aimed via settled hierarchy
10:20:32.918 [ INFO] maestro.Maestro.hierarchyBasedTap-ogj28Uc: Tapping at (30, 58) using hierarchy based logic for wait
10:20:33.863 [ INFO] maestro.Maestro.hierarchyBasedTap-ogj28Uc: Something has changed in the UI judging by view hierarchy. Proceed.
10:20:33.863 [ INFO] maestro.cli.runner.CliConsoleListener.onCommandFinished: Tap on "Geri" COMPLETED
10:20:33.863 [ INFO] maestro.cli.runner.CliConsoleListener.onCommandStart: Tap on id: tab-explore RUNNING
10:20:34.009 [ INFO] maestro.Maestro.tap-HgV9Ck0: Tapping on element:  UiElement(treeNode=TreeNode(attributes={text=, accessibilityText=Keşfet, hintText=, ignoreBoundsFiltering=false, resource-id=tab-explore, clickable=true, bounds=[24,568][78,632], enabled=true, focused=false, checked=false, scrollable=false, selected=false, class=android.view.View, important-for-accessibility=true, error=}, children=[TreeNode(attributes={text=, accessibilityText=, hintText=, ignoreBoundsFiltering=false, resource-id=, clickable=false, bounds=[39,580][63,604], enabled=true, focused=false, checked=false, scrollable=false, selected=false, class=android.widget.ImageView, important-for-accessibility=false, error=}, children=[], clickable=false, enabled=true, focused=false, checked=false, selected=false), TreeNode(attributes={text=Keşfet, accessibilityText=, hintText=, ignoreBoundsFiltering=false, resource-id=, clickable=false, bounds=[33,612][69,628], enabled=true, focused=false, checked=false, scrollable=false, selected=false, class=android.widget.TextView, important-for-accessibility=true, error=}, children=[], clickable=false, enabled=true, focused=false, checked=false, selected=false)], clickable=true, enabled=true, focused=false, checked=false, selected=false), bounds=Bounds(x=24, y=568, width=54, height=64))
10:20:35.295 [ INFO] maestro.Maestro.tap-HgV9Ck0: Tap aimed via settled hierarchy
10:20:35.295 [ INFO] maestro.Maestro.hierarchyBasedTap-ogj28Uc: Tapping at (51, 600) using hierarchy based logic for wait
10:20:36.507 [ INFO] maestro.Maestro.hierarchyBasedTap-ogj28Uc: Something has changed in the UI judging by view hierarchy. Proceed.
10:20:36.507 [ INFO] maestro.cli.runner.CliConsoleListener.onCommandFinished: Tap on id: tab-explore COMPLETED
10:20:36.507 [ INFO] maestro.cli.runner.CliConsoleListener.onCommandStart: Assert that "Liste" is visible RUNNING
10:20:36.667 [ INFO] maestro.cli.runner.CliConsoleListener.onCommandFinished: Assert that "Liste" is visible COMPLETED
10:20:36.668 [ INFO] maestro.cli.runner.CliConsoleListener.onCommandFinished: Run flows/01b-design.yaml COMPLETED
10:20:36.668 [ INFO] maestro.cli.runner.CliConsoleListener.onCommandStart: Run flows/01c-preview.yaml RUNNING
10:20:36.668 [ INFO] maestro.cli.runner.CliConsoleListener.onCommandStart: Apply configuration RUNNING
10:20:36.668 [ INFO] maestro.cli.runner.CliConsoleListener.onCommandFinished: Apply configuration COMPLETED
10:20:36.668 [ INFO] maestro.cli.runner.CliConsoleListener.onCommandStart: Tap on id: tab-profile RUNNING
10:20:36.793 [ INFO] maestro.Maestro.tap-HgV9Ck0: Tapping on element:  UiElement(treeNode=TreeNode(attributes={text=, accessibilityText=Profil, hintText=, ignoreBoundsFiltering=false, resource-id=tab-profile, clickable=true, bounds=[242,568][296,632], enabled=true, focused=false, checked=false, scrollable=false, selected=false, class=android.view.View, important-for-accessibility=true, error=}, children=[TreeNode(attributes={text=, accessibilityText=, hintText=, ignoreBoundsFiltering=false, resource-id=, clickable=false, bounds=[257,580][281,604], enabled=true, focused=false, checked=false, scrollable=false, selected=false, class=android.widget.ImageView, important-for-accessibility=false, error=}, children=[], clickable=false, enabled=true, focused=false, checked=false, selected=false), TreeNode(attributes={text=Profil, accessibilityText=, hintText=, ignoreBoundsFiltering=false, resource-id=, clickable=false, bounds=[253,612][284,628], enabled=true, focused=false, checked=false, scrollable=false, selected=false, class=android.widget.TextView, important-for-accessibility=true, error=}, children=[], clickable=false, enabled=true, focused=false, checked=false, selected=false)], clickable=true, enabled=true, focused=false, checked=false, selected=false), bounds=Bounds(x=242, y=568, width=54, height=64))
10:20:38.098 [ INFO] maestro.Maestro.tap-HgV9Ck0: Tap aimed via settled hierarchy
10:20:38.099 [ INFO] maestro.Maestro.hierarchyBasedTap-ogj28Uc: Tapping at (269, 600) using hierarchy based logic for wait
10:20:39.584 [ INFO] maestro.Maestro.hierarchyBasedTap-ogj28Uc: Something has changed in the UI judging by view hierarchy. Proceed.
10:20:39.585 [ INFO] maestro.cli.runner.CliConsoleListener.onCommandFinished: Tap on id: tab-profile COMPLETED
10:20:39.585 [ INFO] maestro.cli.runner.CliConsoleListener.onCommandStart: Tap on "Ayarlar" RUNNING
10:20:39.732 [ INFO] maestro.Maestro.tap-HgV9Ck0: Tapping on element:  UiElement(treeNode=TreeNode(attributes={text=, accessibilityText=Ayarlar, hintText=, ignoreBoundsFiltering=false, resource-id=, clickable=true, bounds=[268,36][312,80], enabled=true, focused=false, checked=false, scrollable=false, selected=false, class=android.widget.Button, important-for-accessibility=true, error=}, children=[TreeNode(attributes={text=, accessibilityText=, hintText=, ignoreBoundsFiltering=false, resource-id=, clickable=false, bounds=[278,45][302,71], enabled=true, focused=false, checked=false, scrollable=false, selected=false, class=android.widget.TextView, important-for-accessibility=true, error=}, children=[], clickable=false, enabled=true, focused=false, checked=false, selected=false)], clickable=true, enabled=true, focused=false, checked=false, selected=false), bounds=Bounds(x=268, y=36, width=44, height=44))
10:20:41.029 [ INFO] maestro.Maestro.tap-HgV9Ck0: Tap aimed via settled hierarchy
10:20:41.029 [ INFO] maestro.Maestro.hierarchyBasedTap-ogj28Uc: Tapping at (290, 58) using hierarchy based logic for wait
10:20:42.030 [ INFO] maestro.Maestro.hierarchyBasedTap-ogj28Uc: Something has changed in the UI judging by view hierarchy. Proceed.
10:20:42.030 [ INFO] maestro.cli.runner.CliConsoleListener.onCommandFinished: Tap on "Ayarlar" COMPLETED
10:20:42.031 [ INFO] maestro.cli.runner.CliConsoleListener.onCommandStart: Scrolling DOWN until id: preview-open is visible with speed 40, visibility percentage 100%, timeout 30000 ms, with centering disabled RUNNING
10:20:42.195 [ INFO] maestro.orchestra.Orchestra.scrollUntilVisible: Scrolling try count: 0, DeviceWidth: 320, DeviceWidth: 640
10:20:42.195 [ INFO] maestro.orchestra.Orchestra.scrollUntilVisible: Element bounds: Bounds(x=20, y=316, width=280, height=48)
10:20:42.195 [ INFO] maestro.orchestra.Orchestra.scrollUntilVisible: Visibility Percent: 1.0
10:20:42.195 [ INFO] maestro.orchestra.Orchestra.scrollUntilVisible: Command centerElement: ScrollUntilVisibleCommand(selector=ElementSelector(textRegex=null, idRegex=preview-open, size=null, below=null, above=null, leftOf=null, rightOf=null, containsChild=null, containsDescendants=null, traits=null, index=null, enabled=null, optional=false, selected=null, checked=null, focused=null, childOf=null, css=null), direction=DOWN, scrollDuration=601, visibilityPercentage=100, timeout=30000, waitToSettleTimeoutMs=null, centerElement=false, originalSpeedValue=40, label=null, optional=false).centerElement
10:20:42.195 [ INFO] maestro.orchestra.Orchestra.scrollUntilVisible: visibilityPercentageNormalized: 1.0
10:20:42.195 [ INFO] maestro.cli.runner.CliConsoleListener.onCommandFinished: Scrolling DOWN until id: preview-open is visible with speed 40, visibility percentage 100%, timeout 30000 ms, with centering disabled COMPLETED
10:20:42.196 [ INFO] maestro.cli.runner.CliConsoleListener.onCommandStart: Tap on id: preview-open RUNNING
10:20:42.315 [ INFO] maestro.Maestro.tap-HgV9Ck0: Tapping on element:  UiElement(treeNode=TreeNode(attributes={text=, accessibilityText=Bileşen önizlemesini aç, hintText=, ignoreBoundsFiltering=false, resource-id=preview-open, clickable=true, bounds=[20,316][300,364], enabled=true, focused=false, checked=false, scrollable=false, selected=false, class=android.widget.Button, important-for-accessibility=true, error=}, children=[TreeNode(attributes={text=, accessibilityText=, hintText=, ignoreBoundsFiltering=false, resource-id=, clickable=false, bounds=[20,316][300,364], enabled=true, focused=false, checked=false, scrollable=false, selected=false, class=android.view.ViewGroup, important-for-accessibility=false, error=}, children=[], clickable=false, enabled=true, focused=false, checked=false, selected=false), TreeNode(attributes={text=Bileşen önizlemesini aç, accessibilityText=, hintText=, ignoreBoundsFiltering=false, resource-id=, clickable=false, bounds=[74,330][246,350], enabled=true, focused=false, checked=false, scrollable=false, selected=false, class=android.widget.TextView, important-for-accessibility=true, error=}, children=[], clickable=false, enabled=true, focused=false, checked=false, selected=false)], clickable=true, enabled=true, focused=false, checked=false, selected=false), bounds=Bounds(x=20, y=316, width=280, height=48))
10:20:43.570 [ INFO] maestro.Maestro.tap-HgV9Ck0: Tap aimed via settled hierarchy
10:20:43.571 [ INFO] maestro.Maestro.hierarchyBasedTap-ogj28Uc: Tapping at (160, 340) using hierarchy based logic for wait
10:20:45.135 [ INFO] maestro.Maestro.hierarchyBasedTap-ogj28Uc: Something has changed in the UI judging by view hierarchy. Proceed.
10:20:45.136 [ INFO] maestro.cli.runner.CliConsoleListener.onCommandFinished: Tap on id: preview-open COMPLETED
10:20:45.136 [ INFO] maestro.cli.runner.CliConsoleListener.onCommandStart: Assert that id: preview-games is visible RUNNING
10:20:45.299 [ INFO] maestro.cli.runner.CliConsoleListener.onCommandFinished: Assert that id: preview-games is visible COMPLETED
10:20:45.300 [ INFO] maestro.cli.runner.CliConsoleListener.onCommandStart: Take screenshot 04c-preview-games-1 RUNNING
10:20:45.300 [ INFO] maestro.Maestro.takeScreenshot: Taking screenshot
10:20:45.301 [TRACE] maestro.utils.ScreenshotUtils.takeScreenshot: Taking screenshot to output sink
10:20:45.329 [ INFO] maestro.cli.runner.CliConsoleListener.onCommandFinished: Take screenshot 04c-preview-games-1 COMPLETED
10:20:45.329 [ INFO] maestro.cli.runner.CliConsoleListener.onCommandStart: Scrolling DOWN until id: preview-buttons is visible with speed 40, visibility percentage 100%, timeout 30000 ms, with centering enabled RUNNING
10:20:45.816 [ INFO] maestro.orchestra.Orchestra.scrollUntilVisible: Scrolling try count: 0, DeviceWidth: 320, DeviceWidth: 640
10:20:45.816 [ INFO] maestro.orchestra.Orchestra.scrollUntilVisible: Element bounds: Bounds(x=33, y=283, width=254, height=288)
10:20:45.817 [ INFO] maestro.orchestra.Orchestra.scrollUntilVisible: Visibility Percent: 1.0
10:20:45.817 [ INFO] maestro.orchestra.Orchestra.scrollUntilVisible: Command centerElement: ScrollUntilVisibleCommand(selector=ElementSelector(textRegex=null, idRegex=preview-buttons, size=null, below=null, above=null, leftOf=null, rightOf=null, containsChild=null, containsDescendants=null, traits=null, index=null, enabled=null, optional=false, selected=null, checked=null, focused=null, childOf=null, css=null), direction=DOWN, scrollDuration=601, visibilityPercentage=100, timeout=30000, waitToSettleTimeoutMs=null, centerElement=true, originalSpeedValue=40, label=null, optional=false).centerElement
10:20:45.817 [ INFO] maestro.orchestra.Orchestra.scrollUntilVisible: visibilityPercentageNormalized: 1.0
10:20:45.817 [ INFO] maestro.cli.runner.CliConsoleListener.onCommandFinished: Scrolling DOWN until id: preview-buttons is visible with speed 40, visibility percentage 100%, timeout 30000 ms, with centering enabled COMPLETED
10:20:45.817 [ INFO] maestro.cli.runner.CliConsoleListener.onCommandStart: Take screenshot 04g-buttons RUNNING
10:20:45.818 [ INFO] maestro.Maestro.takeScreenshot: Taking screenshot
10:20:45.818 [TRACE] maestro.utils.ScreenshotUtils.takeScreenshot: Taking screenshot to output sink
10:20:45.846 [ INFO] maestro.cli.runner.CliConsoleListener.onCommandFinished: Take screenshot 04g-buttons COMPLETED
10:20:45.847 [ INFO] maestro.cli.runner.CliConsoleListener.onCommandStart: Scrolling DOWN until id: turn-start is visible with speed 40, visibility percentage 100%, timeout 30000 ms, with centering enabled RUNNING
10:20:46.558 [ WARN] maestro.orchestra.Orchestra.scrollUntilVisible: Error: maestro.MaestroException$ElementNotFound: Element not found: Id matching regex: turn-start
10:20:46.564 [ INFO] maestro.Maestro.swipeFromCenter: Swiping UP from center
10:20:49.312 [ WARN] maestro.orchestra.Orchestra.scrollUntilVisible: Error: maestro.MaestroException$ElementNotFound: Element not found: Id matching regex: turn-start
10:20:49.318 [ INFO] maestro.Maestro.swipeFromCenter: Swiping UP from center
10:20:51.845 [ WARN] maestro.orchestra.Orchestra.scrollUntilVisible: Error: maestro.MaestroException$ElementNotFound: Element not found: Id matching regex: turn-start
10:20:51.852 [ INFO] maestro.Maestro.swipeFromCenter: Swiping UP from center
10:20:53.728 [ INFO] maestro.orchestra.Orchestra.scrollUntilVisible: Scrolling try count: 0, DeviceWidth: 320, DeviceWidth: 640
10:20:53.729 [ INFO] maestro.orchestra.Orchestra.scrollUntilVisible: Element bounds: Bounds(x=62, y=611, width=196, height=29)
10:20:53.729 [ INFO] maestro.orchestra.Orchestra.scrollUntilVisible: Visibility Percent: 1.0
10:20:53.729 [ INFO] maestro.orchestra.Orchestra.scrollUntilVisible: Command centerElement: ScrollUntilVisibleCommand(selector=ElementSelector(textRegex=null, idRegex=turn-start, size=null, below=null, above=null, leftOf=null, rightOf=null, containsChild=null, containsDescendants=null, traits=null, index=null, enabled=null, optional=false, selected=null, checked=null, focused=null, childOf=null, css=null), direction=DOWN, scrollDuration=601, visibilityPercentage=100, timeout=30000, waitToSettleTimeoutMs=null, centerElement=true, originalSpeedValue=40, label=null, optional=false).centerElement
10:20:53.729 [ INFO] maestro.orchestra.Orchestra.scrollUntilVisible: visibilityPercentageNormalized: 1.0
10:20:53.735 [ INFO] maestro.Maestro.swipeFromCenter: Swiping UP from center
10:20:55.880 [ INFO] maestro.orchestra.Orchestra.scrollUntilVisible: Scrolling try count: 1, DeviceWidth: 320, DeviceWidth: 640
10:20:55.881 [ INFO] maestro.orchestra.Orchestra.scrollUntilVisible: Element bounds: Bounds(x=62, y=326, width=196, height=196)
10:20:55.881 [ INFO] maestro.orchestra.Orchestra.scrollUntilVisible: Visibility Percent: 1.0
10:20:55.881 [ INFO] maestro.orchestra.Orchestra.scrollUntilVisible: Command centerElement: ScrollUntilVisibleCommand(selector=ElementSelector(textRegex=null, idRegex=turn-start, size=null, below=null, above=null, leftOf=null, rightOf=null, containsChild=null, containsDescendants=null, traits=null, index=null, enabled=null, optional=false, selected=null, checked=null, focused=null, childOf=null, css=null), direction=DOWN, scrollDuration=601, visibilityPercentage=100, timeout=30000, waitToSettleTimeoutMs=null, centerElement=true, originalSpeedValue=40, label=null, optional=false).centerElement
10:20:55.881 [ INFO] maestro.orchestra.Orchestra.scrollUntilVisible: visibilityPercentageNormalized: 1.0
10:20:55.881 [ INFO] maestro.cli.runner.CliConsoleListener.onCommandFinished: Scrolling DOWN until id: turn-start is visible with speed 40, visibility percentage 100%, timeout 30000 ms, with centering enabled COMPLETED
10:20:55.881 [ INFO] maestro.cli.runner.CliConsoleListener.onCommandStart: Take screenshot 04c-preview-games-2 RUNNING
10:20:55.882 [ INFO] maestro.Maestro.takeScreenshot: Taking screenshot
10:20:55.882 [TRACE] maestro.utils.ScreenshotUtils.takeScreenshot: Taking screenshot to output sink
10:20:55.964 [ INFO] maestro.cli.runner.CliConsoleListener.onCommandFinished: Take screenshot 04c-preview-games-2 COMPLETED
10:20:55.965 [ INFO] maestro.cli.runner.CliConsoleListener.onCommandStart: Scrolling DOWN until id: turn-countdown is visible with speed 40, visibility percentage 100%, timeout 30000 ms, with centering enabled RUNNING
10:20:56.620 [ WARN] maestro.orchestra.Orchestra.scrollUntilVisible: Error: maestro.MaestroException$ElementNotFound: Element not found: Id matching regex: turn-countdown
10:20:56.626 [ INFO] maestro.Maestro.swipeFromCenter: Swiping UP from center
10:20:58.696 [ INFO] maestro.orchestra.Orchestra.scrollUntilVisible: Scrolling try count: 0, DeviceWidth: 320, DeviceWidth: 640
10:20:58.696 [ INFO] maestro.orchestra.Orchestra.scrollUntilVisible: Element bounds: Bounds(x=84, y=588, width=152, height=52)
10:20:58.696 [ INFO] maestro.orchestra.Orchestra.scrollUntilVisible: Visibility Percent: 1.0
10:20:58.696 [ INFO] maestro.orchestra.Orchestra.scrollUntilVisible: Command centerElement: ScrollUntilVisibleCommand(selector=ElementSelector(textRegex=null, idRegex=turn-countdown, size=null, below=null, above=null, leftOf=null, rightOf=null, containsChild=null, containsDescendants=null, traits=null, index=null, enabled=null, optional=false, selected=null, checked=null, focused=null, childOf=null, css=null), direction=DOWN, scrollDuration=601, visibilityPercentage=100, timeout=30000, waitToSettleTimeoutMs=null, centerElement=true, originalSpeedValue=40, label=null, optional=false).centerElement
10:20:58.696 [ INFO] maestro.orchestra.Orchestra.scrollUntilVisible: visibilityPercentageNormalized: 1.0
10:20:58.702 [ INFO] maestro.Maestro.swipeFromCenter: Swiping UP from center
10:21:01.084 [ INFO] maestro.orchestra.Orchestra.scrollUntilVisible: Scrolling try count: 1, DeviceWidth: 320, DeviceWidth: 640
10:21:01.085 [ INFO] maestro.orchestra.Orchestra.scrollUntilVisible: Element bounds: Bounds(x=84, y=299, width=152, height=152)
10:21:01.085 [ INFO] maestro.orchestra.Orchestra.scrollUntilVisible: Visibility Percent: 1.0
10:21:01.085 [ INFO] maestro.orchestra.Orchestra.scrollUntilVisible: Command centerElement: ScrollUntilVisibleCommand(selector=ElementSelector(textRegex=null, idRegex=turn-countdown, size=null, below=null, above=null, leftOf=null, rightOf=null, containsChild=null, containsDescendants=null, traits=null, index=null, enabled=null, optional=false, selected=null, checked=null, focused=null, childOf=null, css=null), direction=DOWN, scrollDuration=601, visibilityPercentage=100, timeout=30000, waitToSettleTimeoutMs=null, centerElement=true, originalSpeedValue=40, label=null, optional=false).centerElement
10:21:01.085 [ INFO] maestro.orchestra.Orchestra.scrollUntilVisible: visibilityPercentageNormalized: 1.0
10:21:01.085 [ INFO] maestro.cli.runner.CliConsoleListener.onCommandFinished: Scrolling DOWN until id: turn-countdown is visible with speed 40, visibility percentage 100%, timeout 30000 ms, with centering enabled COMPLETED
10:21:01.085 [ INFO] maestro.cli.runner.CliConsoleListener.onCommandStart: Take screenshot 04c-preview-games-3 RUNNING
10:21:01.086 [ INFO] maestro.Maestro.takeScreenshot: Taking screenshot
10:21:01.086 [TRACE] maestro.utils.ScreenshotUtils.takeScreenshot: Taking screenshot to output sink
10:21:01.109 [ INFO] maestro.cli.runner.CliConsoleListener.onCommandFinished: Take screenshot 04c-preview-games-3 COMPLETED
10:21:01.109 [ INFO] maestro.cli.runner.CliConsoleListener.onCommandStart: Scrolling DOWN until id: time-up is visible with speed 40, visibility percentage 100%, timeout 30000 ms, with centering enabled RUNNING
10:21:01.759 [ WARN] maestro.orchestra.Orchestra.scrollUntilVisible: Error: maestro.MaestroException$ElementNotFound: Element not found: Id matching regex: time-up
10:21:01.764 [ INFO] maestro.Maestro.swipeFromCenter: Swiping UP from center
10:21:03.773 [ INFO] maestro.orchestra.Orchestra.scrollUntilVisible: Scrolling try count: 0, DeviceWidth: 320, DeviceWidth: 640
10:21:03.773 [ INFO] maestro.orchestra.Orchestra.scrollUntilVisible: Element bounds: Bounds(x=33, y=486, width=254, height=154)
10:21:03.773 [ INFO] maestro.orchestra.Orchestra.scrollUntilVisible: Visibility Percent: 1.0
10:21:03.773 [ INFO] maestro.orchestra.Orchestra.scrollUntilVisible: Command centerElement: ScrollUntilVisibleCommand(selector=ElementSelector(textRegex=null, idRegex=time-up, size=null, below=null, above=null, leftOf=null, rightOf=null, containsChild=null, containsDescendants=null, traits=null, index=null, enabled=null, optional=false, selected=null, checked=null, focused=null, childOf=null, css=null), direction=DOWN, scrollDuration=601, visibilityPercentage=100, timeout=30000, waitToSettleTimeoutMs=null, centerElement=true, originalSpeedValue=40, label=null, optional=false).centerElement
10:21:03.773 [ INFO] maestro.orchestra.Orchestra.scrollUntilVisible: visibilityPercentageNormalized: 1.0
10:21:03.779 [ INFO] maestro.Maestro.swipeFromCenter: Swiping UP from center
10:21:05.758 [ INFO] maestro.orchestra.Orchestra.scrollUntilVisible: Scrolling try count: 1, DeviceWidth: 320, DeviceWidth: 640
10:21:05.758 [ INFO] maestro.orchestra.Orchestra.scrollUntilVisible: Element bounds: Bounds(x=33, y=200, width=254, height=400)
10:21:05.758 [ INFO] maestro.orchestra.Orchestra.scrollUntilVisible: Visibility Percent: 1.0
10:21:05.758 [ INFO] maestro.orchestra.Orchestra.scrollUntilVisible: Command centerElement: ScrollUntilVisibleCommand(selector=ElementSelector(textRegex=null, idRegex=time-up, size=null, below=null, above=null, leftOf=null, rightOf=null, containsChild=null, containsDescendants=null, traits=null, index=null, enabled=null, optional=false, selected=null, checked=null, focused=null, childOf=null, css=null), direction=DOWN, scrollDuration=601, visibilityPercentage=100, timeout=30000, waitToSettleTimeoutMs=null, centerElement=true, originalSpeedValue=40, label=null, optional=false).centerElement
10:21:05.758 [ INFO] maestro.orchestra.Orchestra.scrollUntilVisible: visibilityPercentageNormalized: 1.0
10:21:05.758 [ INFO] maestro.cli.runner.CliConsoleListener.onCommandFinished: Scrolling DOWN until id: time-up is visible with speed 40, visibility percentage 100%, timeout 30000 ms, with centering enabled COMPLETED
10:21:05.758 [ INFO] maestro.cli.runner.CliConsoleListener.onCommandStart: Take screenshot 04c-preview-games-4 RUNNING
10:21:05.759 [ INFO] maestro.Maestro.takeScreenshot: Taking screenshot
10:21:05.759 [TRACE] maestro.utils.ScreenshotUtils.takeScreenshot: Taking screenshot to output sink
10:21:05.782 [ INFO] maestro.cli.runner.CliConsoleListener.onCommandFinished: Take screenshot 04c-preview-games-4 COMPLETED
10:21:05.782 [ INFO] maestro.cli.runner.CliConsoleListener.onCommandStart: Scrolling DOWN until id: preview-intro is visible with speed 40, visibility percentage 100%, timeout 30000 ms, with centering disabled RUNNING
10:21:06.435 [ WARN] maestro.orchestra.Orchestra.scrollUntilVisible: Error: maestro.MaestroException$ElementNotFound: Element not found: Id matching regex: preview-intro
10:21:06.441 [ INFO] maestro.Maestro.swipeFromCenter: Swiping UP from center
10:21:08.176 [ INFO] maestro.orchestra.Orchestra.scrollUntilVisible: Scrolling try count: 0, DeviceWidth: 320, DeviceWidth: 640
10:21:08.176 [ INFO] maestro.orchestra.Orchestra.scrollUntilVisible: Element bounds: Bounds(x=33, y=547, width=254, height=48)
10:21:08.176 [ INFO] maestro.orchestra.Orchestra.scrollUntilVisible: Visibility Percent: 1.0
10:21:08.176 [ INFO] maestro.orchestra.Orchestra.scrollUntilVisible: Command centerElement: ScrollUntilVisibleCommand(selector=ElementSelector(textRegex=null, idRegex=preview-intro, size=null, below=null, above=null, leftOf=null, rightOf=null, containsChild=null, containsDescendants=null, traits=null, index=null, enabled=null, optional=false, selected=null, checked=null, focused=null, childOf=null, css=null), direction=DOWN, scrollDuration=601, visibilityPercentage=100, timeout=30000, waitToSettleTimeoutMs=null, centerElement=false, originalSpeedValue=40, label=null, optional=false).centerElement
10:21:08.177 [ INFO] maestro.orchestra.Orchestra.scrollUntilVisible: visibilityPercentageNormalized: 1.0
10:21:08.177 [ INFO] maestro.cli.runner.CliConsoleListener.onCommandFinished: Scrolling DOWN until id: preview-intro is visible with speed 40, visibility percentage 100%, timeout 30000 ms, with centering disabled COMPLETED
10:21:08.177 [ INFO] maestro.cli.runner.CliConsoleListener.onCommandStart: Tap on id: preview-confirm RUNNING
10:21:08.312 [ INFO] maestro.Maestro.tap-HgV9Ck0: Tapping on element:  UiElement(treeNode=TreeNode(attributes={text=, accessibilityText=Oyunu bitir, hintText=, ignoreBoundsFiltering=false, resource-id=preview-confirm, clickable=true, bounds=[33,487][287,535], enabled=true, focused=false, checked=false, scrollable=false, selected=false, class=android.widget.Button, important-for-accessibility=true, error=}, children=[TreeNode(attributes={text=, accessibilityText=, hintText=, ignoreBoundsFiltering=false, resource-id=, clickable=false, bounds=[33,487][287,535], enabled=true, focused=false, checked=false, scrollable=false, selected=false, class=android.view.ViewGroup, important-for-accessibility=false, error=}, children=[], clickable=false, enabled=true, focused=false, checked=false, selected=false), TreeNode(attributes={text=Oyunu bitir, accessibilityText=, hintText=, ignoreBoundsFiltering=false, resource-id=, clickable=false, bounds=[118,501][202,521], enabled=true, focused=false, checked=false, scrollable=false, selected=false, class=android.widget.TextView, important-for-accessibility=true, error=}, children=[], clickable=false, enabled=true, focused=false, checked=false, selected=false)], clickable=true, enabled=true, focused=false, checked=false, selected=false), bounds=Bounds(x=33, y=487, width=254, height=48))
10:21:09.928 [ INFO] maestro.Maestro.tap-HgV9Ck0: Tap aimed via settled hierarchy
10:21:09.928 [ INFO] maestro.Maestro.hierarchyBasedTap-ogj28Uc: Tapping at (160, 511) using hierarchy based logic for wait
10:21:10.956 [ INFO] maestro.Maestro.hierarchyBasedTap-ogj28Uc: Something has changed in the UI judging by view hierarchy. Proceed.
10:21:10.956 [ INFO] maestro.cli.runner.CliConsoleListener.onCommandFinished: Tap on id: preview-confirm COMPLETED
10:21:10.956 [ INFO] maestro.cli.runner.CliConsoleListener.onCommandStart: Assert that id: preview-confirm-ok is visible RUNNING
10:21:11.107 [ INFO] maestro.cli.runner.CliConsoleListener.onCommandFinished: Assert that id: preview-confirm-ok is visible COMPLETED
10:21:11.108 [ INFO] maestro.cli.runner.CliConsoleListener.onCommandStart: Take screenshot 04c-preview-confirm RUNNING
10:21:11.108 [ INFO] maestro.Maestro.takeScreenshot: Taking screenshot
10:21:11.108 [TRACE] maestro.utils.ScreenshotUtils.takeScreenshot: Taking screenshot to output sink
10:21:11.136 [ INFO] maestro.cli.runner.CliConsoleListener.onCommandFinished: Take screenshot 04c-preview-confirm COMPLETED
10:21:11.136 [ INFO] maestro.cli.runner.CliConsoleListener.onCommandStart: Tap on id: preview-confirm-ok-cancel RUNNING
10:21:11.208 [ INFO] maestro.Maestro.tap-HgV9Ck0: Tapping on element:  UiElement(treeNode=TreeNode(attributes={text=, accessibilityText=Devam et, hintText=, ignoreBoundsFiltering=false, resource-id=preview-confirm-ok-cancel, clickable=true, bounds=[24,568][155,616], enabled=true, focused=false, checked=false, scrollable=false, selected=false, class=android.widget.Button, important-for-accessibility=true, error=}, children=[TreeNode(attributes={text=, accessibilityText=, hintText=, ignoreBoundsFiltering=false, resource-id=, clickable=false, bounds=[24,568][155,616], enabled=true, focused=false, checked=false, scrollable=false, selected=false, class=android.view.ViewGroup, important-for-accessibility=false, error=}, children=[], clickable=false, enabled=true, focused=false, checked=false, selected=false), TreeNode(attributes={text=Devam et, accessibilityText=, hintText=, ignoreBoundsFiltering=false, resource-id=, clickable=false, bounds=[54,582][125,602], enabled=true, focused=false, checked=false, scrollable=false, selected=false, class=android.widget.TextView, important-for-accessibility=true, error=}, children=[], clickable=false, enabled=true, focused=false, checked=false, selected=false)], clickable=true, enabled=true, focused=false, checked=false, selected=false), bounds=Bounds(x=24, y=568, width=131, height=48))
10:21:12.499 [ INFO] maestro.Maestro.tap-HgV9Ck0: Tap aimed via settled hierarchy
10:21:12.500 [ INFO] maestro.Maestro.hierarchyBasedTap-ogj28Uc: Tapping at (89, 592) using hierarchy based logic for wait
10:21:13.721 [ INFO] maestro.Maestro.hierarchyBasedTap-ogj28Uc: Something has changed in the UI judging by view hierarchy. Proceed.
10:21:13.721 [ INFO] maestro.cli.runner.CliConsoleListener.onCommandFinished: Tap on id: preview-confirm-ok-cancel COMPLETED
10:21:13.721 [ INFO] maestro.cli.runner.CliConsoleListener.onCommandStart: Tap on id: preview-intro RUNNING
10:21:13.864 [ INFO] maestro.Maestro.tap-HgV9Ck0: Tapping on element:  UiElement(treeNode=TreeNode(attributes={text=, accessibilityText=Sesli Tabu nasıl oynanır?, hintText=, ignoreBoundsFiltering=false, resource-id=preview-intro, clickable=true, bounds=[33,547][287,595], enabled=true, focused=false, checked=false, scrollable=false, selected=false, class=android.widget.Button, important-for-accessibility=true, error=}, children=[TreeNode(attributes={text=, accessibilityText=, hintText=, ignoreBoundsFiltering=false, resource-id=, clickable=false, bounds=[33,547][287,595], enabled=true, focused=false, checked=false, scrollable=false, selected=false, class=android.view.ViewGroup, important-for-accessibility=false, error=}, children=[], clickable=false, enabled=true, focused=false, checked=false, selected=false), TreeNode(attributes={text=Sesli Tabu nasıl oynanır?, accessibilityText=, hintText=, ignoreBoundsFiltering=false, resource-id=, clickable=false, bounds=[69,561][252,581], enabled=true, focused=false, checked=false, scrollable=false, selected=false, class=android.widget.TextView, important-for-accessibility=true, error=}, children=[], clickable=false, enabled=true, focused=false, checked=false, selected=false)], clickable=true, enabled=true, focused=false, checked=false, selected=false), bounds=Bounds(x=33, y=547, width=254, height=48))
10:21:15.076 [ INFO] maestro.Maestro.tap-HgV9Ck0: Tap aimed via settled hierarchy
10:21:15.077 [ INFO] maestro.Maestro.hierarchyBasedTap-ogj28Uc: Tapping at (160, 571) using hierarchy based logic for wait
10:21:15.959 [ INFO] maestro.Maestro.hierarchyBasedTap-ogj28Uc: Something has changed in the UI judging by view hierarchy. Proceed.
10:21:15.960 [ INFO] maestro.cli.runner.CliConsoleListener.onCommandFinished: Tap on id: preview-intro COMPLETED
10:21:15.960 [ INFO] maestro.cli.runner.CliConsoleListener.onCommandStart: Assert that id: intro-done is visible RUNNING
10:21:16.072 [ INFO] maestro.cli.runner.CliConsoleListener.onCommandFinished: Assert that id: intro-done is visible COMPLETED
10:21:16.072 [ INFO] maestro.cli.runner.CliConsoleListener.onCommandStart: Take screenshot 04c-preview-intro RUNNING
10:21:16.072 [ INFO] maestro.Maestro.takeScreenshot: Taking screenshot
10:21:16.073 [TRACE] maestro.utils.ScreenshotUtils.takeScreenshot: Taking screenshot to output sink
10:21:16.138 [ INFO] maestro.cli.runner.CliConsoleListener.onCommandFinished: Take screenshot 04c-preview-intro COMPLETED
10:21:16.138 [ INFO] maestro.cli.runner.CliConsoleListener.onCommandStart: Tap on id: intro-skip RUNNING
10:21:16.248 [ INFO] maestro.Maestro.tap-HgV9Ck0: Tapping on element:  UiElement(treeNode=TreeNode(attributes={text=, accessibilityText=Geç, hintText=, ignoreBoundsFiltering=false, resource-id=intro-skip, clickable=true, bounds=[256,44][300,88], enabled=true, focused=false, checked=false, scrollable=false, selected=false, class=android.widget.Button, important-for-accessibility=true, error=}, children=[TreeNode(attributes={text=Geç, accessibilityText=, hintText=, ignoreBoundsFiltering=false, resource-id=, clickable=false, bounds=[277,57][300,75], enabled=true, focused=false, checked=false, scrollable=false, selected=false, class=android.widget.TextView, important-for-accessibility=true, error=}, children=[], clickable=false, enabled=true, focused=false, checked=false, selected=false)], clickable=true, enabled=true, focused=false, checked=false, selected=false), bounds=Bounds(x=256, y=44, width=44, height=44))
10:21:17.500 [ INFO] maestro.Maestro.tap-HgV9Ck0: Tap aimed via settled hierarchy
10:21:17.501 [ INFO] maestro.Maestro.hierarchyBasedTap-ogj28Uc: Tapping at (278, 66) using hierarchy based logic for wait
10:21:18.703 [ INFO] maestro.Maestro.hierarchyBasedTap-ogj28Uc: Something has changed in the UI judging by view hierarchy. Proceed.
10:21:18.704 [ INFO] maestro.cli.runner.CliConsoleListener.onCommandFinished: Tap on id: intro-skip COMPLETED
10:21:18.704 [ INFO] maestro.cli.runner.CliConsoleListener.onCommandStart: Press back RUNNING
10:21:18.704 [ INFO] maestro.Maestro.backPress: Pressing back
10:21:19.538 [ INFO] maestro.cli.runner.CliConsoleListener.onCommandFinished: Press back COMPLETED
10:21:19.538 [ INFO] maestro.cli.runner.CliConsoleListener.onCommandStart: Assert that id: preview-open is visible RUNNING
10:21:19.653 [ INFO] maestro.cli.runner.CliConsoleListener.onCommandFinished: Assert that id: preview-open is visible COMPLETED
10:21:19.653 [ INFO] maestro.cli.runner.CliConsoleListener.onCommandStart: Tap on id: preview-open RUNNING
10:21:19.787 [ INFO] maestro.Maestro.tap-HgV9Ck0: Tapping on element:  UiElement(treeNode=TreeNode(attributes={text=, accessibilityText=Bileşen önizlemesini aç, hintText=, ignoreBoundsFiltering=false, resource-id=preview-open, clickable=true, bounds=[20,316][300,364], enabled=true, focused=false, checked=false, scrollable=false, selected=false, class=android.widget.Button, important-for-accessibility=true, error=}, children=[TreeNode(attributes={text=, accessibilityText=, hintText=, ignoreBoundsFiltering=false, resource-id=, clickable=false, bounds=[20,316][300,364], enabled=true, focused=false, checked=false, scrollable=false, selected=false, class=android.view.ViewGroup, important-for-accessibility=false, error=}, children=[], clickable=false, enabled=true, focused=false, checked=false, selected=false), TreeNode(attributes={text=Bileşen önizlemesini aç, accessibilityText=, hintText=, ignoreBoundsFiltering=false, resource-id=, clickable=false, bounds=[74,330][246,350], enabled=true, focused=false, checked=false, scrollable=false, selected=false, class=android.widget.TextView, important-for-accessibility=true, error=}, children=[], clickable=false, enabled=true, focused=false, checked=false, selected=false)], clickable=true, enabled=true, focused=false, checked=false, selected=false), bounds=Bounds(x=20, y=316, width=280, height=48))
10:21:21.010 [ INFO] maestro.Maestro.tap-HgV9Ck0: Tap aimed via settled hierarchy
10:21:21.011 [ INFO] maestro.Maestro.hierarchyBasedTap-ogj28Uc: Tapping at (160, 340) using hierarchy based logic for wait
10:21:22.506 [ INFO] maestro.Maestro.hierarchyBasedTap-ogj28Uc: Something has changed in the UI judging by view hierarchy. Proceed.
10:21:22.507 [ INFO] maestro.cli.runner.CliConsoleListener.onCommandFinished: Tap on id: preview-open COMPLETED
10:21:22.507 [ INFO] maestro.cli.runner.CliConsoleListener.onCommandStart: Assert that id: preview-set-sahtekar is visible RUNNING
10:21:22.700 [ INFO] maestro.cli.runner.CliConsoleListener.onCommandFinished: Assert that id: preview-set-sahtekar is visible COMPLETED
10:21:22.700 [ INFO] maestro.cli.runner.CliConsoleListener.onCommandStart: Tap on id: preview-set-sahtekar RUNNING
10:21:22.855 [ INFO] maestro.Maestro.tap-HgV9Ck0: Tapping on element:  UiElement(treeNode=TreeNode(attributes={text=, accessibilityText=Sahtekar, hintText=, ignoreBoundsFiltering=false, resource-id=preview-set-sahtekar, clickable=true, bounds=[95,138][186,178], enabled=true, focused=false, checked=false, scrollable=false, selected=false, class=android.widget.Button, important-for-accessibility=true, error=}, children=[TreeNode(attributes={text=, accessibilityText=, hintText=, ignoreBoundsFiltering=false, resource-id=, clickable=false, bounds=[95,138][186,178], enabled=true, focused=false, checked=false, scrollable=false, selected=false, class=android.view.ViewGroup, important-for-accessibility=false, error=}, children=[], clickable=false, enabled=true, focused=false, checked=false, selected=false), TreeNode(attributes={text=Sahtekar, accessibilityText=, hintText=, ignoreBoundsFiltering=false, resource-id=, clickable=false, bounds=[111,149][170,167], enabled=true, focused=false, checked=false, scrollable=false, selected=false, class=android.widget.TextView, important-for-accessibility=true, error=}, children=[], clickable=false, enabled=true, focused=false, checked=false, selected=false)], clickable=true, enabled=true, focused=false, checked=false, selected=false), bounds=Bounds(x=95, y=138, width=91, height=40))
10:21:24.147 [ INFO] maestro.Maestro.tap-HgV9Ck0: Tap aimed via settled hierarchy
10:21:24.148 [ INFO] maestro.Maestro.hierarchyBasedTap-ogj28Uc: Tapping at (140, 158) using hierarchy based logic for wait
10:21:25.288 [ INFO] maestro.Maestro.hierarchyBasedTap-ogj28Uc: Something has changed in the UI judging by view hierarchy. Proceed.
10:21:25.288 [ INFO] maestro.cli.runner.CliConsoleListener.onCommandFinished: Tap on id: preview-set-sahtekar COMPLETED
10:21:25.289 [ INFO] maestro.cli.runner.CliConsoleListener.onCommandStart: Assert that id: sahtekar-pass is visible RUNNING
10:21:25.489 [ INFO] maestro.cli.runner.CliConsoleListener.onCommandFinished: Assert that id: sahtekar-pass is visible COMPLETED
10:21:25.489 [ INFO] maestro.cli.runner.CliConsoleListener.onCommandStart: Take screenshot 04d-sahtekar-pass RUNNING
10:21:25.489 [ INFO] maestro.Maestro.takeScreenshot: Taking screenshot
10:21:25.490 [TRACE] maestro.utils.ScreenshotUtils.takeScreenshot: Taking screenshot to output sink
10:21:25.515 [ INFO] maestro.cli.runner.CliConsoleListener.onCommandFinished: Take screenshot 04d-sahtekar-pass COMPLETED
10:21:25.516 [ INFO] maestro.cli.runner.CliConsoleListener.onCommandStart: Scrolling DOWN until id: preview-card-word is visible with speed 40, visibility percentage 100%, timeout 30000 ms, with centering enabled RUNNING
10:21:26.336 [ WARN] maestro.orchestra.Orchestra.scrollUntilVisible: Error: maestro.MaestroException$ElementNotFound: Element not found: Id matching regex: preview-card-word
10:21:26.341 [ INFO] maestro.Maestro.swipeFromCenter: Swiping UP from center
10:21:29.097 [ WARN] maestro.orchestra.Orchestra.scrollUntilVisible: Error: maestro.MaestroException$ElementNotFound: Element not found: Id matching regex: preview-card-word
10:21:29.102 [ INFO] maestro.Maestro.swipeFromCenter: Swiping UP from center
10:21:31.808 [ WARN] maestro.orchestra.Orchestra.scrollUntilVisible: Error: maestro.MaestroException$ElementNotFound: Element not found: Id matching regex: preview-card-word
10:21:31.813 [ INFO] maestro.Maestro.swipeFromCenter: Swiping UP from center
10:21:34.505 [ WARN] maestro.orchestra.Orchestra.scrollUntilVisible: Error: maestro.MaestroException$ElementNotFound: Element not found: Id matching regex: preview-card-word
10:21:34.512 [ INFO] maestro.Maestro.swipeFromCenter: Swiping UP from center
10:21:36.592 [ INFO] maestro.orchestra.Orchestra.scrollUntilVisible: Scrolling try count: 0, DeviceWidth: 320, DeviceWidth: 640
10:21:36.592 [ INFO] maestro.orchestra.Orchestra.scrollUntilVisible: Element bounds: Bounds(x=33, y=458, width=254, height=182)
10:21:36.592 [ INFO] maestro.orchestra.Orchestra.scrollUntilVisible: Visibility Percent: 1.0
10:21:36.592 [ INFO] maestro.orchestra.Orchestra.scrollUntilVisible: Command centerElement: ScrollUntilVisibleCommand(selector=ElementSelector(textRegex=null, idRegex=preview-card-word, size=null, below=null, above=null, leftOf=null, rightOf=null, containsChild=null, containsDescendants=null, traits=null, index=null, enabled=null, optional=false, selected=null, checked=null, focused=null, childOf=null, css=null), direction=DOWN, scrollDuration=601, visibilityPercentage=100, timeout=30000, waitToSettleTimeoutMs=null, centerElement=true, originalSpeedValue=40, label=null, optional=false).centerElement
10:21:36.592 [ INFO] maestro.orchestra.Orchestra.scrollUntilVisible: visibilityPercentageNormalized: 1.0
10:21:36.599 [ INFO] maestro.Maestro.swipeFromCenter: Swiping UP from center
10:21:38.692 [ INFO] maestro.orchestra.Orchestra.scrollUntilVisible: Scrolling try count: 1, DeviceWidth: 320, DeviceWidth: 640
10:21:38.692 [ INFO] maestro.orchestra.Orchestra.scrollUntilVisible: Element bounds: Bounds(x=33, y=174, width=254, height=466)
10:21:38.692 [ INFO] maestro.orchestra.Orchestra.scrollUntilVisible: Visibility Percent: 1.0
10:21:38.692 [ INFO] maestro.orchestra.Orchestra.scrollUntilVisible: Command centerElement: ScrollUntilVisibleCommand(selector=ElementSelector(textRegex=null, idRegex=preview-card-word, size=null, below=null, above=null, leftOf=null, rightOf=null, containsChild=null, containsDescendants=null, traits=null, index=null, enabled=null, optional=false, selected=null, checked=null, focused=null, childOf=null, css=null), direction=DOWN, scrollDuration=601, visibilityPercentage=100, timeout=30000, waitToSettleTimeoutMs=null, centerElement=true, originalSpeedValue=40, label=null, optional=false).centerElement
10:21:38.692 [ INFO] maestro.orchestra.Orchestra.scrollUntilVisible: visibilityPercentageNormalized: 1.0
10:21:38.692 [ INFO] maestro.cli.runner.CliConsoleListener.onCommandFinished: Scrolling DOWN until id: preview-card-word is visible with speed 40, visibility percentage 100%, timeout 30000 ms, with centering enabled COMPLETED
10:21:38.692 [ INFO] maestro.cli.runner.CliConsoleListener.onCommandStart: Take screenshot 04d-sahtekar-word RUNNING
10:21:38.693 [ INFO] maestro.Maestro.takeScreenshot: Taking screenshot
10:21:38.693 [TRACE] maestro.utils.ScreenshotUtils.takeScreenshot: Taking screenshot to output sink
10:21:38.758 [ INFO] maestro.cli.runner.CliConsoleListener.onCommandFinished: Take screenshot 04d-sahtekar-word COMPLETED
10:21:38.759 [ INFO] maestro.cli.runner.CliConsoleListener.onCommandStart: Scrolling DOWN until id: preview-card-imposter is visible with speed 40, visibility percentage 100%, timeout 30000 ms, with centering enabled RUNNING
10:21:39.608 [ WARN] maestro.orchestra.Orchestra.scrollUntilVisible: Error: maestro.MaestroException$ElementNotFound: Element not found: Id matching regex: preview-card-imposter
10:21:39.614 [ INFO] maestro.Maestro.swipeFromCenter: Swiping UP from center
10:21:41.652 [ INFO] maestro.orchestra.Orchestra.scrollUntilVisible: Scrolling try count: 0, DeviceWidth: 320, DeviceWidth: 640
10:21:41.652 [ INFO] maestro.orchestra.Orchestra.scrollUntilVisible: Element bounds: Bounds(x=33, y=448, width=254, height=192)
10:21:41.652 [ INFO] maestro.orchestra.Orchestra.scrollUntilVisible: Visibility Percent: 1.0
10:21:41.652 [ INFO] maestro.orchestra.Orchestra.scrollUntilVisible: Command centerElement: ScrollUntilVisibleCommand(selector=ElementSelector(textRegex=null, idRegex=preview-card-imposter, size=null, below=null, above=null, leftOf=null, rightOf=null, containsChild=null, containsDescendants=null, traits=null, index=null, enabled=null, optional=false, selected=null, checked=null, focused=null, childOf=null, css=null), direction=DOWN, scrollDuration=601, visibilityPercentage=100, timeout=30000, waitToSettleTimeoutMs=null, centerElement=true, originalSpeedValue=40, label=null, optional=false).centerElement
10:21:41.652 [ INFO] maestro.orchestra.Orchestra.scrollUntilVisible: visibilityPercentageNormalized: 1.0
10:21:41.698 [ INFO] maestro.Maestro.swipeFromCenter: Swiping UP from center
10:21:43.748 [ INFO] maestro.orchestra.Orchestra.scrollUntilVisible: Scrolling try count: 1, DeviceWidth: 320, DeviceWidth: 640
10:21:43.748 [ INFO] maestro.orchestra.Orchestra.scrollUntilVisible: Element bounds: Bounds(x=33, y=163, width=254, height=477)
10:21:43.748 [ INFO] maestro.orchestra.Orchestra.scrollUntilVisible: Visibility Percent: 1.0
10:21:43.749 [ INFO] maestro.orchestra.Orchestra.scrollUntilVisible: Command centerElement: ScrollUntilVisibleCommand(selector=ElementSelector(textRegex=null, idRegex=preview-card-imposter, size=null, below=null, above=null, leftOf=null, rightOf=null, containsChild=null, containsDescendants=null, traits=null, index=null, enabled=null, optional=false, selected=null, checked=null, focused=null, childOf=null, css=null), direction=DOWN, scrollDuration=601, visibilityPercentage=100, timeout=30000, waitToSettleTimeoutMs=null, centerElement=true, originalSpeedValue=40, label=null, optional=false).centerElement
10:21:43.749 [ INFO] maestro.orchestra.Orchestra.scrollUntilVisible: visibilityPercentageNormalized: 1.0
10:21:43.749 [ INFO] maestro.cli.runner.CliConsoleListener.onCommandFinished: Scrolling DOWN until id: preview-card-imposter is visible with speed 40, visibility percentage 100%, timeout 30000 ms, with centering enabled COMPLETED
10:21:43.749 [ INFO] maestro.cli.runner.CliConsoleListener.onCommandStart: Take screenshot 04d-sahtekar-imposter RUNNING
10:21:43.749 [ INFO] maestro.Maestro.takeScreenshot: Taking screenshot
10:21:43.749 [TRACE] maestro.utils.ScreenshotUtils.takeScreenshot: Taking screenshot to output sink
10:21:43.775 [ INFO] maestro.cli.runner.CliConsoleListener.onCommandFinished: Take screenshot 04d-sahtekar-imposter COMPLETED
10:21:43.775 [ INFO] maestro.cli.runner.CliConsoleListener.onCommandStart: Scrolling DOWN until id: sahtekar-clues is visible with speed 40, visibility percentage 100%, timeout 30000 ms, with centering enabled RUNNING
10:21:44.563 [ WARN] maestro.orchestra.Orchestra.scrollUntilVisible: Error: maestro.MaestroException$ElementNotFound: Element not found: Id matching regex: sahtekar-clues
10:21:44.569 [ INFO] maestro.Maestro.swipeFromCenter: Swiping UP from center
10:21:46.596 [ INFO] maestro.orchestra.Orchestra.scrollUntilVisible: Scrolling try count: 0, DeviceWidth: 320, DeviceWidth: 640
10:21:46.596 [ INFO] maestro.orchestra.Orchestra.scrollUntilVisible: Element bounds: Bounds(x=33, y=444, width=254, height=196)
10:21:46.596 [ INFO] maestro.orchestra.Orchestra.scrollUntilVisible: Visibility Percent: 1.0
10:21:46.596 [ INFO] maestro.orchestra.Orchestra.scrollUntilVisible: Command centerElement: ScrollUntilVisibleCommand(selector=ElementSelector(textRegex=null, idRegex=sahtekar-clues, size=null, below=null, above=null, leftOf=null, rightOf=null, containsChild=null, containsDescendants=null, traits=null, index=null, enabled=null, optional=false, selected=null, checked=null, focused=null, childOf=null, css=null), direction=DOWN, scrollDuration=601, visibilityPercentage=100, timeout=30000, waitToSettleTimeoutMs=null, centerElement=true, originalSpeedValue=40, label=null, optional=false).centerElement
10:21:46.597 [ INFO] maestro.orchestra.Orchestra.scrollUntilVisible: visibilityPercentageNormalized: 1.0
10:21:46.601 [ INFO] maestro.Maestro.swipeFromCenter: Swiping UP from center
10:21:48.705 [ INFO] maestro.orchestra.Orchestra.scrollUntilVisible: Scrolling try count: 1, DeviceWidth: 320, DeviceWidth: 640
10:21:48.705 [ INFO] maestro.orchestra.Orchestra.scrollUntilVisible: Element bounds: Bounds(x=33, y=158, width=254, height=482)
10:21:48.705 [ INFO] maestro.orchestra.Orchestra.scrollUntilVisible: Visibility Percent: 1.0
10:21:48.705 [ INFO] maestro.orchestra.Orchestra.scrollUntilVisible: Command centerElement: ScrollUntilVisibleCommand(selector=ElementSelector(textRegex=null, idRegex=sahtekar-clues, size=null, below=null, above=null, leftOf=null, rightOf=null, containsChild=null, containsDescendants=null, traits=null, index=null, enabled=null, optional=false, selected=null, checked=null, focused=null, childOf=null, css=null), direction=DOWN, scrollDuration=601, visibilityPercentage=100, timeout=30000, waitToSettleTimeoutMs=null, centerElement=true, originalSpeedValue=40, label=null, optional=false).centerElement
10:21:48.705 [ INFO] maestro.orchestra.Orchestra.scrollUntilVisible: visibilityPercentageNormalized: 1.0
10:21:48.705 [ INFO] maestro.cli.runner.CliConsoleListener.onCommandFinished: Scrolling DOWN until id: sahtekar-clues is visible with speed 40, visibility percentage 100%, timeout 30000 ms, with centering enabled COMPLETED
10:21:48.705 [ INFO] maestro.cli.runner.CliConsoleListener.onCommandStart: Take screenshot 04d-sahtekar-clues RUNNING
10:21:48.706 [ INFO] maestro.Maestro.takeScreenshot: Taking screenshot
10:21:48.706 [TRACE] maestro.utils.ScreenshotUtils.takeScreenshot: Taking screenshot to output sink
10:21:48.737 [ INFO] maestro.cli.runner.CliConsoleListener.onCommandFinished: Take screenshot 04d-sahtekar-clues COMPLETED
10:21:48.737 [ INFO] maestro.cli.runner.CliConsoleListener.onCommandStart: Scrolling DOWN until id: sahtekar-vote is visible with speed 40, visibility percentage 100%, timeout 30000 ms, with centering enabled RUNNING
10:21:49.572 [ WARN] maestro.orchestra.Orchestra.scrollUntilVisible: Error: maestro.MaestroException$ElementNotFound: Element not found: Id matching regex: sahtekar-vote
10:21:49.576 [ INFO] maestro.Maestro.swipeFromCenter: Swiping UP from center
10:21:51.649 [ INFO] maestro.orchestra.Orchestra.scrollUntilVisible: Scrolling try count: 0, DeviceWidth: 320, DeviceWidth: 640
10:21:51.649 [ INFO] maestro.orchestra.Orchestra.scrollUntilVisible: Element bounds: Bounds(x=33, y=504, width=254, height=136)
10:21:51.649 [ INFO] maestro.orchestra.Orchestra.scrollUntilVisible: Visibility Percent: 1.0
10:21:51.649 [ INFO] maestro.orchestra.Orchestra.scrollUntilVisible: Command centerElement: ScrollUntilVisibleCommand(selector=ElementSelector(textRegex=null, idRegex=sahtekar-vote, size=null, below=null, above=null, leftOf=null, rightOf=null, containsChild=null, containsDescendants=null, traits=null, index=null, enabled=null, optional=false, selected=null, checked=null, focused=null, childOf=null, css=null), direction=DOWN, scrollDuration=601, visibilityPercentage=100, timeout=30000, waitToSettleTimeoutMs=null, centerElement=true, originalSpeedValue=40, label=null, optional=false).centerElement
10:21:51.650 [ INFO] maestro.orchestra.Orchestra.scrollUntilVisible: visibilityPercentageNormalized: 1.0
10:21:51.658 [ INFO] maestro.Maestro.swipeFromCenter: Swiping UP from center
10:21:53.701 [ INFO] maestro.orchestra.Orchestra.scrollUntilVisible: Scrolling try count: 1, DeviceWidth: 320, DeviceWidth: 640
10:21:53.701 [ INFO] maestro.orchestra.Orchestra.scrollUntilVisible: Element bounds: Bounds(x=33, y=218, width=254, height=422)
10:21:53.701 [ INFO] maestro.orchestra.Orchestra.scrollUntilVisible: Visibility Percent: 1.0
10:21:53.701 [ INFO] maestro.orchestra.Orchestra.scrollUntilVisible: Command centerElement: ScrollUntilVisibleCommand(selector=ElementSelector(textRegex=null, idRegex=sahtekar-vote, size=null, below=null, above=null, leftOf=null, rightOf=null, containsChild=null, containsDescendants=null, traits=null, index=null, enabled=null, optional=false, selected=null, checked=null, focused=null, childOf=null, css=null), direction=DOWN, scrollDuration=601, visibilityPercentage=100, timeout=30000, waitToSettleTimeoutMs=null, centerElement=true, originalSpeedValue=40, label=null, optional=false).centerElement
10:21:53.701 [ INFO] maestro.orchestra.Orchestra.scrollUntilVisible: visibilityPercentageNormalized: 1.0
10:21:53.701 [ INFO] maestro.cli.runner.CliConsoleListener.onCommandFinished: Scrolling DOWN until id: sahtekar-vote is visible with speed 40, visibility percentage 100%, timeout 30000 ms, with centering enabled COMPLETED
10:21:53.701 [ INFO] maestro.cli.runner.CliConsoleListener.onCommandStart: Take screenshot 04d-sahtekar-vote RUNNING
10:21:53.702 [ INFO] maestro.Maestro.takeScreenshot: Taking screenshot
10:21:53.702 [TRACE] maestro.utils.ScreenshotUtils.takeScreenshot: Taking screenshot to output sink
10:21:53.728 [ INFO] maestro.cli.runner.CliConsoleListener.onCommandFinished: Take screenshot 04d-sahtekar-vote COMPLETED
10:21:53.728 [ INFO] maestro.cli.runner.CliConsoleListener.onCommandStart: Scrolling DOWN until id: sahtekar-guess is visible with speed 40, visibility percentage 100%, timeout 30000 ms, with centering enabled RUNNING
10:21:54.573 [ WARN] maestro.orchestra.Orchestra.scrollUntilVisible: Error: maestro.MaestroException$ElementNotFound: Element not found: Id matching regex: sahtekar-guess
10:21:54.583 [ INFO] maestro.Maestro.swipeFromCenter: Swiping UP from center
10:21:56.641 [ INFO] maestro.orchestra.Orchestra.scrollUntilVisible: Scrolling try count: 0, DeviceWidth: 320, DeviceWidth: 640
10:21:56.641 [ INFO] maestro.orchestra.Orchestra.scrollUntilVisible: Element bounds: Bounds(x=33, y=564, width=254, height=76)
10:21:56.641 [ INFO] maestro.orchestra.Orchestra.scrollUntilVisible: Visibility Percent: 1.0
10:21:56.641 [ INFO] maestro.orchestra.Orchestra.scrollUntilVisible: Command centerElement: ScrollUntilVisibleCommand(selector=ElementSelector(textRegex=null, idRegex=sahtekar-guess, size=null, below=null, above=null, leftOf=null, rightOf=null, containsChild=null, containsDescendants=null, traits=null, index=null, enabled=null, optional=false, selected=null, checked=null, focused=null, childOf=null, css=null), direction=DOWN, scrollDuration=601, visibilityPercentage=100, timeout=30000, waitToSettleTimeoutMs=null, centerElement=true, originalSpeedValue=40, label=null, optional=false).centerElement
10:21:56.641 [ INFO] maestro.orchestra.Orchestra.scrollUntilVisible: visibilityPercentageNormalized: 1.0
10:21:56.645 [ INFO] maestro.Maestro.swipeFromCenter: Swiping UP from center
10:21:58.724 [ INFO] maestro.orchestra.Orchestra.scrollUntilVisible: Scrolling try count: 1, DeviceWidth: 320, DeviceWidth: 640
10:21:58.725 [ INFO] maestro.orchestra.Orchestra.scrollUntilVisible: Element bounds: Bounds(x=33, y=272, width=254, height=368)
10:21:58.725 [ INFO] maestro.orchestra.Orchestra.scrollUntilVisible: Visibility Percent: 1.0
10:21:58.725 [ INFO] maestro.orchestra.Orchestra.scrollUntilVisible: Command centerElement: ScrollUntilVisibleCommand(selector=ElementSelector(textRegex=null, idRegex=sahtekar-guess, size=null, below=null, above=null, leftOf=null, rightOf=null, containsChild=null, containsDescendants=null, traits=null, index=null, enabled=null, optional=false, selected=null, checked=null, focused=null, childOf=null, css=null), direction=DOWN, scrollDuration=601, visibilityPercentage=100, timeout=30000, waitToSettleTimeoutMs=null, centerElement=true, originalSpeedValue=40, label=null, optional=false).centerElement
10:21:58.725 [ INFO] maestro.orchestra.Orchestra.scrollUntilVisible: visibilityPercentageNormalized: 1.0
10:21:58.729 [ INFO] maestro.Maestro.swipeFromCenter: Swiping UP from center
10:22:01.121 [ INFO] maestro.orchestra.Orchestra.scrollUntilVisible: Scrolling try count: 2, DeviceWidth: 320, DeviceWidth: 640
10:22:01.122 [ INFO] maestro.orchestra.Orchestra.scrollUntilVisible: Element bounds: Bounds(x=33, y=24, width=254, height=522)
10:22:01.122 [ INFO] maestro.orchestra.Orchestra.scrollUntilVisible: Visibility Percent: 1.0
10:22:01.122 [ INFO] maestro.orchestra.Orchestra.scrollUntilVisible: Command centerElement: ScrollUntilVisibleCommand(selector=ElementSelector(textRegex=null, idRegex=sahtekar-guess, size=null, below=null, above=null, leftOf=null, rightOf=null, containsChild=null, containsDescendants=null, traits=null, index=null, enabled=null, optional=false, selected=null, checked=null, focused=null, childOf=null, css=null), direction=DOWN, scrollDuration=601, visibilityPercentage=100, timeout=30000, waitToSettleTimeoutMs=null, centerElement=true, originalSpeedValue=40, label=null, optional=false).centerElement
10:22:01.122 [ INFO] maestro.orchestra.Orchestra.scrollUntilVisible: visibilityPercentageNormalized: 1.0
10:22:01.122 [ INFO] maestro.cli.runner.CliConsoleListener.onCommandFinished: Scrolling DOWN until id: sahtekar-guess is visible with speed 40, visibility percentage 100%, timeout 30000 ms, with centering enabled COMPLETED
10:22:01.122 [ INFO] maestro.cli.runner.CliConsoleListener.onCommandStart: Take screenshot 04d-sahtekar-guess RUNNING
10:22:01.122 [ INFO] maestro.Maestro.takeScreenshot: Taking screenshot
10:22:01.123 [TRACE] maestro.utils.ScreenshotUtils.takeScreenshot: Taking screenshot to output sink
10:22:01.149 [ INFO] maestro.cli.runner.CliConsoleListener.onCommandFinished: Take screenshot 04d-sahtekar-guess COMPLETED
10:22:01.149 [ INFO] maestro.cli.runner.CliConsoleListener.onCommandStart: Scrolling DOWN until id: sahtekar-guess-wait is visible with speed 40, visibility percentage 100%, timeout 30000 ms, with centering enabled RUNNING
10:22:01.336 [ INFO] maestro.orchestra.Orchestra.scrollUntilVisible: Scrolling try count: 0, DeviceWidth: 320, DeviceWidth: 640
10:22:01.337 [ INFO] maestro.orchestra.Orchestra.scrollUntilVisible: Element bounds: Bounds(x=33, y=616, width=254, height=24)
10:22:01.337 [ INFO] maestro.orchestra.Orchestra.scrollUntilVisible: Visibility Percent: 1.0
10:22:01.337 [ INFO] maestro.orchestra.Orchestra.scrollUntilVisible: Command centerElement: ScrollUntilVisibleCommand(selector=ElementSelector(textRegex=null, idRegex=sahtekar-guess-wait, size=null, below=null, above=null, leftOf=null, rightOf=null, containsChild=null, containsDescendants=null, traits=null, index=null, enabled=null, optional=false, selected=null, checked=null, focused=null, childOf=null, css=null), direction=DOWN, scrollDuration=601, visibilityPercentage=100, timeout=30000, waitToSettleTimeoutMs=null, centerElement=true, originalSpeedValue=40, label=null, optional=false).centerElement
10:22:01.337 [ INFO] maestro.orchestra.Orchestra.scrollUntilVisible: visibilityPercentageNormalized: 1.0
10:22:01.341 [ INFO] maestro.Maestro.swipeFromCenter: Swiping UP from center
10:22:03.398 [ INFO] maestro.orchestra.Orchestra.scrollUntilVisible: Scrolling try count: 1, DeviceWidth: 320, DeviceWidth: 640
10:22:03.398 [ INFO] maestro.orchestra.Orchestra.scrollUntilVisible: Element bounds: Bounds(x=33, y=330, width=254, height=310)
10:22:03.398 [ INFO] maestro.orchestra.Orchestra.scrollUntilVisible: Visibility Percent: 1.0
10:22:03.398 [ INFO] maestro.orchestra.Orchestra.scrollUntilVisible: Command centerElement: ScrollUntilVisibleCommand(selector=ElementSelector(textRegex=null, idRegex=sahtekar-guess-wait, size=null, below=null, above=null, leftOf=null, rightOf=null, containsChild=null, containsDescendants=null, traits=null, index=null, enabled=null, optional=false, selected=null, checked=null, focused=null, childOf=null, css=null), direction=DOWN, scrollDuration=601, visibilityPercentage=100, timeout=30000, waitToSettleTimeoutMs=null, centerElement=true, originalSpeedValue=40, label=null, optional=false).centerElement
10:22:03.398 [ INFO] maestro.orchestra.Orchestra.scrollUntilVisible: visibilityPercentageNormalized: 1.0
10:22:03.403 [ INFO] maestro.Maestro.swipeFromCenter: Swiping UP from center
10:22:05.512 [ INFO] maestro.orchestra.Orchestra.scrollUntilVisible: Scrolling try count: 2, DeviceWidth: 320, DeviceWidth: 640
10:22:05.512 [ INFO] maestro.orchestra.Orchestra.scrollUntilVisible: Element bounds: Bounds(x=33, y=46, width=254, height=496)
10:22:05.512 [ INFO] maestro.orchestra.Orchestra.scrollUntilVisible: Visibility Percent: 1.0
10:22:05.512 [ INFO] maestro.orchestra.Orchestra.scrollUntilVisible: Command centerElement: ScrollUntilVisibleCommand(selector=ElementSelector(textRegex=null, idRegex=sahtekar-guess-wait, size=null, below=null, above=null, leftOf=null, rightOf=null, containsChild=null, containsDescendants=null, traits=null, index=null, enabled=null, optional=false, selected=null, checked=null, focused=null, childOf=null, css=null), direction=DOWN, scrollDuration=601, visibilityPercentage=100, timeout=30000, waitToSettleTimeoutMs=null, centerElement=true, originalSpeedValue=40, label=null, optional=false).centerElement
10:22:05.513 [ INFO] maestro.orchestra.Orchestra.scrollUntilVisible: visibilityPercentageNormalized: 1.0
10:22:05.513 [ INFO] maestro.cli.runner.CliConsoleListener.onCommandFinished: Scrolling DOWN until id: sahtekar-guess-wait is visible with speed 40, visibility percentage 100%, timeout 30000 ms, with centering enabled COMPLETED
10:22:05.513 [ INFO] maestro.cli.runner.CliConsoleListener.onCommandStart: Take screenshot 04d-sahtekar-guess-wait RUNNING
10:22:05.513 [ INFO] maestro.Maestro.takeScreenshot: Taking screenshot
10:22:05.514 [TRACE] maestro.utils.ScreenshotUtils.takeScreenshot: Taking screenshot to output sink
10:22:05.540 [ INFO] maestro.cli.runner.CliConsoleListener.onCommandFinished: Take screenshot 04d-sahtekar-guess-wait COMPLETED
10:22:05.540 [ INFO] maestro.cli.runner.CliConsoleListener.onCommandStart: Scrolling DOWN until id: sahtekar-reveal is visible with speed 40, visibility percentage 100%, timeout 30000 ms, with centering enabled RUNNING
10:22:05.760 [ INFO] maestro.orchestra.Orchestra.scrollUntilVisible: Scrolling try count: 0, DeviceWidth: 320, DeviceWidth: 640
10:22:05.761 [ INFO] maestro.orchestra.Orchestra.scrollUntilVisible: Element bounds: Bounds(x=33, y=612, width=254, height=28)
10:22:05.761 [ INFO] maestro.orchestra.Orchestra.scrollUntilVisible: Visibility Percent: 1.0
10:22:05.761 [ INFO] maestro.orchestra.Orchestra.scrollUntilVisible: Command centerElement: ScrollUntilVisibleCommand(selector=ElementSelector(textRegex=null, idRegex=sahtekar-reveal, size=null, below=null, above=null, leftOf=null, rightOf=null, containsChild=null, containsDescendants=null, traits=null, index=null, enabled=null, optional=false, selected=null, checked=null, focused=null, childOf=null, css=null), direction=DOWN, scrollDuration=601, visibilityPercentage=100, timeout=30000, waitToSettleTimeoutMs=null, centerElement=true, originalSpeedValue=40, label=null, optional=false).centerElement
10:22:05.761 [ INFO] maestro.orchestra.Orchestra.scrollUntilVisible: visibilityPercentageNormalized: 1.0
10:22:05.765 [ INFO] maestro.Maestro.swipeFromCenter: Swiping UP from center
10:22:07.865 [ INFO] maestro.orchestra.Orchestra.scrollUntilVisible: Scrolling try count: 1, DeviceWidth: 320, DeviceWidth: 640
10:22:07.865 [ INFO] maestro.orchestra.Orchestra.scrollUntilVisible: Element bounds: Bounds(x=33, y=327, width=254, height=313)
10:22:07.865 [ INFO] maestro.orchestra.Orchestra.scrollUntilVisible: Visibility Percent: 1.0
10:22:07.866 [ INFO] maestro.orchestra.Orchestra.scrollUntilVisible: Command centerElement: ScrollUntilVisibleCommand(selector=ElementSelector(textRegex=null, idRegex=sahtekar-reveal, size=null, below=null, above=null, leftOf=null, rightOf=null, containsChild=null, containsDescendants=null, traits=null, index=null, enabled=null, optional=false, selected=null, checked=null, focused=null, childOf=null, css=null), direction=DOWN, scrollDuration=601, visibilityPercentage=100, timeout=30000, waitToSettleTimeoutMs=null, centerElement=true, originalSpeedValue=40, label=null, optional=false).centerElement
10:22:07.866 [ INFO] maestro.orchestra.Orchestra.scrollUntilVisible: visibilityPercentageNormalized: 1.0
10:22:07.871 [ INFO] maestro.Maestro.swipeFromCenter: Swiping UP from center
10:22:09.949 [ INFO] maestro.orchestra.Orchestra.scrollUntilVisible: Scrolling try count: 2, DeviceWidth: 320, DeviceWidth: 640
10:22:09.949 [ INFO] maestro.orchestra.Orchestra.scrollUntilVisible: Element bounds: Bounds(x=33, y=42, width=254, height=598)
10:22:09.949 [ INFO] maestro.orchestra.Orchestra.scrollUntilVisible: Visibility Percent: 1.0
10:22:09.949 [ INFO] maestro.orchestra.Orchestra.scrollUntilVisible: Command centerElement: ScrollUntilVisibleCommand(selector=ElementSelector(textRegex=null, idRegex=sahtekar-reveal, size=null, below=null, above=null, leftOf=null, rightOf=null, containsChild=null, containsDescendants=null, traits=null, index=null, enabled=null, optional=false, selected=null, checked=null, focused=null, childOf=null, css=null), direction=DOWN, scrollDuration=601, visibilityPercentage=100, timeout=30000, waitToSettleTimeoutMs=null, centerElement=true, originalSpeedValue=40, label=null, optional=false).centerElement
10:22:09.949 [ INFO] maestro.orchestra.Orchestra.scrollUntilVisible: visibilityPercentageNormalized: 1.0
10:22:09.949 [ INFO] maestro.cli.runner.CliConsoleListener.onCommandFinished: Scrolling DOWN until id: sahtekar-reveal is visible with speed 40, visibility percentage 100%, timeout 30000 ms, with centering enabled COMPLETED
10:22:09.949 [ INFO] maestro.cli.runner.CliConsoleListener.onCommandStart: Take screenshot 04d-sahtekar-reveal RUNNING
10:22:09.950 [ INFO] maestro.Maestro.takeScreenshot: Taking screenshot
10:22:09.950 [TRACE] maestro.utils.ScreenshotUtils.takeScreenshot: Taking screenshot to output sink
10:22:09.973 [ INFO] maestro.cli.runner.CliConsoleListener.onCommandFinished: Take screenshot 04d-sahtekar-reveal COMPLETED
10:22:09.973 [ INFO] maestro.cli.runner.CliConsoleListener.onCommandStart: Press back RUNNING
10:22:09.974 [ INFO] maestro.Maestro.backPress: Pressing back
10:22:10.842 [ INFO] maestro.cli.runner.CliConsoleListener.onCommandFinished: Press back COMPLETED
10:22:10.842 [ INFO] maestro.cli.runner.CliConsoleListener.onCommandStart: Assert that id: preview-open is visible RUNNING
10:22:10.954 [ INFO] maestro.cli.runner.CliConsoleListener.onCommandFinished: Assert that id: preview-open is visible COMPLETED
10:22:10.954 [ INFO] maestro.cli.runner.CliConsoleListener.onCommandStart: Tap on id: preview-open RUNNING
10:22:11.070 [ INFO] maestro.Maestro.tap-HgV9Ck0: Tapping on element:  UiElement(treeNode=TreeNode(attributes={text=, accessibilityText=Bileşen önizlemesini aç, hintText=, ignoreBoundsFiltering=false, resource-id=preview-open, clickable=true, bounds=[20,316][300,364], enabled=true, focused=false, checked=false, scrollable=false, selected=false, class=android.widget.Button, important-for-accessibility=true, error=}, children=[TreeNode(attributes={text=, accessibilityText=, hintText=, ignoreBoundsFiltering=false, resource-id=, clickable=false, bounds=[20,316][300,364], enabled=true, focused=false, checked=false, scrollable=false, selected=false, class=android.view.ViewGroup, important-for-accessibility=false, error=}, children=[], clickable=false, enabled=true, focused=false, checked=false, selected=false), TreeNode(attributes={text=Bileşen önizlemesini aç, accessibilityText=, hintText=, ignoreBoundsFiltering=false, resource-id=, clickable=false, bounds=[74,330][246,350], enabled=true, focused=false, checked=false, scrollable=false, selected=false, class=android.widget.TextView, important-for-accessibility=true, error=}, children=[], clickable=false, enabled=true, focused=false, checked=false, selected=false)], clickable=true, enabled=true, focused=false, checked=false, selected=false), bounds=Bounds(x=20, y=316, width=280, height=48))
10:22:12.321 [ INFO] maestro.Maestro.tap-HgV9Ck0: Tap aimed via settled hierarchy
10:22:12.321 [ INFO] maestro.Maestro.hierarchyBasedTap-ogj28Uc: Tapping at (160, 340) using hierarchy based logic for wait
10:22:13.789 [ INFO] maestro.Maestro.hierarchyBasedTap-ogj28Uc: Something has changed in the UI judging by view hierarchy. Proceed.
10:22:13.789 [ INFO] maestro.cli.runner.CliConsoleListener.onCommandFinished: Tap on id: preview-open COMPLETED
10:22:13.789 [ INFO] maestro.cli.runner.CliConsoleListener.onCommandStart: Assert that id: preview-set-say is visible RUNNING
10:22:13.922 [ INFO] maestro.cli.runner.CliConsoleListener.onCommandFinished: Assert that id: preview-set-say is visible COMPLETED
10:22:13.923 [ INFO] maestro.cli.runner.CliConsoleListener.onCommandStart: Tap on id: preview-set-say RUNNING
10:22:14.062 [ INFO] maestro.Maestro.tap-HgV9Ck0: Tapping on element:  UiElement(treeNode=TreeNode(attributes={text=, accessibilityText=Harf · Şarkı, hintText=, ignoreBoundsFiltering=false, resource-id=preview-set-say, clickable=true, bounds=[194,138][300,178], enabled=true, focused=false, checked=false, scrollable=false, selected=false, class=android.widget.Button, important-for-accessibility=true, error=}, children=[TreeNode(attributes={text=, accessibilityText=, hintText=, ignoreBoundsFiltering=false, resource-id=, clickable=false, bounds=[194,138][300,178], enabled=true, focused=false, checked=false, scrollable=false, selected=false, class=android.view.ViewGroup, important-for-accessibility=false, error=}, children=[], clickable=false, enabled=true, focused=false, checked=false, selected=false), TreeNode(attributes={text=Harf · Şarkı, accessibilityText=, hintText=, ignoreBoundsFiltering=false, resource-id=, clickable=false, bounds=[210,149][284,167], enabled=true, focused=false, checked=false, scrollable=false, selected=false, class=android.widget.TextView, important-for-accessibility=true, error=}, children=[], clickable=false, enabled=true, focused=false, checked=false, selected=false)], clickable=true, enabled=true, focused=false, checked=false, selected=false), bounds=Bounds(x=194, y=138, width=106, height=40))
10:22:15.333 [ INFO] maestro.Maestro.tap-HgV9Ck0: Tap aimed via settled hierarchy
10:22:15.333 [ INFO] maestro.Maestro.hierarchyBasedTap-ogj28Uc: Tapping at (247, 158) using hierarchy based logic for wait
10:22:16.855 [ INFO] maestro.Maestro.hierarchyBasedTap-ogj28Uc: Something has changed in the UI judging by view hierarchy. Proceed.
10:22:16.855 [ INFO] maestro.cli.runner.CliConsoleListener.onCommandFinished: Tap on id: preview-set-say COMPLETED
10:22:16.855 [ INFO] maestro.cli.runner.CliConsoleListener.onCommandStart: Assert that id: preview-letters is visible RUNNING
10:22:17.238 [ INFO] maestro.cli.runner.CliConsoleListener.onCommandFinished: Assert that id: preview-letters is visible COMPLETED
10:22:17.239 [ INFO] maestro.cli.runner.CliConsoleListener.onCommandStart: Take screenshot 04e-say-letters RUNNING
10:22:17.239 [ INFO] maestro.Maestro.takeScreenshot: Taking screenshot
10:22:17.239 [TRACE] maestro.utils.ScreenshotUtils.takeScreenshot: Taking screenshot to output sink
10:22:17.296 [ INFO] maestro.cli.runner.CliConsoleListener.onCommandFinished: Take screenshot 04e-say-letters COMPLETED
10:22:17.296 [ INFO] maestro.cli.runner.CliConsoleListener.onCommandStart: Scrolling DOWN until id: preview-object is visible with speed 40, visibility percentage 100%, timeout 30000 ms, with centering enabled RUNNING
10:22:18.171 [ WARN] maestro.orchestra.Orchestra.scrollUntilVisible: Error: maestro.MaestroException$ElementNotFound: Element not found: Id matching regex: preview-object
10:22:18.212 [ INFO] maestro.Maestro.swipeFromCenter: Swiping UP from center
10:22:20.472 [ INFO] maestro.orchestra.Orchestra.scrollUntilVisible: Scrolling try count: 0, DeviceWidth: 320, DeviceWidth: 640
10:22:20.472 [ INFO] maestro.orchestra.Orchestra.scrollUntilVisible: Element bounds: Bounds(x=33, y=363, width=254, height=277)
10:22:20.472 [ INFO] maestro.orchestra.Orchestra.scrollUntilVisible: Visibility Percent: 1.0
10:22:20.472 [ INFO] maestro.orchestra.Orchestra.scrollUntilVisible: Command centerElement: ScrollUntilVisibleCommand(selector=ElementSelector(textRegex=null, idRegex=preview-object, size=null, below=null, above=null, leftOf=null, rightOf=null, containsChild=null, containsDescendants=null, traits=null, index=null, enabled=null, optional=false, selected=null, checked=null, focused=null, childOf=null, css=null), direction=DOWN, scrollDuration=601, visibilityPercentage=100, timeout=30000, waitToSettleTimeoutMs=null, centerElement=true, originalSpeedValue=40, label=null, optional=false).centerElement
10:22:20.472 [ INFO] maestro.orchestra.Orchestra.scrollUntilVisible: visibilityPercentageNormalized: 1.0
10:22:20.511 [ INFO] maestro.Maestro.swipeFromCenter: Swiping UP from center
10:22:22.633 [ INFO] maestro.orchestra.Orchestra.scrollUntilVisible: Scrolling try count: 1, DeviceWidth: 320, DeviceWidth: 640
10:22:22.633 [ INFO] maestro.orchestra.Orchestra.scrollUntilVisible: Element bounds: Bounds(x=33, y=71, width=254, height=288)
10:22:22.633 [ INFO] maestro.orchestra.Orchestra.scrollUntilVisible: Visibility Percent: 1.0
10:22:22.633 [ INFO] maestro.orchestra.Orchestra.scrollUntilVisible: Command centerElement: ScrollUntilVisibleCommand(selector=ElementSelector(textRegex=null, idRegex=preview-object, size=null, below=null, above=null, leftOf=null, rightOf=null, containsChild=null, containsDescendants=null, traits=null, index=null, enabled=null, optional=false, selected=null, checked=null, focused=null, childOf=null, css=null), direction=DOWN, scrollDuration=601, visibilityPercentage=100, timeout=30000, waitToSettleTimeoutMs=null, centerElement=true, originalSpeedValue=40, label=null, optional=false).centerElement
10:22:22.634 [ INFO] maestro.orchestra.Orchestra.scrollUntilVisible: visibilityPercentageNormalized: 1.0
10:22:22.634 [ INFO] maestro.cli.runner.CliConsoleListener.onCommandFinished: Scrolling DOWN until id: preview-object is visible with speed 40, visibility percentage 100%, timeout 30000 ms, with centering enabled COMPLETED
10:22:22.634 [ INFO] maestro.cli.runner.CliConsoleListener.onCommandStart: Take screenshot 04e-say-object RUNNING
10:22:22.634 [ INFO] maestro.Maestro.takeScreenshot: Taking screenshot
10:22:22.635 [TRACE] maestro.utils.ScreenshotUtils.takeScreenshot: Taking screenshot to output sink
10:22:22.705 [ INFO] maestro.cli.runner.CliConsoleListener.onCommandFinished: Take screenshot 04e-say-object COMPLETED
10:22:22.705 [ INFO] maestro.cli.runner.CliConsoleListener.onCommandStart: Scrolling DOWN until id: objection-result is visible with speed 40, visibility percentage 100%, timeout 30000 ms, with centering enabled RUNNING
10:22:22.885 [ INFO] maestro.orchestra.Orchestra.scrollUntilVisible: Scrolling try count: 0, DeviceWidth: 320, DeviceWidth: 640
10:22:22.885 [ INFO] maestro.orchestra.Orchestra.scrollUntilVisible: Element bounds: Bounds(x=33, y=429, width=254, height=97)
10:22:22.885 [ INFO] maestro.orchestra.Orchestra.scrollUntilVisible: Visibility Percent: 1.0
10:22:22.885 [ INFO] maestro.orchestra.Orchestra.scrollUntilVisible: Command centerElement: ScrollUntilVisibleCommand(selector=ElementSelector(textRegex=null, idRegex=objection-result, size=null, below=null, above=null, leftOf=null, rightOf=null, containsChild=null, containsDescendants=null, traits=null, index=null, enabled=null, optional=false, selected=null, checked=null, focused=null, childOf=null, css=null), direction=DOWN, scrollDuration=601, visibilityPercentage=100, timeout=30000, waitToSettleTimeoutMs=null, centerElement=true, originalSpeedValue=40, label=null, optional=false).centerElement
10:22:22.885 [ INFO] maestro.orchestra.Orchestra.scrollUntilVisible: visibilityPercentageNormalized: 1.0
10:22:22.890 [ INFO] maestro.Maestro.swipeFromCenter: Swiping UP from center
10:22:24.964 [ INFO] maestro.orchestra.Orchestra.scrollUntilVisible: Scrolling try count: 1, DeviceWidth: 320, DeviceWidth: 640
10:22:24.965 [ INFO] maestro.orchestra.Orchestra.scrollUntilVisible: Element bounds: Bounds(x=33, y=145, width=254, height=97)
10:22:24.965 [ INFO] maestro.orchestra.Orchestra.scrollUntilVisible: Visibility Percent: 1.0
10:22:24.965 [ INFO] maestro.orchestra.Orchestra.scrollUntilVisible: Command centerElement: ScrollUntilVisibleCommand(selector=ElementSelector(textRegex=null, idRegex=objection-result, size=null, below=null, above=null, leftOf=null, rightOf=null, containsChild=null, containsDescendants=null, traits=null, index=null, enabled=null, optional=false, selected=null, checked=null, focused=null, childOf=null, css=null), direction=DOWN, scrollDuration=601, visibilityPercentage=100, timeout=30000, waitToSettleTimeoutMs=null, centerElement=true, originalSpeedValue=40, label=null, optional=false).centerElement
10:22:24.965 [ INFO] maestro.orchestra.Orchestra.scrollUntilVisible: visibilityPercentageNormalized: 1.0
10:22:24.965 [ INFO] maestro.cli.runner.CliConsoleListener.onCommandFinished: Scrolling DOWN until id: objection-result is visible with speed 40, visibility percentage 100%, timeout 30000 ms, with centering enabled COMPLETED
10:22:24.965 [ INFO] maestro.cli.runner.CliConsoleListener.onCommandStart: Take screenshot 04e-say-objected RUNNING
10:22:24.966 [ INFO] maestro.Maestro.takeScreenshot: Taking screenshot
10:22:24.966 [TRACE] maestro.utils.ScreenshotUtils.takeScreenshot: Taking screenshot to output sink
10:22:24.993 [ INFO] maestro.cli.runner.CliConsoleListener.onCommandFinished: Take screenshot 04e-say-objected COMPLETED
10:22:24.993 [ INFO] maestro.cli.runner.CliConsoleListener.onCommandStart: Scrolling DOWN until id: preview-song is visible with speed 40, visibility percentage 100%, timeout 30000 ms, with centering enabled RUNNING
10:22:25.169 [ INFO] maestro.orchestra.Orchestra.scrollUntilVisible: Scrolling try count: 0, DeviceWidth: 320, DeviceWidth: 640
10:22:25.169 [ INFO] maestro.orchestra.Orchestra.scrollUntilVisible: Element bounds: Bounds(x=33, y=328, width=254, height=312)
10:22:25.169 [ INFO] maestro.orchestra.Orchestra.scrollUntilVisible: Visibility Percent: 1.0
10:22:25.169 [ INFO] maestro.orchestra.Orchestra.scrollUntilVisible: Command centerElement: ScrollUntilVisibleCommand(selector=ElementSelector(textRegex=null, idRegex=preview-song, size=null, below=null, above=null, leftOf=null, rightOf=null, containsChild=null, containsDescendants=null, traits=null, index=null, enabled=null, optional=false, selected=null, checked=null, focused=null, childOf=null, css=null), direction=DOWN, scrollDuration=601, visibilityPercentage=100, timeout=30000, waitToSettleTimeoutMs=null, centerElement=true, originalSpeedValue=40, label=null, optional=false).centerElement
10:22:25.169 [ INFO] maestro.orchestra.Orchestra.scrollUntilVisible: visibilityPercentageNormalized: 1.0
10:22:25.173 [ INFO] maestro.Maestro.swipeFromCenter: Swiping UP from center
10:22:27.212 [ INFO] maestro.orchestra.Orchestra.scrollUntilVisible: Scrolling try count: 1, DeviceWidth: 320, DeviceWidth: 640
10:22:27.212 [ INFO] maestro.orchestra.Orchestra.scrollUntilVisible: Element bounds: Bounds(x=33, y=45, width=254, height=560)
10:22:27.212 [ INFO] maestro.orchestra.Orchestra.scrollUntilVisible: Visibility Percent: 1.0
10:22:27.212 [ INFO] maestro.orchestra.Orchestra.scrollUntilVisible: Command centerElement: ScrollUntilVisibleCommand(selector=ElementSelector(textRegex=null, idRegex=preview-song, size=null, below=null, above=null, leftOf=null, rightOf=null, containsChild=null, containsDescendants=null, traits=null, index=null, enabled=null, optional=false, selected=null, checked=null, focused=null, childOf=null, css=null), direction=DOWN, scrollDuration=601, visibilityPercentage=100, timeout=30000, waitToSettleTimeoutMs=null, centerElement=true, originalSpeedValue=40, label=null, optional=false).centerElement
10:22:27.213 [ INFO] maestro.orchestra.Orchestra.scrollUntilVisible: visibilityPercentageNormalized: 1.0
10:22:27.213 [ INFO] maestro.cli.runner.CliConsoleListener.onCommandFinished: Scrolling DOWN until id: preview-song is visible with speed 40, visibility percentage 100%, timeout 30000 ms, with centering enabled COMPLETED
10:22:27.213 [ INFO] maestro.cli.runner.CliConsoleListener.onCommandStart: Take screenshot 04e-say-song RUNNING
10:22:27.213 [ INFO] maestro.Maestro.takeScreenshot: Taking screenshot
10:22:27.214 [TRACE] maestro.utils.ScreenshotUtils.takeScreenshot: Taking screenshot to output sink
10:22:27.281 [ INFO] maestro.cli.runner.CliConsoleListener.onCommandFinished: Take screenshot 04e-say-song COMPLETED
10:22:27.281 [ INFO] maestro.cli.runner.CliConsoleListener.onCommandStart: Scrolling DOWN until id: preview-song-object is visible with speed 40, visibility percentage 100%, timeout 30000 ms, with centering enabled RUNNING
10:22:27.948 [ WARN] maestro.orchestra.Orchestra.scrollUntilVisible: Error: maestro.MaestroException$ElementNotFound: Element not found: Id matching regex: preview-song-object
10:22:27.952 [ INFO] maestro.Maestro.swipeFromCenter: Swiping UP from center
10:22:29.925 [ INFO] maestro.orchestra.Orchestra.scrollUntilVisible: Scrolling try count: 0, DeviceWidth: 320, DeviceWidth: 640
10:22:29.925 [ INFO] maestro.orchestra.Orchestra.scrollUntilVisible: Element bounds: Bounds(x=33, y=391, width=254, height=206)
10:22:29.925 [ INFO] maestro.orchestra.Orchestra.scrollUntilVisible: Visibility Percent: 1.0
10:22:29.925 [ INFO] maestro.orchestra.Orchestra.scrollUntilVisible: Command centerElement: ScrollUntilVisibleCommand(selector=ElementSelector(textRegex=null, idRegex=preview-song-object, size=null, below=null, above=null, leftOf=null, rightOf=null, containsChild=null, containsDescendants=null, traits=null, index=null, enabled=null, optional=false, selected=null, checked=null, focused=null, childOf=null, css=null), direction=DOWN, scrollDuration=601, visibilityPercentage=100, timeout=30000, waitToSettleTimeoutMs=null, centerElement=true, originalSpeedValue=40, label=null, optional=false).centerElement
10:22:29.925 [ INFO] maestro.orchestra.Orchestra.scrollUntilVisible: visibilityPercentageNormalized: 1.0
10:22:29.929 [ INFO] maestro.Maestro.swipeFromCenter: Swiping UP from center
10:22:31.365 [ INFO] maestro.orchestra.Orchestra.scrollUntilVisible: Scrolling try count: 1, DeviceWidth: 320, DeviceWidth: 640
10:22:31.365 [ INFO] maestro.orchestra.Orchestra.scrollUntilVisible: Element bounds: Bounds(x=33, y=389, width=254, height=206)
10:22:31.366 [ INFO] maestro.orchestra.Orchestra.scrollUntilVisible: Visibility Percent: 1.0
10:22:31.366 [ INFO] maestro.orchestra.Orchestra.scrollUntilVisible: Command centerElement: ScrollUntilVisibleCommand(selector=ElementSelector(textRegex=null, idRegex=preview-song-object, size=null, below=null, above=null, leftOf=null, rightOf=null, containsChild=null, containsDescendants=null, traits=null, index=null, enabled=null, optional=false, selected=null, checked=null, focused=null, childOf=null, css=null), direction=DOWN, scrollDuration=601, visibilityPercentage=100, timeout=30000, waitToSettleTimeoutMs=null, centerElement=true, originalSpeedValue=40, label=null, optional=false).centerElement
10:22:31.366 [ INFO] maestro.orchestra.Orchestra.scrollUntilVisible: visibilityPercentageNormalized: 1.0
10:22:31.370 [ INFO] maestro.Maestro.swipeFromCenter: Swiping UP from center
10:22:32.689 [ INFO] maestro.orchestra.Orchestra.scrollUntilVisible: Scrolling try count: 2, DeviceWidth: 320, DeviceWidth: 640
10:22:32.689 [ INFO] maestro.orchestra.Orchestra.scrollUntilVisible: Element bounds: Bounds(x=33, y=389, width=254, height=206)
10:22:32.689 [ INFO] maestro.orchestra.Orchestra.scrollUntilVisible: Visibility Percent: 1.0
10:22:32.689 [ INFO] maestro.orchestra.Orchestra.scrollUntilVisible: Command centerElement: ScrollUntilVisibleCommand(selector=ElementSelector(textRegex=null, idRegex=preview-song-object, size=null, below=null, above=null, leftOf=null, rightOf=null, containsChild=null, containsDescendants=null, traits=null, index=null, enabled=null, optional=false, selected=null, checked=null, focused=null, childOf=null, css=null), direction=DOWN, scrollDuration=601, visibilityPercentage=100, timeout=30000, waitToSettleTimeoutMs=null, centerElement=true, originalSpeedValue=40, label=null, optional=false).centerElement
10:22:32.689 [ INFO] maestro.orchestra.Orchestra.scrollUntilVisible: visibilityPercentageNormalized: 1.0
10:22:32.694 [ INFO] maestro.Maestro.swipeFromCenter: Swiping UP from center
10:22:33.733 [ INFO] maestro.orchestra.Orchestra.scrollUntilVisible: Scrolling try count: 3, DeviceWidth: 320, DeviceWidth: 640
10:22:33.733 [ INFO] maestro.orchestra.Orchestra.scrollUntilVisible: Element bounds: Bounds(x=33, y=389, width=254, height=206)
10:22:33.733 [ INFO] maestro.orchestra.Orchestra.scrollUntilVisible: Visibility Percent: 1.0
10:22:33.733 [ INFO] maestro.orchestra.Orchestra.scrollUntilVisible: Command centerElement: ScrollUntilVisibleCommand(selector=ElementSelector(textRegex=null, idRegex=preview-song-object, size=null, below=null, above=null, leftOf=null, rightOf=null, containsChild=null, containsDescendants=null, traits=null, index=null, enabled=null, optional=false, selected=null, checked=null, focused=null, childOf=null, css=null), direction=DOWN, scrollDuration=601, visibilityPercentage=100, timeout=30000, waitToSettleTimeoutMs=null, centerElement=true, originalSpeedValue=40, label=null, optional=false).centerElement
10:22:33.733 [ INFO] maestro.orchestra.Orchestra.scrollUntilVisible: visibilityPercentageNormalized: 1.0
10:22:33.783 [ INFO] maestro.Maestro.swipeFromCenter: Swiping UP from center
10:22:34.849 [ INFO] maestro.orchestra.Orchestra.scrollUntilVisible: Scrolling try count: 4, DeviceWidth: 320, DeviceWidth: 640
10:22:34.849 [ INFO] maestro.orchestra.Orchestra.scrollUntilVisible: Element bounds: Bounds(x=33, y=389, width=254, height=206)
10:22:34.850 [ INFO] maestro.orchestra.Orchestra.scrollUntilVisible: Visibility Percent: 1.0
10:22:34.850 [ INFO] maestro.orchestra.Orchestra.scrollUntilVisible: Command centerElement: ScrollUntilVisibleCommand(selector=ElementSelector(textRegex=null, idRegex=preview-song-object, size=null, below=null, above=null, leftOf=null, rightOf=null, containsChild=null, containsDescendants=null, traits=null, index=null, enabled=null, optional=false, selected=null, checked=null, focused=null, childOf=null, css=null), direction=DOWN, scrollDuration=601, visibilityPercentage=100, timeout=30000, waitToSettleTimeoutMs=null, centerElement=true, originalSpeedValue=40, label=null, optional=false).centerElement
10:22:34.850 [ INFO] maestro.orchestra.Orchestra.scrollUntilVisible: visibilityPercentageNormalized: 1.0
10:22:34.899 [ INFO] maestro.Maestro.swipeFromCenter: Swiping UP from center
10:22:35.965 [ INFO] maestro.orchestra.Orchestra.scrollUntilVisible: Scrolling try count: 5, DeviceWidth: 320, DeviceWidth: 640
10:22:35.965 [ INFO] maestro.orchestra.Orchestra.scrollUntilVisible: Element bounds: Bounds(x=33, y=389, width=254, height=206)
10:22:35.966 [ INFO] maestro.orchestra.Orchestra.scrollUntilVisible: Visibility Percent: 1.0
10:22:35.966 [ INFO] maestro.orchestra.Orchestra.scrollUntilVisible: Command centerElement: ScrollUntilVisibleCommand(selector=ElementSelector(textRegex=null, idRegex=preview-song-object, size=null, below=null, above=null, leftOf=null, rightOf=null, containsChild=null, containsDescendants=null, traits=null, index=null, enabled=null, optional=false, selected=null, checked=null, focused=null, childOf=null, css=null), direction=DOWN, scrollDuration=601, visibilityPercentage=100, timeout=30000, waitToSettleTimeoutMs=null, centerElement=true, originalSpeedValue=40, label=null, optional=false).centerElement
10:22:35.966 [ INFO] maestro.orchestra.Orchestra.scrollUntilVisible: visibilityPercentageNormalized: 1.0
10:22:35.966 [ INFO] maestro.cli.runner.CliConsoleListener.onCommandFinished: Scrolling DOWN until id: preview-song-object is visible with speed 40, visibility percentage 100%, timeout 30000 ms, with centering enabled COMPLETED
10:22:35.966 [ INFO] maestro.cli.runner.CliConsoleListener.onCommandStart: Take screenshot 04e-say-song-object RUNNING
10:22:35.966 [ INFO] maestro.Maestro.takeScreenshot: Taking screenshot
10:22:35.967 [TRACE] maestro.utils.ScreenshotUtils.takeScreenshot: Taking screenshot to output sink
10:22:35.999 [ INFO] maestro.cli.runner.CliConsoleListener.onCommandFinished: Take screenshot 04e-say-song-object COMPLETED
10:22:35.999 [ INFO] maestro.cli.runner.CliConsoleListener.onCommandStart: Press back RUNNING
10:22:35.999 [ INFO] maestro.Maestro.backPress: Pressing back
10:22:36.869 [ INFO] maestro.cli.runner.CliConsoleListener.onCommandFinished: Press back COMPLETED
10:22:36.869 [ INFO] maestro.cli.runner.CliConsoleListener.onCommandStart: Assert that id: preview-open is visible RUNNING
10:22:36.990 [ INFO] maestro.cli.runner.CliConsoleListener.onCommandFinished: Assert that id: preview-open is visible COMPLETED
10:22:36.990 [ INFO] maestro.cli.runner.CliConsoleListener.onCommandStart: Tap on id: preview-open RUNNING
10:22:37.098 [ INFO] maestro.Maestro.tap-HgV9Ck0: Tapping on element:  UiElement(treeNode=TreeNode(attributes={text=, accessibilityText=Bileşen önizlemesini aç, hintText=, ignoreBoundsFiltering=false, resource-id=preview-open, clickable=true, bounds=[20,316][300,364], enabled=true, focused=false, checked=false, scrollable=false, selected=false, class=android.widget.Button, important-for-accessibility=true, error=}, children=[TreeNode(attributes={text=, accessibilityText=, hintText=, ignoreBoundsFiltering=false, resource-id=, clickable=false, bounds=[20,316][300,364], enabled=true, focused=false, checked=false, scrollable=false, selected=false, class=android.view.ViewGroup, important-for-accessibility=false, error=}, children=[], clickable=false, enabled=true, focused=false, checked=false, selected=false), TreeNode(attributes={text=Bileşen önizlemesini aç, accessibilityText=, hintText=, ignoreBoundsFiltering=false, resource-id=, clickable=false, bounds=[74,330][246,350], enabled=true, focused=false, checked=false, scrollable=false, selected=false, class=android.widget.TextView, important-for-accessibility=true, error=}, children=[], clickable=false, enabled=true, focused=false, checked=false, selected=false)], clickable=true, enabled=true, focused=false, checked=false, selected=false), bounds=Bounds(x=20, y=316, width=280, height=48))
10:22:38.373 [ INFO] maestro.Maestro.tap-HgV9Ck0: Tap aimed via settled hierarchy
10:22:38.376 [ INFO] maestro.Maestro.hierarchyBasedTap-ogj28Uc: Tapping at (160, 340) using hierarchy based logic for wait
10:22:39.713 [ INFO] maestro.Maestro.hierarchyBasedTap-ogj28Uc: Something has changed in the UI judging by view hierarchy. Proceed.
10:22:39.713 [ INFO] maestro.cli.runner.CliConsoleListener.onCommandFinished: Tap on id: preview-open COMPLETED
10:22:39.713 [ INFO] maestro.cli.runner.CliConsoleListener.onCommandStart: Assert that id: preview-set-ibre is visible RUNNING
10:22:39.863 [ INFO] maestro.cli.runner.CliConsoleListener.onCommandFinished: Assert that id: preview-set-ibre is visible COMPLETED
10:22:39.863 [ INFO] maestro.cli.runner.CliConsoleListener.onCommandStart: Tap on id: preview-set-ibre RUNNING
10:22:40.054 [ INFO] maestro.Maestro.tap-HgV9Ck0: Tapping on element:  UiElement(treeNode=TreeNode(attributes={text=, accessibilityText=İbre, hintText=, ignoreBoundsFiltering=false, resource-id=preview-set-ibre, clickable=true, bounds=[20,186][78,226], enabled=true, focused=false, checked=false, scrollable=false, selected=false, class=android.widget.Button, important-for-accessibility=true, error=}, children=[TreeNode(attributes={text=, accessibilityText=, hintText=, ignoreBoundsFiltering=false, resource-id=, clickable=false, bounds=[20,186][78,226], enabled=true, focused=false, checked=false, scrollable=false, selected=false, class=android.view.ViewGroup, important-for-accessibility=false, error=}, children=[], clickable=false, enabled=true, focused=false, checked=false, selected=false), TreeNode(attributes={text=İbre, accessibilityText=, hintText=, ignoreBoundsFiltering=false, resource-id=, clickable=false, bounds=[36,197][62,215], enabled=true, focused=false, checked=false, scrollable=false, selected=false, class=android.widget.TextView, important-for-accessibility=true, error=}, children=[], clickable=false, enabled=true, focused=false, checked=false, selected=false)], clickable=true, enabled=true, focused=false, checked=false, selected=false), bounds=Bounds(x=20, y=186, width=58, height=40))
10:22:41.345 [ INFO] maestro.Maestro.tap-HgV9Ck0: Tap aimed via settled hierarchy
10:22:41.346 [ INFO] maestro.Maestro.hierarchyBasedTap-ogj28Uc: Tapping at (49, 206) using hierarchy based logic for wait
10:22:42.437 [ INFO] maestro.Maestro.hierarchyBasedTap-ogj28Uc: Something has changed in the UI judging by view hierarchy. Proceed.
10:22:42.437 [ INFO] maestro.cli.runner.CliConsoleListener.onCommandFinished: Tap on id: preview-set-ibre COMPLETED
10:22:42.437 [ INFO] maestro.cli.runner.CliConsoleListener.onCommandStart: Assert that id: ibre-hold is visible RUNNING
10:22:42.542 [ INFO] maestro.cli.runner.CliConsoleListener.onCommandFinished: Assert that id: ibre-hold is visible COMPLETED
10:22:42.542 [ INFO] maestro.cli.runner.CliConsoleListener.onCommandStart: Take screenshot 04f-ibre-hold RUNNING
10:22:42.542 [ INFO] maestro.Maestro.takeScreenshot: Taking screenshot
10:22:42.542 [TRACE] maestro.utils.ScreenshotUtils.takeScreenshot: Taking screenshot to output sink
10:22:42.567 [ INFO] maestro.cli.runner.CliConsoleListener.onCommandFinished: Take screenshot 04f-ibre-hold COMPLETED
10:22:42.567 [ INFO] maestro.cli.runner.CliConsoleListener.onCommandStart: Scrolling DOWN until id: preview-needle is visible with speed 40, visibility percentage 100%, timeout 30000 ms, with centering enabled RUNNING
10:22:42.722 [ INFO] maestro.orchestra.Orchestra.scrollUntilVisible: Scrolling try count: 0, DeviceWidth: 320, DeviceWidth: 640
10:22:42.722 [ INFO] maestro.orchestra.Orchestra.scrollUntilVisible: Element bounds: Bounds(x=33, y=525, width=254, height=115)
10:22:42.722 [ INFO] maestro.orchestra.Orchestra.scrollUntilVisible: Visibility Percent: 1.0
10:22:42.722 [ INFO] maestro.orchestra.Orchestra.scrollUntilVisible: Command centerElement: ScrollUntilVisibleCommand(selector=ElementSelector(textRegex=null, idRegex=preview-needle, size=null, below=null, above=null, leftOf=null, rightOf=null, containsChild=null, containsDescendants=null, traits=null, index=null, enabled=null, optional=false, selected=null, checked=null, focused=null, childOf=null, css=null), direction=DOWN, scrollDuration=601, visibilityPercentage=100, timeout=30000, waitToSettleTimeoutMs=null, centerElement=true, originalSpeedValue=40, label=null, optional=false).centerElement
10:22:42.722 [ INFO] maestro.orchestra.Orchestra.scrollUntilVisible: visibilityPercentageNormalized: 1.0
10:22:42.727 [ INFO] maestro.Maestro.swipeFromCenter: Swiping UP from center
10:22:44.650 [ INFO] maestro.orchestra.Orchestra.scrollUntilVisible: Scrolling try count: 1, DeviceWidth: 320, DeviceWidth: 640
10:22:44.650 [ INFO] maestro.orchestra.Orchestra.scrollUntilVisible: Element bounds: Bounds(x=33, y=241, width=254, height=228)
10:22:44.650 [ INFO] maestro.orchestra.Orchestra.scrollUntilVisible: Visibility Percent: 1.0
10:22:44.651 [ INFO] maestro.orchestra.Orchestra.scrollUntilVisible: Command centerElement: ScrollUntilVisibleCommand(selector=ElementSelector(textRegex=null, idRegex=preview-needle, size=null, below=null, above=null, leftOf=null, rightOf=null, containsChild=null, containsDescendants=null, traits=null, index=null, enabled=null, optional=false, selected=null, checked=null, focused=null, childOf=null, css=null), direction=DOWN, scrollDuration=601, visibilityPercentage=100, timeout=30000, waitToSettleTimeoutMs=null, centerElement=true, originalSpeedValue=40, label=null, optional=false).centerElement
10:22:44.651 [ INFO] maestro.orchestra.Orchestra.scrollUntilVisible: visibilityPercentageNormalized: 1.0
10:22:44.651 [ INFO] maestro.cli.runner.CliConsoleListener.onCommandFinished: Scrolling DOWN until id: preview-needle is visible with speed 40, visibility percentage 100%, timeout 30000 ms, with centering enabled COMPLETED
10:22:44.651 [ INFO] maestro.cli.runner.CliConsoleListener.onCommandStart: Tap on id: ibre-plus RUNNING
10:22:44.762 [ INFO] maestro.Maestro.tap-HgV9Ck0: Tapping on element:  UiElement(treeNode=TreeNode(attributes={text=, accessibilityText=İbreyi sağa al, hintText=, ignoreBoundsFiltering=false, resource-id=ibre-plus, clickable=true, bounds=[191,421][239,469], enabled=true, focused=false, checked=false, scrollable=false, selected=false, class=android.widget.Button, important-for-accessibility=true, error=}, children=[TreeNode(attributes={text=, accessibilityText=, hintText=, ignoreBoundsFiltering=false, resource-id=, clickable=false, bounds=[191,421][239,469], enabled=true, focused=false, checked=false, scrollable=false, selected=false, class=android.view.ViewGroup, important-for-accessibility=false, error=}, children=[], clickable=false, enabled=true, focused=false, checked=false, selected=false), TreeNode(attributes={text=+, accessibilityText=, hintText=, ignoreBoundsFiltering=false, resource-id=, clickable=false, bounds=[208,431][221,459], enabled=true, focused=false, checked=false, scrollable=false, selected=false, class=android.widget.TextView, important-for-accessibility=true, error=}, children=[], clickable=false, enabled=true, focused=false, checked=false, selected=false)], clickable=true, enabled=true, focused=false, checked=false, selected=false), bounds=Bounds(x=191, y=421, width=48, height=48))
10:22:46.017 [ INFO] maestro.Maestro.tap-HgV9Ck0: Tap aimed via settled hierarchy
10:22:46.019 [ INFO] maestro.Maestro.hierarchyBasedTap-ogj28Uc: Tapping at (215, 445) using hierarchy based logic for wait
10:22:46.953 [ INFO] maestro.Maestro.hierarchyBasedTap-ogj28Uc: Something has changed in the UI judging by view hierarchy. Proceed.
10:22:46.953 [ INFO] maestro.cli.runner.CliConsoleListener.onCommandFinished: Tap on id: ibre-plus COMPLETED
10:22:46.953 [ INFO] maestro.cli.runner.CliConsoleListener.onCommandStart: Take screenshot 04f-ibre-needle RUNNING
10:22:46.953 [ INFO] maestro.Maestro.takeScreenshot: Taking screenshot
10:22:46.954 [TRACE] maestro.utils.ScreenshotUtils.takeScreenshot: Taking screenshot to output sink
10:22:46.988 [ INFO] maestro.cli.runner.CliConsoleListener.onCommandFinished: Take screenshot 04f-ibre-needle COMPLETED
10:22:46.988 [ INFO] maestro.cli.runner.CliConsoleListener.onCommandStart: Scrolling DOWN until id: preview-side is visible with speed 40, visibility percentage 100%, timeout 30000 ms, with centering enabled RUNNING
10:22:47.170 [ INFO] maestro.orchestra.Orchestra.scrollUntilVisible: Scrolling try count: 0, DeviceWidth: 320, DeviceWidth: 640
10:22:47.170 [ INFO] maestro.orchestra.Orchestra.scrollUntilVisible: Element bounds: Bounds(x=33, y=539, width=254, height=101)
10:22:47.170 [ INFO] maestro.orchestra.Orchestra.scrollUntilVisible: Visibility Percent: 1.0
10:22:47.170 [ INFO] maestro.orchestra.Orchestra.scrollUntilVisible: Command centerElement: ScrollUntilVisibleCommand(selector=ElementSelector(textRegex=null, idRegex=preview-side, size=null, below=null, above=null, leftOf=null, rightOf=null, containsChild=null, containsDescendants=null, traits=null, index=null, enabled=null, optional=false, selected=null, checked=null, focused=null, childOf=null, css=null), direction=DOWN, scrollDuration=601, visibilityPercentage=100, timeout=30000, waitToSettleTimeoutMs=null, centerElement=true, originalSpeedValue=40, label=null, optional=false).centerElement
10:22:47.171 [ INFO] maestro.orchestra.Orchestra.scrollUntilVisible: visibilityPercentageNormalized: 1.0
10:22:47.176 [ INFO] maestro.Maestro.swipeFromCenter: Swiping UP from center
10:22:49.382 [ INFO] maestro.orchestra.Orchestra.scrollUntilVisible: Scrolling try count: 1, DeviceWidth: 320, DeviceWidth: 640
10:22:49.382 [ INFO] maestro.orchestra.Orchestra.scrollUntilVisible: Element bounds: Bounds(x=33, y=253, width=254, height=304)
10:22:49.382 [ INFO] maestro.orchestra.Orchestra.scrollUntilVisible: Visibility Percent: 1.0
10:22:49.382 [ INFO] maestro.orchestra.Orchestra.scrollUntilVisible: Command centerElement: ScrollUntilVisibleCommand(selector=ElementSelector(textRegex=null, idRegex=preview-side, size=null, below=null, above=null, leftOf=null, rightOf=null, containsChild=null, containsDescendants=null, traits=null, index=null, enabled=null, optional=false, selected=null, checked=null, focused=null, childOf=null, css=null), direction=DOWN, scrollDuration=601, visibilityPercentage=100, timeout=30000, waitToSettleTimeoutMs=null, centerElement=true, originalSpeedValue=40, label=null, optional=false).centerElement
10:22:49.382 [ INFO] maestro.orchestra.Orchestra.scrollUntilVisible: visibilityPercentageNormalized: 1.0
10:22:49.382 [ INFO] maestro.cli.runner.CliConsoleListener.onCommandFinished: Scrolling DOWN until id: preview-side is visible with speed 40, visibility percentage 100%, timeout 30000 ms, with centering enabled COMPLETED
10:22:49.383 [ INFO] maestro.cli.runner.CliConsoleListener.onCommandStart: Take screenshot 04f-ibre-side RUNNING
10:22:49.383 [ INFO] maestro.Maestro.takeScreenshot: Taking screenshot
10:22:49.383 [TRACE] maestro.utils.ScreenshotUtils.takeScreenshot: Taking screenshot to output sink
10:22:49.409 [ INFO] maestro.cli.runner.CliConsoleListener.onCommandFinished: Take screenshot 04f-ibre-side COMPLETED
10:22:49.409 [ INFO] maestro.cli.runner.CliConsoleListener.onCommandStart: Scrolling DOWN until id: ibre-reveal is visible with speed 40, visibility percentage 100%, timeout 30000 ms, with centering enabled RUNNING
10:22:49.556 [ INFO] maestro.orchestra.Orchestra.scrollUntilVisible: Scrolling try count: 0, DeviceWidth: 320, DeviceWidth: 640
10:22:49.556 [ INFO] maestro.orchestra.Orchestra.scrollUntilVisible: Element bounds: Bounds(x=33, y=627, width=254, height=13)
10:22:49.556 [ INFO] maestro.orchestra.Orchestra.scrollUntilVisible: Visibility Percent: 1.0
10:22:49.556 [ INFO] maestro.orchestra.Orchestra.scrollUntilVisible: Command centerElement: ScrollUntilVisibleCommand(selector=ElementSelector(textRegex=null, idRegex=ibre-reveal, size=null, below=null, above=null, leftOf=null, rightOf=null, containsChild=null, containsDescendants=null, traits=null, index=null, enabled=null, optional=false, selected=null, checked=null, focused=null, childOf=null, css=null), direction=DOWN, scrollDuration=601, visibilityPercentage=100, timeout=30000, waitToSettleTimeoutMs=null, centerElement=true, originalSpeedValue=40, label=null, optional=false).centerElement
10:22:49.556 [ INFO] maestro.orchestra.Orchestra.scrollUntilVisible: visibilityPercentageNormalized: 1.0
10:22:49.561 [ INFO] maestro.Maestro.swipeFromCenter: Swiping UP from center
10:22:51.514 [ INFO] maestro.orchestra.Orchestra.scrollUntilVisible: Scrolling try count: 1, DeviceWidth: 320, DeviceWidth: 640
10:22:51.514 [ INFO] maestro.orchestra.Orchestra.scrollUntilVisible: Element bounds: Bounds(x=33, y=343, width=254, height=297)
10:22:51.514 [ INFO] maestro.orchestra.Orchestra.scrollUntilVisible: Visibility Percent: 1.0
10:22:51.514 [ INFO] maestro.orchestra.Orchestra.scrollUntilVisible: Command centerElement: ScrollUntilVisibleCommand(selector=ElementSelector(textRegex=null, idRegex=ibre-reveal, size=null, below=null, above=null, leftOf=null, rightOf=null, containsChild=null, containsDescendants=null, traits=null, index=null, enabled=null, optional=false, selected=null, checked=null, focused=null, childOf=null, css=null), direction=DOWN, scrollDuration=601, visibilityPercentage=100, timeout=30000, waitToSettleTimeoutMs=null, centerElement=true, originalSpeedValue=40, label=null, optional=false).centerElement
10:22:51.514 [ INFO] maestro.orchestra.Orchestra.scrollUntilVisible: visibilityPercentageNormalized: 1.0
10:22:51.520 [ INFO] maestro.Maestro.swipeFromCenter: Swiping UP from center
10:22:52.905 [ INFO] maestro.orchestra.Orchestra.scrollUntilVisible: Scrolling try count: 2, DeviceWidth: 320, DeviceWidth: 640
10:22:52.905 [ INFO] maestro.orchestra.Orchestra.scrollUntilVisible: Element bounds: Bounds(x=33, y=253, width=254, height=342)
10:22:52.905 [ INFO] maestro.orchestra.Orchestra.scrollUntilVisible: Visibility Percent: 1.0
10:22:52.905 [ INFO] maestro.orchestra.Orchestra.scrollUntilVisible: Command centerElement: ScrollUntilVisibleCommand(selector=ElementSelector(textRegex=null, idRegex=ibre-reveal, size=null, below=null, above=null, leftOf=null, rightOf=null, containsChild=null, containsDescendants=null, traits=null, index=null, enabled=null, optional=false, selected=null, checked=null, focused=null, childOf=null, css=null), direction=DOWN, scrollDuration=601, visibilityPercentage=100, timeout=30000, waitToSettleTimeoutMs=null, centerElement=true, originalSpeedValue=40, label=null, optional=false).centerElement
10:22:52.905 [ INFO] maestro.orchestra.Orchestra.scrollUntilVisible: visibilityPercentageNormalized: 1.0
10:22:52.906 [ INFO] maestro.cli.runner.CliConsoleListener.onCommandFinished: Scrolling DOWN until id: ibre-reveal is visible with speed 40, visibility percentage 100%, timeout 30000 ms, with centering enabled COMPLETED
10:22:52.906 [ INFO] maestro.cli.runner.CliConsoleListener.onCommandStart: Take screenshot 04f-ibre-reveal RUNNING
10:22:52.906 [ INFO] maestro.Maestro.takeScreenshot: Taking screenshot
10:22:52.906 [TRACE] maestro.utils.ScreenshotUtils.takeScreenshot: Taking screenshot to output sink
10:22:52.931 [ INFO] maestro.cli.runner.CliConsoleListener.onCommandFinished: Take screenshot 04f-ibre-reveal COMPLETED
10:22:52.931 [ INFO] maestro.cli.runner.CliConsoleListener.onCommandStart: Press back RUNNING
10:22:52.931 [ INFO] maestro.Maestro.backPress: Pressing back
10:22:53.821 [ INFO] maestro.cli.runner.CliConsoleListener.onCommandFinished: Press back COMPLETED
10:22:53.821 [ INFO] maestro.cli.runner.CliConsoleListener.onCommandStart: Assert that id: preview-open is visible RUNNING
10:22:53.912 [ INFO] maestro.cli.runner.CliConsoleListener.onCommandFinished: Assert that id: preview-open is visible COMPLETED
10:22:53.912 [ INFO] maestro.cli.runner.CliConsoleListener.onCommandStart: Tap on id: preview-open RUNNING
10:22:54.046 [ INFO] maestro.Maestro.tap-HgV9Ck0: Tapping on element:  UiElement(treeNode=TreeNode(attributes={text=, accessibilityText=Bileşen önizlemesini aç, hintText=, ignoreBoundsFiltering=false, resource-id=preview-open, clickable=true, bounds=[20,316][300,364], enabled=true, focused=false, checked=false, scrollable=false, selected=false, class=android.widget.Button, important-for-accessibility=true, error=}, children=[TreeNode(attributes={text=, accessibilityText=, hintText=, ignoreBoundsFiltering=false, resource-id=, clickable=false, bounds=[20,316][300,364], enabled=true, focused=false, checked=false, scrollable=false, selected=false, class=android.view.ViewGroup, important-for-accessibility=false, error=}, children=[], clickable=false, enabled=true, focused=false, checked=false, selected=false), TreeNode(attributes={text=Bileşen önizlemesini aç, accessibilityText=, hintText=, ignoreBoundsFiltering=false, resource-id=, clickable=false, bounds=[74,330][246,350], enabled=true, focused=false, checked=false, scrollable=false, selected=false, class=android.widget.TextView, important-for-accessibility=true, error=}, children=[], clickable=false, enabled=true, focused=false, checked=false, selected=false)], clickable=true, enabled=true, focused=false, checked=false, selected=false), bounds=Bounds(x=20, y=316, width=280, height=48))
10:22:55.321 [ INFO] maestro.Maestro.tap-HgV9Ck0: Tap aimed via settled hierarchy
10:22:55.321 [ INFO] maestro.Maestro.hierarchyBasedTap-ogj28Uc: Tapping at (160, 340) using hierarchy based logic for wait
10:22:56.657 [ INFO] maestro.Maestro.hierarchyBasedTap-ogj28Uc: Something has changed in the UI judging by view hierarchy. Proceed.
10:22:56.657 [ INFO] maestro.cli.runner.CliConsoleListener.onCommandFinished: Tap on id: preview-open COMPLETED
10:22:56.657 [ INFO] maestro.cli.runner.CliConsoleListener.onCommandStart: Assert that id: preview-set-chat is visible RUNNING
10:22:56.795 [ INFO] maestro.cli.runner.CliConsoleListener.onCommandFinished: Assert that id: preview-set-chat is visible COMPLETED
10:22:56.795 [ INFO] maestro.cli.runner.CliConsoleListener.onCommandStart: Tap on id: preview-set-chat RUNNING
10:22:56.922 [ INFO] maestro.Maestro.tap-HgV9Ck0: Tapping on element:  UiElement(treeNode=TreeNode(attributes={text=, accessibilityText=Sohbet, hintText=, ignoreBoundsFiltering=false, resource-id=preview-set-chat, clickable=true, bounds=[86,186][165,226], enabled=true, focused=false, checked=false, scrollable=false, selected=false, class=android.widget.Button, important-for-accessibility=true, error=}, children=[TreeNode(attributes={text=, accessibilityText=, hintText=, ignoreBoundsFiltering=false, resource-id=, clickable=false, bounds=[86,186][165,226], enabled=true, focused=false, checked=false, scrollable=false, selected=false, class=android.view.ViewGroup, important-for-accessibility=false, error=}, children=[], clickable=false, enabled=true, focused=false, checked=false, selected=false), TreeNode(attributes={text=Sohbet, accessibilityText=, hintText=, ignoreBoundsFiltering=false, resource-id=, clickable=false, bounds=[102,197][149,215], enabled=true, focused=false, checked=false, scrollable=false, selected=false, class=android.widget.TextView, important-for-accessibility=true, error=}, children=[], clickable=false, enabled=true, focused=false, checked=false, selected=false)], clickable=true, enabled=true, focused=false, checked=false, selected=false), bounds=Bounds(x=86, y=186, width=79, height=40))
10:22:58.237 [ INFO] maestro.Maestro.tap-HgV9Ck0: Tap aimed via settled hierarchy
10:22:58.238 [ INFO] maestro.Maestro.hierarchyBasedTap-ogj28Uc: Tapping at (125, 206) using hierarchy based logic for wait
10:22:59.633 [ INFO] maestro.Maestro.hierarchyBasedTap-ogj28Uc: Something has changed in the UI judging by view hierarchy. Proceed.
10:22:59.633 [ INFO] maestro.cli.runner.CliConsoleListener.onCommandFinished: Tap on id: preview-set-chat COMPLETED
10:22:59.634 [ INFO] maestro.cli.runner.CliConsoleListener.onCommandStart: Assert that id: preview-chat is visible RUNNING
10:22:59.743 [ INFO] maestro.cli.runner.CliConsoleListener.onCommandFinished: Assert that id: preview-chat is visible COMPLETED
10:22:59.743 [ INFO] maestro.cli.runner.CliConsoleListener.onCommandStart: Take screenshot 04i-chat-bubbles RUNNING
10:22:59.744 [ INFO] maestro.Maestro.takeScreenshot: Taking screenshot
10:22:59.744 [TRACE] maestro.utils.ScreenshotUtils.takeScreenshot: Taking screenshot to output sink
10:22:59.772 [ INFO] maestro.cli.runner.CliConsoleListener.onCommandFinished: Take screenshot 04i-chat-bubbles COMPLETED
10:22:59.772 [ INFO] maestro.cli.runner.CliConsoleListener.onCommandStart: Long press on id: preview-bubble RUNNING
10:22:59.920 [ INFO] maestro.Maestro.tap-HgV9Ck0: Tapping on element:  UiElement(treeNode=TreeNode(attributes={text=, accessibilityText=Yarın aynı yerde mi?, hintText=, ignoreBoundsFiltering=false, resource-id=preview-bubble, clickable=true, bounds=[73,366][243,405], enabled=true, focused=false, checked=false, scrollable=false, selected=false, class=android.view.ViewGroup, important-for-accessibility=true, error=}, children=[TreeNode(attributes={text=, accessibilityText=, hintText=, ignoreBoundsFiltering=false, resource-id=, clickable=false, bounds=[73,366][243,405], enabled=true, focused=false, checked=false, scrollable=false, selected=false, class=android.view.ViewGroup, important-for-accessibility=false, error=}, children=[], clickable=false, enabled=true, focused=false, checked=false, selected=false), TreeNode(attributes={text=Yarın aynı yerde mi?, accessibilityText=, hintText=, ignoreBoundsFiltering=false, resource-id=, clickable=false, bounds=[87,374][229,397], enabled=true, focused=false, checked=false, scrollable=false, selected=false, class=android.widget.TextView, important-for-accessibility=true, error=}, children=[], clickable=false, enabled=true, focused=false, checked=false, selected=false)], clickable=true, enabled=true, focused=false, checked=false, selected=false), bounds=Bounds(x=73, y=366, width=170, height=39))
10:23:01.454 [ INFO] maestro.Maestro.tap-HgV9Ck0: Tap aimed via settled hierarchy
10:23:01.455 [ INFO] maestro.Maestro.hierarchyBasedTap-ogj28Uc: Tapping at (158, 385) using hierarchy based logic for wait
10:23:04.712 [ INFO] maestro.Maestro.hierarchyBasedTap-ogj28Uc: Something has changed in the UI judging by view hierarchy. Proceed.
10:23:04.712 [ INFO] maestro.cli.runner.CliConsoleListener.onCommandFinished: Long press on id: preview-bubble COMPLETED
10:23:04.712 [ INFO] maestro.cli.runner.CliConsoleListener.onCommandStart: Assert that id: reaction-bar is visible RUNNING
10:23:04.871 [ INFO] maestro.cli.runner.CliConsoleListener.onCommandFinished: Assert that id: reaction-bar is visible COMPLETED
10:23:04.872 [ INFO] maestro.cli.runner.CliConsoleListener.onCommandStart: Take screenshot 04i-chat-reaction-bar RUNNING
10:23:04.872 [ INFO] maestro.Maestro.takeScreenshot: Taking screenshot
10:23:04.873 [TRACE] maestro.utils.ScreenshotUtils.takeScreenshot: Taking screenshot to output sink
10:23:04.918 [ INFO] maestro.cli.runner.CliConsoleListener.onCommandFinished: Take screenshot 04i-chat-reaction-bar COMPLETED
10:23:04.918 [ INFO] maestro.cli.runner.CliConsoleListener.onCommandStart: Tap on id: react-5 RUNNING
10:23:05.045 [ INFO] maestro.Maestro.tap-HgV9Ck0: Tapping on element:  UiElement(treeNode=TreeNode(attributes={text=, accessibilityText=🔥 ile tepki ver, hintText=, ignoreBoundsFiltering=false, resource-id=react-5, clickable=true, bounds=[257,370][301,414], enabled=true, focused=false, checked=false, scrollable=false, selected=false, class=android.view.View, important-for-accessibility=true, error=}, children=[TreeNode(attributes={text=🔥, accessibilityText=, hintText=, ignoreBoundsFiltering=false, resource-id=, clickable=false, bounds=[264,378][293,406], enabled=true, focused=false, checked=false, scrollable=false, selected=false, class=android.widget.TextView, important-for-accessibility=true, error=}, children=[], clickable=false, enabled=true, focused=false, checked=false, selected=false)], clickable=true, enabled=true, focused=false, checked=false, selected=false), bounds=Bounds(x=257, y=370, width=44, height=44))
10:23:06.325 [ INFO] maestro.Maestro.tap-HgV9Ck0: Tap aimed via settled hierarchy
10:23:06.326 [ INFO] maestro.Maestro.hierarchyBasedTap-ogj28Uc: Tapping at (279, 392) using hierarchy based logic for wait
10:23:07.336 [ INFO] maestro.Maestro.hierarchyBasedTap-ogj28Uc: Something has changed in the UI judging by view hierarchy. Proceed.
10:23:07.336 [ INFO] maestro.cli.runner.CliConsoleListener.onCommandFinished: Tap on id: react-5 COMPLETED
10:23:07.336 [ INFO] maestro.cli.runner.CliConsoleListener.onCommandStart: Assert that id: reaction-bar is not visible RUNNING
10:23:07.963 [ INFO] maestro.cli.runner.CliConsoleListener.onCommandFinished: Assert that id: reaction-bar is not visible COMPLETED
10:23:07.963 [ INFO] maestro.cli.runner.CliConsoleListener.onCommandStart: Scrolling DOWN until id: reply-strip is visible with speed 40, visibility percentage 100%, timeout 30000 ms, with centering enabled RUNNING
10:23:08.736 [ WARN] maestro.orchestra.Orchestra.scrollUntilVisible: Error: maestro.MaestroException$ElementNotFound: Element not found: Id matching regex: reply-strip
10:23:08.741 [ INFO] maestro.Maestro.swipeFromCenter: Swiping UP from center
10:23:10.640 [ INFO] maestro.orchestra.Orchestra.scrollUntilVisible: Scrolling try count: 0, DeviceWidth: 320, DeviceWidth: 640
10:23:10.641 [ INFO] maestro.orchestra.Orchestra.scrollUntilVisible: Element bounds: Bounds(x=49, y=373, width=222, height=48)
10:23:10.641 [ INFO] maestro.orchestra.Orchestra.scrollUntilVisible: Visibility Percent: 1.0
10:23:10.641 [ INFO] maestro.orchestra.Orchestra.scrollUntilVisible: Command centerElement: ScrollUntilVisibleCommand(selector=ElementSelector(textRegex=null, idRegex=reply-strip, size=null, below=null, above=null, leftOf=null, rightOf=null, containsChild=null, containsDescendants=null, traits=null, index=null, enabled=null, optional=false, selected=null, checked=null, focused=null, childOf=null, css=null), direction=DOWN, scrollDuration=601, visibilityPercentage=100, timeout=30000, waitToSettleTimeoutMs=null, centerElement=true, originalSpeedValue=40, label=null, optional=false).centerElement
10:23:10.641 [ INFO] maestro.orchestra.Orchestra.scrollUntilVisible: visibilityPercentageNormalized: 1.0
10:23:10.641 [ INFO] maestro.cli.runner.CliConsoleListener.onCommandFinished: Scrolling DOWN until id: reply-strip is visible with speed 40, visibility percentage 100%, timeout 30000 ms, with centering enabled COMPLETED
10:23:10.641 [ INFO] maestro.cli.runner.CliConsoleListener.onCommandStart: Take screenshot 04i-chat-reply RUNNING
10:23:10.641 [ INFO] maestro.Maestro.takeScreenshot: Taking screenshot
10:23:10.642 [TRACE] maestro.utils.ScreenshotUtils.takeScreenshot: Taking screenshot to output sink
10:23:10.668 [ INFO] maestro.cli.runner.CliConsoleListener.onCommandFinished: Take screenshot 04i-chat-reply COMPLETED
10:23:10.668 [ INFO] maestro.cli.runner.CliConsoleListener.onCommandStart: Scrolling DOWN until id: preview-incoming is visible with speed 40, visibility percentage 100%, timeout 30000 ms, with centering enabled RUNNING
10:23:11.290 [ WARN] maestro.orchestra.Orchestra.scrollUntilVisible: Error: maestro.MaestroException$ElementNotFound: Element not found: Id matching regex: preview-incoming
10:23:11.297 [ INFO] maestro.Maestro.swipeFromCenter: Swiping UP from center
10:23:13.186 [ INFO] maestro.orchestra.Orchestra.scrollUntilVisible: Scrolling try count: 0, DeviceWidth: 320, DeviceWidth: 640
10:23:13.186 [ INFO] maestro.orchestra.Orchestra.scrollUntilVisible: Element bounds: Bounds(x=33, y=561, width=254, height=40)
10:23:13.186 [ INFO] maestro.orchestra.Orchestra.scrollUntilVisible: Visibility Percent: 1.0
10:23:13.186 [ INFO] maestro.orchestra.Orchestra.scrollUntilVisible: Command centerElement: ScrollUntilVisibleCommand(selector=ElementSelector(textRegex=null, idRegex=preview-incoming, size=null, below=null, above=null, leftOf=null, rightOf=null, containsChild=null, containsDescendants=null, traits=null, index=null, enabled=null, optional=false, selected=null, checked=null, focused=null, childOf=null, css=null), direction=DOWN, scrollDuration=601, visibilityPercentage=100, timeout=30000, waitToSettleTimeoutMs=null, centerElement=true, originalSpeedValue=40, label=null, optional=false).centerElement
10:23:13.186 [ INFO] maestro.orchestra.Orchestra.scrollUntilVisible: visibilityPercentageNormalized: 1.0
10:23:13.190 [ INFO] maestro.Maestro.swipeFromCenter: Swiping UP from center
10:23:14.203 [ INFO] maestro.orchestra.Orchestra.scrollUntilVisible: Scrolling try count: 1, DeviceWidth: 320, DeviceWidth: 640
10:23:14.203 [ INFO] maestro.orchestra.Orchestra.scrollUntilVisible: Element bounds: Bounds(x=33, y=555, width=254, height=40)
10:23:14.204 [ INFO] maestro.orchestra.Orchestra.scrollUntilVisible: Visibility Percent: 1.0
10:23:14.204 [ INFO] maestro.orchestra.Orchestra.scrollUntilVisible: Command centerElement: ScrollUntilVisibleCommand(selector=ElementSelector(textRegex=null, idRegex=preview-incoming, size=null, below=null, above=null, leftOf=null, rightOf=null, containsChild=null, containsDescendants=null, traits=null, index=null, enabled=null, optional=false, selected=null, checked=null, focused=null, childOf=null, css=null), direction=DOWN, scrollDuration=601, visibilityPercentage=100, timeout=30000, waitToSettleTimeoutMs=null, centerElement=true, originalSpeedValue=40, label=null, optional=false).centerElement
10:23:14.204 [ INFO] maestro.orchestra.Orchestra.scrollUntilVisible: visibilityPercentageNormalized: 1.0
10:23:14.208 [ INFO] maestro.Maestro.swipeFromCenter: Swiping UP from center
10:23:15.218 [ INFO] maestro.orchestra.Orchestra.scrollUntilVisible: Scrolling try count: 2, DeviceWidth: 320, DeviceWidth: 640
10:23:15.218 [ INFO] maestro.orchestra.Orchestra.scrollUntilVisible: Element bounds: Bounds(x=33, y=555, width=254, height=40)
10:23:15.218 [ INFO] maestro.orchestra.Orchestra.scrollUntilVisible: Visibility Percent: 1.0
10:23:15.218 [ INFO] maestro.orchestra.Orchestra.scrollUntilVisible: Command centerElement: ScrollUntilVisibleCommand(selector=ElementSelector(textRegex=null, idRegex=preview-incoming, size=null, below=null, above=null, leftOf=null, rightOf=null, containsChild=null, containsDescendants=null, traits=null, index=null, enabled=null, optional=false, selected=null, checked=null, focused=null, childOf=null, css=null), direction=DOWN, scrollDuration=601, visibilityPercentage=100, timeout=30000, waitToSettleTimeoutMs=null, centerElement=true, originalSpeedValue=40, label=null, optional=false).centerElement
10:23:15.218 [ INFO] maestro.orchestra.Orchestra.scrollUntilVisible: visibilityPercentageNormalized: 1.0
10:23:15.259 [ INFO] maestro.Maestro.swipeFromCenter: Swiping UP from center
10:23:16.269 [ INFO] maestro.orchestra.Orchestra.scrollUntilVisible: Scrolling try count: 3, DeviceWidth: 320, DeviceWidth: 640
10:23:16.270 [ INFO] maestro.orchestra.Orchestra.scrollUntilVisible: Element bounds: Bounds(x=33, y=555, width=254, height=40)
10:23:16.270 [ INFO] maestro.orchestra.Orchestra.scrollUntilVisible: Visibility Percent: 1.0
10:23:16.270 [ INFO] maestro.orchestra.Orchestra.scrollUntilVisible: Command centerElement: ScrollUntilVisibleCommand(selector=ElementSelector(textRegex=null, idRegex=preview-incoming, size=null, below=null, above=null, leftOf=null, rightOf=null, containsChild=null, containsDescendants=null, traits=null, index=null, enabled=null, optional=false, selected=null, checked=null, focused=null, childOf=null, css=null), direction=DOWN, scrollDuration=601, visibilityPercentage=100, timeout=30000, waitToSettleTimeoutMs=null, centerElement=true, originalSpeedValue=40, label=null, optional=false).centerElement
10:23:16.270 [ INFO] maestro.orchestra.Orchestra.scrollUntilVisible: visibilityPercentageNormalized: 1.0
10:23:16.274 [ INFO] maestro.Maestro.swipeFromCenter: Swiping UP from center
10:23:17.221 [ INFO] maestro.orchestra.Orchestra.scrollUntilVisible: Scrolling try count: 4, DeviceWidth: 320, DeviceWidth: 640
10:23:17.222 [ INFO] maestro.orchestra.Orchestra.scrollUntilVisible: Element bounds: Bounds(x=33, y=555, width=254, height=40)
10:23:17.222 [ INFO] maestro.orchestra.Orchestra.scrollUntilVisible: Visibility Percent: 1.0
10:23:17.222 [ INFO] maestro.orchestra.Orchestra.scrollUntilVisible: Command centerElement: ScrollUntilVisibleCommand(selector=ElementSelector(textRegex=null, idRegex=preview-incoming, size=null, below=null, above=null, leftOf=null, rightOf=null, containsChild=null, containsDescendants=null, traits=null, index=null, enabled=null, optional=false, selected=null, checked=null, focused=null, childOf=null, css=null), direction=DOWN, scrollDuration=601, visibilityPercentage=100, timeout=30000, waitToSettleTimeoutMs=null, centerElement=true, originalSpeedValue=40, label=null, optional=false).centerElement
10:23:17.222 [ INFO] maestro.orchestra.Orchestra.scrollUntilVisible: visibilityPercentageNormalized: 1.0
10:23:17.263 [ INFO] maestro.Maestro.swipeFromCenter: Swiping UP from center
10:23:18.226 [ INFO] maestro.orchestra.Orchestra.scrollUntilVisible: Scrolling try count: 5, DeviceWidth: 320, DeviceWidth: 640
10:23:18.227 [ INFO] maestro.orchestra.Orchestra.scrollUntilVisible: Element bounds: Bounds(x=33, y=555, width=254, height=40)
10:23:18.227 [ INFO] maestro.orchestra.Orchestra.scrollUntilVisible: Visibility Percent: 1.0
10:23:18.227 [ INFO] maestro.orchestra.Orchestra.scrollUntilVisible: Command centerElement: ScrollUntilVisibleCommand(selector=ElementSelector(textRegex=null, idRegex=preview-incoming, size=null, below=null, above=null, leftOf=null, rightOf=null, containsChild=null, containsDescendants=null, traits=null, index=null, enabled=null, optional=false, selected=null, checked=null, focused=null, childOf=null, css=null), direction=DOWN, scrollDuration=601, visibilityPercentage=100, timeout=30000, waitToSettleTimeoutMs=null, centerElement=true, originalSpeedValue=40, label=null, optional=false).centerElement
10:23:18.227 [ INFO] maestro.orchestra.Orchestra.scrollUntilVisible: visibilityPercentageNormalized: 1.0
10:23:18.227 [ INFO] maestro.cli.runner.CliConsoleListener.onCommandFinished: Scrolling DOWN until id: preview-incoming is visible with speed 40, visibility percentage 100%, timeout 30000 ms, with centering enabled COMPLETED
10:23:18.228 [ INFO] maestro.cli.runner.CliConsoleListener.onCommandStart: Tap on id: preview-incoming RUNNING
10:23:18.343 [ INFO] maestro.Maestro.tap-HgV9Ck0: Tapping on element:  UiElement(treeNode=TreeNode(attributes={text=, accessibilityText=Mesaj gelsin, hintText=, ignoreBoundsFiltering=false, resource-id=preview-incoming, clickable=true, bounds=[33,555][287,595], enabled=true, focused=false, checked=false, scrollable=false, selected=false, class=android.widget.Button, important-for-accessibility=true, error=}, children=[TreeNode(attributes={text=, accessibilityText=, hintText=, ignoreBoundsFiltering=false, resource-id=, clickable=false, bounds=[33,555][287,595], enabled=true, focused=false, checked=false, scrollable=false, selected=false, class=android.view.ViewGroup, important-for-accessibility=false, error=}, children=[], clickable=false, enabled=true, focused=false, checked=false, selected=false), TreeNode(attributes={text=Mesaj gelsin, accessibilityText=, hintText=, ignoreBoundsFiltering=false, resource-id=, clickable=false, bounds=[120,566][201,584], enabled=true, focused=false, checked=false, scrollable=false, selected=false, class=android.widget.TextView, important-for-accessibility=true, error=}, children=[], clickable=false, enabled=true, focused=false, checked=false, selected=false)], clickable=true, enabled=true, focused=false, checked=false, selected=false), bounds=Bounds(x=33, y=555, width=254, height=40))
10:23:19.906 [ INFO] maestro.Maestro.tap-HgV9Ck0: Tap aimed via settled hierarchy
10:23:19.907 [ INFO] maestro.Maestro.hierarchyBasedTap-ogj28Uc: Tapping at (160, 575) using hierarchy based logic for wait
10:23:20.826 [ INFO] maestro.Maestro.hierarchyBasedTap-ogj28Uc: Something has changed in the UI judging by view hierarchy. Proceed.
10:23:20.827 [ INFO] maestro.cli.runner.CliConsoleListener.onCommandFinished: Tap on id: preview-incoming COMPLETED
10:23:20.827 [ INFO] maestro.cli.runner.CliConsoleListener.onCommandStart: Assert that id: chat-new-messages is visible RUNNING
10:23:20.976 [ INFO] maestro.cli.runner.CliConsoleListener.onCommandFinished: Assert that id: chat-new-messages is visible COMPLETED
10:23:20.976 [ INFO] maestro.cli.runner.CliConsoleListener.onCommandStart: Take screenshot 04i-chat-new-message RUNNING
10:23:20.976 [ INFO] maestro.Maestro.takeScreenshot: Taking screenshot
10:23:20.977 [TRACE] maestro.utils.ScreenshotUtils.takeScreenshot: Taking screenshot to output sink
10:23:21.005 [ INFO] maestro.cli.runner.CliConsoleListener.onCommandFinished: Take screenshot 04i-chat-new-message COMPLETED
10:23:21.005 [ INFO] maestro.cli.runner.CliConsoleListener.onCommandStart: Tap on id: chat-new-messages RUNNING
10:23:21.130 [ INFO] maestro.Maestro.tap-HgV9Ck0: Tapping on element:  UiElement(treeNode=TreeNode(attributes={text=, accessibilityText=Yeni mesaj, en alta in, hintText=, ignoreBoundsFiltering=false, resource-id=chat-new-messages, clickable=true, bounds=[97,491][224,531], enabled=true, focused=false, checked=false, scrollable=false, selected=false, class=android.widget.Button, important-for-accessibility=true, error=}, children=[TreeNode(attributes={text=, accessibilityText=, hintText=, ignoreBoundsFiltering=false, resource-id=, clickable=false, bounds=[97,491][224,531], enabled=true, focused=false, checked=false, scrollable=false, selected=false, class=android.view.ViewGroup, important-for-accessibility=false, error=}, children=[], clickable=false, enabled=true, focused=false, checked=false, selected=false), TreeNode(attributes={text=, accessibilityText=, hintText=, ignoreBoundsFiltering=false, resource-id=, clickable=false, bounds=[115,502][131,520], enabled=true, focused=false, checked=false, scrollable=false, selected=false, class=android.widget.TextView, important-for-accessibility=true, error=}, children=[], clickable=false, enabled=true, focused=false, checked=false, selected=false), TreeNode(attributes={text=Yeni mesaj, accessibilityText=, hintText=, ignoreBoundsFiltering=false, resource-id=, clickable=false, bounds=[137,502][206,520], enabled=true, focused=false, checked=false, scrollable=false, selected=false, class=android.widget.TextView, important-for-accessibility=true, error=}, children=[], clickable=false, enabled=true, focused=false, checked=false, selected=false)], clickable=true, enabled=true, focused=false, checked=false, selected=false), bounds=Bounds(x=97, y=491, width=127, height=40))
10:23:22.391 [ INFO] maestro.Maestro.tap-HgV9Ck0: Tap aimed via settled hierarchy
10:23:22.391 [ INFO] maestro.Maestro.hierarchyBasedTap-ogj28Uc: Tapping at (160, 511) using hierarchy based logic for wait
10:23:23.329 [ INFO] maestro.Maestro.hierarchyBasedTap-ogj28Uc: Something has changed in the UI judging by view hierarchy. Proceed.
10:23:23.329 [ INFO] maestro.cli.runner.CliConsoleListener.onCommandFinished: Tap on id: chat-new-messages COMPLETED
10:23:23.330 [ INFO] maestro.cli.runner.CliConsoleListener.onCommandStart: Assert that id: chat-new-messages is not visible RUNNING
10:23:24.001 [ INFO] maestro.cli.runner.CliConsoleListener.onCommandFinished: Assert that id: chat-new-messages is not visible COMPLETED
10:23:24.001 [ INFO] maestro.cli.runner.CliConsoleListener.onCommandStart: Press back RUNNING
10:23:24.001 [ INFO] maestro.Maestro.backPress: Pressing back
10:23:24.903 [ INFO] maestro.cli.runner.CliConsoleListener.onCommandFinished: Press back COMPLETED
10:23:24.903 [ INFO] maestro.cli.runner.CliConsoleListener.onCommandStart: Assert that id: preview-open is visible RUNNING
10:23:25.017 [ INFO] maestro.cli.runner.CliConsoleListener.onCommandFinished: Assert that id: preview-open is visible COMPLETED
10:23:25.017 [ INFO] maestro.cli.runner.CliConsoleListener.onCommandStart: Press back RUNNING
10:23:25.017 [ INFO] maestro.Maestro.backPress: Pressing back
10:23:25.929 [ INFO] maestro.cli.runner.CliConsoleListener.onCommandFinished: Press back COMPLETED
10:23:25.929 [ INFO] maestro.cli.runner.CliConsoleListener.onCommandStart: Tap on id: tab-activities RUNNING
10:23:26.042 [ INFO] maestro.Maestro.tap-HgV9Ck0: Tapping on element:  UiElement(treeNode=TreeNode(attributes={text=, accessibilityText=Aktiviteler, hintText=, ignoreBoundsFiltering=false, resource-id=tab-activities, clickable=true, bounds=[78,568][133,632], enabled=true, focused=false, checked=false, scrollable=false, selected=false, class=android.view.View, important-for-accessibility=true, error=}, children=[TreeNode(attributes={text=, accessibilityText=, hintText=, ignoreBoundsFiltering=false, resource-id=, clickable=false, bounds=[93,580][117,604], enabled=true, focused=false, checked=false, scrollable=false, selected=false, class=android.widget.ImageView, important-for-accessibility=false, error=}, children=[], clickable=false, enabled=true, focused=false, checked=false, selected=false), TreeNode(attributes={text=Aktiviteler, accessibilityText=, hintText=, ignoreBoundsFiltering=false, resource-id=, clickable=false, bounds=[78,612][132,628], enabled=true, focused=false, checked=false, scrollable=false, selected=false, class=android.widget.TextView, important-for-accessibility=true, error=}, children=[], clickable=false, enabled=true, focused=false, checked=false, selected=false)], clickable=true, enabled=true, focused=false, checked=false, selected=false), bounds=Bounds(x=78, y=568, width=55, height=64))
10:23:27.295 [ INFO] maestro.Maestro.tap-HgV9Ck0: Tap aimed via settled hierarchy
10:23:27.295 [ INFO] maestro.Maestro.hierarchyBasedTap-ogj28Uc: Tapping at (105, 600) using hierarchy based logic for wait
10:23:28.318 [ INFO] maestro.Maestro.hierarchyBasedTap-ogj28Uc: Something has changed in the UI judging by view hierarchy. Proceed.
10:23:28.318 [ INFO] maestro.cli.runner.CliConsoleListener.onCommandFinished: Tap on id: tab-activities COMPLETED
10:23:28.318 [ INFO] maestro.cli.runner.CliConsoleListener.onCommandStart: Assert that id: activities-solo-card-tabu is visible RUNNING
10:23:28.434 [ INFO] maestro.cli.runner.CliConsoleListener.onCommandFinished: Assert that id: activities-solo-card-tabu is visible COMPLETED
10:23:28.434 [ INFO] maestro.cli.runner.CliConsoleListener.onCommandStart: Take screenshot 04h-activities RUNNING
10:23:28.435 [ INFO] maestro.Maestro.takeScreenshot: Taking screenshot
10:23:28.435 [TRACE] maestro.utils.ScreenshotUtils.takeScreenshot: Taking screenshot to output sink
10:23:28.499 [ INFO] maestro.cli.runner.CliConsoleListener.onCommandFinished: Take screenshot 04h-activities COMPLETED
10:23:28.499 [ INFO] maestro.cli.runner.CliConsoleListener.onCommandStart: Scrolling DOWN until id: activities-room-card-sahtekar is visible with speed 40, visibility percentage 100%, timeout 30000 ms, with centering enabled RUNNING
10:23:28.657 [ INFO] maestro.orchestra.Orchestra.scrollUntilVisible: Scrolling try count: 0, DeviceWidth: 320, DeviceWidth: 640
10:23:28.657 [ INFO] maestro.orchestra.Orchestra.scrollUntilVisible: Element bounds: Bounds(x=166, y=548, width=118, height=92)
10:23:28.657 [ INFO] maestro.orchestra.Orchestra.scrollUntilVisible: Visibility Percent: 1.0
10:23:28.657 [ INFO] maestro.orchestra.Orchestra.scrollUntilVisible: Command centerElement: ScrollUntilVisibleCommand(selector=ElementSelector(textRegex=null, idRegex=activities-room-card-sahtekar, size=null, below=null, above=null, leftOf=null, rightOf=null, containsChild=null, containsDescendants=null, traits=null, index=null, enabled=null, optional=false, selected=null, checked=null, focused=null, childOf=null, css=null), direction=DOWN, scrollDuration=601, visibilityPercentage=100, timeout=30000, waitToSettleTimeoutMs=null, centerElement=true, originalSpeedValue=40, label=null, optional=false).centerElement
10:23:28.657 [ INFO] maestro.orchestra.Orchestra.scrollUntilVisible: visibilityPercentageNormalized: 1.0
10:23:28.697 [ INFO] maestro.Maestro.swipeFromCenter: Swiping UP from center
10:23:30.672 [ INFO] maestro.orchestra.Orchestra.scrollUntilVisible: Scrolling try count: 1, DeviceWidth: 320, DeviceWidth: 640
10:23:30.672 [ INFO] maestro.orchestra.Orchestra.scrollUntilVisible: Element bounds: Bounds(x=166, y=264, width=118, height=92)
10:23:30.672 [ INFO] maestro.orchestra.Orchestra.scrollUntilVisible: Visibility Percent: 1.0
10:23:30.672 [ INFO] maestro.orchestra.Orchestra.scrollUntilVisible: Command centerElement: ScrollUntilVisibleCommand(selector=ElementSelector(textRegex=null, idRegex=activities-room-card-sahtekar, size=null, below=null, above=null, leftOf=null, rightOf=null, containsChild=null, containsDescendants=null, traits=null, index=null, enabled=null, optional=false, selected=null, checked=null, focused=null, childOf=null, css=null), direction=DOWN, scrollDuration=601, visibilityPercentage=100, timeout=30000, waitToSettleTimeoutMs=null, centerElement=true, originalSpeedValue=40, label=null, optional=false).centerElement
10:23:30.672 [ INFO] maestro.orchestra.Orchestra.scrollUntilVisible: visibilityPercentageNormalized: 1.0
10:23:30.672 [ INFO] maestro.cli.runner.CliConsoleListener.onCommandFinished: Scrolling DOWN until id: activities-room-card-sahtekar is visible with speed 40, visibility percentage 100%, timeout 30000 ms, with centering enabled COMPLETED
10:23:30.673 [ INFO] maestro.cli.runner.CliConsoleListener.onCommandStart: Tap on id: activities-room-card-sahtekar RUNNING
10:23:30.773 [ INFO] maestro.Maestro.tap-HgV9Ck0: Tapping on element:  UiElement(treeNode=TreeNode(attributes={text=, accessibilityText=Sahtekar, hintText=, ignoreBoundsFiltering=false, resource-id=activities-room-card-sahtekar, clickable=true, bounds=[166,264][284,356], enabled=true, focused=false, checked=false, scrollable=false, selected=false, class=android.widget.Button, important-for-accessibility=true, error=}, children=[TreeNode(attributes={text=, accessibilityText=, hintText=, ignoreBoundsFiltering=false, resource-id=, clickable=false, bounds=[166,264][284,356], enabled=true, focused=false, checked=false, scrollable=false, selected=false, class=android.view.ViewGroup, important-for-accessibility=false, error=}, children=[TreeNode(attributes={text=Sahtekar, accessibilityText=, hintText=, ignoreBoundsFiltering=false, resource-id=, clickable=false, bounds=[178,276][272,295], enabled=true, focused=false, checked=false, scrollable=false, selected=false, class=android.widget.TextView, important-for-accessibility=true, error=}, children=[], clickable=false, enabled=true, focused=false, checked=false, selected=false), TreeNode(attributes={text=, accessibilityText=, hintText=, ignoreBoundsFiltering=false, resource-id=, clickable=false, bounds=[234,308][284,356], enabled=true, focused=false, checked=false, scrollable=false, selected=false, class=android.widget.ImageView, important-for-accessibility=false, error=}, children=[], clickable=false, enabled=true, focused=false, checked=false, selected=false)], clickable=false, enabled=true, focused=false, checked=false, selected=false)], clickable=true, enabled=true, focused=false, checked=false, selected=false), bounds=Bounds(x=166, y=264, width=118, height=92))
10:23:32.066 [ INFO] maestro.Maestro.tap-HgV9Ck0: Tap aimed via settled hierarchy
10:23:32.066 [ INFO] maestro.Maestro.hierarchyBasedTap-ogj28Uc: Tapping at (225, 310) using hierarchy based logic for wait
10:23:32.940 [ INFO] maestro.Maestro.hierarchyBasedTap-ogj28Uc: Something has changed in the UI judging by view hierarchy. Proceed.
10:23:32.941 [ INFO] maestro.cli.runner.CliConsoleListener.onCommandFinished: Tap on id: activities-room-card-sahtekar COMPLETED
10:23:32.941 [ INFO] maestro.cli.runner.CliConsoleListener.onCommandStart: Scrolling DOWN until id: activities-venue-sahtekar is visible with speed 40, visibility percentage 100%, timeout 30000 ms, with centering enabled RUNNING
10:23:33.013 [ INFO] maestro.orchestra.Orchestra.scrollUntilVisible: Scrolling try count: 0, DeviceWidth: 320, DeviceWidth: 640
10:23:33.013 [ INFO] maestro.orchestra.Orchestra.scrollUntilVisible: Element bounds: Bounds(x=24, y=508, width=272, height=48)
10:23:33.013 [ INFO] maestro.orchestra.Orchestra.scrollUntilVisible: Visibility Percent: 1.0
10:23:33.013 [ INFO] maestro.orchestra.Orchestra.scrollUntilVisible: Command centerElement: ScrollUntilVisibleCommand(selector=ElementSelector(textRegex=null, idRegex=activities-venue-sahtekar, size=null, below=null, above=null, leftOf=null, rightOf=null, containsChild=null, containsDescendants=null, traits=null, index=null, enabled=null, optional=false, selected=null, checked=null, focused=null, childOf=null, css=null), direction=DOWN, scrollDuration=601, visibilityPercentage=100, timeout=30000, waitToSettleTimeoutMs=null, centerElement=true, originalSpeedValue=40, label=null, optional=false).centerElement
10:23:33.013 [ INFO] maestro.orchestra.Orchestra.scrollUntilVisible: visibilityPercentageNormalized: 1.0
10:23:33.056 [ INFO] maestro.Maestro.swipeFromCenter: Swiping UP from center
10:23:33.925 [ INFO] maestro.orchestra.Orchestra.scrollUntilVisible: Scrolling try count: 1, DeviceWidth: 320, DeviceWidth: 640
10:23:33.925 [ INFO] maestro.orchestra.Orchestra.scrollUntilVisible: Element bounds: Bounds(x=24, y=508, width=272, height=48)
10:23:33.925 [ INFO] maestro.orchestra.Orchestra.scrollUntilVisible: Visibility Percent: 1.0
10:23:33.925 [ INFO] maestro.orchestra.Orchestra.scrollUntilVisible: Command centerElement: ScrollUntilVisibleCommand(selector=ElementSelector(textRegex=null, idRegex=activities-venue-sahtekar, size=null, below=null, above=null, leftOf=null, rightOf=null, containsChild=null, containsDescendants=null, traits=null, index=null, enabled=null, optional=false, selected=null, checked=null, focused=null, childOf=null, css=null), direction=DOWN, scrollDuration=601, visibilityPercentage=100, timeout=30000, waitToSettleTimeoutMs=null, centerElement=true, originalSpeedValue=40, label=null, optional=false).centerElement
10:23:33.925 [ INFO] maestro.orchestra.Orchestra.scrollUntilVisible: visibilityPercentageNormalized: 1.0
10:23:33.930 [ INFO] maestro.Maestro.swipeFromCenter: Swiping UP from center
10:23:34.825 [ INFO] maestro.orchestra.Orchestra.scrollUntilVisible: Scrolling try count: 2, DeviceWidth: 320, DeviceWidth: 640
10:23:34.825 [ INFO] maestro.orchestra.Orchestra.scrollUntilVisible: Element bounds: Bounds(x=24, y=508, width=272, height=48)
10:23:34.825 [ INFO] maestro.orchestra.Orchestra.scrollUntilVisible: Visibility Percent: 1.0
10:23:34.825 [ INFO] maestro.orchestra.Orchestra.scrollUntilVisible: Command centerElement: ScrollUntilVisibleCommand(selector=ElementSelector(textRegex=null, idRegex=activities-venue-sahtekar, size=null, below=null, above=null, leftOf=null, rightOf=null, containsChild=null, containsDescendants=null, traits=null, index=null, enabled=null, optional=false, selected=null, checked=null, focused=null, childOf=null, css=null), direction=DOWN, scrollDuration=601, visibilityPercentage=100, timeout=30000, waitToSettleTimeoutMs=null, centerElement=true, originalSpeedValue=40, label=null, optional=false).centerElement
10:23:34.825 [ INFO] maestro.orchestra.Orchestra.scrollUntilVisible: visibilityPercentageNormalized: 1.0
10:23:34.868 [ INFO] maestro.Maestro.swipeFromCenter: Swiping UP from center
10:23:35.745 [ INFO] maestro.orchestra.Orchestra.scrollUntilVisible: Scrolling try count: 3, DeviceWidth: 320, DeviceWidth: 640
10:23:35.745 [ INFO] maestro.orchestra.Orchestra.scrollUntilVisible: Element bounds: Bounds(x=24, y=508, width=272, height=48)
10:23:35.745 [ INFO] maestro.orchestra.Orchestra.scrollUntilVisible: Visibility Percent: 1.0
10:23:35.745 [ INFO] maestro.orchestra.Orchestra.scrollUntilVisible: Command centerElement: ScrollUntilVisibleCommand(selector=ElementSelector(textRegex=null, idRegex=activities-venue-sahtekar, size=null, below=null, above=null, leftOf=null, rightOf=null, containsChild=null, containsDescendants=null, traits=null, index=null, enabled=null, optional=false, selected=null, checked=null, focused=null, childOf=null, css=null), direction=DOWN, scrollDuration=601, visibilityPercentage=100, timeout=30000, waitToSettleTimeoutMs=null, centerElement=true, originalSpeedValue=40, label=null, optional=false).centerElement
10:23:35.745 [ INFO] maestro.orchestra.Orchestra.scrollUntilVisible: visibilityPercentageNormalized: 1.0
10:23:35.750 [ INFO] maestro.Maestro.swipeFromCenter: Swiping UP from center
10:23:36.657 [ INFO] maestro.orchestra.Orchestra.scrollUntilVisible: Scrolling try count: 4, DeviceWidth: 320, DeviceWidth: 640
10:23:36.657 [ INFO] maestro.orchestra.Orchestra.scrollUntilVisible: Element bounds: Bounds(x=24, y=508, width=272, height=48)
10:23:36.657 [ INFO] maestro.orchestra.Orchestra.scrollUntilVisible: Visibility Percent: 1.0
10:23:36.657 [ INFO] maestro.orchestra.Orchestra.scrollUntilVisible: Command centerElement: ScrollUntilVisibleCommand(selector=ElementSelector(textRegex=null, idRegex=activities-venue-sahtekar, size=null, below=null, above=null, leftOf=null, rightOf=null, containsChild=null, containsDescendants=null, traits=null, index=null, enabled=null, optional=false, selected=null, checked=null, focused=null, childOf=null, css=null), direction=DOWN, scrollDuration=601, visibilityPercentage=100, timeout=30000, waitToSettleTimeoutMs=null, centerElement=true, originalSpeedValue=40, label=null, optional=false).centerElement
10:23:36.657 [ INFO] maestro.orchestra.Orchestra.scrollUntilVisible: visibilityPercentageNormalized: 1.0
10:23:36.700 [ INFO] maestro.Maestro.swipeFromCenter: Swiping UP from center
10:23:37.573 [ INFO] maestro.orchestra.Orchestra.scrollUntilVisible: Scrolling try count: 5, DeviceWidth: 320, DeviceWidth: 640
10:23:37.573 [ INFO] maestro.orchestra.Orchestra.scrollUntilVisible: Element bounds: Bounds(x=24, y=508, width=272, height=48)
10:23:37.573 [ INFO] maestro.orchestra.Orchestra.scrollUntilVisible: Visibility Percent: 1.0
10:23:37.573 [ INFO] maestro.orchestra.Orchestra.scrollUntilVisible: Command centerElement: ScrollUntilVisibleCommand(selector=ElementSelector(textRegex=null, idRegex=activities-venue-sahtekar, size=null, below=null, above=null, leftOf=null, rightOf=null, containsChild=null, containsDescendants=null, traits=null, index=null, enabled=null, optional=false, selected=null, checked=null, focused=null, childOf=null, css=null), direction=DOWN, scrollDuration=601, visibilityPercentage=100, timeout=30000, waitToSettleTimeoutMs=null, centerElement=true, originalSpeedValue=40, label=null, optional=false).centerElement
10:23:37.573 [ INFO] maestro.orchestra.Orchestra.scrollUntilVisible: visibilityPercentageNormalized: 1.0
10:23:37.573 [ INFO] maestro.cli.runner.CliConsoleListener.onCommandFinished: Scrolling DOWN until id: activities-venue-sahtekar is visible with speed 40, visibility percentage 100%, timeout 30000 ms, with centering enabled COMPLETED
10:23:37.573 [ INFO] maestro.cli.runner.CliConsoleListener.onCommandStart: Take screenshot 04h-activities-sheet RUNNING
10:23:37.574 [ INFO] maestro.Maestro.takeScreenshot: Taking screenshot
10:23:37.574 [TRACE] maestro.utils.ScreenshotUtils.takeScreenshot: Taking screenshot to output sink
10:23:37.607 [ INFO] maestro.cli.runner.CliConsoleListener.onCommandFinished: Take screenshot 04h-activities-sheet COMPLETED
10:23:37.607 [ INFO] maestro.cli.runner.CliConsoleListener.onCommandStart: Scrolling DOWN until id: activities-sheet-close is visible with speed 40, visibility percentage 100%, timeout 30000 ms, with centering disabled RUNNING
10:23:37.761 [ INFO] maestro.orchestra.Orchestra.scrollUntilVisible: Scrolling try count: 0, DeviceWidth: 320, DeviceWidth: 640
10:23:37.761 [ INFO] maestro.orchestra.Orchestra.scrollUntilVisible: Element bounds: Bounds(x=24, y=568, width=272, height=48)
10:23:37.761 [ INFO] maestro.orchestra.Orchestra.scrollUntilVisible: Visibility Percent: 1.0
10:23:37.761 [ INFO] maestro.orchestra.Orchestra.scrollUntilVisible: Command centerElement: ScrollUntilVisibleCommand(selector=ElementSelector(textRegex=null, idRegex=activities-sheet-close, size=null, below=null, above=null, leftOf=null, rightOf=null, containsChild=null, containsDescendants=null, traits=null, index=null, enabled=null, optional=false, selected=null, checked=null, focused=null, childOf=null, css=null), direction=DOWN, scrollDuration=601, visibilityPercentage=100, timeout=30000, waitToSettleTimeoutMs=null, centerElement=false, originalSpeedValue=40, label=null, optional=false).centerElement
10:23:37.761 [ INFO] maestro.orchestra.Orchestra.scrollUntilVisible: visibilityPercentageNormalized: 1.0
10:23:37.761 [ INFO] maestro.cli.runner.CliConsoleListener.onCommandFinished: Scrolling DOWN until id: activities-sheet-close is visible with speed 40, visibility percentage 100%, timeout 30000 ms, with centering disabled COMPLETED
10:23:37.761 [ INFO] maestro.cli.runner.CliConsoleListener.onCommandStart: Tap on id: activities-sheet-close RUNNING
10:23:37.825 [ INFO] maestro.Maestro.tap-HgV9Ck0: Tapping on element:  UiElement(treeNode=TreeNode(attributes={text=, accessibilityText=Kapat, hintText=, ignoreBoundsFiltering=false, resource-id=activities-sheet-close, clickable=true, bounds=[24,568][296,616], enabled=true, focused=false, checked=false, scrollable=false, selected=false, class=android.widget.Button, important-for-accessibility=true, error=}, children=[TreeNode(attributes={text=Kapat, accessibilityText=, hintText=, ignoreBoundsFiltering=false, resource-id=, clickable=false, bounds=[138,582][182,602], enabled=true, focused=false, checked=false, scrollable=false, selected=false, class=android.widget.TextView, important-for-accessibility=true, error=}, children=[], clickable=false, enabled=true, focused=false, checked=false, selected=false)], clickable=true, enabled=true, focused=false, checked=false, selected=false), bounds=Bounds(x=24, y=568, width=272, height=48))
10:23:39.133 [ INFO] maestro.Maestro.tap-HgV9Ck0: Tap aimed via settled hierarchy
10:23:39.133 [ INFO] maestro.Maestro.hierarchyBasedTap-ogj28Uc: Tapping at (160, 592) using hierarchy based logic for wait
10:23:40.053 [ INFO] maestro.Maestro.hierarchyBasedTap-ogj28Uc: Something has changed in the UI judging by view hierarchy. Proceed.
10:23:40.053 [ INFO] maestro.cli.runner.CliConsoleListener.onCommandFinished: Tap on id: activities-sheet-close COMPLETED
10:23:40.053 [ INFO] maestro.cli.runner.CliConsoleListener.onCommandStart: Tap on id: tab-explore RUNNING
10:23:40.180 [ INFO] maestro.Maestro.tap-HgV9Ck0: Tapping on element:  UiElement(treeNode=TreeNode(attributes={text=, accessibilityText=Keşfet, hintText=, ignoreBoundsFiltering=false, resource-id=tab-explore, clickable=true, bounds=[24,568][78,632], enabled=true, focused=false, checked=false, scrollable=false, selected=false, class=android.view.View, important-for-accessibility=true, error=}, children=[TreeNode(attributes={text=, accessibilityText=, hintText=, ignoreBoundsFiltering=false, resource-id=, clickable=false, bounds=[39,580][63,604], enabled=true, focused=false, checked=false, scrollable=false, selected=false, class=android.widget.ImageView, important-for-accessibility=false, error=}, children=[], clickable=false, enabled=true, focused=false, checked=false, selected=false), TreeNode(attributes={text=Keşfet, accessibilityText=, hintText=, ignoreBoundsFiltering=false, resource-id=, clickable=false, bounds=[33,612][69,628], enabled=true, focused=false, checked=false, scrollable=false, selected=false, class=android.widget.TextView, important-for-accessibility=true, error=}, children=[], clickable=false, enabled=true, focused=false, checked=false, selected=false)], clickable=true, enabled=true, focused=false, checked=false, selected=false), bounds=Bounds(x=24, y=568, width=54, height=64))
10:23:41.470 [ INFO] maestro.Maestro.tap-HgV9Ck0: Tap aimed via settled hierarchy
10:23:41.470 [ INFO] maestro.Maestro.hierarchyBasedTap-ogj28Uc: Tapping at (51, 600) using hierarchy based logic for wait
10:23:42.458 [ INFO] maestro.Maestro.hierarchyBasedTap-ogj28Uc: Something has changed in the UI judging by view hierarchy. Proceed.
10:23:42.458 [ INFO] maestro.cli.runner.CliConsoleListener.onCommandFinished: Tap on id: tab-explore COMPLETED
10:23:42.458 [ INFO] maestro.cli.runner.CliConsoleListener.onCommandStart: Assert that "Liste" is visible RUNNING
10:23:42.560 [ INFO] maestro.cli.runner.CliConsoleListener.onCommandFinished: Assert that "Liste" is visible COMPLETED
10:23:42.560 [ INFO] maestro.cli.runner.CliConsoleListener.onCommandFinished: Run flows/01c-preview.yaml COMPLETED
10:23:42.560 [ INFO] maestro.cli.runner.CliConsoleListener.onCommandStart: Run flows/02-checkin.yaml RUNNING
10:23:42.560 [ INFO] maestro.cli.runner.CliConsoleListener.onCommandStart: Apply configuration RUNNING
10:23:42.560 [ INFO] maestro.cli.runner.CliConsoleListener.onCommandFinished: Apply configuration COMPLETED
10:23:42.560 [ INFO] maestro.cli.runner.CliConsoleListener.onCommandStart: Scrolling DOWN until "E2E Kafe" is visible with speed 40, visibility percentage 100%, timeout 30000 ms, with centering disabled RUNNING
10:23:42.744 [ INFO] maestro.orchestra.Orchestra.scrollUntilVisible: Scrolling try count: 0, DeviceWidth: 320, DeviceWidth: 640
10:23:42.744 [ INFO] maestro.orchestra.Orchestra.scrollUntilVisible: Element bounds: Bounds(x=102, y=155, width=142, height=23)
10:23:42.744 [ INFO] maestro.orchestra.Orchestra.scrollUntilVisible: Visibility Percent: 1.0
10:23:42.744 [ INFO] maestro.orchestra.Orchestra.scrollUntilVisible: Command centerElement: ScrollUntilVisibleCommand(selector=ElementSelector(textRegex=E2E Kafe, idRegex=null, size=null, below=null, above=null, leftOf=null, rightOf=null, containsChild=null, containsDescendants=null, traits=null, index=null, enabled=null, optional=false, selected=null, checked=null, focused=null, childOf=null, css=null), direction=DOWN, scrollDuration=601, visibilityPercentage=100, timeout=30000, waitToSettleTimeoutMs=null, centerElement=false, originalSpeedValue=40, label=null, optional=false).centerElement
10:23:42.744 [ INFO] maestro.orchestra.Orchestra.scrollUntilVisible: visibilityPercentageNormalized: 1.0
10:23:42.744 [ INFO] maestro.cli.runner.CliConsoleListener.onCommandFinished: Scrolling DOWN until "E2E Kafe" is visible with speed 40, visibility percentage 100%, timeout 30000 ms, with centering disabled COMPLETED
10:23:42.744 [ INFO] maestro.cli.runner.CliConsoleListener.onCommandStart: Take screenshot 05-explore-list RUNNING
10:23:42.745 [ INFO] maestro.Maestro.takeScreenshot: Taking screenshot
10:23:42.746 [TRACE] maestro.utils.ScreenshotUtils.takeScreenshot: Taking screenshot to output sink
10:23:42.780 [ INFO] maestro.cli.runner.CliConsoleListener.onCommandFinished: Take screenshot 05-explore-list COMPLETED
10:23:42.780 [ INFO] maestro.cli.runner.CliConsoleListener.onCommandStart: Tap on "Harita" RUNNING
10:23:42.920 [ INFO] maestro.Maestro.tap-HgV9Ck0: Tapping on element:  UiElement(treeNode=TreeNode(attributes={text=, accessibilityText=Harita, hintText=, ignoreBoundsFiltering=false, resource-id=, clickable=true, bounds=[202,38][246,82], enabled=true, focused=false, checked=false, scrollable=false, selected=false, class=android.view.View, important-for-accessibility=true, error=}, children=[TreeNode(attributes={text=, accessibilityText=, hintText=, ignoreBoundsFiltering=false, resource-id=, clickable=false, bounds=[214,49][234,70], enabled=true, focused=false, checked=false, scrollable=false, selected=false, class=android.widget.TextView, important-for-accessibility=true, error=}, children=[], clickable=false, enabled=true, focused=false, checked=false, selected=false)], clickable=true, enabled=true, focused=false, checked=false, selected=false), bounds=Bounds(x=202, y=38, width=44, height=44))
10:23:44.161 [ INFO] maestro.Maestro.tap-HgV9Ck0: Tap aimed via settled hierarchy
10:23:44.162 [ INFO] maestro.Maestro.hierarchyBasedTap-ogj28Uc: Tapping at (224, 60) using hierarchy based logic for wait
10:23:45.503 [ INFO] maestro.Maestro.hierarchyBasedTap-ogj28Uc: Something has changed in the UI judging by view hierarchy. Proceed.
10:23:45.503 [ INFO] maestro.cli.runner.CliConsoleListener.onCommandFinished: Tap on "Harita" COMPLETED
10:23:45.503 [ INFO] maestro.cli.runner.CliConsoleListener.onCommandStart: Assert that id: explore-map-ready is visible RUNNING
10:23:47.599 [ INFO] maestro.cli.runner.CliConsoleListener.onCommandFinished: Assert that id: explore-map-ready is visible COMPLETED
10:23:47.599 [ INFO] maestro.cli.runner.CliConsoleListener.onCommandStart: Assert that "Keşfet" is visible RUNNING
10:23:47.742 [ INFO] maestro.cli.runner.CliConsoleListener.onCommandFinished: Assert that "Keşfet" is visible COMPLETED
10:23:47.742 [ INFO] maestro.cli.runner.CliConsoleListener.onCommandStart: Assert that "Liste" is visible RUNNING
10:23:47.783 [ INFO] maestro.cli.runner.CliConsoleListener.onCommandFinished: Assert that "Liste" is visible COMPLETED
10:23:47.784 [ INFO] maestro.cli.runner.CliConsoleListener.onCommandStart: Take screenshot 05b-explore-map RUNNING
10:23:47.784 [ INFO] maestro.Maestro.takeScreenshot: Taking screenshot
10:23:47.784 [TRACE] maestro.utils.ScreenshotUtils.takeScreenshot: Taking screenshot to output sink
10:23:47.897 [ INFO] maestro.cli.runner.CliConsoleListener.onCommandFinished: Take screenshot 05b-explore-map COMPLETED
10:23:47.897 [ INFO] maestro.cli.runner.CliConsoleListener.onCommandStart: Run ${const end = Date.now() + 4000; while (Date.now() < end) {} } RUNNING
10:23:51.912 [ INFO] maestro.cli.runner.CliConsoleListener.onCommandFinished: Run ${const end = Date.now() + 4000; while (Date.now() < end) {} } COMPLETED
10:23:51.912 [ INFO] maestro.cli.runner.CliConsoleListener.onCommandStart: Take screenshot 05c-explore-map-settled RUNNING
10:23:51.912 [ INFO] maestro.Maestro.takeScreenshot: Taking screenshot
10:23:51.913 [TRACE] maestro.utils.ScreenshotUtils.takeScreenshot: Taking screenshot to output sink
10:23:51.959 [ INFO] maestro.cli.runner.CliConsoleListener.onCommandFinished: Take screenshot 05c-explore-map-settled COMPLETED
10:23:51.959 [ INFO] maestro.cli.runner.CliConsoleListener.onCommandStart: Tap on "Liste" RUNNING
10:23:52.075 [ INFO] maestro.Maestro.tap-HgV9Ck0: Tapping on element:  UiElement(treeNode=TreeNode(attributes={text=, accessibilityText=Liste, hintText=, ignoreBoundsFiltering=false, resource-id=, clickable=true, bounds=[156,38][200,82], enabled=true, focused=false, checked=false, scrollable=false, selected=false, class=android.view.View, important-for-accessibility=true, error=}, children=[TreeNode(attributes={text=, accessibilityText=, hintText=, ignoreBoundsFiltering=false, resource-id=, clickable=false, bounds=[168,49][188,70], enabled=true, focused=false, checked=false, scrollable=false, selected=false, class=android.widget.TextView, important-for-accessibility=true, error=}, children=[], clickable=false, enabled=true, focused=false, checked=false, selected=false)], clickable=true, enabled=true, focused=false, checked=false, selected=false), bounds=Bounds(x=156, y=38, width=44, height=44))
10:23:53.309 [ INFO] maestro.Maestro.tap-HgV9Ck0: Tap aimed via settled hierarchy
10:23:53.310 [ INFO] maestro.Maestro.hierarchyBasedTap-ogj28Uc: Tapping at (178, 60) using hierarchy based logic for wait
10:23:54.351 [ INFO] maestro.Maestro.hierarchyBasedTap-ogj28Uc: Something has changed in the UI judging by view hierarchy. Proceed.
10:23:54.351 [ INFO] maestro.cli.runner.CliConsoleListener.onCommandFinished: Tap on "Liste" COMPLETED
10:23:54.351 [ INFO] maestro.cli.runner.CliConsoleListener.onCommandStart: Scrolling DOWN until "E2E Kafe" is visible with speed 40, visibility percentage 100%, timeout 30000 ms, with centering disabled RUNNING
10:23:54.489 [ INFO] maestro.orchestra.Orchestra.scrollUntilVisible: Scrolling try count: 0, DeviceWidth: 320, DeviceWidth: 640
10:23:54.490 [ INFO] maestro.orchestra.Orchestra.scrollUntilVisible: Element bounds: Bounds(x=102, y=155, width=142, height=23)
10:23:54.490 [ INFO] maestro.orchestra.Orchestra.scrollUntilVisible: Visibility Percent: 1.0
10:23:54.490 [ INFO] maestro.orchestra.Orchestra.scrollUntilVisible: Command centerElement: ScrollUntilVisibleCommand(selector=ElementSelector(textRegex=E2E Kafe, idRegex=null, size=null, below=null, above=null, leftOf=null, rightOf=null, containsChild=null, containsDescendants=null, traits=null, index=null, enabled=null, optional=false, selected=null, checked=null, focused=null, childOf=null, css=null), direction=DOWN, scrollDuration=601, visibilityPercentage=100, timeout=30000, waitToSettleTimeoutMs=null, centerElement=false, originalSpeedValue=40, label=null, optional=false).centerElement
10:23:54.490 [ INFO] maestro.orchestra.Orchestra.scrollUntilVisible: visibilityPercentageNormalized: 1.0
10:23:54.490 [ INFO] maestro.cli.runner.CliConsoleListener.onCommandFinished: Scrolling DOWN until "E2E Kafe" is visible with speed 40, visibility percentage 100%, timeout 30000 ms, with centering disabled COMPLETED
10:23:54.490 [ INFO] maestro.cli.runner.CliConsoleListener.onCommandStart: Tap on "E2E Kafe" RUNNING
10:23:54.620 [ INFO] maestro.Maestro.tap-HgV9Ck0: Tapping on element:  UiElement(treeNode=TreeNode(attributes={text=E2E Kafe, accessibilityText=, hintText=, ignoreBoundsFiltering=false, resource-id=, clickable=false, bounds=[102,155][244,178], enabled=true, focused=false, checked=false, scrollable=false, selected=false, class=android.widget.TextView, important-for-accessibility=true, error=}, children=[], clickable=false, enabled=true, focused=false, checked=false, selected=false), bounds=Bounds(x=102, y=155, width=142, height=23))
10:23:55.907 [ INFO] maestro.Maestro.tap-HgV9Ck0: Tap aimed via settled hierarchy
10:23:55.908 [ INFO] maestro.Maestro.hierarchyBasedTap-ogj28Uc: Tapping at (173, 166) using hierarchy based logic for wait
10:23:56.877 [ INFO] maestro.Maestro.hierarchyBasedTap-ogj28Uc: Something has changed in the UI judging by view hierarchy. Proceed.
10:23:56.877 [ INFO] maestro.cli.runner.CliConsoleListener.onCommandFinished: Tap on "E2E Kafe" COMPLETED
10:23:56.877 [ INFO] maestro.cli.runner.CliConsoleListener.onCommandStart: Assert that "Buraya giriş yap" is visible RUNNING
10:23:57.007 [ INFO] maestro.cli.runner.CliConsoleListener.onCommandFinished: Assert that "Buraya giriş yap" is visible COMPLETED
10:23:57.007 [ INFO] maestro.cli.runner.CliConsoleListener.onCommandStart: Take screenshot 06-venue-detail RUNNING
10:23:57.007 [ INFO] maestro.Maestro.takeScreenshot: Taking screenshot
10:23:57.007 [TRACE] maestro.utils.ScreenshotUtils.takeScreenshot: Taking screenshot to output sink
10:23:57.069 [ INFO] maestro.cli.runner.CliConsoleListener.onCommandFinished: Take screenshot 06-venue-detail COMPLETED
10:23:57.069 [ INFO] maestro.cli.runner.CliConsoleListener.onCommandStart: Press back RUNNING
10:23:57.069 [ INFO] maestro.Maestro.backPress: Pressing back
10:23:57.912 [ INFO] maestro.cli.runner.CliConsoleListener.onCommandFinished: Press back COMPLETED
10:23:57.912 [ INFO] maestro.cli.runner.CliConsoleListener.onCommandStart: Run ../scripts/bot.js RUNNING
10:23:58.034 [ INFO] maestro.cli.runner.CliConsoleListener.onCommandFinished: Run ../scripts/bot.js COMPLETED
10:23:58.034 [ INFO] maestro.cli.runner.CliConsoleListener.onCommandStart: Launch app "app.kabuk.mobile" RUNNING
10:23:58.664 [DEBUG] maestro.Maestro.setPermissionInternal: Failed to set permission android.permission.READ_EXTERNAL_STORAGE for app app.kabuk.mobile: shell command failed (exit -1): 
Exception occurred while executing 'grant':
java.lang.SecurityException: Package app.kabuk.mobile has not requested permission android.permission.READ_EXTERNAL_STORAGE
	at com.android.server.pm.permission.PermissionManagerServiceImpl.grantRuntimePermissionInternal(PermissionManagerServiceImpl.java:1423)
	at com.android.server.pm.permission.PermissionManagerServiceImpl.grantRuntimePermission(PermissionManagerServiceImpl.java:1337)
	at com.android.server.pm.permission.PermissionManagerService.grantRuntimePermission(PermissionManagerService.java:551)
	at android.permission.PermissionManager.grantRuntimePermission(PermissionManager.java:609)
	at com.android.server.pm.PackageManagerShellCommand.runGrantRevokePermission(PackageManagerShellCommand.java:2672)
	at com.android.server.pm.PackageManagerShellCommand.onCommand(PackageManagerShellCommand.java:291)
	at com.android.modules.utils.BasicShellCommandHandler.exec(BasicShellCommandHandler.java:97)
	at android.os.ShellCommand.exec(ShellCommand.java:38)
	at com.android.server.pm.PackageManagerService$IPackageManagerImpl.onShellCommand(PackageManagerService.java:6350)
	at android.os.Binder.shellCommand(Binder.java:1068)
	at android.os.Binder.onTransact(Binder.java:888)
	at android.content.pm.IPackageManager$Stub.onTransact(IPackageManager.java:4352)
	at com.android.server.pm.PackageManagerService$IPackageManagerImpl.onTransact(PackageManagerService.java:6334)
	at android.os.Binder.execTransactInternal(Binder.java:1344)
	at android.os.Binder.execTransact(Binder.java:1275)

10:23:58.722 [DEBUG] maestro.Maestro.setPermissionInternal: Failed to set permission android.permission.WRITE_EXTERNAL_STORAGE for app app.kabuk.mobile: shell command failed (exit -1): 
Exception occurred while executing 'grant':
java.lang.SecurityException: Package app.kabuk.mobile has not requested permission android.permission.WRITE_EXTERNAL_STORAGE
	at com.android.server.pm.permission.PermissionManagerServiceImpl.grantRuntimePermissionInternal(PermissionManagerServiceImpl.java:1423)
	at com.android.server.pm.permission.PermissionManagerServiceImpl.grantRuntimePermission(PermissionManagerServiceImpl.java:1337)
	at com.android.server.pm.permission.PermissionManagerService.grantRuntimePermission(PermissionManagerService.java:551)
	at android.permission.PermissionManager.grantRuntimePermission(PermissionManager.java:609)
	at com.android.server.pm.PackageManagerShellCommand.runGrantRevokePermission(PackageManagerShellCommand.java:2672)
	at com.android.server.pm.PackageManagerShellCommand.onCommand(PackageManagerShellCommand.java:291)
	at com.android.modules.utils.BasicShellCommandHandler.exec(BasicShellCommandHandler.java:97)
	at android.os.ShellCommand.exec(ShellCommand.java:38)
	at com.android.server.pm.PackageManagerService$IPackageManagerImpl.onShellCommand(PackageManagerService.java:6350)
	at android.os.Binder.shellCommand(Binder.java:1068)
	at android.os.Binder.onTransact(Binder.java:888)
	at android.content.pm.IPackageManager$Stub.onTransact(IPackageManager.java:4352)
	at com.android.server.pm.PackageManagerService$IPackageManagerImpl.onTransact(PackageManagerService.java:6334)
	at android.os.Binder.execTransactInternal(Binder.java:1344)
	at android.os.Binder.execTransact(Binder.java:1275)

10:23:58.979 [DEBUG] maestro.Maestro.setPermissionInternal: Failed to set permission com.google.android.finsky.permission.BIND_GET_INSTALL_REFERRER_SERVICE for app app.kabuk.mobile: shell command failed (exit -1): 
Exception occurred while executing 'grant':
java.lang.IllegalArgumentException: Unknown permission: com.google.android.finsky.permission.BIND_GET_INSTALL_REFERRER_SERVICE
	at com.android.server.pm.permission.PermissionManagerServiceImpl.grantRuntimePermissionInternal(PermissionManagerServiceImpl.java:1380)
	at com.android.server.pm.permission.PermissionManagerServiceImpl.grantRuntimePermission(PermissionManagerServiceImpl.java:1337)
	at com.android.server.pm.permission.PermissionManagerService.grantRuntimePermission(PermissionManagerService.java:551)
	at android.permission.PermissionManager.grantRuntimePermission(PermissionManager.java:609)
	at com.android.server.pm.PackageManagerShellCommand.runGrantRevokePermission(PackageManagerShellCommand.java:2672)
	at com.android.server.pm.PackageManagerShellCommand.onCommand(PackageManagerShellCommand.java:291)
	at com.android.modules.utils.BasicShellCommandHandler.exec(BasicShellCommandHandler.java:97)
	at android.os.ShellCommand.exec(ShellCommand.java:38)
	at com.android.server.pm.PackageManagerService$IPackageManagerImpl.onShellCommand(PackageManagerService.java:6350)
	at android.os.Binder.shellCommand(Binder.java:1068)
	at android.os.Binder.onTransact(Binder.java:888)
	at android.content.pm.IPackageManager$Stub.onTransact(IPackageManager.java:4352)
	at com.android.server.pm.PackageManagerService$IPackageManagerImpl.onTransact(PackageManagerService.java:6334)
	at android.os.Binder.execTransactInternal(Binder.java:1344)
	at android.os.Binder.execTransact(Binder.java:1275)

10:23:59.012 [DEBUG] maestro.Maestro.setPermissionInternal: Failed to set permission com.sec.android.provider.badge.permission.READ for app app.kabuk.mobile: shell command failed (exit -1): 
Exception occurred while executing 'grant':
java.lang.IllegalArgumentException: Unknown permission: com.sec.android.provider.badge.permission.READ
	at com.android.server.pm.permission.PermissionManagerServiceImpl.grantRuntimePermissionInternal(PermissionManagerServiceImpl.java:1380)
	at com.android.server.pm.permission.PermissionManagerServiceImpl.grantRuntimePermission(PermissionManagerServiceImpl.java:1337)
	at com.android.server.pm.permission.PermissionManagerService.grantRuntimePermission(PermissionManagerService.java:551)
	at android.permission.PermissionManager.grantRuntimePermission(PermissionManager.java:609)
	at com.android.server.pm.PackageManagerShellCommand.runGrantRevokePermission(PackageManagerShellCommand.java:2672)
	at com.android.server.pm.PackageManagerShellCommand.onCommand(PackageManagerShellCommand.java:291)
	at com.android.modules.utils.BasicShellCommandHandler.exec(BasicShellCommandHandler.java:97)
	at android.os.ShellCommand.exec(ShellCommand.java:38)
	at com.android.server.pm.PackageManagerService$IPackageManagerImpl.onShellCommand(PackageManagerService.java:6350)
	at android.os.Binder.shellCommand(Binder.java:1068)
	at android.os.Binder.onTransact(Binder.java:888)
	at android.content.pm.IPackageManager$Stub.onTransact(IPackageManager.java:4352)
	at com.android.server.pm.PackageManagerService$IPackageManagerImpl.onTransact(PackageManagerService.java:6334)
	at android.os.Binder.execTransactInternal(Binder.java:1344)
	at android.os.Binder.execTransact(Binder.java:1275)

10:23:59.043 [DEBUG] maestro.Maestro.setPermissionInternal: Failed to set permission com.sec.android.provider.badge.permission.WRITE for app app.kabuk.mobile: shell command failed (exit -1): 
Exception occurred while executing 'grant':
java.lang.IllegalArgumentException: Unknown permission: com.sec.android.provider.badge.permission.WRITE
	at com.android.server.pm.permission.PermissionManagerServiceImpl.grantRuntimePermissionInternal(PermissionManagerServiceImpl.java:1380)
	at com.android.server.pm.permission.PermissionManagerServiceImpl.grantRuntimePermission(PermissionManagerServiceImpl.java:1337)
	at com.android.server.pm.permission.PermissionManagerService.grantRuntimePermission(PermissionManagerService.java:551)
	at android.permission.PermissionManager.grantRuntimePermission(PermissionManager.java:609)
	at com.android.server.pm.PackageManagerShellCommand.runGrantRevokePermission(PackageManagerShellCommand.java:2672)
	at com.android.server.pm.PackageManagerShellCommand.onCommand(PackageManagerShellCommand.java:291)
	at com.android.modules.utils.BasicShellCommandHandler.exec(BasicShellCommandHandler.java:97)
	at android.os.ShellCommand.exec(ShellCommand.java:38)
	at com.android.server.pm.PackageManagerService$IPackageManagerImpl.onShellCommand(PackageManagerService.java:6350)
	at android.os.Binder.shellCommand(Binder.java:1068)
	at android.os.Binder.onTransact(Binder.java:888)
	at android.content.pm.IPackageManager$Stub.onTransact(IPackageManager.java:4352)
	at com.android.server.pm.PackageManagerService$IPackageManagerImpl.onTransact(PackageManagerService.java:6334)
	at android.os.Binder.execTransactInternal(Binder.java:1344)
	at android.os.Binder.execTransact(Binder.java:1275)

10:23:59.072 [DEBUG] maestro.Maestro.setPermissionInternal: Failed to set permission com.htc.launcher.permission.READ_SETTINGS for app app.kabuk.mobile: shell command failed (exit -1): 
Exception occurred while executing 'grant':
java.lang.IllegalArgumentException: Unknown permission: com.htc.launcher.permission.READ_SETTINGS
	at com.android.server.pm.permission.PermissionManagerServiceImpl.grantRuntimePermissionInternal(PermissionManagerServiceImpl.java:1380)
	at com.android.server.pm.permission.PermissionManagerServiceImpl.grantRuntimePermission(PermissionManagerServiceImpl.java:1337)
	at com.android.server.pm.permission.PermissionManagerService.grantRuntimePermission(PermissionManagerService.java:551)
	at android.permission.PermissionManager.grantRuntimePermission(PermissionManager.java:609)
	at com.android.server.pm.PackageManagerShellCommand.runGrantRevokePermission(PackageManagerShellCommand.java:2672)
	at com.android.server.pm.PackageManagerShellCommand.onCommand(PackageManagerShellCommand.java:291)
	at com.android.modules.utils.BasicShellCommandHandler.exec(BasicShellCommandHandler.java:97)
	at android.os.ShellCommand.exec(ShellCommand.java:38)
	at com.android.server.pm.PackageManagerService$IPackageManagerImpl.onShellCommand(PackageManagerService.java:6350)
	at android.os.Binder.shellCommand(Binder.java:1068)
	at android.os.Binder.onTransact(Binder.java:888)
	at android.content.pm.IPackageManager$Stub.onTransact(IPackageManager.java:4352)
	at com.android.server.pm.PackageManagerService$IPackageManagerImpl.onTransact(PackageManagerService.java:6334)
	at android.os.Binder.execTransactInternal(Binder.java:1344)
	at android.os.Binder.execTransact(Binder.java:1275)

10:23:59.092 [DEBUG] maestro.Maestro.setPermissionInternal: Failed to set permission com.htc.launcher.permission.UPDATE_SHORTCUT for app app.kabuk.mobile: shell command failed (exit -1): 
Exception occurred while executing 'grant':
java.lang.IllegalArgumentException: Unknown permission: com.htc.launcher.permission.UPDATE_SHORTCUT
	at com.android.server.pm.permission.PermissionManagerServiceImpl.grantRuntimePermissionInternal(PermissionManagerServiceImpl.java:1380)
	at com.android.server.pm.permission.PermissionManagerServiceImpl.grantRuntimePermission(PermissionManagerServiceImpl.java:1337)
	at com.android.server.pm.permission.PermissionManagerService.grantRuntimePermission(PermissionManagerService.java:551)
	at android.permission.PermissionManager.grantRuntimePermission(PermissionManager.java:609)
	at com.android.server.pm.PackageManagerShellCommand.runGrantRevokePermission(PackageManagerShellCommand.java:2672)
	at com.android.server.pm.PackageManagerShellCommand.onCommand(PackageManagerShellCommand.java:291)
	at com.android.modules.utils.BasicShellCommandHandler.exec(BasicShellCommandHandler.java:97)
	at android.os.ShellCommand.exec(ShellCommand.java:38)
	at com.android.server.pm.PackageManagerService$IPackageManagerImpl.onShellCommand(PackageManagerService.java:6350)
	at android.os.Binder.shellCommand(Binder.java:1068)
	at android.os.Binder.onTransact(Binder.java:888)
	at android.content.pm.IPackageManager$Stub.onTransact(IPackageManager.java:4352)
	at com.android.server.pm.PackageManagerService$IPackageManagerImpl.onTransact(PackageManagerService.java:6334)
	at android.os.Binder.execTransactInternal(Binder.java:1344)
	at android.os.Binder.execTransact(Binder.java:1275)

10:23:59.110 [DEBUG] maestro.Maestro.setPermissionInternal: Failed to set permission com.sonyericsson.home.permission.BROADCAST_BADGE for app app.kabuk.mobile: shell command failed (exit -1): 
Exception occurred while executing 'grant':
java.lang.IllegalArgumentException: Unknown permission: com.sonyericsson.home.permission.BROADCAST_BADGE
	at com.android.server.pm.permission.PermissionManagerServiceImpl.grantRuntimePermissionInternal(PermissionManagerServiceImpl.java:1380)
	at com.android.server.pm.permission.PermissionManagerServiceImpl.grantRuntimePermission(PermissionManagerServiceImpl.java:1337)
	at com.android.server.pm.permission.PermissionManagerService.grantRuntimePermission(PermissionManagerService.java:551)
	at android.permission.PermissionManager.grantRuntimePermission(PermissionManager.java:609)
	at com.android.server.pm.PackageManagerShellCommand.runGrantRevokePermission(PackageManagerShellCommand.java:2672)
	at com.android.server.pm.PackageManagerShellCommand.onCommand(PackageManagerShellCommand.java:291)
	at com.android.modules.utils.BasicShellCommandHandler.exec(BasicShellCommandHandler.java:97)
	at android.os.ShellCommand.exec(ShellCommand.java:38)
	at com.android.server.pm.PackageManagerService$IPackageManagerImpl.onShellCommand(PackageManagerService.java:6350)
	at android.os.Binder.shellCommand(Binder.java:1068)
	at android.os.Binder.onTransact(Binder.java:888)
	at android.content.pm.IPackageManager$Stub.onTransact(IPackageManager.java:4352)
	at com.android.server.pm.PackageManagerService$IPackageManagerImpl.onTransact(PackageManagerService.java:6334)
	at android.os.Binder.execTransactInternal(Binder.java:1344)
	at android.os.Binder.execTransact(Binder.java:1275)

10:23:59.130 [DEBUG] maestro.Maestro.setPermissionInternal: Failed to set permission com.sonymobile.home.permission.PROVIDER_INSERT_BADGE for app app.kabuk.mobile: shell command failed (exit -1): 
Exception occurred while executing 'grant':
java.lang.IllegalArgumentException: Unknown permission: com.sonymobile.home.permission.PROVIDER_INSERT_BADGE
	at com.android.server.pm.permission.PermissionManagerServiceImpl.grantRuntimePermissionInternal(PermissionManagerServiceImpl.java:1380)
	at com.android.server.pm.permission.PermissionManagerServiceImpl.grantRuntimePermission(PermissionManagerServiceImpl.java:1337)
	at com.android.server.pm.permission.PermissionManagerService.grantRuntimePermission(PermissionManagerService.java:551)
	at android.permission.PermissionManager.grantRuntimePermission(PermissionManager.java:609)
	at com.android.server.pm.PackageManagerShellCommand.runGrantRevokePermission(PackageManagerShellCommand.java:2672)
	at com.android.server.pm.PackageManagerShellCommand.onCommand(PackageManagerShellCommand.java:291)
	at com.android.modules.utils.BasicShellCommandHandler.exec(BasicShellCommandHandler.java:97)
	at android.os.ShellCommand.exec(ShellCommand.java:38)
	at com.android.server.pm.PackageManagerService$IPackageManagerImpl.onShellCommand(PackageManagerService.java:6350)
	at android.os.Binder.shellCommand(Binder.java:1068)
	at android.os.Binder.onTransact(Binder.java:888)
	at android.content.pm.IPackageManager$Stub.onTransact(IPackageManager.java:4352)
	at com.android.server.pm.PackageManagerService$IPackageManagerImpl.onTransact(PackageManagerService.java:6334)
	at android.os.Binder.execTransactInternal(Binder.java:1344)
	at android.os.Binder.execTransact(Binder.java:1275)

10:23:59.148 [DEBUG] maestro.Maestro.setPermissionInternal: Failed to set permission com.anddoes.launcher.permission.UPDATE_COUNT for app app.kabuk.mobile: shell command failed (exit -1): 
Exception occurred while executing 'grant':
java.lang.IllegalArgumentException: Unknown permission: com.anddoes.launcher.permission.UPDATE_COUNT
	at com.android.server.pm.permission.PermissionManagerServiceImpl.grantRuntimePermissionInternal(PermissionManagerServiceImpl.java:1380)
	at com.android.server.pm.permission.PermissionManagerServiceImpl.grantRuntimePermission(PermissionManagerServiceImpl.java:1337)
	at com.android.server.pm.permission.PermissionManagerService.grantRuntimePermission(PermissionManagerService.java:551)
	at android.permission.PermissionManager.grantRuntimePermission(PermissionManager.java:609)
	at com.android.server.pm.PackageManagerShellCommand.runGrantRevokePermission(PackageManagerShellCommand.java:2672)
	at com.android.server.pm.PackageManagerShellCommand.onCommand(PackageManagerShellCommand.java:291)
	at com.android.modules.utils.BasicShellCommandHandler.exec(BasicShellCommandHandler.java:97)
	at android.os.ShellCommand.exec(ShellCommand.java:38)
	at com.android.server.pm.PackageManagerService$IPackageManagerImpl.onShellCommand(PackageManagerService.java:6350)
	at android.os.Binder.shellCommand(Binder.java:1068)
	at android.os.Binder.onTransact(Binder.java:888)
	at android.content.pm.IPackageManager$Stub.onTransact(IPackageManager.java:4352)
	at com.android.server.pm.PackageManagerService$IPackageManagerImpl.onTransact(PackageManagerService.java:6334)
	at android.os.Binder.execTransactInternal(Binder.java:1344)
	at android.os.Binder.execTransact(Binder.java:1275)

10:23:59.176 [DEBUG] maestro.Maestro.setPermissionInternal: Failed to set permission com.majeur.launcher.permission.UPDATE_BADGE for app app.kabuk.mobile: shell command failed (exit -1): 
Exception occurred while executing 'grant':
java.lang.IllegalArgumentException: Unknown permission: com.majeur.launcher.permission.UPDATE_BADGE
	at com.android.server.pm.permission.PermissionManagerServiceImpl.grantRuntimePermissionInternal(PermissionManagerServiceImpl.java:1380)
	at com.android.server.pm.permission.PermissionManagerServiceImpl.grantRuntimePermission(PermissionManagerServiceImpl.java:1337)
	at com.android.server.pm.permission.PermissionManagerService.grantRuntimePermission(PermissionManagerService.java:551)
	at android.permission.PermissionManager.grantRuntimePermission(PermissionManager.java:609)
	at com.android.server.pm.PackageManagerShellCommand.runGrantRevokePermission(PackageManagerShellCommand.java:2672)
	at com.android.server.pm.PackageManagerShellCommand.onCommand(PackageManagerShellCommand.java:291)
	at com.android.modules.utils.BasicShellCommandHandler.exec(BasicShellCommandHandler.java:97)
	at android.os.ShellCommand.exec(ShellCommand.java:38)
	at com.android.server.pm.PackageManagerService$IPackageManagerImpl.onShellCommand(PackageManagerService.java:6350)
	at android.os.Binder.shellCommand(Binder.java:1068)
	at android.os.Binder.onTransact(Binder.java:888)
	at android.content.pm.IPackageManager$Stub.onTransact(IPackageManager.java:4352)
	at com.android.server.pm.PackageManagerService$IPackageManagerImpl.onTransact(PackageManagerService.java:6334)
	at android.os.Binder.execTransactInternal(Binder.java:1344)
	at android.os.Binder.execTransact(Binder.java:1275)

10:23:59.202 [DEBUG] maestro.Maestro.setPermissionInternal: Failed to set permission com.huawei.android.launcher.permission.CHANGE_BADGE for app app.kabuk.mobile: shell command failed (exit -1): 
Exception occurred while executing 'grant':
java.lang.IllegalArgumentException: Unknown permission: com.huawei.android.launcher.permission.CHANGE_BADGE
	at com.android.server.pm.permission.PermissionManagerServiceImpl.grantRuntimePermissionInternal(PermissionManagerServiceImpl.java:1380)
	at com.android.server.pm.permission.PermissionManagerServiceImpl.grantRuntimePermission(PermissionManagerServiceImpl.java:1337)
	at com.android.server.pm.permission.PermissionManagerService.grantRuntimePermission(PermissionManagerService.java:551)
	at android.permission.PermissionManager.grantRuntimePermission(PermissionManager.java:609)
	at com.android.server.pm.PackageManagerShellCommand.runGrantRevokePermission(PackageManagerShellCommand.java:2672)
	at com.android.server.pm.PackageManagerShellCommand.onCommand(PackageManagerShellCommand.java:291)
	at com.android.modules.utils.BasicShellCommandHandler.exec(BasicShellCommandHandler.java:97)
	at android.os.ShellCommand.exec(ShellCommand.java:38)
	at com.android.server.pm.PackageManagerService$IPackageManagerImpl.onShellCommand(PackageManagerService.java:6350)
	at android.os.Binder.shellCommand(Binder.java:1068)
	at android.os.Binder.onTransact(Binder.java:888)
	at android.content.pm.IPackageManager$Stub.onTransact(IPackageManager.java:4352)
	at com.android.server.pm.PackageManagerService$IPackageManagerImpl.onTransact(PackageManagerService.java:6334)
	at android.os.Binder.execTransactInternal(Binder.java:1344)
	at android.os.Binder.execTransact(Binder.java:1275)

10:23:59.223 [DEBUG] maestro.Maestro.setPermissionInternal: Failed to set permission com.huawei.android.launcher.permission.READ_SETTINGS for app app.kabuk.mobile: shell command failed (exit -1): 
Exception occurred while executing 'grant':
java.lang.IllegalArgumentException: Unknown permission: com.huawei.android.launcher.permission.READ_SETTINGS
	at com.android.server.pm.permission.PermissionManagerServiceImpl.grantRuntimePermissionInternal(PermissionManagerServiceImpl.java:1380)
	at com.android.server.pm.permission.PermissionManagerServiceImpl.grantRuntimePermission(PermissionManagerServiceImpl.java:1337)
	at com.android.server.pm.permission.PermissionManagerService.grantRuntimePermission(PermissionManagerService.java:551)
	at android.permission.PermissionManager.grantRuntimePermission(PermissionManager.java:609)
	at com.android.server.pm.PackageManagerShellCommand.runGrantRevokePermission(PackageManagerShellCommand.java:2672)
	at com.android.server.pm.PackageManagerShellCommand.onCommand(PackageManagerShellCommand.java:291)
	at com.android.modules.utils.BasicShellCommandHandler.exec(BasicShellCommandHandler.java:97)
	at android.os.ShellCommand.exec(ShellCommand.java:38)
	at com.android.server.pm.PackageManagerService$IPackageManagerImpl.onShellCommand(PackageManagerService.java:6350)
	at android.os.Binder.shellCommand(Binder.java:1068)
	at android.os.Binder.onTransact(Binder.java:888)
	at android.content.pm.IPackageManager$Stub.onTransact(IPackageManager.java:4352)
	at com.android.server.pm.PackageManagerService$IPackageManagerImpl.onTransact(PackageManagerService.java:6334)
	at android.os.Binder.execTransactInternal(Binder.java:1344)
	at android.os.Binder.execTransact(Binder.java:1275)

10:23:59.247 [DEBUG] maestro.Maestro.setPermissionInternal: Failed to set permission com.huawei.android.launcher.permission.WRITE_SETTINGS for app app.kabuk.mobile: shell command failed (exit -1): 
Exception occurred while executing 'grant':
java.lang.IllegalArgumentException: Unknown permission: com.huawei.android.launcher.permission.WRITE_SETTINGS
	at com.android.server.pm.permission.PermissionManagerServiceImpl.grantRuntimePermissionInternal(PermissionManagerServiceImpl.java:1380)
	at com.android.server.pm.permission.PermissionManagerServiceImpl.grantRuntimePermission(PermissionManagerServiceImpl.java:1337)
	at com.android.server.pm.permission.PermissionManagerService.grantRuntimePermission(PermissionManagerService.java:551)
	at android.permission.PermissionManager.grantRuntimePermission(PermissionManager.java:609)
	at com.android.server.pm.PackageManagerShellCommand.runGrantRevokePermission(PackageManagerShellCommand.java:2672)
	at com.android.server.pm.PackageManagerShellCommand.onCommand(PackageManagerShellCommand.java:291)
	at com.android.modules.utils.BasicShellCommandHandler.exec(BasicShellCommandHandler.java:97)
	at android.os.ShellCommand.exec(ShellCommand.java:38)
	at com.android.server.pm.PackageManagerService$IPackageManagerImpl.onShellCommand(PackageManagerService.java:6350)
	at android.os.Binder.shellCommand(Binder.java:1068)
	at android.os.Binder.onTransact(Binder.java:888)
	at android.content.pm.IPackageManager$Stub.onTransact(IPackageManager.java:4352)
	at com.android.server.pm.PackageManagerService$IPackageManagerImpl.onTransact(PackageManagerService.java:6334)
	at android.os.Binder.execTransactInternal(Binder.java:1344)
	at android.os.Binder.execTransact(Binder.java:1275)

10:23:59.270 [DEBUG] maestro.Maestro.setPermissionInternal: Failed to set permission android.permission.READ_APP_BADGE for app app.kabuk.mobile: shell command failed (exit -1): 
Exception occurred while executing 'grant':
java.lang.IllegalArgumentException: Unknown permission: android.permission.READ_APP_BADGE
	at com.android.server.pm.permission.PermissionManagerServiceImpl.grantRuntimePermissionInternal(PermissionManagerServiceImpl.java:1380)
	at com.android.server.pm.permission.PermissionManagerServiceImpl.grantRuntimePermission(PermissionManagerServiceImpl.java:1337)
	at com.android.server.pm.permission.PermissionManagerService.grantRuntimePermission(PermissionManagerService.java:551)
	at android.permission.PermissionManager.grantRuntimePermission(PermissionManager.java:609)
	at com.android.server.pm.PackageManagerShellCommand.runGrantRevokePermission(PackageManagerShellCommand.java:2672)
	at com.android.server.pm.PackageManagerShellCommand.onCommand(PackageManagerShellCommand.java:291)
	at com.android.modules.utils.BasicShellCommandHandler.exec(BasicShellCommandHandler.java:97)
	at android.os.ShellCommand.exec(ShellCommand.java:38)
	at com.android.server.pm.PackageManagerService$IPackageManagerImpl.onShellCommand(PackageManagerService.java:6350)
	at android.os.Binder.shellCommand(Binder.java:1068)
	at android.os.Binder.onTransact(Binder.java:888)
	at android.content.pm.IPackageManager$Stub.onTransact(IPackageManager.java:4352)
	at com.android.server.pm.PackageManagerService$IPackageManagerImpl.onTransact(PackageManagerService.java:6334)
	at android.os.Binder.execTransactInternal(Binder.java:1344)
	at android.os.Binder.execTransact(Binder.java:1275)

10:23:59.296 [DEBUG] maestro.Maestro.setPermissionInternal: Failed to set permission com.oppo.launcher.permission.READ_SETTINGS for app app.kabuk.mobile: shell command failed (exit -1): 
Exception occurred while executing 'grant':
java.lang.IllegalArgumentException: Unknown permission: com.oppo.launcher.permission.READ_SETTINGS
	at com.android.server.pm.permission.PermissionManagerServiceImpl.grantRuntimePermissionInternal(PermissionManagerServiceImpl.java:1380)
	at com.android.server.pm.permission.PermissionManagerServiceImpl.grantRuntimePermission(PermissionManagerServiceImpl.java:1337)
	at com.android.server.pm.permission.PermissionManagerService.grantRuntimePermission(PermissionManagerService.java:551)
	at android.permission.PermissionManager.grantRuntimePermission(PermissionManager.java:609)
	at com.android.server.pm.PackageManagerShellCommand.runGrantRevokePermission(PackageManagerShellCommand.java:2672)
	at com.android.server.pm.PackageManagerShellCommand.onCommand(PackageManagerShellCommand.java:291)
	at com.android.modules.utils.BasicShellCommandHandler.exec(BasicShellCommandHandler.java:97)
	at android.os.ShellCommand.exec(ShellCommand.java:38)
	at com.android.server.pm.PackageManagerService$IPackageManagerImpl.onShellCommand(PackageManagerService.java:6350)
	at android.os.Binder.shellCommand(Binder.java:1068)
	at android.os.Binder.onTransact(Binder.java:888)
	at android.content.pm.IPackageManager$Stub.onTransact(IPackageManager.java:4352)
	at com.android.server.pm.PackageManagerService$IPackageManagerImpl.onTransact(PackageManagerService.java:6334)
	at android.os.Binder.execTransactInternal(Binder.java:1344)
	at android.os.Binder.execTransact(Binder.java:1275)

10:23:59.314 [DEBUG] maestro.Maestro.setPermissionInternal: Failed to set permission com.oppo.launcher.permission.WRITE_SETTINGS for app app.kabuk.mobile: shell command failed (exit -1): 
Exception occurred while executing 'grant':
java.lang.IllegalArgumentException: Unknown permission: com.oppo.launcher.permission.WRITE_SETTINGS
	at com.android.server.pm.permission.PermissionManagerServiceImpl.grantRuntimePermissionInternal(PermissionManagerServiceImpl.java:1380)
	at com.android.server.pm.permission.PermissionManagerServiceImpl.grantRuntimePermission(PermissionManagerServiceImpl.java:1337)
	at com.android.server.pm.permission.PermissionManagerService.grantRuntimePermission(PermissionManagerService.java:551)
	at android.permission.PermissionManager.grantRuntimePermission(PermissionManager.java:609)
	at com.android.server.pm.PackageManagerShellCommand.runGrantRevokePermission(PackageManagerShellCommand.java:2672)
	at com.android.server.pm.PackageManagerShellCommand.onCommand(PackageManagerShellCommand.java:291)
	at com.android.modules.utils.BasicShellCommandHandler.exec(BasicShellCommandHandler.java:97)
	at android.os.ShellCommand.exec(ShellCommand.java:38)
	at com.android.server.pm.PackageManagerService$IPackageManagerImpl.onShellCommand(PackageManagerService.java:6350)
	at android.os.Binder.shellCommand(Binder.java:1068)
	at android.os.Binder.onTransact(Binder.java:888)
	at android.content.pm.IPackageManager$Stub.onTransact(IPackageManager.java:4352)
	at com.android.server.pm.PackageManagerService$IPackageManagerImpl.onTransact(PackageManagerService.java:6334)
	at android.os.Binder.execTransactInternal(Binder.java:1344)
	at android.os.Binder.execTransact(Binder.java:1275)

10:23:59.334 [DEBUG] maestro.Maestro.setPermissionInternal: Failed to set permission me.everything.badger.permission.BADGE_COUNT_READ for app app.kabuk.mobile: shell command failed (exit -1): 
Exception occurred while executing 'grant':
java.lang.IllegalArgumentException: Unknown permission: me.everything.badger.permission.BADGE_COUNT_READ
	at com.android.server.pm.permission.PermissionManagerServiceImpl.grantRuntimePermissionInternal(PermissionManagerServiceImpl.java:1380)
	at com.android.server.pm.permission.PermissionManagerServiceImpl.grantRuntimePermission(PermissionManagerServiceImpl.java:1337)
	at com.android.server.pm.permission.PermissionManagerService.grantRuntimePermission(PermissionManagerService.java:551)
	at android.permission.PermissionManager.grantRuntimePermission(PermissionManager.java:609)
	at com.android.server.pm.PackageManagerShellCommand.runGrantRevokePermission(PackageManagerShellCommand.java:2672)
	at com.android.server.pm.PackageManagerShellCommand.onCommand(PackageManagerShellCommand.java:291)
	at com.android.modules.utils.BasicShellCommandHandler.exec(BasicShellCommandHandler.java:97)
	at android.os.ShellCommand.exec(ShellCommand.java:38)
	at com.android.server.pm.PackageManagerService$IPackageManagerImpl.onShellCommand(PackageManagerService.java:6350)
	at android.os.Binder.shellCommand(Binder.java:1068)
	at android.os.Binder.onTransact(Binder.java:888)
	at android.content.pm.IPackageManager$Stub.onTransact(IPackageManager.java:4352)
	at com.android.server.pm.PackageManagerService$IPackageManagerImpl.onTransact(PackageManagerService.java:6334)
	at android.os.Binder.execTransactInternal(Binder.java:1344)
	at android.os.Binder.execTransact(Binder.java:1275)

10:23:59.353 [DEBUG] maestro.Maestro.setPermissionInternal: Failed to set permission me.everything.badger.permission.BADGE_COUNT_WRITE for app app.kabuk.mobile: shell command failed (exit -1): 
Exception occurred while executing 'grant':
java.lang.IllegalArgumentException: Unknown permission: me.everything.badger.permission.BADGE_COUNT_WRITE
	at com.android.server.pm.permission.PermissionManagerServiceImpl.grantRuntimePermissionInternal(PermissionManagerServiceImpl.java:1380)
	at com.android.server.pm.permission.PermissionManagerServiceImpl.grantRuntimePermission(PermissionManagerServiceImpl.java:1337)
	at com.android.server.pm.permission.PermissionManagerService.grantRuntimePermission(PermissionManagerService.java:551)
	at android.permission.PermissionManager.grantRuntimePermission(PermissionManager.java:609)
	at com.android.server.pm.PackageManagerShellCommand.runGrantRevokePermission(PackageManagerShellCommand.java:2672)
	at com.android.server.pm.PackageManagerShellCommand.onCommand(PackageManagerShellCommand.java:291)
	at com.android.modules.utils.BasicShellCommandHandler.exec(BasicShellCommandHandler.java:97)
	at android.os.ShellCommand.exec(ShellCommand.java:38)
	at com.android.server.pm.PackageManagerService$IPackageManagerImpl.onShellCommand(PackageManagerService.java:6350)
	at android.os.Binder.shellCommand(Binder.java:1068)
	at android.os.Binder.onTransact(Binder.java:888)
	at android.content.pm.IPackageManager$Stub.onTransact(IPackageManager.java:4352)
	at com.android.server.pm.PackageManagerService$IPackageManagerImpl.onTransact(PackageManagerService.java:6334)
	at android.os.Binder.execTransactInternal(Binder.java:1344)
	at android.os.Binder.execTransact(Binder.java:1275)

10:23:59.354 [ INFO] maestro.Maestro.launchApp$lambda$5: Launching app app.kabuk.mobile
10:23:59.354 [ INFO] maestro.Maestro.launchApp$lambda$5: Stopping app.kabuk.mobile app during launch
10:23:59.529 [ INFO] maestro.cli.runner.CliConsoleListener.onCommandFinished: Launch app "app.kabuk.mobile" COMPLETED
10:23:59.529 [ INFO] maestro.cli.runner.CliConsoleListener.onCommandStart: Assert that "Yeni mekanlar yakında." is visible RUNNING
10:24:04.029 [ INFO] maestro.cli.runner.CliConsoleListener.onCommandFinished: Assert that "Yeni mekanlar yakında." is visible COMPLETED
10:24:04.030 [ INFO] maestro.cli.runner.CliConsoleListener.onCommandStart: Assert that "E2E Kafe" is visible RUNNING
10:24:04.193 [ INFO] maestro.cli.runner.CliConsoleListener.onCommandFinished: Assert that "E2E Kafe" is visible COMPLETED
10:24:04.193 [ INFO] maestro.cli.runner.CliConsoleListener.onCommandStart: Assert that "Liste" is not visible RUNNING
10:24:04.839 [ INFO] maestro.cli.runner.CliConsoleListener.onCommandFinished: Assert that "Liste" is not visible COMPLETED
10:24:04.839 [ INFO] maestro.cli.runner.CliConsoleListener.onCommandStart: Take screenshot 06b-explore-single RUNNING
10:24:04.839 [ INFO] maestro.Maestro.takeScreenshot: Taking screenshot
10:24:04.840 [TRACE] maestro.utils.ScreenshotUtils.takeScreenshot: Taking screenshot to output sink
10:24:04.870 [ INFO] maestro.cli.runner.CliConsoleListener.onCommandFinished: Take screenshot 06b-explore-single COMPLETED
10:24:04.870 [ INFO] maestro.cli.runner.CliConsoleListener.onCommandStart: Tap on "Buraya giriş yap" RUNNING
10:24:05.048 [ INFO] maestro.Maestro.tap-HgV9Ck0: Tapping on element:  UiElement(treeNode=TreeNode(attributes={text=Buraya giriş yap, accessibilityText=, hintText=, ignoreBoundsFiltering=false, resource-id=, clickable=false, bounds=[93,374][228,396], enabled=true, focused=false, checked=false, scrollable=false, selected=false, class=android.widget.TextView, important-for-accessibility=true, error=}, children=[], clickable=false, enabled=true, focused=false, checked=false, selected=false), bounds=Bounds(x=93, y=374, width=135, height=22))
10:24:06.261 [ INFO] maestro.Maestro.tap-HgV9Ck0: Tap aimed via settled hierarchy
10:24:06.262 [ INFO] maestro.Maestro.hierarchyBasedTap-ogj28Uc: Tapping at (160, 385) using hierarchy based logic for wait
10:24:07.581 [ INFO] maestro.Maestro.hierarchyBasedTap-ogj28Uc: Something has changed in the UI judging by view hierarchy. Proceed.
10:24:07.581 [ INFO] maestro.cli.runner.CliConsoleListener.onCommandFinished: Tap on "Buraya giriş yap" COMPLETED
10:24:07.581 [ INFO] maestro.cli.runner.CliConsoleListener.onCommandStart: Assert that "Konumumu kullan" is visible RUNNING
10:24:07.654 [ INFO] maestro.cli.runner.CliConsoleListener.onCommandFinished: Assert that "Konumumu kullan" is visible COMPLETED
10:24:07.655 [ INFO] maestro.cli.runner.CliConsoleListener.onCommandStart: Tap on "Konumumun bu amaçla kullanılmasına açık rıza veriyorum." RUNNING
10:24:07.762 [ INFO] maestro.Maestro.tap-HgV9Ck0: Tapping on element:  UiElement(treeNode=TreeNode(attributes={text=Konumumun bu amaçla kullanılmasına açık rıza veriyorum., accessibilityText=, hintText=, ignoreBoundsFiltering=false, resource-id=, clickable=false, bounds=[58,358][300,427], enabled=true, focused=false, checked=false, scrollable=false, selected=false, class=android.widget.TextView, important-for-accessibility=true, error=}, children=[], clickable=false, enabled=true, focused=false, checked=false, selected=false), bounds=Bounds(x=58, y=358, width=242, height=69))
10:24:08.997 [ INFO] maestro.Maestro.tap-HgV9Ck0: Tap aimed via settled hierarchy
10:24:08.997 [ INFO] maestro.Maestro.hierarchyBasedTap-ogj28Uc: Tapping at (179, 392) using hierarchy based logic for wait
10:24:09.917 [ INFO] maestro.Maestro.hierarchyBasedTap-ogj28Uc: Something has changed in the UI judging by view hierarchy. Proceed.
10:24:09.917 [ INFO] maestro.cli.runner.CliConsoleListener.onCommandFinished: Tap on "Konumumun bu amaçla kullanılmasına açık rıza veriyorum." COMPLETED
10:24:09.918 [ INFO] maestro.cli.runner.CliConsoleListener.onCommandStart: Take screenshot 07-location-consent RUNNING
10:24:09.918 [ INFO] maestro.Maestro.takeScreenshot: Taking screenshot
10:24:09.918 [TRACE] maestro.utils.ScreenshotUtils.takeScreenshot: Taking screenshot to output sink
10:24:09.981 [ INFO] maestro.cli.runner.CliConsoleListener.onCommandFinished: Take screenshot 07-location-consent COMPLETED
10:24:09.982 [ INFO] maestro.cli.runner.CliConsoleListener.onCommandStart: Set location (${OUTSIDE_LAT}, ${OUTSIDE_LNG}) RUNNING
10:24:09.989 [ INFO] maestro.Maestro.setLocation$lambda$50: Setting location: (40.9999999410393, 28.643693994615862)
10:24:09.992 [ INFO] maestro.drivers.AndroidDriver.setLocation$lambda$50: [Start] Setting up for mocking location 40.9999999410393, 28.643693994615862
10:24:10.102 [ INFO] maestro.drivers.AndroidDriver.setLocation$lambda$50: [Done] Setting up for mocking location 40.9999999410393, 28.643693994615862
10:24:10.134 [ INFO] maestro.cli.runner.CliConsoleListener.onCommandFinished: Set location (${OUTSIDE_LAT}, ${OUTSIDE_LNG}) COMPLETED
10:24:10.134 [ INFO] maestro.cli.runner.CliConsoleListener.onCommandStart: Tap on "Konumumu kullan" RUNNING
10:24:10.375 [ INFO] maestro.Maestro.tap-HgV9Ck0: Tapping on element:  UiElement(treeNode=TreeNode(attributes={text=Konumumu kullan, accessibilityText=, hintText=, ignoreBoundsFiltering=false, resource-id=, clickable=false, bounds=[92,574][228,594], enabled=true, focused=false, checked=false, scrollable=false, selected=false, class=android.widget.TextView, important-for-accessibility=true, error=}, children=[], clickable=false, enabled=true, focused=false, checked=false, selected=false), bounds=Bounds(x=92, y=574, width=136, height=20))
10:24:11.618 [ INFO] maestro.Maestro.tap-HgV9Ck0: Tap aimed via settled hierarchy
10:24:11.618 [ INFO] maestro.Maestro.hierarchyBasedTap-ogj28Uc: Tapping at (160, 584) using hierarchy based logic for wait
10:24:12.833 [ INFO] maestro.Maestro.hierarchyBasedTap-ogj28Uc: Something has changed in the UI judging by view hierarchy. Proceed.
10:24:12.833 [ INFO] maestro.cli.runner.CliConsoleListener.onCommandFinished: Tap on "Konumumu kullan" COMPLETED
10:24:12.833 [ INFO] maestro.cli.runner.CliConsoleListener.onCommandStart: Assert that "Kampüsün içinde görünmüyorsun. Kampüse girince tekrar dene." is visible RUNNING
10:24:12.910 [ INFO] maestro.cli.runner.CliConsoleListener.onCommandFinished: Assert that "Kampüsün içinde görünmüyorsun. Kampüse girince tekrar dene." is visible COMPLETED
10:24:12.910 [ INFO] maestro.cli.runner.CliConsoleListener.onCommandStart: Take screenshot 08-too-far RUNNING
10:24:12.910 [ INFO] maestro.Maestro.takeScreenshot: Taking screenshot
10:24:12.911 [TRACE] maestro.utils.ScreenshotUtils.takeScreenshot: Taking screenshot to output sink
10:24:12.970 [ INFO] maestro.cli.runner.CliConsoleListener.onCommandFinished: Take screenshot 08-too-far COMPLETED
10:24:12.970 [ INFO] maestro.cli.runner.CliConsoleListener.onCommandStart: Set location (${INSIDE_LAT}, ${INSIDE_LNG}) RUNNING
10:24:12.975 [ INFO] maestro.Maestro.setLocation$lambda$50: Setting location: (41, 28.64)
10:24:13.015 [ INFO] maestro.cli.runner.CliConsoleListener.onCommandFinished: Set location (${INSIDE_LAT}, ${INSIDE_LNG}) COMPLETED
10:24:13.016 [ INFO] maestro.cli.runner.CliConsoleListener.onCommandStart: Tap on "Konumumu kullan" RUNNING
10:24:13.113 [ INFO] maestro.Maestro.tap-HgV9Ck0: Tapping on element:  UiElement(treeNode=TreeNode(attributes={text=Konumumu kullan, accessibilityText=, hintText=, ignoreBoundsFiltering=false, resource-id=, clickable=false, bounds=[92,574][228,594], enabled=true, focused=false, checked=false, scrollable=false, selected=false, class=android.widget.TextView, important-for-accessibility=true, error=}, children=[], clickable=false, enabled=true, focused=false, checked=false, selected=false), bounds=Bounds(x=92, y=574, width=136, height=20))
10:24:14.361 [ INFO] maestro.Maestro.tap-HgV9Ck0: Tap aimed via settled hierarchy
10:24:14.362 [ INFO] maestro.Maestro.hierarchyBasedTap-ogj28Uc: Tapping at (160, 584) using hierarchy based logic for wait
10:24:15.465 [ INFO] maestro.Maestro.hierarchyBasedTap-ogj28Uc: Something has changed in the UI judging by view hierarchy. Proceed.
10:24:15.465 [ INFO] maestro.cli.runner.CliConsoleListener.onCommandFinished: Tap on "Konumumu kullan" COMPLETED
10:24:15.465 [ INFO] maestro.cli.runner.CliConsoleListener.onCommandStart: Assert that "Neredesin\?" is visible RUNNING
10:24:15.618 [ INFO] maestro.cli.runner.CliConsoleListener.onCommandFinished: Assert that "Neredesin\?" is visible COMPLETED
10:24:15.618 [ INFO] maestro.cli.runner.CliConsoleListener.onCommandStart: Take screenshot 08b-spot RUNNING
10:24:15.618 [ INFO] maestro.Maestro.takeScreenshot: Taking screenshot
10:24:15.619 [TRACE] maestro.utils.ScreenshotUtils.takeScreenshot: Taking screenshot to output sink
10:24:15.643 [ INFO] maestro.cli.runner.CliConsoleListener.onCommandFinished: Take screenshot 08b-spot COMPLETED
10:24:15.643 [ INFO] maestro.cli.runner.CliConsoleListener.onCommandStart: Tap on id: spot-kantin RUNNING
10:24:15.758 [ INFO] maestro.Maestro.tap-HgV9Ck0: Tapping on element:  UiElement(treeNode=TreeNode(attributes={text=, accessibilityText=Kantin, hintText=, ignoreBoundsFiltering=false, resource-id=spot-kantin, clickable=true, bounds=[20,216][300,272], enabled=true, focused=false, checked=false, scrollable=false, selected=false, class=android.widget.RadioButton, important-for-accessibility=true, error=}, children=[TreeNode(attributes={text=, accessibilityText=, hintText=, ignoreBoundsFiltering=false, resource-id=, clickable=false, bounds=[38,232][62,256], enabled=true, focused=false, checked=false, scrollable=false, selected=false, class=android.view.ViewGroup, important-for-accessibility=false, error=}, children=[], clickable=false, enabled=true, focused=false, checked=false, selected=false), TreeNode(attributes={text=Kantin, accessibilityText=, hintText=, ignoreBoundsFiltering=false, resource-id=, clickable=false, bounds=[74,233][282,256], enabled=true, focused=false, checked=false, scrollable=false, selected=false, class=android.widget.TextView, important-for-accessibility=true, error=}, children=[], clickable=false, enabled=true, focused=false, checked=false, selected=false)], clickable=true, enabled=true, focused=false, checked=false, selected=false), bounds=Bounds(x=20, y=216, width=280, height=56))
10:24:17.037 [ INFO] maestro.Maestro.tap-HgV9Ck0: Tap aimed via settled hierarchy
10:24:17.038 [ INFO] maestro.Maestro.hierarchyBasedTap-ogj28Uc: Tapping at (160, 244) using hierarchy based logic for wait
10:24:18.041 [ INFO] maestro.Maestro.hierarchyBasedTap-ogj28Uc: Something has changed in the UI judging by view hierarchy. Proceed.
10:24:18.041 [ INFO] maestro.cli.runner.CliConsoleListener.onCommandFinished: Tap on id: spot-kantin COMPLETED
10:24:18.041 [ INFO] maestro.cli.runner.CliConsoleListener.onCommandStart: Tap on "Devam" RUNNING
10:24:18.150 [ INFO] maestro.Maestro.tap-HgV9Ck0: Tapping on element:  UiElement(treeNode=TreeNode(attributes={text=Devam, accessibilityText=, hintText=, ignoreBoundsFiltering=false, resource-id=, clickable=false, bounds=[134,574][186,594], enabled=true, focused=false, checked=false, scrollable=false, selected=false, class=android.widget.TextView, important-for-accessibility=true, error=}, children=[], clickable=false, enabled=true, focused=false, checked=false, selected=false), bounds=Bounds(x=134, y=574, width=52, height=20))
10:24:19.386 [ INFO] maestro.Maestro.tap-HgV9Ck0: Tap aimed via settled hierarchy
10:24:19.386 [ INFO] maestro.Maestro.hierarchyBasedTap-ogj28Uc: Tapping at (160, 584) using hierarchy based logic for wait
10:24:20.325 [ INFO] maestro.Maestro.hierarchyBasedTap-ogj28Uc: Something has changed in the UI judging by view hierarchy. Proceed.
10:24:20.325 [ INFO] maestro.cli.runner.CliConsoleListener.onCommandFinished: Tap on "Devam" COMPLETED
10:24:20.326 [ INFO] maestro.cli.runner.CliConsoleListener.onCommandStart: Assert that "Masada kaç kişisiniz\?" is visible RUNNING
10:24:20.442 [ INFO] maestro.cli.runner.CliConsoleListener.onCommandFinished: Assert that "Masada kaç kişisiniz\?" is visible COMPLETED
10:24:20.442 [ INFO] maestro.cli.runner.CliConsoleListener.onCommandStart: Assert that "Profille katılmak için önce Profil sekmesinden bir ad seç." is not visible RUNNING
10:24:21.121 [ INFO] maestro.cli.runner.CliConsoleListener.onCommandFinished: Assert that "Profille katılmak için önce Profil sekmesinden bir ad seç." is not visible COMPLETED
10:24:21.121 [ INFO] maestro.cli.runner.CliConsoleListener.onCommandStart: Take screenshot 09-headcount RUNNING
10:24:21.122 [ INFO] maestro.Maestro.takeScreenshot: Taking screenshot
10:24:21.122 [TRACE] maestro.utils.ScreenshotUtils.takeScreenshot: Taking screenshot to output sink
10:24:21.182 [ INFO] maestro.cli.runner.CliConsoleListener.onCommandFinished: Take screenshot 09-headcount COMPLETED
10:24:21.182 [ INFO] maestro.cli.runner.CliConsoleListener.onCommandStart: Tap on id: headcount-2 RUNNING
10:24:21.259 [ INFO] maestro.Maestro.tap-HgV9Ck0: Tapping on element:  UiElement(treeNode=TreeNode(attributes={text=, accessibilityText=2, hintText=, ignoreBoundsFiltering=false, resource-id=headcount-2, clickable=true, bounds=[88,250][144,306], enabled=true, focused=false, checked=false, scrollable=false, selected=false, class=android.widget.RadioButton, important-for-accessibility=true, error=}, children=[TreeNode(attributes={text=, accessibilityText=, hintText=, ignoreBoundsFiltering=false, resource-id=, clickable=false, bounds=[88,250][144,306], enabled=true, focused=false, checked=false, scrollable=false, selected=false, class=android.view.ViewGroup, important-for-accessibility=false, error=}, children=[], clickable=false, enabled=true, focused=false, checked=false, selected=false), TreeNode(attributes={text=2, accessibilityText=, hintText=, ignoreBoundsFiltering=false, resource-id=, clickable=false, bounds=[109,266][122,290], enabled=true, focused=false, checked=false, scrollable=false, selected=false, class=android.widget.TextView, important-for-accessibility=true, error=}, children=[], clickable=false, enabled=true, focused=false, checked=false, selected=false)], clickable=true, enabled=true, focused=false, checked=false, selected=false), bounds=Bounds(x=88, y=250, width=56, height=56))
10:24:22.545 [ INFO] maestro.Maestro.tap-HgV9Ck0: Tap aimed via settled hierarchy
10:24:22.546 [ INFO] maestro.Maestro.hierarchyBasedTap-ogj28Uc: Tapping at (116, 278) using hierarchy based logic for wait
10:24:23.517 [ INFO] maestro.Maestro.hierarchyBasedTap-ogj28Uc: Something has changed in the UI judging by view hierarchy. Proceed.
10:24:23.517 [ INFO] maestro.cli.runner.CliConsoleListener.onCommandFinished: Tap on id: headcount-2 COMPLETED
10:24:23.517 [ INFO] maestro.cli.runner.CliConsoleListener.onCommandStart: Tap on "Masayı aç" RUNNING
10:24:23.630 [ INFO] maestro.Maestro.tap-HgV9Ck0: Tapping on element:  UiElement(treeNode=TreeNode(attributes={text=Masayı aç, accessibilityText=, hintText=, ignoreBoundsFiltering=false, resource-id=, clickable=false, bounds=[124,574][197,594], enabled=true, focused=false, checked=false, scrollable=false, selected=false, class=android.widget.TextView, important-for-accessibility=true, error=}, children=[], clickable=false, enabled=true, focused=false, checked=false, selected=false), bounds=Bounds(x=124, y=574, width=73, height=20))
10:24:24.819 [ INFO] maestro.Maestro.tap-HgV9Ck0: Tap aimed via settled hierarchy
10:24:24.819 [ INFO] maestro.Maestro.hierarchyBasedTap-ogj28Uc: Tapping at (160, 584) using hierarchy based logic for wait
10:24:25.978 [ INFO] maestro.Maestro.hierarchyBasedTap-ogj28Uc: Something has changed in the UI judging by view hierarchy. Proceed.
10:24:25.979 [ INFO] maestro.cli.runner.CliConsoleListener.onCommandFinished: Tap on "Masayı aç" COMPLETED
10:24:25.979 [ INFO] maestro.cli.runner.CliConsoleListener.onCommandStart: Assert that "Masan hazır" is visible RUNNING
10:24:26.093 [ INFO] maestro.cli.runner.CliConsoleListener.onCommandFinished: Assert that "Masan hazır" is visible COMPLETED
10:24:26.093 [ INFO] maestro.cli.runner.CliConsoleListener.onCommandStart: Take screenshot 10-table-ready RUNNING
10:24:26.094 [ INFO] maestro.Maestro.takeScreenshot: Taking screenshot
10:24:26.094 [TRACE] maestro.utils.ScreenshotUtils.takeScreenshot: Taking screenshot to output sink
10:24:26.160 [ INFO] maestro.cli.runner.CliConsoleListener.onCommandFinished: Take screenshot 10-table-ready COMPLETED
10:24:26.160 [ INFO] maestro.cli.runner.CliConsoleListener.onCommandStart: Tap on "Devam" RUNNING
10:24:26.269 [ INFO] maestro.Maestro.tap-HgV9Ck0: Tapping on element:  UiElement(treeNode=TreeNode(attributes={text=Devam, accessibilityText=, hintText=, ignoreBoundsFiltering=false, resource-id=, clickable=false, bounds=[134,574][186,594], enabled=true, focused=false, checked=false, scrollable=false, selected=false, class=android.widget.TextView, important-for-accessibility=true, error=}, children=[], clickable=false, enabled=true, focused=false, checked=false, selected=false), bounds=Bounds(x=134, y=574, width=52, height=20))
10:24:27.419 [ INFO] maestro.Maestro.tap-HgV9Ck0: Tap aimed via settled hierarchy
10:24:27.419 [ INFO] maestro.Maestro.hierarchyBasedTap-ogj28Uc: Tapping at (160, 584) using hierarchy based logic for wait
10:24:28.459 [ INFO] maestro.Maestro.hierarchyBasedTap-ogj28Uc: Something has changed in the UI judging by view hierarchy. Proceed.
10:24:28.459 [ INFO] maestro.cli.runner.CliConsoleListener.onCommandFinished: Tap on "Devam" COMPLETED
10:24:28.460 [ INFO] maestro.cli.runner.CliConsoleListener.onCommandStart: Assert that "Oda kur" is visible RUNNING
10:24:28.595 [ INFO] maestro.cli.runner.CliConsoleListener.onCommandFinished: Assert that "Oda kur" is visible COMPLETED
10:24:28.595 [ INFO] maestro.cli.runner.CliConsoleListener.onCommandStart: Assert that "Noktan: Kantin" is visible RUNNING
10:24:28.693 [ INFO] maestro.cli.runner.CliConsoleListener.onCommandFinished: Assert that "Noktan: Kantin" is visible COMPLETED
10:24:28.693 [ INFO] maestro.cli.runner.CliConsoleListener.onCommandStart: Take screenshot 11-venue RUNNING
10:24:28.693 [ INFO] maestro.Maestro.takeScreenshot: Taking screenshot
10:24:28.694 [TRACE] maestro.utils.ScreenshotUtils.takeScreenshot: Taking screenshot to output sink
10:24:28.755 [ INFO] maestro.cli.runner.CliConsoleListener.onCommandFinished: Take screenshot 11-venue COMPLETED
10:24:28.755 [ INFO] maestro.cli.runner.CliConsoleListener.onCommandFinished: Run flows/02-checkin.yaml COMPLETED
10:24:28.755 [ INFO] maestro.cli.runner.CliConsoleListener.onCommandStart: Run flows/03-name.yaml RUNNING
10:24:28.755 [ INFO] maestro.cli.runner.CliConsoleListener.onCommandStart: Apply configuration RUNNING
10:24:28.755 [ INFO] maestro.cli.runner.CliConsoleListener.onCommandFinished: Apply configuration COMPLETED
10:24:28.755 [ INFO] maestro.cli.runner.CliConsoleListener.onCommandStart: Tap on id: tab-profile RUNNING
10:24:28.885 [ INFO] maestro.Maestro.tap-HgV9Ck0: Tapping on element:  UiElement(treeNode=TreeNode(attributes={text=, accessibilityText=Profil, hintText=, ignoreBoundsFiltering=false, resource-id=tab-profile, clickable=true, bounds=[242,568][296,632], enabled=true, focused=false, checked=false, scrollable=false, selected=false, class=android.view.View, important-for-accessibility=true, error=}, children=[TreeNode(attributes={text=, accessibilityText=, hintText=, ignoreBoundsFiltering=false, resource-id=, clickable=false, bounds=[257,580][281,604], enabled=true, focused=false, checked=false, scrollable=false, selected=false, class=android.widget.ImageView, important-for-accessibility=false, error=}, children=[], clickable=false, enabled=true, focused=false, checked=false, selected=false), TreeNode(attributes={text=Profil, accessibilityText=, hintText=, ignoreBoundsFiltering=false, resource-id=, clickable=false, bounds=[253,612][284,628], enabled=true, focused=false, checked=false, scrollable=false, selected=false, class=android.widget.TextView, important-for-accessibility=true, error=}, children=[], clickable=false, enabled=true, focused=false, checked=false, selected=false)], clickable=true, enabled=true, focused=false, checked=false, selected=false), bounds=Bounds(x=242, y=568, width=54, height=64))
10:24:30.198 [ INFO] maestro.Maestro.tap-HgV9Ck0: Tap aimed via settled hierarchy
10:24:30.198 [ INFO] maestro.Maestro.hierarchyBasedTap-ogj28Uc: Tapping at (269, 600) using hierarchy based logic for wait
10:24:31.627 [ INFO] maestro.Maestro.hierarchyBasedTap-ogj28Uc: Something has changed in the UI judging by view hierarchy. Proceed.
10:24:31.627 [ INFO] maestro.cli.runner.CliConsoleListener.onCommandFinished: Tap on id: tab-profile COMPLETED
10:24:31.627 [ INFO] maestro.cli.runner.CliConsoleListener.onCommandStart: Assert that "Cihaz Masa, \d+" is visible RUNNING
10:24:31.758 [ INFO] maestro.cli.runner.CliConsoleListener.onCommandFinished: Assert that "Cihaz Masa, \d+" is visible COMPLETED
10:24:31.759 [ INFO] maestro.cli.runner.CliConsoleListener.onCommandStart: Assert that ".*2000.*" is not visible RUNNING
10:24:32.434 [ INFO] maestro.cli.runner.CliConsoleListener.onCommandFinished: Assert that ".*2000.*" is not visible COMPLETED
10:24:32.434 [ INFO] maestro.cli.runner.CliConsoleListener.onCommandStart: Take screenshot 12-profile RUNNING
10:24:32.435 [ INFO] maestro.Maestro.takeScreenshot: Taking screenshot
10:24:32.435 [TRACE] maestro.utils.ScreenshotUtils.takeScreenshot: Taking screenshot to output sink
10:24:32.461 [ INFO] maestro.cli.runner.CliConsoleListener.onCommandFinished: Take screenshot 12-profile COMPLETED
10:24:32.461 [ INFO] maestro.cli.runner.CliConsoleListener.onCommandFinished: Run flows/03-name.yaml COMPLETED
10:24:32.461 [ INFO] maestro.cli.runner.CliConsoleListener.onCommandStart: Run flows/04-room-tabu.yaml RUNNING
10:24:32.462 [ INFO] maestro.cli.runner.CliConsoleListener.onCommandStart: Apply configuration RUNNING
10:24:32.462 [ INFO] maestro.cli.runner.CliConsoleListener.onCommandFinished: Apply configuration COMPLETED
10:24:32.462 [ INFO] maestro.cli.runner.CliConsoleListener.onCommandStart: Run ../scripts/bot.js RUNNING
10:24:33.004 [ INFO] maestro.cli.runner.CliConsoleListener.onCommandFinished: Run ../scripts/bot.js COMPLETED
10:24:33.005 [ INFO] maestro.cli.runner.CliConsoleListener.onCommandStart: Run ../scripts/bot.js RUNNING
10:24:33.128 [ INFO] maestro.cli.runner.CliConsoleListener.onCommandFinished: Run ../scripts/bot.js COMPLETED
10:24:33.128 [ INFO] maestro.cli.runner.CliConsoleListener.onCommandStart: Run ../scripts/bot.js RUNNING
10:24:33.432 [ INFO] maestro.cli.runner.CliConsoleListener.onCommandFinished: Run ../scripts/bot.js COMPLETED
10:24:33.433 [ INFO] maestro.cli.runner.CliConsoleListener.onCommandStart: Tap on id: tab-venue RUNNING
10:24:33.567 [ INFO] maestro.Maestro.tap-HgV9Ck0: Tapping on element:  UiElement(treeNode=TreeNode(attributes={text=, accessibilityText=Mekan, hintText=, ignoreBoundsFiltering=false, resource-id=tab-venue, clickable=true, bounds=[133,568][187,632], enabled=true, focused=false, checked=false, scrollable=false, selected=false, class=android.view.View, important-for-accessibility=true, error=}, children=[TreeNode(attributes={text=, accessibilityText=, hintText=, ignoreBoundsFiltering=false, resource-id=, clickable=false, bounds=[140,572][180,612], enabled=true, focused=false, checked=false, scrollable=false, selected=false, class=android.view.ViewGroup, important-for-accessibility=false, error=}, children=[], clickable=false, enabled=true, focused=false, checked=false, selected=false), TreeNode(attributes={text=, accessibilityText=, hintText=, ignoreBoundsFiltering=false, resource-id=, clickable=false, bounds=[148,580][172,604], enabled=true, focused=false, checked=false, scrollable=false, selected=false, class=android.widget.ImageView, important-for-accessibility=false, error=}, children=[], clickable=false, enabled=true, focused=false, checked=false, selected=false), TreeNode(attributes={text=Mekan, accessibilityText=, hintText=, ignoreBoundsFiltering=false, resource-id=, clickable=false, bounds=[141,612][178,628], enabled=true, focused=false, checked=false, scrollable=false, selected=false, class=android.widget.TextView, important-for-accessibility=true, error=}, children=[], clickable=false, enabled=true, focused=false, checked=false, selected=false)], clickable=true, enabled=true, focused=false, checked=false, selected=false), bounds=Bounds(x=133, y=568, width=54, height=64))
10:24:34.862 [ INFO] maestro.Maestro.tap-HgV9Ck0: Tap aimed via settled hierarchy
10:24:34.863 [ INFO] maestro.Maestro.hierarchyBasedTap-ogj28Uc: Tapping at (160, 600) using hierarchy based logic for wait
10:24:36.046 [ INFO] maestro.Maestro.hierarchyBasedTap-ogj28Uc: Something has changed in the UI judging by view hierarchy. Proceed.
10:24:36.046 [ INFO] maestro.cli.runner.CliConsoleListener.onCommandFinished: Tap on id: tab-venue COMPLETED
10:24:36.046 [ INFO] maestro.cli.runner.CliConsoleListener.onCommandStart: Tap on id: reroll-alias RUNNING
10:24:36.180 [ INFO] maestro.Maestro.tap-HgV9Ck0: Tapping on element:  UiElement(treeNode=TreeNode(attributes={text=, accessibilityText=Adı değiştir, hintText=, ignoreBoundsFiltering=false, resource-id=reroll-alias, clickable=true, bounds=[155,327][282,375], enabled=true, focused=false, checked=false, scrollable=false, selected=false, class=android.widget.Button, important-for-accessibility=true, error=}, children=[TreeNode(attributes={text=Adı değiştir, accessibilityText=, hintText=, ignoreBoundsFiltering=false, resource-id=, clickable=false, bounds=[175,341][262,361], enabled=true, focused=false, checked=false, scrollable=false, selected=false, class=android.widget.TextView, important-for-accessibility=true, error=}, children=[], clickable=false, enabled=true, focused=false, checked=false, selected=false)], clickable=true, enabled=true, focused=false, checked=false, selected=false), bounds=Bounds(x=155, y=327, width=127, height=48))
10:24:37.486 [ INFO] maestro.Maestro.tap-HgV9Ck0: Tap aimed via settled hierarchy
10:24:37.487 [ INFO] maestro.Maestro.hierarchyBasedTap-ogj28Uc: Tapping at (218, 351) using hierarchy based logic for wait
10:24:38.546 [ INFO] maestro.Maestro.hierarchyBasedTap-ogj28Uc: Something has changed in the UI judging by view hierarchy. Proceed.
10:24:38.546 [ INFO] maestro.cli.runner.CliConsoleListener.onCommandFinished: Tap on id: reroll-alias COMPLETED
10:24:38.546 [ INFO] maestro.cli.runner.CliConsoleListener.onCommandStart: Assert that "2 hakkın kaldı" is visible RUNNING
10:24:38.645 [ INFO] maestro.cli.runner.CliConsoleListener.onCommandFinished: Assert that "2 hakkın kaldı" is visible COMPLETED
10:24:38.645 [ INFO] maestro.cli.runner.CliConsoleListener.onCommandStart: Take screenshot 11b-alias-rerolled RUNNING
10:24:38.646 [ INFO] maestro.Maestro.takeScreenshot: Taking screenshot
10:24:38.646 [TRACE] maestro.utils.ScreenshotUtils.takeScreenshot: Taking screenshot to output sink
10:24:38.710 [ INFO] maestro.cli.runner.CliConsoleListener.onCommandFinished: Take screenshot 11b-alias-rerolled COMPLETED
10:24:38.710 [ INFO] maestro.cli.runner.CliConsoleListener.onCommandStart: Scrolling DOWN until id: spot-here is visible with speed 40, visibility percentage 100%, timeout 20000 ms, with centering disabled RUNNING
10:24:39.424 [ WARN] maestro.orchestra.Orchestra.scrollUntilVisible: Error: maestro.MaestroException$ElementNotFound: Element not found: Id matching regex: spot-here
10:24:39.468 [ INFO] maestro.Maestro.swipeFromCenter: Swiping UP from center
10:24:41.359 [ INFO] maestro.orchestra.Orchestra.scrollUntilVisible: Scrolling try count: 0, DeviceWidth: 320, DeviceWidth: 640
10:24:41.359 [ INFO] maestro.orchestra.Orchestra.scrollUntilVisible: Element bounds: Bounds(x=36, y=457, width=248, height=48)
10:24:41.359 [ INFO] maestro.orchestra.Orchestra.scrollUntilVisible: Visibility Percent: 1.0
10:24:41.359 [ INFO] maestro.orchestra.Orchestra.scrollUntilVisible: Command centerElement: ScrollUntilVisibleCommand(selector=ElementSelector(textRegex=null, idRegex=spot-here, size=null, below=null, above=null, leftOf=null, rightOf=null, containsChild=null, containsDescendants=null, traits=null, index=null, enabled=null, optional=false, selected=null, checked=null, focused=null, childOf=null, css=null), direction=DOWN, scrollDuration=601, visibilityPercentage=100, timeout=20000, waitToSettleTimeoutMs=null, centerElement=false, originalSpeedValue=40, label=null, optional=false).centerElement
10:24:41.359 [ INFO] maestro.orchestra.Orchestra.scrollUntilVisible: visibilityPercentageNormalized: 1.0
10:24:41.359 [ INFO] maestro.cli.runner.CliConsoleListener.onCommandFinished: Scrolling DOWN until id: spot-here is visible with speed 40, visibility percentage 100%, timeout 20000 ms, with centering disabled COMPLETED
10:24:41.359 [ INFO] maestro.cli.runner.CliConsoleListener.onCommandStart: Assert that "Kütüphane" is visible RUNNING
10:24:41.455 [ INFO] maestro.cli.runner.CliConsoleListener.onCommandFinished: Assert that "Kütüphane" is visible COMPLETED
10:24:41.455 [ INFO] maestro.cli.runner.CliConsoleListener.onCommandStart: Assert that "Katılmak istiyorum" is not visible RUNNING
10:24:42.190 [ INFO] maestro.cli.runner.CliConsoleListener.onCommandFinished: Assert that "Katılmak istiyorum" is not visible COMPLETED
10:24:42.190 [ INFO] maestro.cli.runner.CliConsoleListener.onCommandStart: Take screenshot 12b-lobby-other-spot RUNNING
10:24:42.191 [ INFO] maestro.Maestro.takeScreenshot: Taking screenshot
10:24:42.191 [TRACE] maestro.utils.ScreenshotUtils.takeScreenshot: Taking screenshot to output sink
10:24:42.258 [ INFO] maestro.cli.runner.CliConsoleListener.onCommandFinished: Take screenshot 12b-lobby-other-spot COMPLETED
10:24:42.258 [ INFO] maestro.cli.runner.CliConsoleListener.onCommandStart: Tap on id: spot-here RUNNING
10:24:42.357 [ INFO] maestro.Maestro.tap-HgV9Ck0: Tapping on element:  UiElement(treeNode=TreeNode(attributes={text=, accessibilityText=Bu noktadayım, hintText=, ignoreBoundsFiltering=false, resource-id=spot-here, clickable=true, bounds=[36,457][284,505], enabled=true, focused=false, checked=false, scrollable=false, selected=false, class=android.widget.Button, important-for-accessibility=true, error=}, children=[TreeNode(attributes={text=, accessibilityText=, hintText=, ignoreBoundsFiltering=false, resource-id=, clickable=false, bounds=[36,457][284,505], enabled=true, focused=false, checked=false, scrollable=false, selected=false, class=android.view.ViewGroup, important-for-accessibility=false, error=}, children=[], clickable=false, enabled=true, focused=false, checked=false, selected=false), TreeNode(attributes={text=, accessibilityText=, hintText=, ignoreBoundsFiltering=false, resource-id=, clickable=false, bounds=[90,470][110,491], enabled=true, focused=false, checked=false, scrollable=false, selected=false, class=android.widget.TextView, important-for-accessibility=true, error=}, children=[], clickable=false, enabled=true, focused=false, checked=false, selected=false), TreeNode(attributes={text=Bu noktadayım, accessibilityText=, hintText=, ignoreBoundsFiltering=false, resource-id=, clickable=false, bounds=[118,471][230,491], enabled=true, focused=false, checked=false, scrollable=false, selected=false, class=android.widget.TextView, important-for-accessibility=true, error=}, children=[], clickable=false, enabled=true, focused=false, checked=false, selected=false)], clickable=true, enabled=true, focused=false, checked=false, selected=false), bounds=Bounds(x=36, y=457, width=248, height=48))
10:24:43.620 [ INFO] maestro.Maestro.tap-HgV9Ck0: Tap aimed via settled hierarchy
10:24:43.620 [ INFO] maestro.Maestro.hierarchyBasedTap-ogj28Uc: Tapping at (160, 481) using hierarchy based logic for wait
10:24:44.707 [ INFO] maestro.Maestro.hierarchyBasedTap-ogj28Uc: Something has changed in the UI judging by view hierarchy. Proceed.
10:24:44.707 [ INFO] maestro.cli.runner.CliConsoleListener.onCommandFinished: Tap on id: spot-here COMPLETED
10:24:44.708 [ INFO] maestro.cli.runner.CliConsoleListener.onCommandStart: Scrolling DOWN until "Katılmak istiyorum" is visible with speed 40, visibility percentage 100%, timeout 15000 ms, with centering disabled RUNNING
10:24:44.813 [ INFO] maestro.orchestra.Orchestra.scrollUntilVisible: Scrolling try count: 0, DeviceWidth: 320, DeviceWidth: 640
10:24:44.813 [ INFO] maestro.orchestra.Orchestra.scrollUntilVisible: Element bounds: Bounds(x=90, y=471, width=140, height=20)
10:24:44.813 [ INFO] maestro.orchestra.Orchestra.scrollUntilVisible: Visibility Percent: 1.0
10:24:44.815 [ INFO] maestro.orchestra.Orchestra.scrollUntilVisible: Command centerElement: ScrollUntilVisibleCommand(selector=ElementSelector(textRegex=Katılmak istiyorum, idRegex=null, size=null, below=null, above=null, leftOf=null, rightOf=null, containsChild=null, containsDescendants=null, traits=null, index=null, enabled=null, optional=false, selected=null, checked=null, focused=null, childOf=null, css=null), direction=DOWN, scrollDuration=601, visibilityPercentage=100, timeout=15000, waitToSettleTimeoutMs=null, centerElement=false, originalSpeedValue=40, label=null, optional=false).centerElement
10:24:44.815 [ INFO] maestro.orchestra.Orchestra.scrollUntilVisible: visibilityPercentageNormalized: 1.0
10:24:44.815 [ INFO] maestro.cli.runner.CliConsoleListener.onCommandFinished: Scrolling DOWN until "Katılmak istiyorum" is visible with speed 40, visibility percentage 100%, timeout 15000 ms, with centering disabled COMPLETED
10:24:44.815 [ INFO] maestro.cli.runner.CliConsoleListener.onCommandStart: Take screenshot 12c-lobby-same-spot RUNNING
10:24:44.816 [ INFO] maestro.Maestro.takeScreenshot: Taking screenshot
10:24:44.816 [TRACE] maestro.utils.ScreenshotUtils.takeScreenshot: Taking screenshot to output sink
10:24:44.843 [ INFO] maestro.cli.runner.CliConsoleListener.onCommandFinished: Take screenshot 12c-lobby-same-spot COMPLETED
10:24:44.843 [ INFO] maestro.cli.runner.CliConsoleListener.onCommandStart: Run ../scripts/bot.js RUNNING
10:24:44.919 [ INFO] maestro.cli.runner.CliConsoleListener.onCommandFinished: Run ../scripts/bot.js COMPLETED
10:24:44.919 [ INFO] maestro.cli.runner.CliConsoleListener.onCommandStart: Assert that "Katılmak istiyorum" is not visible RUNNING
10:24:45.754 [ INFO] maestro.cli.runner.CliConsoleListener.onCommandFinished: Assert that "Katılmak istiyorum" is not visible COMPLETED
10:24:45.754 [ INFO] maestro.cli.runner.CliConsoleListener.onCommandStart: Scrolling UP until "Noktan: Kütüphane" is visible with speed 40, visibility percentage 100%, timeout 10000 ms, with centering disabled RUNNING
10:24:45.863 [ INFO] maestro.orchestra.Orchestra.scrollUntilVisible: Scrolling try count: 0, DeviceWidth: 320, DeviceWidth: 640
10:24:45.863 [ INFO] maestro.orchestra.Orchestra.scrollUntilVisible: Element bounds: Bounds(x=66, y=24, width=108, height=18)
10:24:45.863 [ INFO] maestro.orchestra.Orchestra.scrollUntilVisible: Visibility Percent: 1.0
10:24:45.863 [ INFO] maestro.orchestra.Orchestra.scrollUntilVisible: Command centerElement: ScrollUntilVisibleCommand(selector=ElementSelector(textRegex=Noktan: Kütüphane, idRegex=null, size=null, below=null, above=null, leftOf=null, rightOf=null, containsChild=null, containsDescendants=null, traits=null, index=null, enabled=null, optional=false, selected=null, checked=null, focused=null, childOf=null, css=null), direction=UP, scrollDuration=601, visibilityPercentage=100, timeout=10000, waitToSettleTimeoutMs=null, centerElement=false, originalSpeedValue=40, label=null, optional=false).centerElement
10:24:45.863 [ INFO] maestro.orchestra.Orchestra.scrollUntilVisible: visibilityPercentageNormalized: 1.0
10:24:45.863 [ INFO] maestro.cli.runner.CliConsoleListener.onCommandFinished: Scrolling UP until "Noktan: Kütüphane" is visible with speed 40, visibility percentage 100%, timeout 10000 ms, with centering disabled COMPLETED
10:24:45.863 [ INFO] maestro.cli.runner.CliConsoleListener.onCommandStart: Assert that "Oda kur" is visible RUNNING
10:24:45.960 [ INFO] maestro.cli.runner.CliConsoleListener.onCommandFinished: Assert that "Oda kur" is visible COMPLETED
10:24:45.960 [ INFO] maestro.cli.runner.CliConsoleListener.onCommandStart: Tap on "Oda kur" RUNNING
10:24:46.119 [ INFO] maestro.Maestro.tap-HgV9Ck0: Tapping on element:  UiElement(treeNode=TreeNode(attributes={text=Oda kur, accessibilityText=, hintText=, ignoreBoundsFiltering=false, resource-id=, clickable=false, bounds=[57,143][117,163], enabled=true, focused=false, checked=false, scrollable=false, selected=false, class=android.widget.TextView, important-for-accessibility=true, error=}, children=[], clickable=false, enabled=true, focused=false, checked=false, selected=false), bounds=Bounds(x=57, y=143, width=60, height=20))
10:24:47.342 [ INFO] maestro.Maestro.tap-HgV9Ck0: Tap aimed via settled hierarchy
10:24:47.343 [ INFO] maestro.Maestro.hierarchyBasedTap-ogj28Uc: Tapping at (87, 153) using hierarchy based logic for wait
10:24:48.577 [ INFO] maestro.Maestro.hierarchyBasedTap-ogj28Uc: Something has changed in the UI judging by view hierarchy. Proceed.
10:24:48.578 [ INFO] maestro.cli.runner.CliConsoleListener.onCommandFinished: Tap on "Oda kur" COMPLETED
10:24:48.578 [ INFO] maestro.cli.runner.CliConsoleListener.onCommandStart: Assert that id: intent-none is visible RUNNING
10:24:48.658 [ INFO] maestro.cli.runner.CliConsoleListener.onCommandFinished: Assert that id: intent-none is visible COMPLETED
10:24:48.658 [ INFO] maestro.cli.runner.CliConsoleListener.onCommandStart: Tap on id: intent-game RUNNING
10:24:48.815 [ INFO] maestro.Maestro.tap-HgV9Ck0: Tapping on element:  UiElement(treeNode=TreeNode(attributes={text=, accessibilityText=Oyun, hintText=, ignoreBoundsFiltering=false, resource-id=intent-game, clickable=true, bounds=[116,236][204,284], enabled=true, focused=false, checked=false, scrollable=false, selected=false, class=android.widget.RadioButton, important-for-accessibility=true, error=}, children=[TreeNode(attributes={text=, accessibilityText=, hintText=, ignoreBoundsFiltering=false, resource-id=, clickable=false, bounds=[116,236][204,284], enabled=true, focused=false, checked=false, scrollable=false, selected=false, class=android.view.ViewGroup, important-for-accessibility=false, error=}, children=[], clickable=false, enabled=true, focused=false, checked=false, selected=false), TreeNode(attributes={text=Oyun, accessibilityText=, hintText=, ignoreBoundsFiltering=false, resource-id=, clickable=false, bounds=[140,250][180,270], enabled=true, focused=false, checked=false, scrollable=false, selected=false, class=android.widget.TextView, important-for-accessibility=true, error=}, children=[], clickable=false, enabled=true, focused=false, checked=false, selected=false)], clickable=true, enabled=true, focused=false, checked=false, selected=false), bounds=Bounds(x=116, y=236, width=88, height=48))
10:24:50.050 [ INFO] maestro.Maestro.tap-HgV9Ck0: Tap aimed via settled hierarchy
10:24:50.050 [ INFO] maestro.Maestro.hierarchyBasedTap-ogj28Uc: Tapping at (160, 260) using hierarchy based logic for wait
10:24:50.906 [ INFO] maestro.Maestro.hierarchyBasedTap-ogj28Uc: Something has changed in the UI judging by view hierarchy. Proceed.
10:24:50.906 [ INFO] maestro.cli.runner.CliConsoleListener.onCommandFinished: Tap on id: intent-game COMPLETED
10:24:50.906 [ INFO] maestro.cli.runner.CliConsoleListener.onCommandStart: Take screenshot 13-new-room RUNNING
10:24:50.906 [ INFO] maestro.Maestro.takeScreenshot: Taking screenshot
10:24:50.907 [TRACE] maestro.utils.ScreenshotUtils.takeScreenshot: Taking screenshot to output sink
10:24:50.933 [ INFO] maestro.cli.runner.CliConsoleListener.onCommandFinished: Take screenshot 13-new-room COMPLETED
10:24:50.933 [ INFO] maestro.cli.runner.CliConsoleListener.onCommandStart: Scrolling DOWN until "Odayı kur" is visible with speed 40, visibility percentage 100%, timeout 10000 ms, with centering disabled RUNNING
10:24:51.094 [ INFO] maestro.orchestra.Orchestra.scrollUntilVisible: Scrolling try count: 0, DeviceWidth: 320, DeviceWidth: 640
10:24:51.094 [ INFO] maestro.orchestra.Orchestra.scrollUntilVisible: Element bounds: Bounds(x=120, y=576, width=81, height=22)
10:24:51.094 [ INFO] maestro.orchestra.Orchestra.scrollUntilVisible: Visibility Percent: 1.0
10:24:51.094 [ INFO] maestro.orchestra.Orchestra.scrollUntilVisible: Command centerElement: ScrollUntilVisibleCommand(selector=ElementSelector(textRegex=Odayı kur, idRegex=null, size=null, below=null, above=null, leftOf=null, rightOf=null, containsChild=null, containsDescendants=null, traits=null, index=null, enabled=null, optional=false, selected=null, checked=null, focused=null, childOf=null, css=null), direction=DOWN, scrollDuration=601, visibilityPercentage=100, timeout=10000, waitToSettleTimeoutMs=null, centerElement=false, originalSpeedValue=40, label=null, optional=false).centerElement
10:24:51.094 [ INFO] maestro.orchestra.Orchestra.scrollUntilVisible: visibilityPercentageNormalized: 1.0
10:24:51.095 [ INFO] maestro.cli.runner.CliConsoleListener.onCommandFinished: Scrolling DOWN until "Odayı kur" is visible with speed 40, visibility percentage 100%, timeout 10000 ms, with centering disabled COMPLETED
10:24:51.095 [ INFO] maestro.cli.runner.CliConsoleListener.onCommandStart: Assert that id: participation-anonymous is visible RUNNING
10:24:51.207 [ INFO] maestro.cli.runner.CliConsoleListener.onCommandFinished: Assert that id: participation-anonymous is visible COMPLETED
10:24:51.207 [ INFO] maestro.cli.runner.CliConsoleListener.onCommandStart: Take screenshot 13b-new-room-bottom RUNNING
10:24:51.207 [ INFO] maestro.Maestro.takeScreenshot: Taking screenshot
10:24:51.208 [TRACE] maestro.utils.ScreenshotUtils.takeScreenshot: Taking screenshot to output sink
10:24:51.312 [ INFO] maestro.cli.runner.CliConsoleListener.onCommandFinished: Take screenshot 13b-new-room-bottom COMPLETED
10:24:51.312 [ INFO] maestro.cli.runner.CliConsoleListener.onCommandStart: Tap on "Odayı kur" RUNNING
10:24:51.475 [ INFO] maestro.Maestro.tap-HgV9Ck0: Tapping on element:  UiElement(treeNode=TreeNode(attributes={text=Odayı kur, accessibilityText=, hintText=, ignoreBoundsFiltering=false, resource-id=, clickable=false, bounds=[120,576][201,598], enabled=true, focused=false, checked=false, scrollable=false, selected=false, class=android.widget.TextView, important-for-accessibility=true, error=}, children=[], clickable=false, enabled=true, focused=false, checked=false, selected=false), bounds=Bounds(x=120, y=576, width=81, height=22))
10:24:52.706 [ INFO] maestro.Maestro.tap-HgV9Ck0: Tap aimed via settled hierarchy
10:24:52.706 [ INFO] maestro.Maestro.hierarchyBasedTap-ogj28Uc: Tapping at (160, 587) using hierarchy based logic for wait
10:24:54.006 [ INFO] maestro.Maestro.hierarchyBasedTap-ogj28Uc: Something has changed in the UI judging by view hierarchy. Proceed.
10:24:54.006 [ INFO] maestro.cli.runner.CliConsoleListener.onCommandFinished: Tap on "Odayı kur" COMPLETED
10:24:54.006 [ INFO] maestro.cli.runner.CliConsoleListener.onCommandStart: Assert that id: solo-tabu is visible RUNNING
10:24:54.095 [ INFO] maestro.cli.runner.CliConsoleListener.onCommandFinished: Assert that id: solo-tabu is visible COMPLETED
10:24:54.095 [ INFO] maestro.cli.runner.CliConsoleListener.onCommandStart: Take screenshot 14-room-waiting RUNNING
10:24:54.096 [ INFO] maestro.Maestro.takeScreenshot: Taking screenshot
10:24:54.096 [TRACE] maestro.utils.ScreenshotUtils.takeScreenshot: Taking screenshot to output sink
10:24:54.165 [ INFO] maestro.cli.runner.CliConsoleListener.onCommandFinished: Take screenshot 14-room-waiting COMPLETED
10:24:54.166 [ INFO] maestro.cli.runner.CliConsoleListener.onCommandStart: Run ../scripts/bot.js RUNNING
10:24:54.256 [ INFO] maestro.cli.runner.CliConsoleListener.onCommandFinished: Run ../scripts/bot.js COMPLETED
10:24:54.256 [ INFO] maestro.cli.runner.CliConsoleListener.onCommandStart: Assert that "Katılma isteği" is visible RUNNING
10:24:55.216 [ INFO] maestro.cli.runner.CliConsoleListener.onCommandFinished: Assert that "Katılma isteği" is visible COMPLETED
10:24:55.216 [ INFO] maestro.cli.runner.CliConsoleListener.onCommandStart: Take screenshot 15-join-request RUNNING
10:24:55.217 [ INFO] maestro.Maestro.takeScreenshot: Taking screenshot
10:24:55.217 [TRACE] maestro.utils.ScreenshotUtils.takeScreenshot: Taking screenshot to output sink
10:24:55.242 [ INFO] maestro.cli.runner.CliConsoleListener.onCommandFinished: Take screenshot 15-join-request COMPLETED
10:24:55.242 [ INFO] maestro.cli.runner.CliConsoleListener.onCommandStart: Tap on id: join-accept RUNNING
10:24:55.846 [ INFO] maestro.Maestro.tap-HgV9Ck0: Tapping on element:  UiElement(treeNode=TreeNode(attributes={text=, accessibilityText=Kabul, hintText=, ignoreBoundsFiltering=false, resource-id=join-accept, clickable=true, bounds=[165,502][296,550], enabled=true, focused=false, checked=false, scrollable=false, selected=false, class=android.widget.Button, important-for-accessibility=true, error=}, children=[TreeNode(attributes={text=, accessibilityText=, hintText=, ignoreBoundsFiltering=false, resource-id=, clickable=false, bounds=[165,502][296,550], enabled=true, focused=false, checked=false, scrollable=false, selected=false, class=android.view.ViewGroup, important-for-accessibility=false, error=}, children=[], clickable=false, enabled=true, focused=false, checked=false, selected=false), TreeNode(attributes={text=Kabul, accessibilityText=, hintText=, ignoreBoundsFiltering=false, resource-id=, clickable=false, bounds=[209,516][253,536], enabled=true, focused=false, checked=false, scrollable=false, selected=false, class=android.widget.TextView, important-for-accessibility=true, error=}, children=[], clickable=false, enabled=true, focused=false, checked=false, selected=false)], clickable=true, enabled=true, focused=false, checked=false, selected=false), bounds=Bounds(x=165, y=502, width=131, height=48))
10:24:57.129 [ INFO] maestro.Maestro.tap-HgV9Ck0: Tap aimed via settled hierarchy
10:24:57.130 [ INFO] maestro.Maestro.hierarchyBasedTap-ogj28Uc: Tapping at (230, 526) using hierarchy based logic for wait
10:24:58.310 [ INFO] maestro.Maestro.hierarchyBasedTap-ogj28Uc: Something has changed in the UI judging by view hierarchy. Proceed.
10:24:58.310 [ INFO] maestro.cli.runner.CliConsoleListener.onCommandFinished: Tap on id: join-accept COMPLETED
10:24:58.310 [ INFO] maestro.cli.runner.CliConsoleListener.onCommandStart: Assert that id: propose-tabu is visible RUNNING
10:24:58.426 [ INFO] maestro.cli.runner.CliConsoleListener.onCommandFinished: Assert that id: propose-tabu is visible COMPLETED
10:24:58.427 [ INFO] maestro.cli.runner.CliConsoleListener.onCommandStart: Take screenshot 16-room-two-tables RUNNING
10:24:58.427 [ INFO] maestro.Maestro.takeScreenshot: Taking screenshot
10:24:58.427 [TRACE] maestro.utils.ScreenshotUtils.takeScreenshot: Taking screenshot to output sink
10:24:58.495 [ INFO] maestro.cli.runner.CliConsoleListener.onCommandFinished: Take screenshot 16-room-two-tables COMPLETED
10:24:58.495 [ INFO] maestro.cli.runner.CliConsoleListener.onCommandStart: Run ../scripts/bot.js RUNNING
10:24:58.592 [ INFO] maestro.cli.runner.CliConsoleListener.onCommandFinished: Run ../scripts/bot.js COMPLETED
10:24:58.592 [ INFO] maestro.cli.runner.CliConsoleListener.onCommandStart: Assert that id: proposal-accept is visible RUNNING
10:24:59.426 [ INFO] maestro.cli.runner.CliConsoleListener.onCommandFinished: Assert that id: proposal-accept is visible COMPLETED
10:24:59.426 [ INFO] maestro.cli.runner.CliConsoleListener.onCommandStart: Take screenshot 16b-proposal RUNNING
10:24:59.427 [ INFO] maestro.Maestro.takeScreenshot: Taking screenshot
10:24:59.427 [TRACE] maestro.utils.ScreenshotUtils.takeScreenshot: Taking screenshot to output sink
10:24:59.454 [ INFO] maestro.cli.runner.CliConsoleListener.onCommandFinished: Take screenshot 16b-proposal COMPLETED
10:24:59.454 [ INFO] maestro.cli.runner.CliConsoleListener.onCommandStart: Tap on id: proposal-accept RUNNING
10:24:59.570 [ INFO] maestro.Maestro.tap-HgV9Ck0: Tapping on element:  UiElement(treeNode=TreeNode(attributes={text=, accessibilityText=Oynayalım, hintText=, ignoreBoundsFiltering=false, resource-id=proposal-accept, clickable=true, bounds=[165,211][286,259], enabled=true, focused=false, checked=false, scrollable=false, selected=false, class=android.widget.Button, important-for-accessibility=true, error=}, children=[TreeNode(attributes={text=, accessibilityText=, hintText=, ignoreBoundsFiltering=false, resource-id=, clickable=false, bounds=[165,211][286,259], enabled=true, focused=false, checked=false, scrollable=false, selected=false, class=android.view.ViewGroup, important-for-accessibility=false, error=}, children=[], clickable=false, enabled=true, focused=false, checked=false, selected=false), TreeNode(attributes={text=Oynayalım, accessibilityText=, hintText=, ignoreBoundsFiltering=false, resource-id=, clickable=false, bounds=[188,225][263,245], enabled=true, focused=false, checked=false, scrollable=false, selected=false, class=android.widget.TextView, important-for-accessibility=true, error=}, children=[], clickable=false, enabled=true, focused=false, checked=false, selected=false)], clickable=true, enabled=true, focused=false, checked=false, selected=false), bounds=Bounds(x=165, y=211, width=121, height=48))
10:25:01.159 [ INFO] maestro.Maestro.tap-HgV9Ck0: Tap aimed via settled hierarchy
10:25:01.160 [ INFO] maestro.Maestro.hierarchyBasedTap-ogj28Uc: Tapping at (225, 235) using hierarchy based logic for wait
10:25:02.889 [ INFO] maestro.Maestro.hierarchyBasedTap-ogj28Uc: Something has changed in the UI judging by view hierarchy. Proceed.
10:25:02.889 [ INFO] maestro.cli.runner.CliConsoleListener.onCommandFinished: Tap on id: proposal-accept COMPLETED
10:25:02.890 [ INFO] maestro.cli.runner.CliConsoleListener.onCommandStart: Assert that id: first-game-intro is visible RUNNING
10:25:02.958 [ INFO] maestro.cli.runner.CliConsoleListener.onCommandFinished: Assert that id: first-game-intro is visible COMPLETED
10:25:02.958 [ INFO] maestro.cli.runner.CliConsoleListener.onCommandStart: Take screenshot 16c-first-game-intro RUNNING
10:25:02.959 [ INFO] maestro.Maestro.takeScreenshot: Taking screenshot
10:25:02.959 [TRACE] maestro.utils.ScreenshotUtils.takeScreenshot: Taking screenshot to output sink
10:25:03.027 [ INFO] maestro.cli.runner.CliConsoleListener.onCommandFinished: Take screenshot 16c-first-game-intro COMPLETED
10:25:03.028 [ INFO] maestro.cli.runner.CliConsoleListener.onCommandStart: Tap on id: intro-done RUNNING
10:25:03.144 [ INFO] maestro.Maestro.tap-HgV9Ck0: Tapping on element:  UiElement(treeNode=TreeNode(attributes={text=, accessibilityText=Anladım, başlayalım, hintText=, ignoreBoundsFiltering=false, resource-id=intro-done, clickable=true, bounds=[20,572][300,620], enabled=true, focused=false, checked=false, scrollable=false, selected=false, class=android.widget.Button, important-for-accessibility=true, error=}, children=[TreeNode(attributes={text=, accessibilityText=, hintText=, ignoreBoundsFiltering=false, resource-id=, clickable=false, bounds=[20,572][300,620], enabled=true, focused=false, checked=false, scrollable=false, selected=false, class=android.view.ViewGroup, important-for-accessibility=false, error=}, children=[], clickable=false, enabled=true, focused=false, checked=false, selected=false), TreeNode(attributes={text=Anladım, başlayalım, accessibilityText=, hintText=, ignoreBoundsFiltering=false, resource-id=, clickable=false, bounds=[84,586][236,606], enabled=true, focused=false, checked=false, scrollable=false, selected=false, class=android.widget.TextView, important-for-accessibility=true, error=}, children=[], clickable=false, enabled=true, focused=false, checked=false, selected=false)], clickable=true, enabled=true, focused=false, checked=false, selected=false), bounds=Bounds(x=20, y=572, width=280, height=48))
10:25:04.437 [ INFO] maestro.Maestro.tap-HgV9Ck0: Tap aimed via settled hierarchy
10:25:04.438 [ INFO] maestro.Maestro.hierarchyBasedTap-ogj28Uc: Tapping at (160, 596) using hierarchy based logic for wait
10:25:05.258 [ INFO] maestro.Maestro.hierarchyBasedTap-ogj28Uc: Something has changed in the UI judging by view hierarchy. Proceed.
10:25:05.258 [ INFO] maestro.cli.runner.CliConsoleListener.onCommandFinished: Tap on id: intro-done COMPLETED
10:25:05.258 [ INFO] maestro.cli.runner.CliConsoleListener.onCommandStart: Assert that id: turn-start is visible RUNNING
10:25:05.370 [ INFO] maestro.cli.runner.CliConsoleListener.onCommandFinished: Assert that id: turn-start is visible COMPLETED
10:25:05.370 [ INFO] maestro.cli.runner.CliConsoleListener.onCommandStart: Take screenshot 16d-turn-ready RUNNING
10:25:05.370 [ INFO] maestro.Maestro.takeScreenshot: Taking screenshot
10:25:05.371 [TRACE] maestro.utils.ScreenshotUtils.takeScreenshot: Taking screenshot to output sink
10:25:05.394 [ INFO] maestro.cli.runner.CliConsoleListener.onCommandFinished: Take screenshot 16d-turn-ready COMPLETED
10:25:05.394 [ INFO] maestro.cli.runner.CliConsoleListener.onCommandStart: Tap on id: turn-start RUNNING
10:25:05.510 [ INFO] maestro.Maestro.tap-HgV9Ck0: Tapping on element:  UiElement(treeNode=TreeNode(attributes={text=, accessibilityText=Turu başlat, hintText=, ignoreBoundsFiltering=false, resource-id=turn-start, clickable=true, bounds=[62,80][258,170], enabled=true, focused=false, checked=false, scrollable=false, selected=false, class=android.widget.Button, important-for-accessibility=true, error=}, children=[TreeNode(attributes={text=, accessibilityText=, hintText=, ignoreBoundsFiltering=false, resource-id=, clickable=false, bounds=[62,80][258,170], enabled=true, focused=false, checked=false, scrollable=false, selected=false, class=android.view.ViewGroup, important-for-accessibility=false, error=}, children=[], clickable=false, enabled=true, focused=false, checked=false, selected=false), TreeNode(attributes={text=Başla, accessibilityText=, hintText=, ignoreBoundsFiltering=false, resource-id=, clickable=false, bounds=[89,80][231,101], enabled=true, focused=false, checked=false, scrollable=false, selected=false, class=android.widget.TextView, important-for-accessibility=true, error=}, children=[], clickable=false, enabled=true, focused=false, checked=false, selected=false)], clickable=true, enabled=true, focused=false, checked=false, selected=false), bounds=Bounds(x=62, y=80, width=196, height=90))
10:25:06.699 [ INFO] maestro.Maestro.tap-HgV9Ck0: Tap aimed via settled hierarchy
10:25:06.700 [ INFO] maestro.Maestro.hierarchyBasedTap-ogj28Uc: Tapping at (160, 125) using hierarchy based logic for wait
10:25:07.004 [ INFO] maestro.cli.runner.CliConsoleListener.onCommandFinished: Tap on id: turn-start COMPLETED
10:25:07.004 [ INFO] maestro.cli.runner.CliConsoleListener.onCommandStart: Assert that "Kartı görmek için dokun" is visible RUNNING
10:25:17.347 [ INFO] maestro.cli.runner.CliConsoleListener.onCommandFinished: Assert that "Kartı görmek için dokun" is visible COMPLETED
10:25:17.347 [ INFO] maestro.cli.runner.CliConsoleListener.onCommandStart: Take screenshot 17-card-covered RUNNING
10:25:17.348 [ INFO] maestro.Maestro.takeScreenshot: Taking screenshot
10:25:17.348 [TRACE] maestro.utils.ScreenshotUtils.takeScreenshot: Taking screenshot to output sink
10:25:17.372 [ INFO] maestro.cli.runner.CliConsoleListener.onCommandFinished: Take screenshot 17-card-covered COMPLETED
10:25:17.372 [ INFO] maestro.cli.runner.CliConsoleListener.onCommandStart: Tap on "Kartı görmek için dokun" RUNNING
10:25:17.947 [ INFO] maestro.Maestro.tap-HgV9Ck0: Tapping on element:  UiElement(treeNode=TreeNode(attributes={text=Kartı görmek için dokun, accessibilityText=, hintText=, ignoreBoundsFiltering=false, resource-id=, clickable=false, bounds=[42,409][278,465], enabled=true, focused=false, checked=false, scrollable=false, selected=false, class=android.widget.TextView, important-for-accessibility=true, error=}, children=[], clickable=false, enabled=true, focused=false, checked=false, selected=false), bounds=Bounds(x=42, y=409, width=236, height=56))
10:25:19.294 [ INFO] maestro.Maestro.tap-HgV9Ck0: Tap aimed via settled hierarchy
10:25:19.294 [ INFO] maestro.Maestro.hierarchyBasedTap-ogj28Uc: Tapping at (160, 437) using hierarchy based logic for wait
10:25:20.195 [ INFO] maestro.Maestro.hierarchyBasedTap-ogj28Uc: Something has changed in the UI judging by view hierarchy. Proceed.
10:25:20.195 [ INFO] maestro.cli.runner.CliConsoleListener.onCommandFinished: Tap on "Kartı görmek için dokun" COMPLETED
10:25:20.195 [ INFO] maestro.cli.runner.CliConsoleListener.onCommandStart: Assert that id: tabu-card is visible RUNNING
10:25:20.876 [ INFO] maestro.cli.runner.CliConsoleListener.onCommandFinished: Assert that id: tabu-card is visible COMPLETED
10:25:20.876 [ INFO] maestro.cli.runner.CliConsoleListener.onCommandStart: Take screenshot 18-card-open RUNNING
10:25:20.877 [ INFO] maestro.Maestro.takeScreenshot: Taking screenshot
10:25:20.877 [TRACE] maestro.utils.ScreenshotUtils.takeScreenshot: Taking screenshot to output sink
10:25:20.903 [ INFO] maestro.cli.runner.CliConsoleListener.onCommandFinished: Take screenshot 18-card-open COMPLETED
10:25:20.904 [ INFO] maestro.cli.runner.CliConsoleListener.onCommandStart: Tap on id: game-chat RUNNING
10:25:21.023 [ INFO] maestro.Maestro.tap-HgV9Ck0: Tapping on element:  UiElement(treeNode=TreeNode(attributes={text=, accessibilityText=Sohbet, hintText=, ignoreBoundsFiltering=false, resource-id=game-chat, clickable=true, bounds=[260,30][304,74], enabled=true, focused=false, checked=false, scrollable=false, selected=false, class=android.widget.Button, important-for-accessibility=true, error=}, children=[TreeNode(attributes={text=, accessibilityText=, hintText=, ignoreBoundsFiltering=false, resource-id=, clickable=false, bounds=[260,30][304,74], enabled=true, focused=false, checked=false, scrollable=false, selected=false, class=android.view.ViewGroup, important-for-accessibility=false, error=}, children=[], clickable=false, enabled=true, focused=false, checked=false, selected=false), TreeNode(attributes={text=, accessibilityText=, hintText=, ignoreBoundsFiltering=false, resource-id=, clickable=false, bounds=[272,41][292,62], enabled=true, focused=false, checked=false, scrollable=false, selected=false, class=android.widget.TextView, important-for-accessibility=true, error=}, children=[], clickable=false, enabled=true, focused=false, checked=false, selected=false)], clickable=true, enabled=true, focused=false, checked=false, selected=false), bounds=Bounds(x=260, y=30, width=44, height=44))
10:25:22.222 [ INFO] maestro.Maestro.tap-HgV9Ck0: Tap aimed via settled hierarchy
10:25:22.223 [ INFO] maestro.Maestro.hierarchyBasedTap-ogj28Uc: Tapping at (282, 52) using hierarchy based logic for wait
10:25:23.216 [ INFO] maestro.Maestro.hierarchyBasedTap-ogj28Uc: Something has changed in the UI judging by view hierarchy. Proceed.
10:25:23.217 [ INFO] maestro.cli.runner.CliConsoleListener.onCommandFinished: Tap on id: game-chat COMPLETED
10:25:23.217 [ INFO] maestro.cli.runner.CliConsoleListener.onCommandStart: Assert that id: game-chat-panel is visible RUNNING
10:25:23.357 [ INFO] maestro.cli.runner.CliConsoleListener.onCommandFinished: Assert that id: game-chat-panel is visible COMPLETED
10:25:23.357 [ INFO] maestro.cli.runner.CliConsoleListener.onCommandStart: Take screenshot 18b-game-chat RUNNING
10:25:23.357 [ INFO] maestro.Maestro.takeScreenshot: Taking screenshot
10:25:23.357 [TRACE] maestro.utils.ScreenshotUtils.takeScreenshot: Taking screenshot to output sink
10:25:23.383 [ INFO] maestro.cli.runner.CliConsoleListener.onCommandFinished: Take screenshot 18b-game-chat COMPLETED
10:25:23.384 [ INFO] maestro.cli.runner.CliConsoleListener.onCommandStart: Tap on id: chat-back RUNNING
10:25:24.367 [ INFO] maestro.Maestro.tap-HgV9Ck0: Tapping on element:  UiElement(treeNode=TreeNode(attributes={text=, accessibilityText=Geri, hintText=, ignoreBoundsFiltering=false, resource-id=chat-back, clickable=true, bounds=[4,147][48,191], enabled=true, focused=false, checked=false, scrollable=false, selected=false, class=android.widget.Button, important-for-accessibility=true, error=}, children=[TreeNode(attributes={text=, accessibilityText=, hintText=, ignoreBoundsFiltering=false, resource-id=, clickable=false, bounds=[14,156][38,182], enabled=true, focused=false, checked=false, scrollable=false, selected=false, class=android.widget.TextView, important-for-accessibility=true, error=}, children=[], clickable=false, enabled=true, focused=false, checked=false, selected=false)], clickable=true, enabled=true, focused=false, checked=false, selected=false), bounds=Bounds(x=4, y=147, width=44, height=44))
10:25:26.298 [ INFO] maestro.Maestro.tap-HgV9Ck0: Tap aimed via settled hierarchy
10:25:26.299 [ INFO] maestro.Maestro.hierarchyBasedTap-ogj28Uc: Tapping at (26, 169) using hierarchy based logic for wait
10:25:27.198 [ INFO] maestro.Maestro.hierarchyBasedTap-ogj28Uc: Something has changed in the UI judging by view hierarchy. Proceed.
10:25:27.198 [ INFO] maestro.cli.runner.CliConsoleListener.onCommandFinished: Tap on id: chat-back COMPLETED
10:25:27.198 [ INFO] maestro.cli.runner.CliConsoleListener.onCommandStart: Scrolling DOWN until id: tabu-pass is visible with speed 40, visibility percentage 100%, timeout 10000 ms, with centering enabled RUNNING
10:25:27.320 [ INFO] maestro.orchestra.Orchestra.scrollUntilVisible: Scrolling try count: 0, DeviceWidth: 320, DeviceWidth: 640
10:25:27.320 [ INFO] maestro.orchestra.Orchestra.scrollUntilVisible: Element bounds: Bounds(x=165, y=615, width=139, height=25)
10:25:27.320 [ INFO] maestro.orchestra.Orchestra.scrollUntilVisible: Visibility Percent: 1.0
10:25:27.321 [ INFO] maestro.orchestra.Orchestra.scrollUntilVisible: Command centerElement: ScrollUntilVisibleCommand(selector=ElementSelector(textRegex=null, idRegex=tabu-pass, size=null, below=null, above=null, leftOf=null, rightOf=null, containsChild=null, containsDescendants=null, traits=null, index=null, enabled=null, optional=false, selected=null, checked=null, focused=null, childOf=null, css=null), direction=DOWN, scrollDuration=601, visibilityPercentage=100, timeout=10000, waitToSettleTimeoutMs=null, centerElement=true, originalSpeedValue=40, label=null, optional=false).centerElement
10:25:27.321 [ INFO] maestro.orchestra.Orchestra.scrollUntilVisible: visibilityPercentageNormalized: 1.0
10:25:27.365 [ INFO] maestro.Maestro.swipeFromCenter: Swiping UP from center
10:25:29.306 [ INFO] maestro.orchestra.Orchestra.scrollUntilVisible: Scrolling try count: 1, DeviceWidth: 320, DeviceWidth: 640
10:25:29.307 [ INFO] maestro.orchestra.Orchestra.scrollUntilVisible: Element bounds: Bounds(x=165, y=468, width=139, height=64)
10:25:29.307 [ INFO] maestro.orchestra.Orchestra.scrollUntilVisible: Visibility Percent: 1.0
10:25:29.307 [ INFO] maestro.orchestra.Orchestra.scrollUntilVisible: Command centerElement: ScrollUntilVisibleCommand(selector=ElementSelector(textRegex=null, idRegex=tabu-pass, size=null, below=null, above=null, leftOf=null, rightOf=null, containsChild=null, containsDescendants=null, traits=null, index=null, enabled=null, optional=false, selected=null, checked=null, focused=null, childOf=null, css=null), direction=DOWN, scrollDuration=601, visibilityPercentage=100, timeout=10000, waitToSettleTimeoutMs=null, centerElement=true, originalSpeedValue=40, label=null, optional=false).centerElement
10:25:29.307 [ INFO] maestro.orchestra.Orchestra.scrollUntilVisible: visibilityPercentageNormalized: 1.0
10:25:29.348 [ INFO] maestro.Maestro.swipeFromCenter: Swiping UP from center
10:25:30.308 [ INFO] maestro.orchestra.Orchestra.scrollUntilVisible: Scrolling try count: 2, DeviceWidth: 320, DeviceWidth: 640
10:25:30.308 [ INFO] maestro.orchestra.Orchestra.scrollUntilVisible: Element bounds: Bounds(x=165, y=468, width=139, height=64)
10:25:30.308 [ INFO] maestro.orchestra.Orchestra.scrollUntilVisible: Visibility Percent: 1.0
10:25:30.308 [ INFO] maestro.orchestra.Orchestra.scrollUntilVisible: Command centerElement: ScrollUntilVisibleCommand(selector=ElementSelector(textRegex=null, idRegex=tabu-pass, size=null, below=null, above=null, leftOf=null, rightOf=null, containsChild=null, containsDescendants=null, traits=null, index=null, enabled=null, optional=false, selected=null, checked=null, focused=null, childOf=null, css=null), direction=DOWN, scrollDuration=601, visibilityPercentage=100, timeout=10000, waitToSettleTimeoutMs=null, centerElement=true, originalSpeedValue=40, label=null, optional=false).centerElement
10:25:30.308 [ INFO] maestro.orchestra.Orchestra.scrollUntilVisible: visibilityPercentageNormalized: 1.0
10:25:30.350 [ INFO] maestro.Maestro.swipeFromCenter: Swiping UP from center
10:25:31.347 [ INFO] maestro.orchestra.Orchestra.scrollUntilVisible: Scrolling try count: 3, DeviceWidth: 320, DeviceWidth: 640
10:25:31.347 [ INFO] maestro.orchestra.Orchestra.scrollUntilVisible: Element bounds: Bounds(x=165, y=468, width=139, height=64)
10:25:31.347 [ INFO] maestro.orchestra.Orchestra.scrollUntilVisible: Visibility Percent: 1.0
10:25:31.347 [ INFO] maestro.orchestra.Orchestra.scrollUntilVisible: Command centerElement: ScrollUntilVisibleCommand(selector=ElementSelector(textRegex=null, idRegex=tabu-pass, size=null, below=null, above=null, leftOf=null, rightOf=null, containsChild=null, containsDescendants=null, traits=null, index=null, enabled=null, optional=false, selected=null, checked=null, focused=null, childOf=null, css=null), direction=DOWN, scrollDuration=601, visibilityPercentage=100, timeout=10000, waitToSettleTimeoutMs=null, centerElement=true, originalSpeedValue=40, label=null, optional=false).centerElement
10:25:31.347 [ INFO] maestro.orchestra.Orchestra.scrollUntilVisible: visibilityPercentageNormalized: 1.0
10:25:31.433 [ INFO] maestro.Maestro.swipeFromCenter: Swiping UP from center
10:25:32.891 [ INFO] maestro.orchestra.Orchestra.scrollUntilVisible: Scrolling try count: 4, DeviceWidth: 320, DeviceWidth: 640
10:25:32.891 [ INFO] maestro.orchestra.Orchestra.scrollUntilVisible: Element bounds: Bounds(x=165, y=468, width=139, height=64)
10:25:32.891 [ INFO] maestro.orchestra.Orchestra.scrollUntilVisible: Visibility Percent: 1.0
10:25:32.891 [ INFO] maestro.orchestra.Orchestra.scrollUntilVisible: Command centerElement: ScrollUntilVisibleCommand(selector=ElementSelector(textRegex=null, idRegex=tabu-pass, size=null, below=null, above=null, leftOf=null, rightOf=null, containsChild=null, containsDescendants=null, traits=null, index=null, enabled=null, optional=false, selected=null, checked=null, focused=null, childOf=null, css=null), direction=DOWN, scrollDuration=601, visibilityPercentage=100, timeout=10000, waitToSettleTimeoutMs=null, centerElement=true, originalSpeedValue=40, label=null, optional=false).centerElement
10:25:32.891 [ INFO] maestro.orchestra.Orchestra.scrollUntilVisible: visibilityPercentageNormalized: 1.0
10:25:32.895 [ INFO] maestro.Maestro.swipeFromCenter: Swiping UP from center
10:25:34.323 [ INFO] maestro.orchestra.Orchestra.scrollUntilVisible: Scrolling try count: 5, DeviceWidth: 320, DeviceWidth: 640
10:25:34.323 [ INFO] maestro.orchestra.Orchestra.scrollUntilVisible: Element bounds: Bounds(x=165, y=468, width=139, height=64)
10:25:34.323 [ INFO] maestro.orchestra.Orchestra.scrollUntilVisible: Visibility Percent: 1.0
10:25:34.323 [ INFO] maestro.orchestra.Orchestra.scrollUntilVisible: Command centerElement: ScrollUntilVisibleCommand(selector=ElementSelector(textRegex=null, idRegex=tabu-pass, size=null, below=null, above=null, leftOf=null, rightOf=null, containsChild=null, containsDescendants=null, traits=null, index=null, enabled=null, optional=false, selected=null, checked=null, focused=null, childOf=null, css=null), direction=DOWN, scrollDuration=601, visibilityPercentage=100, timeout=10000, waitToSettleTimeoutMs=null, centerElement=true, originalSpeedValue=40, label=null, optional=false).centerElement
10:25:34.323 [ INFO] maestro.orchestra.Orchestra.scrollUntilVisible: visibilityPercentageNormalized: 1.0
10:25:34.323 [ INFO] maestro.cli.runner.CliConsoleListener.onCommandFinished: Scrolling DOWN until id: tabu-pass is visible with speed 40, visibility percentage 100%, timeout 10000 ms, with centering enabled COMPLETED
10:25:34.323 [ INFO] maestro.cli.runner.CliConsoleListener.onCommandStart: Assert that "3 hak" is visible RUNNING
10:25:35.015 [ INFO] maestro.cli.runner.CliConsoleListener.onCommandFinished: Assert that "3 hak" is visible COMPLETED
10:25:35.015 [ INFO] maestro.cli.runner.CliConsoleListener.onCommandStart: Tap on id: tabu-pass RUNNING
10:25:35.095 [ INFO] maestro.Maestro.tap-HgV9Ck0: Tapping on element:  UiElement(treeNode=TreeNode(attributes={text=, accessibilityText=Pas, 3 pas hakkı, hintText=, ignoreBoundsFiltering=false, resource-id=tabu-pass, clickable=true, bounds=[165,468][304,532], enabled=true, focused=false, checked=false, scrollable=false, selected=false, class=android.widget.Button, important-for-accessibility=true, error=}, children=[TreeNode(attributes={text=, accessibilityText=, hintText=, ignoreBoundsFiltering=false, resource-id=, clickable=false, bounds=[165,468][304,532], enabled=true, focused=false, checked=false, scrollable=false, selected=false, class=android.view.ViewGroup, important-for-accessibility=false, error=}, children=[], clickable=false, enabled=true, focused=false, checked=false, selected=false), TreeNode(attributes={text=, accessibilityText=, hintText=, ignoreBoundsFiltering=false, resource-id=, clickable=false, bounds=[184,489][204,510], enabled=true, focused=false, checked=false, scrollable=false, selected=false, class=android.widget.TextView, important-for-accessibility=true, error=}, children=[], clickable=false, enabled=true, focused=false, checked=false, selected=false), TreeNode(attributes={text=Pas, accessibilityText=, hintText=, ignoreBoundsFiltering=false, resource-id=, clickable=false, bounds=[211,489][241,511], enabled=true, focused=false, checked=false, scrollable=false, selected=false, class=android.widget.TextView, important-for-accessibility=true, error=}, children=[], clickable=false, enabled=true, focused=false, checked=false, selected=false), TreeNode(attributes={text=3 hak, accessibilityText=, hintText=, ignoreBoundsFiltering=false, resource-id=, clickable=false, bounds=[245,491][285,511], enabled=true, focused=false, checked=false, scrollable=false, selected=false, class=android.widget.TextView, important-for-accessibility=true, error=}, children=[], clickable=false, enabled=true, focused=false, checked=false, selected=false)], clickable=true, enabled=true, focused=false, checked=false, selected=false), bounds=Bounds(x=165, y=468, width=139, height=64))
10:25:36.082 [ INFO] maestro.Maestro.tap-HgV9Ck0: Tap aimed via settled hierarchy
10:25:36.082 [ INFO] maestro.Maestro.hierarchyBasedTap-ogj28Uc: Tapping at (234, 500) using hierarchy based logic for wait
10:25:37.958 [ INFO] maestro.Maestro.hierarchyBasedTap-ogj28Uc: Something has changed in the UI judging by view hierarchy. Proceed.
10:25:37.958 [ INFO] maestro.cli.runner.CliConsoleListener.onCommandFinished: Tap on id: tabu-pass COMPLETED
10:25:37.958 [ INFO] maestro.cli.runner.CliConsoleListener.onCommandStart: Scrolling DOWN until "2 hak" is visible with speed 40, visibility percentage 100%, timeout 10000 ms, with centering enabled RUNNING
10:25:38.039 [ INFO] maestro.orchestra.Orchestra.scrollUntilVisible: Scrolling try count: 0, DeviceWidth: 320, DeviceWidth: 640
10:25:38.039 [ INFO] maestro.orchestra.Orchestra.scrollUntilVisible: Element bounds: Bounds(x=245, y=491, width=40, height=20)
10:25:38.039 [ INFO] maestro.orchestra.Orchestra.scrollUntilVisible: Visibility Percent: 1.0
10:25:38.039 [ INFO] maestro.orchestra.Orchestra.scrollUntilVisible: Command centerElement: ScrollUntilVisibleCommand(selector=ElementSelector(textRegex=2 hak, idRegex=null, size=null, below=null, above=null, leftOf=null, rightOf=null, containsChild=null, containsDescendants=null, traits=null, index=null, enabled=null, optional=false, selected=null, checked=null, focused=null, childOf=null, css=null), direction=DOWN, scrollDuration=601, visibilityPercentage=100, timeout=10000, waitToSettleTimeoutMs=null, centerElement=true, originalSpeedValue=40, label=null, optional=false).centerElement
10:25:38.039 [ INFO] maestro.orchestra.Orchestra.scrollUntilVisible: visibilityPercentageNormalized: 1.0
10:25:38.081 [ INFO] maestro.Maestro.swipeFromCenter: Swiping UP from center
10:25:39.393 [ INFO] maestro.orchestra.Orchestra.scrollUntilVisible: Scrolling try count: 1, DeviceWidth: 320, DeviceWidth: 640
10:25:39.393 [ INFO] maestro.orchestra.Orchestra.scrollUntilVisible: Element bounds: Bounds(x=245, y=491, width=40, height=20)
10:25:39.393 [ INFO] maestro.orchestra.Orchestra.scrollUntilVisible: Visibility Percent: 1.0
10:25:39.393 [ INFO] maestro.orchestra.Orchestra.scrollUntilVisible: Command centerElement: ScrollUntilVisibleCommand(selector=ElementSelector(textRegex=2 hak, idRegex=null, size=null, below=null, above=null, leftOf=null, rightOf=null, containsChild=null, containsDescendants=null, traits=null, index=null, enabled=null, optional=false, selected=null, checked=null, focused=null, childOf=null, css=null), direction=DOWN, scrollDuration=601, visibilityPercentage=100, timeout=10000, waitToSettleTimeoutMs=null, centerElement=true, originalSpeedValue=40, label=null, optional=false).centerElement
10:25:39.393 [ INFO] maestro.orchestra.Orchestra.scrollUntilVisible: visibilityPercentageNormalized: 1.0
10:25:39.397 [ INFO] maestro.Maestro.swipeFromCenter: Swiping UP from center
10:25:40.871 [ INFO] maestro.orchestra.Orchestra.scrollUntilVisible: Scrolling try count: 2, DeviceWidth: 320, DeviceWidth: 640
10:25:40.871 [ INFO] maestro.orchestra.Orchestra.scrollUntilVisible: Element bounds: Bounds(x=245, y=491, width=40, height=20)
10:25:40.871 [ INFO] maestro.orchestra.Orchestra.scrollUntilVisible: Visibility Percent: 1.0
10:25:40.871 [ INFO] maestro.orchestra.Orchestra.scrollUntilVisible: Command centerElement: ScrollUntilVisibleCommand(selector=ElementSelector(textRegex=2 hak, idRegex=null, size=null, below=null, above=null, leftOf=null, rightOf=null, containsChild=null, containsDescendants=null, traits=null, index=null, enabled=null, optional=false, selected=null, checked=null, focused=null, childOf=null, css=null), direction=DOWN, scrollDuration=601, visibilityPercentage=100, timeout=10000, waitToSettleTimeoutMs=null, centerElement=true, originalSpeedValue=40, label=null, optional=false).centerElement
10:25:40.871 [ INFO] maestro.orchestra.Orchestra.scrollUntilVisible: visibilityPercentageNormalized: 1.0
10:25:40.875 [ INFO] maestro.Maestro.swipeFromCenter: Swiping UP from center
10:25:42.263 [ INFO] maestro.orchestra.Orchestra.scrollUntilVisible: Scrolling try count: 3, DeviceWidth: 320, DeviceWidth: 640
10:25:42.263 [ INFO] maestro.orchestra.Orchestra.scrollUntilVisible: Element bounds: Bounds(x=245, y=491, width=40, height=20)
10:25:42.263 [ INFO] maestro.orchestra.Orchestra.scrollUntilVisible: Visibility Percent: 1.0
10:25:42.263 [ INFO] maestro.orchestra.Orchestra.scrollUntilVisible: Command centerElement: ScrollUntilVisibleCommand(selector=ElementSelector(textRegex=2 hak, idRegex=null, size=null, below=null, above=null, leftOf=null, rightOf=null, containsChild=null, containsDescendants=null, traits=null, index=null, enabled=null, optional=false, selected=null, checked=null, focused=null, childOf=null, css=null), direction=DOWN, scrollDuration=601, visibilityPercentage=100, timeout=10000, waitToSettleTimeoutMs=null, centerElement=true, originalSpeedValue=40, label=null, optional=false).centerElement
10:25:42.263 [ INFO] maestro.orchestra.Orchestra.scrollUntilVisible: visibilityPercentageNormalized: 1.0
10:25:42.304 [ INFO] maestro.Maestro.swipeFromCenter: Swiping UP from center
10:25:43.259 [ INFO] maestro.orchestra.Orchestra.scrollUntilVisible: Scrolling try count: 4, DeviceWidth: 320, DeviceWidth: 640
10:25:43.259 [ INFO] maestro.orchestra.Orchestra.scrollUntilVisible: Element bounds: Bounds(x=245, y=491, width=40, height=20)
10:25:43.259 [ INFO] maestro.orchestra.Orchestra.scrollUntilVisible: Visibility Percent: 1.0
10:25:43.259 [ INFO] maestro.orchestra.Orchestra.scrollUntilVisible: Command centerElement: ScrollUntilVisibleCommand(selector=ElementSelector(textRegex=2 hak, idRegex=null, size=null, below=null, above=null, leftOf=null, rightOf=null, containsChild=null, containsDescendants=null, traits=null, index=null, enabled=null, optional=false, selected=null, checked=null, focused=null, childOf=null, css=null), direction=DOWN, scrollDuration=601, visibilityPercentage=100, timeout=10000, waitToSettleTimeoutMs=null, centerElement=true, originalSpeedValue=40, label=null, optional=false).centerElement
10:25:43.259 [ INFO] maestro.orchestra.Orchestra.scrollUntilVisible: visibilityPercentageNormalized: 1.0
10:25:43.300 [ INFO] maestro.Maestro.swipeFromCenter: Swiping UP from center
10:25:44.876 [ INFO] maestro.orchestra.Orchestra.scrollUntilVisible: Scrolling try count: 5, DeviceWidth: 320, DeviceWidth: 640
10:25:44.876 [ INFO] maestro.orchestra.Orchestra.scrollUntilVisible: Element bounds: Bounds(x=245, y=491, width=40, height=20)
10:25:44.876 [ INFO] maestro.orchestra.Orchestra.scrollUntilVisible: Visibility Percent: 1.0
10:25:44.876 [ INFO] maestro.orchestra.Orchestra.scrollUntilVisible: Command centerElement: ScrollUntilVisibleCommand(selector=ElementSelector(textRegex=2 hak, idRegex=null, size=null, below=null, above=null, leftOf=null, rightOf=null, containsChild=null, containsDescendants=null, traits=null, index=null, enabled=null, optional=false, selected=null, checked=null, focused=null, childOf=null, css=null), direction=DOWN, scrollDuration=601, visibilityPercentage=100, timeout=10000, waitToSettleTimeoutMs=null, centerElement=true, originalSpeedValue=40, label=null, optional=false).centerElement
10:25:44.876 [ INFO] maestro.orchestra.Orchestra.scrollUntilVisible: visibilityPercentageNormalized: 1.0
10:25:44.876 [ INFO] maestro.cli.runner.CliConsoleListener.onCommandFinished: Scrolling DOWN until "2 hak" is visible with speed 40, visibility percentage 100%, timeout 10000 ms, with centering enabled COMPLETED
10:25:44.876 [ INFO] maestro.cli.runner.CliConsoleListener.onCommandStart: Run ../scripts/bot.js RUNNING
10:25:44.981 [ INFO] maestro.cli.runner.CliConsoleListener.onCommandFinished: Run ../scripts/bot.js COMPLETED
10:25:44.981 [ INFO] maestro.cli.runner.CliConsoleListener.onCommandStart: Take screenshot 19-after-marks RUNNING
10:25:44.981 [ INFO] maestro.Maestro.takeScreenshot: Taking screenshot
10:25:44.982 [TRACE] maestro.utils.ScreenshotUtils.takeScreenshot: Taking screenshot to output sink
10:25:45.015 [ INFO] maestro.cli.runner.CliConsoleListener.onCommandFinished: Take screenshot 19-after-marks COMPLETED
10:25:45.015 [ INFO] maestro.cli.runner.CliConsoleListener.onCommandStart: Run ../scripts/bot.js RUNNING
10:25:45.107 [ INFO] maestro.cli.runner.CliConsoleListener.onCommandFinished: Run ../scripts/bot.js COMPLETED
10:25:45.107 [ INFO] maestro.cli.runner.CliConsoleListener.onCommandStart: Assert that id: turn-countdown is visible RUNNING
10:25:46.226 [ INFO] maestro.cli.runner.CliConsoleListener.onCommandFinished: Assert that id: turn-countdown is visible COMPLETED
10:25:46.226 [ INFO] maestro.cli.runner.CliConsoleListener.onCommandStart: Take screenshot 19b-turn-ready-waiting RUNNING
10:25:46.227 [ INFO] maestro.Maestro.takeScreenshot: Taking screenshot
10:25:46.227 [TRACE] maestro.utils.ScreenshotUtils.takeScreenshot: Taking screenshot to output sink
10:25:46.260 [ INFO] maestro.cli.runner.CliConsoleListener.onCommandFinished: Take screenshot 19b-turn-ready-waiting COMPLETED
10:25:46.260 [ INFO] maestro.cli.runner.CliConsoleListener.onCommandStart: Run ../scripts/bot.js RUNNING
10:25:46.389 [ INFO] maestro.cli.runner.CliConsoleListener.onCommandFinished: Run ../scripts/bot.js COMPLETED
10:25:46.389 [ INFO] maestro.cli.runner.CliConsoleListener.onCommandStart: Scrolling UP until ".*Tur 2/6" is visible with speed 40, visibility percentage 100%, timeout 20000 ms, with centering disabled RUNNING
10:25:47.089 [ INFO] maestro.orchestra.Orchestra.scrollUntilVisible: Scrolling try count: 0, DeviceWidth: 320, DeviceWidth: 640
10:25:47.089 [ INFO] maestro.orchestra.Orchestra.scrollUntilVisible: Element bounds: Bounds(x=16, y=96, width=88, height=20)
10:25:47.089 [ INFO] maestro.orchestra.Orchestra.scrollUntilVisible: Visibility Percent: 1.0
10:25:47.089 [ INFO] maestro.orchestra.Orchestra.scrollUntilVisible: Command centerElement: ScrollUntilVisibleCommand(selector=ElementSelector(textRegex=.*Tur 2/6, idRegex=null, size=null, below=null, above=null, leftOf=null, rightOf=null, containsChild=null, containsDescendants=null, traits=null, index=null, enabled=null, optional=false, selected=null, checked=null, focused=null, childOf=null, css=null), direction=UP, scrollDuration=601, visibilityPercentage=100, timeout=20000, waitToSettleTimeoutMs=null, centerElement=false, originalSpeedValue=40, label=null, optional=false).centerElement
10:25:47.089 [ INFO] maestro.orchestra.Orchestra.scrollUntilVisible: visibilityPercentageNormalized: 1.0
10:25:47.089 [ INFO] maestro.cli.runner.CliConsoleListener.onCommandFinished: Scrolling UP until ".*Tur 2/6" is visible with speed 40, visibility percentage 100%, timeout 20000 ms, with centering disabled COMPLETED
10:25:47.090 [ INFO] maestro.cli.runner.CliConsoleListener.onCommandStart: Scrolling DOWN until id: tabu-taboo is visible with speed 40, visibility percentage 100%, timeout 20000 ms, with centering enabled RUNNING
10:25:47.571 [ INFO] maestro.orchestra.Orchestra.scrollUntilVisible: Scrolling try count: 0, DeviceWidth: 320, DeviceWidth: 640
10:25:47.571 [ INFO] maestro.orchestra.Orchestra.scrollUntilVisible: Element bounds: Bounds(x=165, y=592, width=139, height=48)
10:25:47.571 [ INFO] maestro.orchestra.Orchestra.scrollUntilVisible: Visibility Percent: 1.0
10:25:47.571 [ INFO] maestro.orchestra.Orchestra.scrollUntilVisible: Command centerElement: ScrollUntilVisibleCommand(selector=ElementSelector(textRegex=null, idRegex=tabu-taboo, size=null, below=null, above=null, leftOf=null, rightOf=null, containsChild=null, containsDescendants=null, traits=null, index=null, enabled=null, optional=false, selected=null, checked=null, focused=null, childOf=null, css=null), direction=DOWN, scrollDuration=601, visibilityPercentage=100, timeout=20000, waitToSettleTimeoutMs=null, centerElement=true, originalSpeedValue=40, label=null, optional=false).centerElement
10:25:47.571 [ INFO] maestro.orchestra.Orchestra.scrollUntilVisible: visibilityPercentageNormalized: 1.0
10:25:47.575 [ INFO] maestro.Maestro.swipeFromCenter: Swiping UP from center
10:25:48.927 [ INFO] maestro.orchestra.Orchestra.scrollUntilVisible: Scrolling try count: 1, DeviceWidth: 320, DeviceWidth: 640
10:25:48.927 [ INFO] maestro.orchestra.Orchestra.scrollUntilVisible: Element bounds: Bounds(x=165, y=468, width=139, height=64)
10:25:48.927 [ INFO] maestro.orchestra.Orchestra.scrollUntilVisible: Visibility Percent: 1.0
10:25:48.927 [ INFO] maestro.orchestra.Orchestra.scrollUntilVisible: Command centerElement: ScrollUntilVisibleCommand(selector=ElementSelector(textRegex=null, idRegex=tabu-taboo, size=null, below=null, above=null, leftOf=null, rightOf=null, containsChild=null, containsDescendants=null, traits=null, index=null, enabled=null, optional=false, selected=null, checked=null, focused=null, childOf=null, css=null), direction=DOWN, scrollDuration=601, visibilityPercentage=100, timeout=20000, waitToSettleTimeoutMs=null, centerElement=true, originalSpeedValue=40, label=null, optional=false).centerElement
10:25:48.927 [ INFO] maestro.orchestra.Orchestra.scrollUntilVisible: visibilityPercentageNormalized: 1.0
10:25:48.931 [ INFO] maestro.Maestro.swipeFromCenter: Swiping UP from center
10:25:50.491 [ INFO] maestro.orchestra.Orchestra.scrollUntilVisible: Scrolling try count: 2, DeviceWidth: 320, DeviceWidth: 640
10:25:50.491 [ INFO] maestro.orchestra.Orchestra.scrollUntilVisible: Element bounds: Bounds(x=165, y=468, width=139, height=64)
10:25:50.491 [ INFO] maestro.orchestra.Orchestra.scrollUntilVisible: Visibility Percent: 1.0
10:25:50.491 [ INFO] maestro.orchestra.Orchestra.scrollUntilVisible: Command centerElement: ScrollUntilVisibleCommand(selector=ElementSelector(textRegex=null, idRegex=tabu-taboo, size=null, below=null, above=null, leftOf=null, rightOf=null, containsChild=null, containsDescendants=null, traits=null, index=null, enabled=null, optional=false, selected=null, checked=null, focused=null, childOf=null, css=null), direction=DOWN, scrollDuration=601, visibilityPercentage=100, timeout=20000, waitToSettleTimeoutMs=null, centerElement=true, originalSpeedValue=40, label=null, optional=false).centerElement
10:25:50.491 [ INFO] maestro.orchestra.Orchestra.scrollUntilVisible: visibilityPercentageNormalized: 1.0
10:25:50.495 [ INFO] maestro.Maestro.swipeFromCenter: Swiping UP from center
10:25:51.499 [ INFO] maestro.orchestra.Orchestra.scrollUntilVisible: Scrolling try count: 3, DeviceWidth: 320, DeviceWidth: 640
10:25:51.499 [ INFO] maestro.orchestra.Orchestra.scrollUntilVisible: Element bounds: Bounds(x=165, y=468, width=139, height=64)
10:25:51.499 [ INFO] maestro.orchestra.Orchestra.scrollUntilVisible: Visibility Percent: 1.0
10:25:51.499 [ INFO] maestro.orchestra.Orchestra.scrollUntilVisible: Command centerElement: ScrollUntilVisibleCommand(selector=ElementSelector(textRegex=null, idRegex=tabu-taboo, size=null, below=null, above=null, leftOf=null, rightOf=null, containsChild=null, containsDescendants=null, traits=null, index=null, enabled=null, optional=false, selected=null, checked=null, focused=null, childOf=null, css=null), direction=DOWN, scrollDuration=601, visibilityPercentage=100, timeout=20000, waitToSettleTimeoutMs=null, centerElement=true, originalSpeedValue=40, label=null, optional=false).centerElement
10:25:51.499 [ INFO] maestro.orchestra.Orchestra.scrollUntilVisible: visibilityPercentageNormalized: 1.0
10:25:51.543 [ INFO] maestro.Maestro.swipeFromCenter: Swiping UP from center
10:25:52.591 [ INFO] maestro.orchestra.Orchestra.scrollUntilVisible: Scrolling try count: 4, DeviceWidth: 320, DeviceWidth: 640
10:25:52.591 [ INFO] maestro.orchestra.Orchestra.scrollUntilVisible: Element bounds: Bounds(x=165, y=468, width=139, height=64)
10:25:52.591 [ INFO] maestro.orchestra.Orchestra.scrollUntilVisible: Visibility Percent: 1.0
10:25:52.591 [ INFO] maestro.orchestra.Orchestra.scrollUntilVisible: Command centerElement: ScrollUntilVisibleCommand(selector=ElementSelector(textRegex=null, idRegex=tabu-taboo, size=null, below=null, above=null, leftOf=null, rightOf=null, containsChild=null, containsDescendants=null, traits=null, index=null, enabled=null, optional=false, selected=null, checked=null, focused=null, childOf=null, css=null), direction=DOWN, scrollDuration=601, visibilityPercentage=100, timeout=20000, waitToSettleTimeoutMs=null, centerElement=true, originalSpeedValue=40, label=null, optional=false).centerElement
10:25:52.591 [ INFO] maestro.orchestra.Orchestra.scrollUntilVisible: visibilityPercentageNormalized: 1.0
10:25:52.633 [ INFO] maestro.Maestro.swipeFromCenter: Swiping UP from center
10:25:53.631 [ INFO] maestro.orchestra.Orchestra.scrollUntilVisible: Scrolling try count: 5, DeviceWidth: 320, DeviceWidth: 640
10:25:53.631 [ INFO] maestro.orchestra.Orchestra.scrollUntilVisible: Element bounds: Bounds(x=165, y=468, width=139, height=64)
10:25:53.631 [ INFO] maestro.orchestra.Orchestra.scrollUntilVisible: Visibility Percent: 1.0
10:25:53.631 [ INFO] maestro.orchestra.Orchestra.scrollUntilVisible: Command centerElement: ScrollUntilVisibleCommand(selector=ElementSelector(textRegex=null, idRegex=tabu-taboo, size=null, below=null, above=null, leftOf=null, rightOf=null, containsChild=null, containsDescendants=null, traits=null, index=null, enabled=null, optional=false, selected=null, checked=null, focused=null, childOf=null, css=null), direction=DOWN, scrollDuration=601, visibilityPercentage=100, timeout=20000, waitToSettleTimeoutMs=null, centerElement=true, originalSpeedValue=40, label=null, optional=false).centerElement
10:25:53.632 [ INFO] maestro.orchestra.Orchestra.scrollUntilVisible: visibilityPercentageNormalized: 1.0
10:25:53.632 [ INFO] maestro.cli.runner.CliConsoleListener.onCommandFinished: Scrolling DOWN until id: tabu-taboo is visible with speed 40, visibility percentage 100%, timeout 20000 ms, with centering enabled COMPLETED
10:25:53.632 [ INFO] maestro.cli.runner.CliConsoleListener.onCommandStart: Take screenshot 20-judge RUNNING
10:25:53.632 [ INFO] maestro.Maestro.takeScreenshot: Taking screenshot
10:25:53.632 [TRACE] maestro.utils.ScreenshotUtils.takeScreenshot: Taking screenshot to output sink
10:25:53.755 [ INFO] maestro.cli.runner.CliConsoleListener.onCommandFinished: Take screenshot 20-judge COMPLETED
10:25:53.755 [ INFO] maestro.cli.runner.CliConsoleListener.onCommandStart: Tap on id: tabu-correct RUNNING
10:25:54.015 [ INFO] maestro.Maestro.tap-HgV9Ck0: Tapping on element:  UiElement(treeNode=TreeNode(attributes={text=, accessibilityText=Doğru +1, hintText=, ignoreBoundsFiltering=false, resource-id=tabu-correct, clickable=true, bounds=[16,468][155,532], enabled=true, focused=false, checked=false, scrollable=false, selected=false, class=android.widget.Button, important-for-accessibility=true, error=}, children=[TreeNode(attributes={text=, accessibilityText=, hintText=, ignoreBoundsFiltering=false, resource-id=, clickable=false, bounds=[16,468][155,532], enabled=true, focused=false, checked=false, scrollable=false, selected=false, class=android.view.ViewGroup, important-for-accessibility=false, error=}, children=[], clickable=false, enabled=true, focused=false, checked=false, selected=false), TreeNode(attributes={text=, accessibilityText=, hintText=, ignoreBoundsFiltering=false, resource-id=, clickable=false, bounds=[34,489][54,510], enabled=true, focused=false, checked=false, scrollable=false, selected=false, class=android.widget.TextView, important-for-accessibility=true, error=}, children=[], clickable=false, enabled=true, focused=false, checked=false, selected=false), TreeNode(attributes={text=Doğru, accessibilityText=, hintText=, ignoreBoundsFiltering=false, resource-id=, clickable=false, bounds=[60,489][113,511], enabled=true, focused=false, checked=false, scrollable=false, selected=false, class=android.widget.TextView, important-for-accessibility=true, error=}, children=[], clickable=false, enabled=true, focused=false, checked=false, selected=false), TreeNode(attributes={text=+1, accessibilityText=, hintText=, ignoreBoundsFiltering=false, resource-id=, clickable=false, bounds=[117,491][137,511], enabled=true, focused=false, checked=false, scrollable=false, selected=false, class=android.widget.TextView, important-for-accessibility=true, error=}, children=[], clickable=false, enabled=true, focused=false, checked=false, selected=false)], clickable=true, enabled=true, focused=false, checked=false, selected=false), bounds=Bounds(x=16, y=468, width=139, height=64))
10:25:55.294 [ INFO] maestro.Maestro.tap-HgV9Ck0: Tap aimed via settled hierarchy
10:25:55.295 [ INFO] maestro.Maestro.hierarchyBasedTap-ogj28Uc: Tapping at (85, 500) using hierarchy based logic for wait
10:25:56.686 [ INFO] maestro.Maestro.hierarchyBasedTap-ogj28Uc: Something has changed in the UI judging by view hierarchy. Proceed.
10:25:56.686 [ INFO] maestro.cli.runner.CliConsoleListener.onCommandFinished: Tap on id: tabu-correct COMPLETED
10:25:56.686 [ INFO] maestro.cli.runner.CliConsoleListener.onCommandStart: Scrolling DOWN until id: end-game is visible with speed 40, visibility percentage 100%, timeout 10000 ms, with centering enabled RUNNING
10:25:56.773 [ INFO] maestro.orchestra.Orchestra.scrollUntilVisible: Scrolling try count: 0, DeviceWidth: 320, DeviceWidth: 640
10:25:56.773 [ INFO] maestro.orchestra.Orchestra.scrollUntilVisible: Element bounds: Bounds(x=16, y=30, width=44, height=44)
10:25:56.773 [ INFO] maestro.orchestra.Orchestra.scrollUntilVisible: Visibility Percent: 1.0
10:25:56.773 [ INFO] maestro.orchestra.Orchestra.scrollUntilVisible: Command centerElement: ScrollUntilVisibleCommand(selector=ElementSelector(textRegex=null, idRegex=end-game, size=null, below=null, above=null, leftOf=null, rightOf=null, containsChild=null, containsDescendants=null, traits=null, index=null, enabled=null, optional=false, selected=null, checked=null, focused=null, childOf=null, css=null), direction=DOWN, scrollDuration=601, visibilityPercentage=100, timeout=10000, waitToSettleTimeoutMs=null, centerElement=true, originalSpeedValue=40, label=null, optional=false).centerElement
10:25:56.773 [ INFO] maestro.orchestra.Orchestra.scrollUntilVisible: visibilityPercentageNormalized: 1.0
10:25:56.773 [ INFO] maestro.cli.runner.CliConsoleListener.onCommandFinished: Scrolling DOWN until id: end-game is visible with speed 40, visibility percentage 100%, timeout 10000 ms, with centering enabled COMPLETED
10:25:56.773 [ INFO] maestro.cli.runner.CliConsoleListener.onCommandStart: Tap on id: end-game RUNNING
10:25:57.439 [ INFO] maestro.Maestro.tap-HgV9Ck0: Tapping on element:  UiElement(treeNode=TreeNode(attributes={text=, accessibilityText=Oyunu bitir, hintText=, ignoreBoundsFiltering=false, resource-id=end-game, clickable=true, bounds=[16,30][60,74], enabled=true, focused=false, checked=false, scrollable=false, selected=false, class=android.widget.Button, important-for-accessibility=true, error=}, children=[TreeNode(attributes={text=, accessibilityText=, hintText=, ignoreBoundsFiltering=false, resource-id=, clickable=false, bounds=[16,30][60,74], enabled=true, focused=false, checked=false, scrollable=false, selected=false, class=android.view.ViewGroup, important-for-accessibility=false, error=}, children=[], clickable=false, enabled=true, focused=false, checked=false, selected=false), TreeNode(attributes={text=, accessibilityText=, hintText=, ignoreBoundsFiltering=false, resource-id=, clickable=false, bounds=[28,41][48,62], enabled=true, focused=false, checked=false, scrollable=false, selected=false, class=android.widget.TextView, important-for-accessibility=true, error=}, children=[], clickable=false, enabled=true, focused=false, checked=false, selected=false)], clickable=true, enabled=true, focused=false, checked=false, selected=false), bounds=Bounds(x=16, y=30, width=44, height=44))
10:25:58.490 [ INFO] maestro.Maestro.tap-HgV9Ck0: Tap aimed via settled hierarchy
10:25:58.491 [ INFO] maestro.Maestro.hierarchyBasedTap-ogj28Uc: Tapping at (38, 52) using hierarchy based logic for wait
10:25:59.381 [ INFO] maestro.Maestro.hierarchyBasedTap-ogj28Uc: Something has changed in the UI judging by view hierarchy. Proceed.
10:25:59.381 [ INFO] maestro.cli.runner.CliConsoleListener.onCommandFinished: Tap on id: end-game COMPLETED
10:25:59.381 [ INFO] maestro.cli.runner.CliConsoleListener.onCommandStart: Assert that id: end-game-confirm is visible RUNNING
10:25:59.458 [ INFO] maestro.cli.runner.CliConsoleListener.onCommandFinished: Assert that id: end-game-confirm is visible COMPLETED
10:25:59.458 [ INFO] maestro.cli.runner.CliConsoleListener.onCommandStart: Take screenshot 20a-end-confirm RUNNING
10:25:59.459 [ INFO] maestro.Maestro.takeScreenshot: Taking screenshot
10:25:59.459 [TRACE] maestro.utils.ScreenshotUtils.takeScreenshot: Taking screenshot to output sink
10:25:59.524 [ INFO] maestro.cli.runner.CliConsoleListener.onCommandFinished: Take screenshot 20a-end-confirm COMPLETED
10:25:59.525 [ INFO] maestro.cli.runner.CliConsoleListener.onCommandStart: Tap on id: end-game-confirm RUNNING
10:25:59.630 [ INFO] maestro.Maestro.tap-HgV9Ck0: Tapping on element:  UiElement(treeNode=TreeNode(attributes={text=, accessibilityText=Bitir, hintText=, ignoreBoundsFiltering=false, resource-id=end-game-confirm, clickable=true, bounds=[165,568][296,616], enabled=true, focused=false, checked=false, scrollable=false, selected=false, class=android.widget.Button, important-for-accessibility=true, error=}, children=[TreeNode(attributes={text=, accessibilityText=, hintText=, ignoreBoundsFiltering=false, resource-id=, clickable=false, bounds=[165,568][296,616], enabled=true, focused=false, checked=false, scrollable=false, selected=false, class=android.view.ViewGroup, important-for-accessibility=false, error=}, children=[], clickable=false, enabled=true, focused=false, checked=false, selected=false), TreeNode(attributes={text=Bitir, accessibilityText=, hintText=, ignoreBoundsFiltering=false, resource-id=, clickable=false, bounds=[215,582][247,602], enabled=true, focused=false, checked=false, scrollable=false, selected=false, class=android.widget.TextView, important-for-accessibility=true, error=}, children=[], clickable=false, enabled=true, focused=false, checked=false, selected=false)], clickable=true, enabled=true, focused=false, checked=false, selected=false), bounds=Bounds(x=165, y=568, width=131, height=48))
10:26:01.197 [ INFO] maestro.Maestro.tap-HgV9Ck0: Tap aimed via settled hierarchy
10:26:01.199 [ INFO] maestro.Maestro.hierarchyBasedTap-ogj28Uc: Tapping at (230, 592) using hierarchy based logic for wait
10:26:02.510 [ INFO] maestro.Maestro.hierarchyBasedTap-ogj28Uc: Something has changed in the UI judging by view hierarchy. Proceed.
10:26:02.510 [ INFO] maestro.cli.runner.CliConsoleListener.onCommandFinished: Tap on id: end-game-confirm COMPLETED
10:26:02.511 [ INFO] maestro.cli.runner.CliConsoleListener.onCommandStart: Scrolling UP until id: last-game is visible with speed 40, visibility percentage 100%, timeout 15000 ms, with centering disabled RUNNING
10:26:02.635 [ INFO] maestro.orchestra.Orchestra.scrollUntilVisible: Scrolling try count: 0, DeviceWidth: 320, DeviceWidth: 640
10:26:02.635 [ INFO] maestro.orchestra.Orchestra.scrollUntilVisible: Element bounds: Bounds(x=16, y=129, width=288, height=38)
10:26:02.635 [ INFO] maestro.orchestra.Orchestra.scrollUntilVisible: Visibility Percent: 1.0
10:26:02.635 [ INFO] maestro.orchestra.Orchestra.scrollUntilVisible: Command centerElement: ScrollUntilVisibleCommand(selector=ElementSelector(textRegex=null, idRegex=last-game, size=null, below=null, above=null, leftOf=null, rightOf=null, containsChild=null, containsDescendants=null, traits=null, index=null, enabled=null, optional=false, selected=null, checked=null, focused=null, childOf=null, css=null), direction=UP, scrollDuration=601, visibilityPercentage=100, timeout=15000, waitToSettleTimeoutMs=null, centerElement=false, originalSpeedValue=40, label=null, optional=false).centerElement
10:26:02.635 [ INFO] maestro.orchestra.Orchestra.scrollUntilVisible: visibilityPercentageNormalized: 1.0
10:26:02.635 [ INFO] maestro.cli.runner.CliConsoleListener.onCommandFinished: Scrolling UP until id: last-game is visible with speed 40, visibility percentage 100%, timeout 15000 ms, with centering disabled COMPLETED
10:26:02.635 [ INFO] maestro.cli.runner.CliConsoleListener.onCommandStart: Assert that id: propose-sohbet is visible RUNNING
10:26:02.759 [ INFO] maestro.cli.runner.CliConsoleListener.onCommandFinished: Assert that id: propose-sohbet is visible COMPLETED
10:26:02.760 [ INFO] maestro.cli.runner.CliConsoleListener.onCommandStart: Take screenshot 20b-back-to-chat RUNNING
10:26:02.760 [ INFO] maestro.Maestro.takeScreenshot: Taking screenshot
10:26:02.760 [TRACE] maestro.utils.ScreenshotUtils.takeScreenshot: Taking screenshot to output sink
10:26:02.827 [ INFO] maestro.cli.runner.CliConsoleListener.onCommandFinished: Take screenshot 20b-back-to-chat COMPLETED
10:26:02.827 [ INFO] maestro.cli.runner.CliConsoleListener.onCommandStart: Tap on id: propose-sohbet RUNNING
10:26:02.914 [ INFO] maestro.Maestro.tap-HgV9Ck0: Tapping on element:  UiElement(treeNode=TreeNode(attributes={text=, accessibilityText=Sohbet kartları öner, hintText=, ignoreBoundsFiltering=false, resource-id=propose-sohbet, clickable=true, bounds=[166,477][286,569], enabled=true, focused=false, checked=false, scrollable=false, selected=false, class=android.widget.Button, important-for-accessibility=true, error=}, children=[TreeNode(attributes={text=, accessibilityText=, hintText=, ignoreBoundsFiltering=false, resource-id=, clickable=false, bounds=[166,477][286,569], enabled=true, focused=false, checked=false, scrollable=false, selected=false, class=android.view.ViewGroup, important-for-accessibility=false, error=}, children=[TreeNode(attributes={text=Sohbet kartları, accessibilityText=, hintText=, ignoreBoundsFiltering=false, resource-id=, clickable=false, bounds=[178,489][274,527], enabled=true, focused=false, checked=false, scrollable=false, selected=false, class=android.widget.TextView, important-for-accessibility=true, error=}, children=[], clickable=false, enabled=true, focused=false, checked=false, selected=false), TreeNode(attributes={text=, accessibilityText=, hintText=, ignoreBoundsFiltering=false, resource-id=, clickable=false, bounds=[236,521][286,569], enabled=true, focused=false, checked=false, scrollable=false, selected=false, class=android.widget.ImageView, important-for-accessibility=false, error=}, children=[], clickable=false, enabled=true, focused=false, checked=false, selected=false)], clickable=false, enabled=true, focused=false, checked=false, selected=false)], clickable=true, enabled=true, focused=false, checked=false, selected=false), bounds=Bounds(x=166, y=477, width=120, height=92))
10:26:04.248 [ INFO] maestro.Maestro.tap-HgV9Ck0: Tap aimed via settled hierarchy
10:26:04.248 [ INFO] maestro.Maestro.hierarchyBasedTap-ogj28Uc: Tapping at (226, 523) using hierarchy based logic for wait
10:26:05.206 [ INFO] maestro.Maestro.hierarchyBasedTap-ogj28Uc: Something has changed in the UI judging by view hierarchy. Proceed.
10:26:05.207 [ INFO] maestro.cli.runner.CliConsoleListener.onCommandFinished: Tap on id: propose-sohbet COMPLETED
10:26:05.207 [ INFO] maestro.cli.runner.CliConsoleListener.onCommandStart: Assert that "Sohbet kartları önerdin.*" is visible RUNNING
10:26:05.363 [ INFO] maestro.cli.runner.CliConsoleListener.onCommandFinished: Assert that "Sohbet kartları önerdin.*" is visible COMPLETED
10:26:05.364 [ INFO] maestro.cli.runner.CliConsoleListener.onCommandStart: Run ../scripts/bot.js RUNNING
10:26:05.458 [ INFO] maestro.cli.runner.CliConsoleListener.onCommandFinished: Run ../scripts/bot.js COMPLETED
10:26:05.458 [ INFO] maestro.cli.runner.CliConsoleListener.onCommandStart: Assert that id: proposal-not-accepted is visible RUNNING
10:26:06.419 [ INFO] maestro.cli.runner.CliConsoleListener.onCommandFinished: Assert that id: proposal-not-accepted is visible COMPLETED
10:26:06.419 [ INFO] maestro.cli.runner.CliConsoleListener.onCommandStart: Take screenshot 20c-not-accepted RUNNING
10:26:06.420 [ INFO] maestro.Maestro.takeScreenshot: Taking screenshot
10:26:06.420 [TRACE] maestro.utils.ScreenshotUtils.takeScreenshot: Taking screenshot to output sink
10:26:06.456 [ INFO] maestro.cli.runner.CliConsoleListener.onCommandFinished: Take screenshot 20c-not-accepted COMPLETED
10:26:06.457 [ INFO] maestro.cli.runner.CliConsoleListener.onCommandFinished: Run flows/04-room-tabu.yaml COMPLETED
10:26:06.457 [ INFO] maestro.cli.runner.CliConsoleListener.onCommandStart: Run flows/05-reveal-friend-dm.yaml RUNNING
10:26:06.457 [ INFO] maestro.cli.runner.CliConsoleListener.onCommandStart: Apply configuration RUNNING
10:26:06.457 [ INFO] maestro.cli.runner.CliConsoleListener.onCommandFinished: Apply configuration COMPLETED
10:26:06.457 [ INFO] maestro.cli.runner.CliConsoleListener.onCommandStart: Run ../scripts/bot.js RUNNING
10:26:06.510 [ INFO] maestro.cli.runner.CliConsoleListener.onCommandFinished: Run ../scripts/bot.js COMPLETED
10:26:06.511 [ INFO] maestro.cli.runner.CliConsoleListener.onCommandStart: Scrolling DOWN until "Odayı bitir" is visible with speed 40, visibility percentage 100%, timeout 20000 ms, with centering disabled RUNNING
10:26:06.844 [ INFO] maestro.orchestra.Orchestra.scrollUntilVisible: Scrolling try count: 0, DeviceWidth: 320, DeviceWidth: 640
10:26:06.844 [ INFO] maestro.orchestra.Orchestra.scrollUntilVisible: Element bounds: Bounds(x=179, y=43, width=69, height=18)
10:26:06.844 [ INFO] maestro.orchestra.Orchestra.scrollUntilVisible: Visibility Percent: 1.0
10:26:06.844 [ INFO] maestro.orchestra.Orchestra.scrollUntilVisible: Command centerElement: ScrollUntilVisibleCommand(selector=ElementSelector(textRegex=Odayı bitir, idRegex=null, size=null, below=null, above=null, leftOf=null, rightOf=null, containsChild=null, containsDescendants=null, traits=null, index=null, enabled=null, optional=false, selected=null, checked=null, focused=null, childOf=null, css=null), direction=DOWN, scrollDuration=601, visibilityPercentage=100, timeout=20000, waitToSettleTimeoutMs=null, centerElement=false, originalSpeedValue=40, label=null, optional=false).centerElement
10:26:06.844 [ INFO] maestro.orchestra.Orchestra.scrollUntilVisible: visibilityPercentageNormalized: 1.0
10:26:06.844 [ INFO] maestro.cli.runner.CliConsoleListener.onCommandFinished: Scrolling DOWN until "Odayı bitir" is visible with speed 40, visibility percentage 100%, timeout 20000 ms, with centering disabled COMPLETED
10:26:06.844 [ INFO] maestro.cli.runner.CliConsoleListener.onCommandStart: Tap on "Odayı bitir" RUNNING
10:26:06.984 [ INFO] maestro.Maestro.tap-HgV9Ck0: Tapping on element:  UiElement(treeNode=TreeNode(attributes={text=Odayı bitir, accessibilityText=, hintText=, ignoreBoundsFiltering=false, resource-id=, clickable=false, bounds=[179,43][248,61], enabled=true, focused=false, checked=false, scrollable=false, selected=false, class=android.widget.TextView, important-for-accessibility=true, error=}, children=[], clickable=false, enabled=true, focused=false, checked=false, selected=false), bounds=Bounds(x=179, y=43, width=69, height=18))
10:26:08.222 [ INFO] maestro.Maestro.tap-HgV9Ck0: Tap aimed via settled hierarchy
10:26:08.223 [ INFO] maestro.Maestro.hierarchyBasedTap-ogj28Uc: Tapping at (213, 52) using hierarchy based logic for wait
10:26:09.514 [ INFO] maestro.Maestro.hierarchyBasedTap-ogj28Uc: Something has changed in the UI judging by view hierarchy. Proceed.
10:26:09.514 [ INFO] maestro.cli.runner.CliConsoleListener.onCommandFinished: Tap on "Odayı bitir" COMPLETED
10:26:09.514 [ INFO] maestro.cli.runner.CliConsoleListener.onCommandStart: Assert that "Tanışalım mı\?" is visible RUNNING
10:26:09.591 [ INFO] maestro.cli.runner.CliConsoleListener.onCommandFinished: Assert that "Tanışalım mı\?" is visible COMPLETED
10:26:09.591 [ INFO] maestro.cli.runner.CliConsoleListener.onCommandStart: Take screenshot 21-reveal-question RUNNING
10:26:09.592 [ INFO] maestro.Maestro.takeScreenshot: Taking screenshot
10:26:09.592 [TRACE] maestro.utils.ScreenshotUtils.takeScreenshot: Taking screenshot to output sink
10:26:09.657 [ INFO] maestro.cli.runner.CliConsoleListener.onCommandFinished: Take screenshot 21-reveal-question COMPLETED
10:26:09.657 [ INFO] maestro.cli.runner.CliConsoleListener.onCommandStart: Tap on id: reveal-yes RUNNING
10:26:09.782 [ INFO] maestro.Maestro.tap-HgV9Ck0: Tapping on element:  UiElement(treeNode=TreeNode(attributes={text=, accessibilityText=Evet, hintText=, ignoreBoundsFiltering=false, resource-id=reveal-yes, clickable=true, bounds=[165,285][283,333], enabled=true, focused=false, checked=false, scrollable=false, selected=false, class=android.widget.Button, important-for-accessibility=true, error=}, children=[TreeNode(attributes={text=, accessibilityText=, hintText=, ignoreBoundsFiltering=false, resource-id=, clickable=false, bounds=[165,285][283,333], enabled=true, focused=false, checked=false, scrollable=false, selected=false, class=android.view.ViewGroup, important-for-accessibility=false, error=}, children=[], clickable=false, enabled=true, focused=false, checked=false, selected=false), TreeNode(attributes={text=Evet, accessibilityText=, hintText=, ignoreBoundsFiltering=false, resource-id=, clickable=false, bounds=[208,299][241,319], enabled=true, focused=false, checked=false, scrollable=false, selected=false, class=android.widget.TextView, important-for-accessibility=true, error=}, children=[], clickable=false, enabled=true, focused=false, checked=false, selected=false)], clickable=true, enabled=true, focused=false, checked=false, selected=false), bounds=Bounds(x=165, y=285, width=118, height=48))
10:26:11.654 [ INFO] maestro.Maestro.tap-HgV9Ck0: Tap aimed via settled hierarchy
10:26:11.655 [ INFO] maestro.Maestro.hierarchyBasedTap-ogj28Uc: Tapping at (224, 309) using hierarchy based logic for wait
10:26:12.878 [ INFO] maestro.Maestro.hierarchyBasedTap-ogj28Uc: Something has changed in the UI judging by view hierarchy. Proceed.
10:26:12.878 [ INFO] maestro.cli.runner.CliConsoleListener.onCommandFinished: Tap on id: reveal-yes COMPLETED
10:26:12.878 [ INFO] maestro.cli.runner.CliConsoleListener.onCommandStart: Assert that "Cevabın alındı. Sonuç birazdan." is visible RUNNING
10:26:13.510 [ INFO] maestro.cli.runner.CliConsoleListener.onCommandFinished: Assert that "Cevabın alındı. Sonuç birazdan." is visible COMPLETED
10:26:13.510 [ INFO] maestro.cli.runner.CliConsoleListener.onCommandStart: Take screenshot 22-reveal-answered RUNNING
10:26:13.511 [ INFO] maestro.Maestro.takeScreenshot: Taking screenshot
10:26:13.511 [TRACE] maestro.utils.ScreenshotUtils.takeScreenshot: Taking screenshot to output sink
10:26:13.533 [ INFO] maestro.cli.runner.CliConsoleListener.onCommandFinished: Take screenshot 22-reveal-answered COMPLETED
10:26:13.533 [ INFO] maestro.cli.runner.CliConsoleListener.onCommandStart: Run ../scripts/bot.js RUNNING
10:26:13.604 [ INFO] maestro.cli.runner.CliConsoleListener.onCommandFinished: Run ../scripts/bot.js COMPLETED
10:26:13.604 [ INFO] maestro.cli.runner.CliConsoleListener.onCommandStart: Assert that "Ekranını kaldır, birbirinizi bulun." is visible RUNNING
10:26:14.570 [ INFO] maestro.cli.runner.CliConsoleListener.onCommandFinished: Assert that "Ekranını kaldır, birbirinizi bulun." is visible COMPLETED
10:26:14.570 [ INFO] maestro.cli.runner.CliConsoleListener.onCommandStart: Take screenshot 23-reveal-mutual RUNNING
10:26:14.570 [ INFO] maestro.Maestro.takeScreenshot: Taking screenshot
10:26:14.571 [TRACE] maestro.utils.ScreenshotUtils.takeScreenshot: Taking screenshot to output sink
10:26:14.600 [ INFO] maestro.cli.runner.CliConsoleListener.onCommandFinished: Take screenshot 23-reveal-mutual COMPLETED
10:26:14.600 [ INFO] maestro.cli.runner.CliConsoleListener.onCommandStart: Tap on "Arkadaş ekle" RUNNING
10:26:14.666 [ INFO] maestro.Maestro.tap-HgV9Ck0: Tapping on element:  UiElement(treeNode=TreeNode(attributes={text=Arkadaş ekle, accessibilityText=, hintText=, ignoreBoundsFiltering=false, resource-id=, clickable=false, bounds=[112,455][209,475], enabled=true, focused=false, checked=false, scrollable=false, selected=false, class=android.widget.TextView, important-for-accessibility=true, error=}, children=[], clickable=false, enabled=true, focused=false, checked=false, selected=false), bounds=Bounds(x=112, y=455, width=97, height=20))
10:26:15.929 [ INFO] maestro.Maestro.tap-HgV9Ck0: Tap aimed via settled hierarchy
10:26:15.930 [ INFO] maestro.Maestro.hierarchyBasedTap-ogj28Uc: Tapping at (160, 465) using hierarchy based logic for wait
10:26:17.254 [ INFO] maestro.Maestro.hierarchyBasedTap-ogj28Uc: Something has changed in the UI judging by view hierarchy. Proceed.
10:26:17.254 [ INFO] maestro.cli.runner.CliConsoleListener.onCommandFinished: Tap on "Arkadaş ekle" COMPLETED
10:26:17.254 [ INFO] maestro.cli.runner.CliConsoleListener.onCommandStart: Assert that "Eklendi. İkiniz de basarsanız arkadaş olursunuz." is visible RUNNING
10:26:17.355 [ INFO] maestro.cli.runner.CliConsoleListener.onCommandFinished: Assert that "Eklendi. İkiniz de basarsanız arkadaş olursunuz." is visible COMPLETED
10:26:17.355 [ INFO] maestro.cli.runner.CliConsoleListener.onCommandStart: Take screenshot 24-add-friend-done RUNNING
10:26:17.355 [ INFO] maestro.Maestro.takeScreenshot: Taking screenshot
10:26:17.356 [TRACE] maestro.utils.ScreenshotUtils.takeScreenshot: Taking screenshot to output sink
10:26:17.383 [ INFO] maestro.cli.runner.CliConsoleListener.onCommandFinished: Take screenshot 24-add-friend-done COMPLETED
10:26:17.383 [ INFO] maestro.cli.runner.CliConsoleListener.onCommandStart: Run ../scripts/bot.js RUNNING
10:26:17.458 [ INFO] maestro.cli.runner.CliConsoleListener.onCommandFinished: Run ../scripts/bot.js COMPLETED
10:26:17.458 [ INFO] maestro.cli.runner.CliConsoleListener.onCommandStart: Tap on "Mekana dön" RUNNING
10:26:17.572 [ INFO] maestro.Maestro.tap-HgV9Ck0: Tapping on element:  UiElement(treeNode=TreeNode(attributes={text=Mekana dön, accessibilityText=, hintText=, ignoreBoundsFiltering=false, resource-id=, clickable=false, bounds=[115,512][206,532], enabled=true, focused=false, checked=false, scrollable=false, selected=false, class=android.widget.TextView, important-for-accessibility=true, error=}, children=[], clickable=false, enabled=true, focused=false, checked=false, selected=false), bounds=Bounds(x=115, y=512, width=91, height=20))
10:26:18.761 [ INFO] maestro.Maestro.tap-HgV9Ck0: Tap aimed via settled hierarchy
10:26:18.762 [ INFO] maestro.Maestro.hierarchyBasedTap-ogj28Uc: Tapping at (160, 522) using hierarchy based logic for wait
10:26:20.132 [ INFO] maestro.Maestro.hierarchyBasedTap-ogj28Uc: Something has changed in the UI judging by view hierarchy. Proceed.
10:26:20.132 [ INFO] maestro.cli.runner.CliConsoleListener.onCommandFinished: Tap on "Mekana dön" COMPLETED
10:26:20.132 [ INFO] maestro.cli.runner.CliConsoleListener.onCommandStart: Tap on id: tab-messages RUNNING
10:26:20.269 [ INFO] maestro.Maestro.tap-HgV9Ck0: Tapping on element:  UiElement(treeNode=TreeNode(attributes={text=, accessibilityText=Mesajlar, hintText=, ignoreBoundsFiltering=false, resource-id=tab-messages, clickable=true, bounds=[187,568][242,632], enabled=true, focused=false, checked=false, scrollable=false, selected=false, class=android.view.View, important-for-accessibility=true, error=}, children=[TreeNode(attributes={text=, accessibilityText=, hintText=, ignoreBoundsFiltering=false, resource-id=, clickable=false, bounds=[202,580][226,604], enabled=true, focused=false, checked=false, scrollable=false, selected=false, class=android.widget.ImageView, important-for-accessibility=false, error=}, children=[], clickable=false, enabled=true, focused=false, checked=false, selected=false), TreeNode(attributes={text=Mesajlar, accessibilityText=, hintText=, ignoreBoundsFiltering=false, resource-id=, clickable=false, bounds=[190,612][238,628], enabled=true, focused=false, checked=false, scrollable=false, selected=false, class=android.widget.TextView, important-for-accessibility=true, error=}, children=[], clickable=false, enabled=true, focused=false, checked=false, selected=false)], clickable=true, enabled=true, focused=false, checked=false, selected=false), bounds=Bounds(x=187, y=568, width=55, height=64))
10:26:21.577 [ INFO] maestro.Maestro.tap-HgV9Ck0: Tap aimed via settled hierarchy
10:26:21.577 [ INFO] maestro.Maestro.hierarchyBasedTap-ogj28Uc: Tapping at (214, 600) using hierarchy based logic for wait
10:26:22.566 [ INFO] maestro.Maestro.hierarchyBasedTap-ogj28Uc: Something has changed in the UI judging by view hierarchy. Proceed.
10:26:22.566 [ INFO] maestro.cli.runner.CliConsoleListener.onCommandFinished: Tap on id: tab-messages COMPLETED
10:26:22.566 [ INFO] maestro.cli.runner.CliConsoleListener.onCommandStart: Assert that "Henüz mesaj yok" is visible RUNNING
10:26:22.683 [ INFO] maestro.cli.runner.CliConsoleListener.onCommandFinished: Assert that "Henüz mesaj yok" is visible COMPLETED
10:26:22.683 [ INFO] maestro.cli.runner.CliConsoleListener.onCommandStart: Take screenshot 25-messages RUNNING
10:26:22.684 [ INFO] maestro.Maestro.takeScreenshot: Taking screenshot
10:26:22.684 [TRACE] maestro.utils.ScreenshotUtils.takeScreenshot: Taking screenshot to output sink
10:26:22.746 [ INFO] maestro.cli.runner.CliConsoleListener.onCommandFinished: Take screenshot 25-messages COMPLETED
10:26:22.746 [ INFO] maestro.cli.runner.CliConsoleListener.onCommandStart: Tap on id: inbox-Bot Masa RUNNING
10:26:22.829 [ INFO] maestro.Maestro.tap-HgV9Ck0: Tapping on element:  UiElement(treeNode=TreeNode(attributes={text=, accessibilityText=Bot Masa, Henüz mesaj yok, hintText=, ignoreBoundsFiltering=false, resource-id=inbox-Bot Masa, clickable=true, bounds=[20,96][300,172], enabled=true, focused=false, checked=false, scrollable=false, selected=false, class=android.widget.Button, important-for-accessibility=true, error=}, children=[TreeNode(attributes={text=, accessibilityText=, hintText=, ignoreBoundsFiltering=false, resource-id=, clickable=false, bounds=[24,106][80,162], enabled=true, focused=false, checked=false, scrollable=false, selected=false, class=android.view.ViewGroup, important-for-accessibility=false, error=}, children=[], clickable=false, enabled=true, focused=false, checked=false, selected=false), TreeNode(attributes={text=, accessibilityText=Bot Masa, hintText=, ignoreBoundsFiltering=false, resource-id=, clickable=false, bounds=[28,110][76,158], enabled=true, focused=false, checked=false, scrollable=false, selected=false, class=android.view.ViewGroup, important-for-accessibility=true, error=}, children=[TreeNode(attributes={text=, accessibilityText=, hintText=, ignoreBoundsFiltering=false, resource-id=, clickable=false, bounds=[28,110][76,158], enabled=true, focused=false, checked=false, scrollable=false, selected=false, class=android.view.ViewGroup, important-for-accessibility=false, error=}, children=[TreeNode(attributes={text=BM, accessibilityText=, hintText=, ignoreBoundsFiltering=false, resource-id=, clickable=false, bounds=[39,122][64,145], enabled=true, focused=false, checked=false, scrollable=false, selected=false, class=android.widget.TextView, important-for-accessibility=true, error=}, children=[], clickable=false, enabled=true, focused=false, checked=false, selected=false)], clickable=false, enabled=true, focused=false, checked=false, selected=false)], clickable=false, enabled=true, focused=false, checked=false, selected=false), TreeNode(attributes={text=Bot Masa, accessibilityText=, hintText=, ignoreBoundsFiltering=false, resource-id=, clickable=false, bounds=[94,113][296,136], enabled=true, focused=false, checked=false, scrollable=false, selected=false, class=android.widget.TextView, important-for-accessibility=true, error=}, children=[], clickable=false, enabled=true, focused=false, checked=false, selected=false), TreeNode(attributes={text=Henüz mesaj yok, accessibilityText=, hintText=, ignoreBoundsFiltering=false, resource-id=, clickable=false, bounds=[94,138][296,156], enabled=true, focused=false, checked=false, scrollable=false, selected=false, class=android.widget.TextView, important-for-accessibility=true, error=}, children=[], clickable=false, enabled=true, focused=false, checked=false, selected=false)], clickable=true, enabled=true, focused=false, checked=false, selected=false), bounds=Bounds(x=20, y=96, width=280, height=76))
10:26:24.131 [ INFO] maestro.Maestro.tap-HgV9Ck0: Tap aimed via settled hierarchy
10:26:24.131 [ INFO] maestro.Maestro.hierarchyBasedTap-ogj28Uc: Tapping at (160, 134) using hierarchy based logic for wait
10:26:25.178 [ INFO] maestro.Maestro.hierarchyBasedTap-ogj28Uc: Something has changed in the UI judging by view hierarchy. Proceed.
10:26:25.178 [ INFO] maestro.cli.runner.CliConsoleListener.onCommandFinished: Tap on id: inbox-Bot Masa COMPLETED
10:26:25.179 [ INFO] maestro.cli.runner.CliConsoleListener.onCommandStart: Assert that "Henüz mesaj yok. İlk mesajı sen yaz." is visible RUNNING
10:26:25.331 [ INFO] maestro.cli.runner.CliConsoleListener.onCommandFinished: Assert that "Henüz mesaj yok. İlk mesajı sen yaz." is visible COMPLETED
10:26:25.331 [ INFO] maestro.cli.runner.CliConsoleListener.onCommandStart: Take screenshot 26-dm-empty RUNNING
10:26:25.332 [ INFO] maestro.Maestro.takeScreenshot: Taking screenshot
10:26:25.332 [TRACE] maestro.utils.ScreenshotUtils.takeScreenshot: Taking screenshot to output sink
10:26:25.391 [ INFO] maestro.cli.runner.CliConsoleListener.onCommandFinished: Take screenshot 26-dm-empty COMPLETED
10:26:25.391 [ INFO] maestro.cli.runner.CliConsoleListener.onCommandStart: Tap on id: dm-input RUNNING
10:26:25.503 [ INFO] maestro.Maestro.tap-HgV9Ck0: Tapping on element:  UiElement(treeNode=TreeNode(attributes={text=, accessibilityText=, hintText=Mesaj yaz…, ignoreBoundsFiltering=false, resource-id=dm-input, clickable=true, bounds=[33,584][229,627], enabled=true, focused=false, checked=false, scrollable=false, selected=false, class=android.widget.EditText, important-for-accessibility=true, error=}, children=[], clickable=true, enabled=true, focused=false, checked=false, selected=false), bounds=Bounds(x=33, y=584, width=196, height=43))
10:26:26.750 [ INFO] maestro.Maestro.tap-HgV9Ck0: Tap aimed via settled hierarchy
10:26:26.751 [ INFO] maestro.Maestro.hierarchyBasedTap-ogj28Uc: Tapping at (131, 605) using hierarchy based logic for wait
10:26:27.929 [ INFO] maestro.Maestro.hierarchyBasedTap-ogj28Uc: Something has changed in the UI judging by view hierarchy. Proceed.
10:26:27.929 [ INFO] maestro.cli.runner.CliConsoleListener.onCommandFinished: Tap on id: dm-input COMPLETED
10:26:27.929 [ INFO] maestro.cli.runner.CliConsoleListener.onCommandStart: Input text Merhaba bot RUNNING
10:26:27.929 [ INFO] maestro.Maestro.inputText: Inputting text: Merhaba bot
10:26:31.107 [ INFO] maestro.cli.runner.CliConsoleListener.onCommandFinished: Input text Merhaba bot COMPLETED
10:26:31.107 [ INFO] maestro.cli.runner.CliConsoleListener.onCommandStart: Take screenshot 26b-dm-keyboard RUNNING
10:26:31.108 [ INFO] maestro.Maestro.takeScreenshot: Taking screenshot
10:26:31.108 [TRACE] maestro.utils.ScreenshotUtils.takeScreenshot: Taking screenshot to output sink
10:26:31.216 [ INFO] maestro.cli.runner.CliConsoleListener.onCommandFinished: Take screenshot 26b-dm-keyboard COMPLETED
10:26:31.216 [ INFO] maestro.cli.runner.CliConsoleListener.onCommandStart: Hide Keyboard RUNNING
10:26:31.216 [ INFO] maestro.Maestro.hideKeyboard$lambda$12: Hiding Keyboard
10:26:32.306 [ INFO] maestro.cli.runner.CliConsoleListener.onCommandFinished: Hide Keyboard COMPLETED
10:26:32.307 [ INFO] maestro.cli.runner.CliConsoleListener.onCommandStart: Tap on id: dm-send RUNNING
10:26:32.383 [ INFO] maestro.Maestro.tap-HgV9Ck0: Tapping on element:  UiElement(treeNode=TreeNode(attributes={text=, accessibilityText=Gönder, hintText=, ignoreBoundsFiltering=false, resource-id=dm-send, clickable=true, bounds=[256,582][304,630], enabled=true, focused=false, checked=false, scrollable=false, selected=false, class=android.widget.Button, important-for-accessibility=true, error=}, children=[TreeNode(attributes={text=, accessibilityText=, hintText=, ignoreBoundsFiltering=false, resource-id=, clickable=false, bounds=[256,582][304,630], enabled=true, focused=false, checked=false, scrollable=false, selected=false, class=android.view.ViewGroup, important-for-accessibility=false, error=}, children=[], clickable=false, enabled=true, focused=false, checked=false, selected=false), TreeNode(attributes={text=, accessibilityText=, hintText=, ignoreBoundsFiltering=false, resource-id=, clickable=false, bounds=[270,595][290,616], enabled=true, focused=false, checked=false, scrollable=false, selected=false, class=android.widget.TextView, important-for-accessibility=true, error=}, children=[], clickable=false, enabled=true, focused=false, checked=false, selected=false)], clickable=true, enabled=true, focused=false, checked=false, selected=false), bounds=Bounds(x=256, y=582, width=48, height=48))
10:26:33.730 [ INFO] maestro.Maestro.tap-HgV9Ck0: Tap aimed via settled hierarchy
10:26:33.731 [ INFO] maestro.Maestro.hierarchyBasedTap-ogj28Uc: Tapping at (280, 606) using hierarchy based logic for wait
10:26:34.978 [ INFO] maestro.Maestro.hierarchyBasedTap-ogj28Uc: Something has changed in the UI judging by view hierarchy. Proceed.
10:26:34.979 [ INFO] maestro.cli.runner.CliConsoleListener.onCommandFinished: Tap on id: dm-send COMPLETED
10:26:34.979 [ INFO] maestro.cli.runner.CliConsoleListener.onCommandStart: Assert that "Merhaba bot" is visible RUNNING
10:26:35.068 [ INFO] maestro.cli.runner.CliConsoleListener.onCommandFinished: Assert that "Merhaba bot" is visible COMPLETED
10:26:35.068 [ INFO] maestro.cli.runner.CliConsoleListener.onCommandStart: Run ../scripts/bot.js RUNNING
10:26:35.168 [ INFO] maestro.cli.runner.CliConsoleListener.onCommandFinished: Run ../scripts/bot.js COMPLETED
10:26:35.169 [ INFO] maestro.cli.runner.CliConsoleListener.onCommandStart: Run ../scripts/bot.js RUNNING
10:26:35.302 [ INFO] maestro.cli.runner.CliConsoleListener.onCommandFinished: Run ../scripts/bot.js COMPLETED
10:26:35.302 [ INFO] maestro.cli.runner.CliConsoleListener.onCommandStart: Assert that "Selam cihaz" is visible RUNNING
10:26:36.208 [ INFO] maestro.cli.runner.CliConsoleListener.onCommandFinished: Assert that "Selam cihaz" is visible COMPLETED
10:26:36.208 [ INFO] maestro.cli.runner.CliConsoleListener.onCommandStart: Take screenshot 27-dm RUNNING
10:26:36.208 [ INFO] maestro.Maestro.takeScreenshot: Taking screenshot
10:26:36.209 [TRACE] maestro.utils.ScreenshotUtils.takeScreenshot: Taking screenshot to output sink
10:26:36.231 [ INFO] maestro.cli.runner.CliConsoleListener.onCommandFinished: Take screenshot 27-dm COMPLETED
10:26:36.231 [ INFO] maestro.cli.runner.CliConsoleListener.onCommandStart: Hide Keyboard RUNNING
10:26:36.232 [ INFO] maestro.Maestro.hideKeyboard$lambda$12: Hiding Keyboard
10:26:37.518 [ INFO] maestro.cli.runner.CliConsoleListener.onCommandFinished: Hide Keyboard COMPLETED
10:26:37.518 [ INFO] maestro.cli.runner.CliConsoleListener.onCommandStart: Tap on (Optional) id: chat-back RUNNING
10:26:44.695 [ INFO] maestro.orchestra.Orchestra.executeSubflowCommands: [Command execution subflow] CommandWarned: Element not found: Id matching regex: chat-back
10:26:44.831 [ INFO] maestro.Maestro.takeScreenshot: Taking screenshot
10:26:44.831 [TRACE] maestro.utils.ScreenshotUtils.takeScreenshot: Taking screenshot to output sink
10:26:44.880 [ INFO] maestro.cli.runner.CliConsoleListener.onCommandFinished: Tap on (Optional) id: chat-back WARNED
10:26:44.880 [ INFO] maestro.cli.runner.CliConsoleListener.onCommandStart: Assert that id: tab-messages is visible RUNNING
10:26:44.962 [ INFO] maestro.cli.runner.CliConsoleListener.onCommandFinished: Assert that id: tab-messages is visible COMPLETED
10:26:44.962 [ INFO] maestro.cli.runner.CliConsoleListener.onCommandFinished: Run flows/05-reveal-friend-dm.yaml COMPLETED
10:26:44.962 [ INFO] maestro.cli.runner.CliConsoleListener.onCommandStart: Run flows/05b-dm-ticks-typing.yaml RUNNING
10:26:44.962 [ INFO] maestro.cli.runner.CliConsoleListener.onCommandStart: Apply configuration RUNNING
10:26:44.962 [ INFO] maestro.cli.runner.CliConsoleListener.onCommandFinished: Apply configuration COMPLETED
10:26:44.962 [ INFO] maestro.cli.runner.CliConsoleListener.onCommandStart: Tap on id: inbox-Bot Masa RUNNING
10:26:45.076 [ INFO] maestro.Maestro.tap-HgV9Ck0: Tapping on element:  UiElement(treeNode=TreeNode(attributes={text=, accessibilityText=Bot Masa, Selam cihaz, hintText=, ignoreBoundsFiltering=false, resource-id=inbox-Bot Masa, clickable=true, bounds=[20,96][300,172], enabled=true, focused=false, checked=false, scrollable=false, selected=false, class=android.widget.Button, important-for-accessibility=true, error=}, children=[TreeNode(attributes={text=, accessibilityText=, hintText=, ignoreBoundsFiltering=false, resource-id=, clickable=false, bounds=[24,106][80,162], enabled=true, focused=false, checked=false, scrollable=false, selected=false, class=android.view.ViewGroup, important-for-accessibility=false, error=}, children=[], clickable=false, enabled=true, focused=false, checked=false, selected=false), TreeNode(attributes={text=, accessibilityText=Bot Masa, hintText=, ignoreBoundsFiltering=false, resource-id=, clickable=false, bounds=[28,110][76,158], enabled=true, focused=false, checked=false, scrollable=false, selected=false, class=android.view.ViewGroup, important-for-accessibility=true, error=}, children=[TreeNode(attributes={text=, accessibilityText=, hintText=, ignoreBoundsFiltering=false, resource-id=, clickable=false, bounds=[28,110][76,158], enabled=true, focused=false, checked=false, scrollable=false, selected=false, class=android.view.ViewGroup, important-for-accessibility=false, error=}, children=[TreeNode(attributes={text=BM, accessibilityText=, hintText=, ignoreBoundsFiltering=false, resource-id=, clickable=false, bounds=[39,122][64,145], enabled=true, focused=false, checked=false, scrollable=false, selected=false, class=android.widget.TextView, important-for-accessibility=true, error=}, children=[], clickable=false, enabled=true, focused=false, checked=false, selected=false)], clickable=false, enabled=true, focused=false, checked=false, selected=false)], clickable=false, enabled=true, focused=false, checked=false, selected=false), TreeNode(attributes={text=Bot Masa, accessibilityText=, hintText=, ignoreBoundsFiltering=false, resource-id=, clickable=false, bounds=[94,113][253,136], enabled=true, focused=false, checked=false, scrollable=false, selected=false, class=android.widget.TextView, important-for-accessibility=true, error=}, children=[], clickable=false, enabled=true, focused=false, checked=false, selected=false), TreeNode(attributes={text=10:26, accessibilityText=, hintText=, ignoreBoundsFiltering=false, resource-id=, clickable=false, bounds=[261,115][296,133], enabled=true, focused=false, checked=false, scrollable=false, selected=false, class=android.widget.TextView, important-for-accessibility=true, error=}, children=[], clickable=false, enabled=true, focused=false, checked=false, selected=false), TreeNode(attributes={text=Selam cihaz, accessibilityText=, hintText=, ignoreBoundsFiltering=false, resource-id=, clickable=false, bounds=[94,138][296,156], enabled=true, focused=false, checked=false, scrollable=false, selected=false, class=android.widget.TextView, important-for-accessibility=true, error=}, children=[], clickable=false, enabled=true, focused=false, checked=false, selected=false)], clickable=true, enabled=true, focused=false, checked=false, selected=false), bounds=Bounds(x=20, y=96, width=280, height=76))
10:26:46.352 [ INFO] maestro.Maestro.tap-HgV9Ck0: Tap aimed via settled hierarchy
10:26:46.352 [ INFO] maestro.Maestro.hierarchyBasedTap-ogj28Uc: Tapping at (160, 134) using hierarchy based logic for wait
10:26:47.380 [ INFO] maestro.Maestro.hierarchyBasedTap-ogj28Uc: Something has changed in the UI judging by view hierarchy. Proceed.
10:26:47.380 [ INFO] maestro.cli.runner.CliConsoleListener.onCommandFinished: Tap on id: inbox-Bot Masa COMPLETED
10:26:47.381 [ INFO] maestro.cli.runner.CliConsoleListener.onCommandStart: Assert that "Selam cihaz" is visible RUNNING
10:26:47.497 [ INFO] maestro.cli.runner.CliConsoleListener.onCommandFinished: Assert that "Selam cihaz" is visible COMPLETED
10:26:47.497 [ INFO] maestro.cli.runner.CliConsoleListener.onCommandStart: Tap on id: dm-input RUNNING
10:26:47.577 [ INFO] maestro.Maestro.tap-HgV9Ck0: Tapping on element:  UiElement(treeNode=TreeNode(attributes={text=, accessibilityText=, hintText=Mesaj yaz…, ignoreBoundsFiltering=false, resource-id=dm-input, clickable=true, bounds=[33,584][229,627], enabled=true, focused=false, checked=false, scrollable=false, selected=false, class=android.widget.EditText, important-for-accessibility=true, error=}, children=[], clickable=true, enabled=true, focused=false, checked=false, selected=false), bounds=Bounds(x=33, y=584, width=196, height=43))
10:26:48.828 [ INFO] maestro.Maestro.tap-HgV9Ck0: Tap aimed via settled hierarchy
10:26:48.828 [ INFO] maestro.Maestro.hierarchyBasedTap-ogj28Uc: Tapping at (131, 605) using hierarchy based logic for wait
10:26:49.938 [ INFO] maestro.Maestro.hierarchyBasedTap-ogj28Uc: Something has changed in the UI judging by view hierarchy. Proceed.
10:26:49.938 [ INFO] maestro.cli.runner.CliConsoleListener.onCommandFinished: Tap on id: dm-input COMPLETED
10:26:49.938 [ INFO] maestro.cli.runner.CliConsoleListener.onCommandStart: Input text Okudun mu? RUNNING
10:26:49.938 [ INFO] maestro.Maestro.inputText: Inputting text: Okudun mu?
10:26:52.716 [ INFO] maestro.cli.runner.CliConsoleListener.onCommandFinished: Input text Okudun mu? COMPLETED
10:26:52.717 [ INFO] maestro.cli.runner.CliConsoleListener.onCommandStart: Hide Keyboard RUNNING
10:26:52.717 [ INFO] maestro.Maestro.hideKeyboard$lambda$12: Hiding Keyboard
10:26:53.687 [ INFO] maestro.cli.runner.CliConsoleListener.onCommandFinished: Hide Keyboard COMPLETED
10:26:53.688 [ INFO] maestro.cli.runner.CliConsoleListener.onCommandStart: Tap on id: dm-send RUNNING
10:26:53.775 [ INFO] maestro.Maestro.tap-HgV9Ck0: Tapping on element:  UiElement(treeNode=TreeNode(attributes={text=, accessibilityText=Gönder, hintText=, ignoreBoundsFiltering=false, resource-id=dm-send, clickable=true, bounds=[256,582][304,630], enabled=true, focused=false, checked=false, scrollable=false, selected=false, class=android.widget.Button, important-for-accessibility=true, error=}, children=[TreeNode(attributes={text=, accessibilityText=, hintText=, ignoreBoundsFiltering=false, resource-id=, clickable=false, bounds=[256,582][304,630], enabled=true, focused=false, checked=false, scrollable=false, selected=false, class=android.view.ViewGroup, important-for-accessibility=false, error=}, children=[], clickable=false, enabled=true, focused=false, checked=false, selected=false), TreeNode(attributes={text=, accessibilityText=, hintText=, ignoreBoundsFiltering=false, resource-id=, clickable=false, bounds=[270,595][290,616], enabled=true, focused=false, checked=false, scrollable=false, selected=false, class=android.widget.TextView, important-for-accessibility=true, error=}, children=[], clickable=false, enabled=true, focused=false, checked=false, selected=false)], clickable=true, enabled=true, focused=false, checked=false, selected=false), bounds=Bounds(x=256, y=582, width=48, height=48))
10:26:55.016 [ INFO] maestro.Maestro.tap-HgV9Ck0: Tap aimed via settled hierarchy
10:26:55.017 [ INFO] maestro.Maestro.hierarchyBasedTap-ogj28Uc: Tapping at (280, 606) using hierarchy based logic for wait
10:26:56.283 [ INFO] maestro.Maestro.hierarchyBasedTap-ogj28Uc: Something has changed in the UI judging by view hierarchy. Proceed.
10:26:56.283 [ INFO] maestro.cli.runner.CliConsoleListener.onCommandFinished: Tap on id: dm-send COMPLETED
10:26:56.283 [ INFO] maestro.cli.runner.CliConsoleListener.onCommandStart: Assert that "Okudun mu\?" is visible RUNNING
10:26:56.439 [ INFO] maestro.cli.runner.CliConsoleListener.onCommandFinished: Assert that "Okudun mu\?" is visible COMPLETED
10:26:56.439 [ INFO] maestro.cli.runner.CliConsoleListener.onCommandStart: Run ../scripts/bot.js RUNNING
10:26:56.517 [ INFO] maestro.cli.runner.CliConsoleListener.onCommandFinished: Run ../scripts/bot.js COMPLETED
10:26:56.517 [ INFO] maestro.cli.runner.CliConsoleListener.onCommandStart: Run ../scripts/bot.js RUNNING
10:26:56.641 [ INFO] maestro.cli.runner.CliConsoleListener.onCommandFinished: Run ../scripts/bot.js COMPLETED
10:26:56.641 [ INFO] maestro.cli.runner.CliConsoleListener.onCommandStart: Assert that id: tick-read is visible RUNNING
10:26:56.767 [ INFO] maestro.cli.runner.CliConsoleListener.onCommandFinished: Assert that id: tick-read is visible COMPLETED
10:26:56.767 [ INFO] maestro.cli.runner.CliConsoleListener.onCommandStart: Take screenshot 27b-dm-read RUNNING
10:26:56.768 [ INFO] maestro.Maestro.takeScreenshot: Taking screenshot
10:26:56.768 [TRACE] maestro.utils.ScreenshotUtils.takeScreenshot: Taking screenshot to output sink
10:26:56.801 [ INFO] maestro.cli.runner.CliConsoleListener.onCommandFinished: Take screenshot 27b-dm-read COMPLETED
10:26:56.801 [ INFO] maestro.cli.runner.CliConsoleListener.onCommandStart: Run ../scripts/bot.js RUNNING
10:26:56.891 [ INFO] maestro.cli.runner.CliConsoleListener.onCommandFinished: Run ../scripts/bot.js COMPLETED
10:26:56.892 [ INFO] maestro.cli.runner.CliConsoleListener.onCommandStart: Assert that id: dm-typing is visible RUNNING
10:26:57.613 [ INFO] maestro.cli.runner.CliConsoleListener.onCommandFinished: Assert that id: dm-typing is visible COMPLETED
10:26:57.613 [ INFO] maestro.cli.runner.CliConsoleListener.onCommandStart: Take screenshot 27c-dm-typing RUNNING
10:26:57.614 [ INFO] maestro.Maestro.takeScreenshot: Taking screenshot
10:26:57.614 [TRACE] maestro.utils.ScreenshotUtils.takeScreenshot: Taking screenshot to output sink
10:26:57.637 [ INFO] maestro.cli.runner.CliConsoleListener.onCommandFinished: Take screenshot 27c-dm-typing COMPLETED
10:26:57.637 [ INFO] maestro.cli.runner.CliConsoleListener.onCommandStart: Run ../scripts/bot.js RUNNING
10:26:58.467 [ INFO] maestro.cli.runner.CliConsoleListener.onCommandFinished: Run ../scripts/bot.js COMPLETED
10:26:58.468 [ INFO] maestro.cli.runner.CliConsoleListener.onCommandStart: Assert that "Okudum" is visible RUNNING
10:26:59.285 [ INFO] maestro.cli.runner.CliConsoleListener.onCommandFinished: Assert that "Okudum" is visible COMPLETED
10:26:59.285 [ INFO] maestro.cli.runner.CliConsoleListener.onCommandStart: Assert that id: dm-typing is not visible RUNNING
10:26:59.947 [ INFO] maestro.cli.runner.CliConsoleListener.onCommandFinished: Assert that id: dm-typing is not visible COMPLETED
10:26:59.947 [ INFO] maestro.cli.runner.CliConsoleListener.onCommandStart: Take screenshot 27d-dm-answer RUNNING
10:26:59.947 [ INFO] maestro.Maestro.takeScreenshot: Taking screenshot
10:26:59.948 [TRACE] maestro.utils.ScreenshotUtils.takeScreenshot: Taking screenshot to output sink
10:27:00.015 [ INFO] maestro.cli.runner.CliConsoleListener.onCommandFinished: Take screenshot 27d-dm-answer COMPLETED
10:27:00.016 [ INFO] maestro.cli.runner.CliConsoleListener.onCommandStart: Tap on (Optional) id: chat-back RUNNING
10:27:00.144 [ INFO] maestro.Maestro.tap-HgV9Ck0: Tapping on element:  UiElement(treeNode=TreeNode(attributes={text=, accessibilityText=Geri, hintText=, ignoreBoundsFiltering=false, resource-id=chat-back, clickable=true, bounds=[4,30][48,74], enabled=true, focused=false, checked=false, scrollable=false, selected=false, class=android.widget.Button, important-for-accessibility=true, error=}, children=[TreeNode(attributes={text=, accessibilityText=, hintText=, ignoreBoundsFiltering=false, resource-id=, clickable=false, bounds=[14,39][38,65], enabled=true, focused=false, checked=false, scrollable=false, selected=false, class=android.widget.TextView, important-for-accessibility=true, error=}, children=[], clickable=false, enabled=true, focused=false, checked=false, selected=false)], clickable=true, enabled=true, focused=false, checked=false, selected=false), bounds=Bounds(x=4, y=30, width=44, height=44))
10:27:01.708 [ INFO] maestro.Maestro.tap-HgV9Ck0: Tap aimed via settled hierarchy
10:27:01.708 [ INFO] maestro.Maestro.hierarchyBasedTap-ogj28Uc: Tapping at (26, 52) using hierarchy based logic for wait
10:27:02.631 [ INFO] maestro.Maestro.hierarchyBasedTap-ogj28Uc: Something has changed in the UI judging by view hierarchy. Proceed.
10:27:02.631 [ INFO] maestro.cli.runner.CliConsoleListener.onCommandFinished: Tap on (Optional) id: chat-back COMPLETED
10:27:02.631 [ INFO] maestro.cli.runner.CliConsoleListener.onCommandStart: Assert that id: tab-messages is visible RUNNING
10:27:02.753 [ INFO] maestro.cli.runner.CliConsoleListener.onCommandFinished: Assert that id: tab-messages is visible COMPLETED
10:27:02.753 [ INFO] maestro.cli.runner.CliConsoleListener.onCommandStart: Run ../scripts/bot.js RUNNING
10:27:02.820 [ INFO] maestro.cli.runner.CliConsoleListener.onCommandFinished: Run ../scripts/bot.js COMPLETED
10:27:02.820 [ INFO] maestro.cli.runner.CliConsoleListener.onCommandStart: Assert that id: inbox-typing is visible RUNNING
10:27:02.923 [ INFO] maestro.cli.runner.CliConsoleListener.onCommandFinished: Assert that id: inbox-typing is visible COMPLETED
10:27:02.924 [ INFO] maestro.cli.runner.CliConsoleListener.onCommandStart: Take screenshot 27e-inbox-typing RUNNING
10:27:02.924 [ INFO] maestro.Maestro.takeScreenshot: Taking screenshot
10:27:02.924 [TRACE] maestro.utils.ScreenshotUtils.takeScreenshot: Taking screenshot to output sink
10:27:02.946 [ INFO] maestro.cli.runner.CliConsoleListener.onCommandFinished: Take screenshot 27e-inbox-typing COMPLETED
10:27:02.947 [ INFO] maestro.cli.runner.CliConsoleListener.onCommandFinished: Run flows/05b-dm-ticks-typing.yaml COMPLETED
10:27:02.947 [ INFO] maestro.cli.runner.CliConsoleListener.onCommandStart: Run flows/06-white-screen.yaml RUNNING
10:27:02.947 [ INFO] maestro.cli.runner.CliConsoleListener.onCommandStart: Apply configuration RUNNING
10:27:02.947 [ INFO] maestro.cli.runner.CliConsoleListener.onCommandFinished: Apply configuration COMPLETED
10:27:02.947 [ INFO] maestro.cli.runner.CliConsoleListener.onCommandStart: Tap on id: tab-venue RUNNING
10:27:03.513 [ INFO] maestro.Maestro.tap-HgV9Ck0: Tapping on element:  UiElement(treeNode=TreeNode(attributes={text=, accessibilityText=Mekan, hintText=, ignoreBoundsFiltering=false, resource-id=tab-venue, clickable=true, bounds=[133,568][187,632], enabled=true, focused=false, checked=false, scrollable=false, selected=false, class=android.view.View, important-for-accessibility=true, error=}, children=[TreeNode(attributes={text=, accessibilityText=, hintText=, ignoreBoundsFiltering=false, resource-id=, clickable=false, bounds=[140,572][180,612], enabled=true, focused=false, checked=false, scrollable=false, selected=false, class=android.view.ViewGroup, important-for-accessibility=false, error=}, children=[], clickable=false, enabled=true, focused=false, checked=false, selected=false), TreeNode(attributes={text=, accessibilityText=, hintText=, ignoreBoundsFiltering=false, resource-id=, clickable=false, bounds=[148,580][172,604], enabled=true, focused=false, checked=false, scrollable=false, selected=false, class=android.widget.ImageView, important-for-accessibility=false, error=}, children=[], clickable=false, enabled=true, focused=false, checked=false, selected=false), TreeNode(attributes={text=Mekan, accessibilityText=, hintText=, ignoreBoundsFiltering=false, resource-id=, clickable=false, bounds=[141,612][178,628], enabled=true, focused=false, checked=false, scrollable=false, selected=false, class=android.widget.TextView, important-for-accessibility=true, error=}, children=[], clickable=false, enabled=true, focused=false, checked=false, selected=false)], clickable=true, enabled=true, focused=false, checked=false, selected=false), bounds=Bounds(x=133, y=568, width=54, height=64))
10:27:04.759 [ INFO] maestro.Maestro.tap-HgV9Ck0: Tap aimed via settled hierarchy
10:27:04.760 [ INFO] maestro.Maestro.hierarchyBasedTap-ogj28Uc: Tapping at (160, 600) using hierarchy based logic for wait
10:27:05.983 [ INFO] maestro.Maestro.hierarchyBasedTap-ogj28Uc: Something has changed in the UI judging by view hierarchy. Proceed.
10:27:05.983 [ INFO] maestro.cli.runner.CliConsoleListener.onCommandFinished: Tap on id: tab-venue COMPLETED
10:27:05.983 [ INFO] maestro.cli.runner.CliConsoleListener.onCommandStart: Assert that "Oda kur" is visible RUNNING
10:27:06.081 [ INFO] maestro.cli.runner.CliConsoleListener.onCommandFinished: Assert that "Oda kur" is visible COMPLETED
10:27:06.081 [ INFO] maestro.cli.runner.CliConsoleListener.onCommandStart: Tap on "Oda kur" RUNNING
10:27:06.248 [ INFO] maestro.Maestro.tap-HgV9Ck0: Tapping on element:  UiElement(treeNode=TreeNode(attributes={text=Oda kur, accessibilityText=, hintText=, ignoreBoundsFiltering=false, resource-id=, clickable=false, bounds=[57,427][117,447], enabled=true, focused=false, checked=false, scrollable=false, selected=false, class=android.widget.TextView, important-for-accessibility=true, error=}, children=[], clickable=false, enabled=true, focused=false, checked=false, selected=false), bounds=Bounds(x=57, y=427, width=60, height=20))
10:27:07.517 [ INFO] maestro.Maestro.tap-HgV9Ck0: Tap aimed via settled hierarchy
10:27:07.518 [ INFO] maestro.Maestro.hierarchyBasedTap-ogj28Uc: Tapping at (87, 437) using hierarchy based logic for wait
10:27:09.251 [ INFO] maestro.Maestro.hierarchyBasedTap-ogj28Uc: Something has changed in the UI judging by view hierarchy. Proceed.
10:27:09.251 [ INFO] maestro.cli.runner.CliConsoleListener.onCommandFinished: Tap on "Oda kur" COMPLETED
10:27:09.251 [ INFO] maestro.cli.runner.CliConsoleListener.onCommandStart: Assert that id: intent-none is visible RUNNING
10:27:09.319 [ INFO] maestro.cli.runner.CliConsoleListener.onCommandFinished: Assert that id: intent-none is visible COMPLETED
10:27:09.319 [ INFO] maestro.cli.runner.CliConsoleListener.onCommandStart: Scrolling DOWN until "Odayı kur" is visible with speed 40, visibility percentage 100%, timeout 10000 ms, with centering disabled RUNNING
10:27:09.545 [ INFO] maestro.orchestra.Orchestra.scrollUntilVisible: Scrolling try count: 0, DeviceWidth: 320, DeviceWidth: 640
10:27:09.545 [ INFO] maestro.orchestra.Orchestra.scrollUntilVisible: Element bounds: Bounds(x=120, y=565, width=81, height=22)
10:27:09.545 [ INFO] maestro.orchestra.Orchestra.scrollUntilVisible: Visibility Percent: 1.0
10:27:09.545 [ INFO] maestro.orchestra.Orchestra.scrollUntilVisible: Command centerElement: ScrollUntilVisibleCommand(selector=ElementSelector(textRegex=Odayı kur, idRegex=null, size=null, below=null, above=null, leftOf=null, rightOf=null, containsChild=null, containsDescendants=null, traits=null, index=null, enabled=null, optional=false, selected=null, checked=null, focused=null, childOf=null, css=null), direction=DOWN, scrollDuration=601, visibilityPercentage=100, timeout=10000, waitToSettleTimeoutMs=null, centerElement=false, originalSpeedValue=40, label=null, optional=false).centerElement
10:27:09.545 [ INFO] maestro.orchestra.Orchestra.scrollUntilVisible: visibilityPercentageNormalized: 1.0
10:27:09.545 [ INFO] maestro.cli.runner.CliConsoleListener.onCommandFinished: Scrolling DOWN until "Odayı kur" is visible with speed 40, visibility percentage 100%, timeout 10000 ms, with centering disabled COMPLETED
10:27:09.545 [ INFO] maestro.cli.runner.CliConsoleListener.onCommandStart: Tap on "Odayı kur" RUNNING
10:27:09.659 [ INFO] maestro.Maestro.tap-HgV9Ck0: Tapping on element:  UiElement(treeNode=TreeNode(attributes={text=Odayı kur, accessibilityText=, hintText=, ignoreBoundsFiltering=false, resource-id=, clickable=false, bounds=[120,565][201,587], enabled=true, focused=false, checked=false, scrollable=false, selected=false, class=android.widget.TextView, important-for-accessibility=true, error=}, children=[], clickable=false, enabled=true, focused=false, checked=false, selected=false), bounds=Bounds(x=120, y=565, width=81, height=22))
10:27:10.939 [ INFO] maestro.Maestro.tap-HgV9Ck0: Tap aimed via settled hierarchy
10:27:10.939 [ INFO] maestro.Maestro.hierarchyBasedTap-ogj28Uc: Tapping at (160, 576) using hierarchy based logic for wait
10:27:12.116 [ INFO] maestro.Maestro.hierarchyBasedTap-ogj28Uc: Something has changed in the UI judging by view hierarchy. Proceed.
10:27:12.116 [ INFO] maestro.cli.runner.CliConsoleListener.onCommandFinished: Tap on "Odayı kur" COMPLETED
10:27:12.116 [ INFO] maestro.cli.runner.CliConsoleListener.onCommandStart: Assert that id: solo-tabu is visible RUNNING
10:27:12.232 [ INFO] maestro.cli.runner.CliConsoleListener.onCommandFinished: Assert that id: solo-tabu is visible COMPLETED
10:27:12.232 [ INFO] maestro.cli.runner.CliConsoleListener.onCommandStart: Run ../scripts/bot.js RUNNING
10:27:12.308 [ INFO] maestro.cli.runner.CliConsoleListener.onCommandFinished: Run ../scripts/bot.js COMPLETED
10:27:12.308 [ INFO] maestro.cli.runner.CliConsoleListener.onCommandStart: Assert that "Katılma isteği" is visible RUNNING
10:27:13.047 [ INFO] maestro.cli.runner.CliConsoleListener.onCommandFinished: Assert that "Katılma isteği" is visible COMPLETED
10:27:13.047 [ INFO] maestro.cli.runner.CliConsoleListener.onCommandStart: Tap on id: join-accept RUNNING
10:27:13.267 [ INFO] maestro.Maestro.tap-HgV9Ck0: Tapping on element:  UiElement(treeNode=TreeNode(attributes={text=, accessibilityText=Kabul, hintText=, ignoreBoundsFiltering=false, resource-id=join-accept, clickable=true, bounds=[165,502][296,550], enabled=true, focused=false, checked=false, scrollable=false, selected=false, class=android.widget.Button, important-for-accessibility=true, error=}, children=[TreeNode(attributes={text=, accessibilityText=, hintText=, ignoreBoundsFiltering=false, resource-id=, clickable=false, bounds=[165,502][296,550], enabled=true, focused=false, checked=false, scrollable=false, selected=false, class=android.view.ViewGroup, important-for-accessibility=false, error=}, children=[], clickable=false, enabled=true, focused=false, checked=false, selected=false), TreeNode(attributes={text=Kabul, accessibilityText=, hintText=, ignoreBoundsFiltering=false, resource-id=, clickable=false, bounds=[209,516][253,536], enabled=true, focused=false, checked=false, scrollable=false, selected=false, class=android.widget.TextView, important-for-accessibility=true, error=}, children=[], clickable=false, enabled=true, focused=false, checked=false, selected=false)], clickable=true, enabled=true, focused=false, checked=false, selected=false), bounds=Bounds(x=165, y=502, width=131, height=48))
10:27:14.334 [ INFO] maestro.Maestro.tap-HgV9Ck0: Tap aimed via settled hierarchy
10:27:14.335 [ INFO] maestro.Maestro.hierarchyBasedTap-ogj28Uc: Tapping at (230, 526) using hierarchy based logic for wait
10:27:15.339 [ INFO] maestro.Maestro.hierarchyBasedTap-ogj28Uc: Something has changed in the UI judging by view hierarchy. Proceed.
10:27:15.339 [ INFO] maestro.cli.runner.CliConsoleListener.onCommandFinished: Tap on id: join-accept COMPLETED
10:27:15.339 [ INFO] maestro.cli.runner.CliConsoleListener.onCommandStart: Assert that id: propose-tabu is visible RUNNING
10:27:15.499 [ INFO] maestro.cli.runner.CliConsoleListener.onCommandFinished: Assert that id: propose-tabu is visible COMPLETED
10:27:15.500 [ INFO] maestro.cli.runner.CliConsoleListener.onCommandStart: Tap on id: propose-tabu RUNNING
10:27:15.616 [ INFO] maestro.Maestro.tap-HgV9Ck0: Tapping on element:  UiElement(treeNode=TreeNode(attributes={text=, accessibilityText=Sesli Tabu öner, hintText=, ignoreBoundsFiltering=false, resource-id=propose-tabu, clickable=true, bounds=[34,207][154,299], enabled=true, focused=false, checked=false, scrollable=false, selected=false, class=android.widget.Button, important-for-accessibility=true, error=}, children=[TreeNode(attributes={text=, accessibilityText=, hintText=, ignoreBoundsFiltering=false, resource-id=, clickable=false, bounds=[34,207][154,299], enabled=true, focused=false, checked=false, scrollable=false, selected=false, class=android.view.ViewGroup, important-for-accessibility=false, error=}, children=[TreeNode(attributes={text=Sesli Tabu, accessibilityText=, hintText=, ignoreBoundsFiltering=false, resource-id=, clickable=false, bounds=[46,219][142,238], enabled=true, focused=false, checked=false, scrollable=false, selected=false, class=android.widget.TextView, important-for-accessibility=true, error=}, children=[], clickable=false, enabled=true, focused=false, checked=false, selected=false), TreeNode(attributes={text=, accessibilityText=, hintText=, ignoreBoundsFiltering=false, resource-id=, clickable=false, bounds=[104,251][154,299], enabled=true, focused=false, checked=false, scrollable=false, selected=false, class=android.widget.ImageView, important-for-accessibility=false, error=}, children=[], clickable=false, enabled=true, focused=false, checked=false, selected=false)], clickable=false, enabled=true, focused=false, checked=false, selected=false)], clickable=true, enabled=true, focused=false, checked=false, selected=false), bounds=Bounds(x=34, y=207, width=120, height=92))
10:27:16.847 [ INFO] maestro.Maestro.tap-HgV9Ck0: Tap aimed via settled hierarchy
10:27:16.847 [ INFO] maestro.Maestro.hierarchyBasedTap-ogj28Uc: Tapping at (94, 253) using hierarchy based logic for wait
10:27:18.283 [ INFO] maestro.Maestro.hierarchyBasedTap-ogj28Uc: Something has changed in the UI judging by view hierarchy. Proceed.
10:27:18.283 [ INFO] maestro.cli.runner.CliConsoleListener.onCommandFinished: Tap on id: propose-tabu COMPLETED
10:27:18.283 [ INFO] maestro.cli.runner.CliConsoleListener.onCommandStart: Run ../scripts/bot.js RUNNING
10:27:18.353 [ INFO] maestro.cli.runner.CliConsoleListener.onCommandFinished: Run ../scripts/bot.js COMPLETED
10:27:18.353 [ INFO] maestro.cli.runner.CliConsoleListener.onCommandStart: Assert that id: turn-start is visible RUNNING
10:27:19.454 [ INFO] maestro.cli.runner.CliConsoleListener.onCommandFinished: Assert that id: turn-start is visible COMPLETED
10:27:19.455 [ INFO] maestro.cli.runner.CliConsoleListener.onCommandStart: Tap on id: turn-start RUNNING
10:27:19.523 [ INFO] maestro.Maestro.tap-HgV9Ck0: Tapping on element:  UiElement(treeNode=TreeNode(attributes={text=, accessibilityText=Turu başlat, hintText=, ignoreBoundsFiltering=false, resource-id=turn-start, clickable=true, bounds=[62,80][258,170], enabled=true, focused=false, checked=false, scrollable=false, selected=false, class=android.widget.Button, important-for-accessibility=true, error=}, children=[TreeNode(attributes={text=, accessibilityText=, hintText=, ignoreBoundsFiltering=false, resource-id=, clickable=false, bounds=[62,80][258,170], enabled=true, focused=false, checked=false, scrollable=false, selected=false, class=android.view.ViewGroup, important-for-accessibility=false, error=}, children=[], clickable=false, enabled=true, focused=false, checked=false, selected=false), TreeNode(attributes={text=Başla, accessibilityText=, hintText=, ignoreBoundsFiltering=false, resource-id=, clickable=false, bounds=[89,80][231,101], enabled=true, focused=false, checked=false, scrollable=false, selected=false, class=android.widget.TextView, important-for-accessibility=true, error=}, children=[], clickable=false, enabled=true, focused=false, checked=false, selected=false)], clickable=true, enabled=true, focused=false, checked=false, selected=false), bounds=Bounds(x=62, y=80, width=196, height=90))
10:27:20.746 [ INFO] maestro.Maestro.tap-HgV9Ck0: Tap aimed via settled hierarchy
10:27:20.747 [ INFO] maestro.Maestro.hierarchyBasedTap-ogj28Uc: Tapping at (160, 125) using hierarchy based logic for wait
10:27:21.103 [ INFO] maestro.cli.runner.CliConsoleListener.onCommandFinished: Tap on id: turn-start COMPLETED
10:27:21.103 [ INFO] maestro.cli.runner.CliConsoleListener.onCommandStart: Assert that "Kartı görmek için dokun" is visible RUNNING
10:27:34.752 [ INFO] maestro.cli.runner.CliConsoleListener.onCommandFinished: Assert that "Kartı görmek için dokun" is visible COMPLETED
10:27:34.752 [ INFO] maestro.cli.runner.CliConsoleListener.onCommandStart: Run ../scripts/bot.js RUNNING
10:27:34.819 [ INFO] maestro.cli.runner.CliConsoleListener.onCommandFinished: Run ../scripts/bot.js COMPLETED
10:27:34.819 [ INFO] maestro.cli.runner.CliConsoleListener.onCommandStart: Assert that "Tanışalım mı\?" is visible RUNNING
10:27:35.927 [ INFO] maestro.cli.runner.CliConsoleListener.onCommandFinished: Assert that "Tanışalım mı\?" is visible COMPLETED
10:27:35.928 [ INFO] maestro.cli.runner.CliConsoleListener.onCommandStart: Assert that "Bir şeyler ters gitti" is not visible RUNNING
10:27:37.035 [ INFO] maestro.cli.runner.CliConsoleListener.onCommandFinished: Assert that "Bir şeyler ters gitti" is not visible COMPLETED
10:27:37.035 [ INFO] maestro.cli.runner.CliConsoleListener.onCommandStart: Take screenshot 28-ended-by-bot RUNNING
10:27:37.036 [ INFO] maestro.Maestro.takeScreenshot: Taking screenshot
10:27:37.036 [TRACE] maestro.utils.ScreenshotUtils.takeScreenshot: Taking screenshot to output sink
10:27:37.096 [ INFO] maestro.cli.runner.CliConsoleListener.onCommandFinished: Take screenshot 28-ended-by-bot COMPLETED
10:27:37.096 [ INFO] maestro.cli.runner.CliConsoleListener.onCommandStart: Tap on id: reveal-no RUNNING
10:27:37.215 [ INFO] maestro.Maestro.tap-HgV9Ck0: Tapping on element:  UiElement(treeNode=TreeNode(attributes={text=, accessibilityText=Hayır, hintText=, ignoreBoundsFiltering=false, resource-id=reveal-no, clickable=true, bounds=[37,285][155,333], enabled=true, focused=false, checked=false, scrollable=false, selected=false, class=android.widget.Button, important-for-accessibility=true, error=}, children=[TreeNode(attributes={text=, accessibilityText=, hintText=, ignoreBoundsFiltering=false, resource-id=, clickable=false, bounds=[37,285][155,333], enabled=true, focused=false, checked=false, scrollable=false, selected=false, class=android.view.ViewGroup, important-for-accessibility=false, error=}, children=[], clickable=false, enabled=true, focused=false, checked=false, selected=false), TreeNode(attributes={text=Hayır, accessibilityText=, hintText=, ignoreBoundsFiltering=false, resource-id=, clickable=false, bounds=[76,299][116,319], enabled=true, focused=false, checked=false, scrollable=false, selected=false, class=android.widget.TextView, important-for-accessibility=true, error=}, children=[], clickable=false, enabled=true, focused=false, checked=false, selected=false)], clickable=true, enabled=true, focused=false, checked=false, selected=false), bounds=Bounds(x=37, y=285, width=118, height=48))
10:27:40.995 [ INFO] maestro.Maestro.tap-HgV9Ck0: Tap aimed via settled hierarchy
10:27:40.995 [ INFO] maestro.Maestro.hierarchyBasedTap-ogj28Uc: Tapping at (96, 309) using hierarchy based logic for wait
10:27:41.958 [ INFO] maestro.Maestro.hierarchyBasedTap-ogj28Uc: Something has changed in the UI judging by view hierarchy. Proceed.
10:27:41.959 [ INFO] maestro.cli.runner.CliConsoleListener.onCommandFinished: Tap on id: reveal-no COMPLETED
10:27:41.959 [ INFO] maestro.cli.runner.CliConsoleListener.onCommandStart: Assert that "Güzel oyundu.*" is visible RUNNING
10:27:42.067 [ INFO] maestro.cli.runner.CliConsoleListener.onCommandFinished: Assert that "Güzel oyundu.*" is visible COMPLETED
10:27:42.067 [ INFO] maestro.cli.runner.CliConsoleListener.onCommandStart: Run ../scripts/bot.js RUNNING
10:27:42.160 [ INFO] maestro.cli.runner.CliConsoleListener.onCommandFinished: Run ../scripts/bot.js COMPLETED
10:27:42.160 [ INFO] maestro.cli.runner.CliConsoleListener.onCommandStart: Assert that "Bir şeyler ters gitti" is not visible RUNNING
10:27:42.826 [ INFO] maestro.cli.runner.CliConsoleListener.onCommandFinished: Assert that "Bir şeyler ters gitti" is not visible COMPLETED
10:27:42.827 [ INFO] maestro.cli.runner.CliConsoleListener.onCommandStart: Take screenshot 29-good-game RUNNING
10:27:42.827 [ INFO] maestro.Maestro.takeScreenshot: Taking screenshot
10:27:42.827 [TRACE] maestro.utils.ScreenshotUtils.takeScreenshot: Taking screenshot to output sink
10:27:42.849 [ INFO] maestro.cli.runner.CliConsoleListener.onCommandFinished: Take screenshot 29-good-game COMPLETED
10:27:42.849 [ INFO] maestro.cli.runner.CliConsoleListener.onCommandStart: Tap on "Mekana dön" RUNNING
10:27:42.955 [ INFO] maestro.Maestro.tap-HgV9Ck0: Tapping on element:  UiElement(treeNode=TreeNode(attributes={text=Mekana dön, accessibilityText=, hintText=, ignoreBoundsFiltering=false, resource-id=, clickable=false, bounds=[115,201][206,221], enabled=true, focused=false, checked=false, scrollable=false, selected=false, class=android.widget.TextView, important-for-accessibility=true, error=}, children=[], clickable=false, enabled=true, focused=false, checked=false, selected=false), bounds=Bounds(x=115, y=201, width=91, height=20))
10:27:44.182 [ INFO] maestro.Maestro.tap-HgV9Ck0: Tap aimed via settled hierarchy
10:27:44.183 [ INFO] maestro.Maestro.hierarchyBasedTap-ogj28Uc: Tapping at (160, 211) using hierarchy based logic for wait
10:27:45.395 [ INFO] maestro.Maestro.hierarchyBasedTap-ogj28Uc: Something has changed in the UI judging by view hierarchy. Proceed.
10:27:45.395 [ INFO] maestro.cli.runner.CliConsoleListener.onCommandFinished: Tap on "Mekana dön" COMPLETED
10:27:45.395 [ INFO] maestro.cli.runner.CliConsoleListener.onCommandStart: Assert that "Oda kur" is visible RUNNING
10:27:45.514 [ INFO] maestro.cli.runner.CliConsoleListener.onCommandFinished: Assert that "Oda kur" is visible COMPLETED
10:27:45.514 [ INFO] maestro.cli.runner.CliConsoleListener.onCommandStart: Tap on id: play-with-table RUNNING
10:27:45.644 [ INFO] maestro.Maestro.tap-HgV9Ck0: Tapping on element:  UiElement(treeNode=TreeNode(attributes={text=, accessibilityText=Masanla oyna, hintText=, ignoreBoundsFiltering=false, resource-id=play-with-table, clickable=true, bounds=[166,413][300,461], enabled=true, focused=false, checked=false, scrollable=false, selected=false, class=android.widget.Button, important-for-accessibility=true, error=}, children=[TreeNode(attributes={text=, accessibilityText=, hintText=, ignoreBoundsFiltering=false, resource-id=, clickable=false, bounds=[166,413][300,461], enabled=true, focused=false, checked=false, scrollable=false, selected=false, class=android.view.ViewGroup, important-for-accessibility=false, error=}, children=[], clickable=false, enabled=true, focused=false, checked=false, selected=false), TreeNode(attributes={text=Masanla oyna, accessibilityText=, hintText=, ignoreBoundsFiltering=false, resource-id=, clickable=false, bounds=[182,427][285,447], enabled=true, focused=false, checked=false, scrollable=false, selected=false, class=android.widget.TextView, important-for-accessibility=true, error=}, children=[], clickable=false, enabled=true, focused=false, checked=false, selected=false)], clickable=true, enabled=true, focused=false, checked=false, selected=false), bounds=Bounds(x=166, y=413, width=134, height=48))
10:27:46.870 [ INFO] maestro.Maestro.tap-HgV9Ck0: Tap aimed via settled hierarchy
10:27:46.870 [ INFO] maestro.Maestro.hierarchyBasedTap-ogj28Uc: Tapping at (233, 437) using hierarchy based logic for wait
10:27:48.211 [ INFO] maestro.Maestro.hierarchyBasedTap-ogj28Uc: Something has changed in the UI judging by view hierarchy. Proceed.
10:27:48.211 [ INFO] maestro.cli.runner.CliConsoleListener.onCommandFinished: Tap on id: play-with-table COMPLETED
10:27:48.211 [ INFO] maestro.cli.runner.CliConsoleListener.onCommandStart: Assert that id: solo-tabu is visible RUNNING
10:27:48.292 [ INFO] maestro.cli.runner.CliConsoleListener.onCommandFinished: Assert that id: solo-tabu is visible COMPLETED
10:27:48.292 [ INFO] maestro.cli.runner.CliConsoleListener.onCommandStart: Take screenshot 29b-solo-room RUNNING
10:27:48.292 [ INFO] maestro.Maestro.takeScreenshot: Taking screenshot
10:27:48.293 [TRACE] maestro.utils.ScreenshotUtils.takeScreenshot: Taking screenshot to output sink
10:27:48.355 [ INFO] maestro.cli.runner.CliConsoleListener.onCommandFinished: Take screenshot 29b-solo-room COMPLETED
10:27:48.356 [ INFO] maestro.cli.runner.CliConsoleListener.onCommandStart: Tap on id: solo-tabu RUNNING
10:27:48.433 [ INFO] maestro.Maestro.tap-HgV9Ck0: Tapping on element:  UiElement(treeNode=TreeNode(attributes={text=, accessibilityText=Sesli Tabu başlat, hintText=, ignoreBoundsFiltering=false, resource-id=solo-tabu, clickable=true, bounds=[32,201][154,293], enabled=true, focused=false, checked=false, scrollable=false, selected=false, class=android.widget.Button, important-for-accessibility=true, error=}, children=[TreeNode(attributes={text=, accessibilityText=, hintText=, ignoreBoundsFiltering=false, resource-id=, clickable=false, bounds=[32,201][154,293], enabled=true, focused=false, checked=false, scrollable=false, selected=false, class=android.view.ViewGroup, important-for-accessibility=false, error=}, children=[TreeNode(attributes={text=Sesli Tabu, accessibilityText=, hintText=, ignoreBoundsFiltering=false, resource-id=, clickable=false, bounds=[44,213][142,232], enabled=true, focused=false, checked=false, scrollable=false, selected=false, class=android.widget.TextView, important-for-accessibility=true, error=}, children=[], clickable=false, enabled=true, focused=false, checked=false, selected=false), TreeNode(attributes={text=, accessibilityText=, hintText=, ignoreBoundsFiltering=false, resource-id=, clickable=false, bounds=[104,245][154,293], enabled=true, focused=false, checked=false, scrollable=false, selected=false, class=android.widget.ImageView, important-for-accessibility=false, error=}, children=[], clickable=false, enabled=true, focused=false, checked=false, selected=false)], clickable=false, enabled=true, focused=false, checked=false, selected=false)], clickable=true, enabled=true, focused=false, checked=false, selected=false), bounds=Bounds(x=32, y=201, width=122, height=92))
10:27:49.664 [ INFO] maestro.Maestro.tap-HgV9Ck0: Tap aimed via settled hierarchy
10:27:49.665 [ INFO] maestro.Maestro.hierarchyBasedTap-ogj28Uc: Tapping at (93, 247) using hierarchy based logic for wait
10:27:50.559 [ INFO] maestro.Maestro.hierarchyBasedTap-ogj28Uc: Something has changed in the UI judging by view hierarchy. Proceed.
10:27:50.559 [ INFO] maestro.cli.runner.CliConsoleListener.onCommandFinished: Tap on id: solo-tabu COMPLETED
10:27:50.559 [ INFO] maestro.cli.runner.CliConsoleListener.onCommandStart: Assert that "Takım . başlasın" is visible RUNNING
10:27:50.668 [ INFO] maestro.cli.runner.CliConsoleListener.onCommandFinished: Assert that "Takım . başlasın" is visible COMPLETED
10:27:50.668 [ INFO] maestro.cli.runner.CliConsoleListener.onCommandStart: Take screenshot 29c-solo-tabu RUNNING
10:27:50.668 [ INFO] maestro.Maestro.takeScreenshot: Taking screenshot
10:27:50.668 [TRACE] maestro.utils.ScreenshotUtils.takeScreenshot: Taking screenshot to output sink
10:27:50.692 [ INFO] maestro.cli.runner.CliConsoleListener.onCommandFinished: Take screenshot 29c-solo-tabu COMPLETED
10:27:50.692 [ INFO] maestro.cli.runner.CliConsoleListener.onCommandStart: Scrolling DOWN until id: end-game is visible with speed 40, visibility percentage 100%, timeout 10000 ms, with centering disabled RUNNING
10:27:50.803 [ INFO] maestro.orchestra.Orchestra.scrollUntilVisible: Scrolling try count: 0, DeviceWidth: 320, DeviceWidth: 640
10:27:50.803 [ INFO] maestro.orchestra.Orchestra.scrollUntilVisible: Element bounds: Bounds(x=16, y=30, width=44, height=44)
10:27:50.803 [ INFO] maestro.orchestra.Orchestra.scrollUntilVisible: Visibility Percent: 1.0
10:27:50.803 [ INFO] maestro.orchestra.Orchestra.scrollUntilVisible: Command centerElement: ScrollUntilVisibleCommand(selector=ElementSelector(textRegex=null, idRegex=end-game, size=null, below=null, above=null, leftOf=null, rightOf=null, containsChild=null, containsDescendants=null, traits=null, index=null, enabled=null, optional=false, selected=null, checked=null, focused=null, childOf=null, css=null), direction=DOWN, scrollDuration=601, visibilityPercentage=100, timeout=10000, waitToSettleTimeoutMs=null, centerElement=false, originalSpeedValue=40, label=null, optional=false).centerElement
10:27:50.804 [ INFO] maestro.orchestra.Orchestra.scrollUntilVisible: visibilityPercentageNormalized: 1.0
10:27:50.804 [ INFO] maestro.cli.runner.CliConsoleListener.onCommandFinished: Scrolling DOWN until id: end-game is visible with speed 40, visibility percentage 100%, timeout 10000 ms, with centering disabled COMPLETED
10:27:50.804 [ INFO] maestro.cli.runner.CliConsoleListener.onCommandStart: Tap on id: end-game RUNNING
10:27:50.911 [ INFO] maestro.Maestro.tap-HgV9Ck0: Tapping on element:  UiElement(treeNode=TreeNode(attributes={text=, accessibilityText=Oyunu bitir, hintText=, ignoreBoundsFiltering=false, resource-id=end-game, clickable=true, bounds=[16,30][60,74], enabled=true, focused=false, checked=false, scrollable=false, selected=false, class=android.widget.Button, important-for-accessibility=true, error=}, children=[TreeNode(attributes={text=, accessibilityText=, hintText=, ignoreBoundsFiltering=false, resource-id=, clickable=false, bounds=[16,30][60,74], enabled=true, focused=false, checked=false, scrollable=false, selected=false, class=android.view.ViewGroup, important-for-accessibility=false, error=}, children=[], clickable=false, enabled=true, focused=false, checked=false, selected=false), TreeNode(attributes={text=, accessibilityText=, hintText=, ignoreBoundsFiltering=false, resource-id=, clickable=false, bounds=[28,41][48,62], enabled=true, focused=false, checked=false, scrollable=false, selected=false, class=android.widget.TextView, important-for-accessibility=true, error=}, children=[], clickable=false, enabled=true, focused=false, checked=false, selected=false)], clickable=true, enabled=true, focused=false, checked=false, selected=false), bounds=Bounds(x=16, y=30, width=44, height=44))
10:27:52.153 [ INFO] maestro.Maestro.tap-HgV9Ck0: Tap aimed via settled hierarchy
10:27:52.153 [ INFO] maestro.Maestro.hierarchyBasedTap-ogj28Uc: Tapping at (38, 52) using hierarchy based logic for wait
10:27:53.038 [ INFO] maestro.Maestro.hierarchyBasedTap-ogj28Uc: Something has changed in the UI judging by view hierarchy. Proceed.
10:27:53.038 [ INFO] maestro.cli.runner.CliConsoleListener.onCommandFinished: Tap on id: end-game COMPLETED
10:27:53.038 [ INFO] maestro.cli.runner.CliConsoleListener.onCommandStart: Tap on id: end-game-confirm RUNNING
10:27:53.111 [ INFO] maestro.Maestro.tap-HgV9Ck0: Tapping on element:  UiElement(treeNode=TreeNode(attributes={text=, accessibilityText=Bitir, hintText=, ignoreBoundsFiltering=false, resource-id=end-game-confirm, clickable=true, bounds=[165,568][296,616], enabled=true, focused=false, checked=false, scrollable=false, selected=false, class=android.widget.Button, important-for-accessibility=true, error=}, children=[TreeNode(attributes={text=, accessibilityText=, hintText=, ignoreBoundsFiltering=false, resource-id=, clickable=false, bounds=[165,568][296,616], enabled=true, focused=false, checked=false, scrollable=false, selected=false, class=android.view.ViewGroup, important-for-accessibility=false, error=}, children=[], clickable=false, enabled=true, focused=false, checked=false, selected=false), TreeNode(attributes={text=Bitir, accessibilityText=, hintText=, ignoreBoundsFiltering=false, resource-id=, clickable=false, bounds=[215,582][247,602], enabled=true, focused=false, checked=false, scrollable=false, selected=false, class=android.widget.TextView, important-for-accessibility=true, error=}, children=[], clickable=false, enabled=true, focused=false, checked=false, selected=false)], clickable=true, enabled=true, focused=false, checked=false, selected=false), bounds=Bounds(x=165, y=568, width=131, height=48))
10:27:54.330 [ INFO] maestro.Maestro.tap-HgV9Ck0: Tap aimed via settled hierarchy
10:27:54.330 [ INFO] maestro.Maestro.hierarchyBasedTap-ogj28Uc: Tapping at (230, 592) using hierarchy based logic for wait
10:27:55.657 [ INFO] maestro.Maestro.hierarchyBasedTap-ogj28Uc: Something has changed in the UI judging by view hierarchy. Proceed.
10:27:55.657 [ INFO] maestro.cli.runner.CliConsoleListener.onCommandFinished: Tap on id: end-game-confirm COMPLETED
10:27:55.657 [ INFO] maestro.cli.runner.CliConsoleListener.onCommandStart: Scrolling UP until id: solo-tabu is visible with speed 40, visibility percentage 100%, timeout 15000 ms, with centering disabled RUNNING
10:27:55.777 [ INFO] maestro.orchestra.Orchestra.scrollUntilVisible: Scrolling try count: 0, DeviceWidth: 320, DeviceWidth: 640
10:27:55.777 [ INFO] maestro.orchestra.Orchestra.scrollUntilVisible: Element bounds: Bounds(x=32, y=251, width=122, height=92)
10:27:55.777 [ INFO] maestro.orchestra.Orchestra.scrollUntilVisible: Visibility Percent: 1.0
10:27:55.777 [ INFO] maestro.orchestra.Orchestra.scrollUntilVisible: Command centerElement: ScrollUntilVisibleCommand(selector=ElementSelector(textRegex=null, idRegex=solo-tabu, size=null, below=null, above=null, leftOf=null, rightOf=null, containsChild=null, containsDescendants=null, traits=null, index=null, enabled=null, optional=false, selected=null, checked=null, focused=null, childOf=null, css=null), direction=UP, scrollDuration=601, visibilityPercentage=100, timeout=15000, waitToSettleTimeoutMs=null, centerElement=false, originalSpeedValue=40, label=null, optional=false).centerElement
10:27:55.777 [ INFO] maestro.orchestra.Orchestra.scrollUntilVisible: visibilityPercentageNormalized: 1.0
10:27:55.778 [ INFO] maestro.cli.runner.CliConsoleListener.onCommandFinished: Scrolling UP until id: solo-tabu is visible with speed 40, visibility percentage 100%, timeout 15000 ms, with centering disabled COMPLETED
10:27:55.778 [ INFO] maestro.cli.runner.CliConsoleListener.onCommandStart: Scrolling DOWN until id: solo-sohbet is visible with speed 40, visibility percentage 100%, timeout 15000 ms, with centering disabled RUNNING
10:27:55.893 [ INFO] maestro.orchestra.Orchestra.scrollUntilVisible: Scrolling try count: 0, DeviceWidth: 320, DeviceWidth: 640
10:27:55.893 [ INFO] maestro.orchestra.Orchestra.scrollUntilVisible: Element bounds: Bounds(x=166, y=471, width=122, height=92)
10:27:55.893 [ INFO] maestro.orchestra.Orchestra.scrollUntilVisible: Visibility Percent: 1.0
10:27:55.893 [ INFO] maestro.orchestra.Orchestra.scrollUntilVisible: Command centerElement: ScrollUntilVisibleCommand(selector=ElementSelector(textRegex=null, idRegex=solo-sohbet, size=null, below=null, above=null, leftOf=null, rightOf=null, containsChild=null, containsDescendants=null, traits=null, index=null, enabled=null, optional=false, selected=null, checked=null, focused=null, childOf=null, css=null), direction=DOWN, scrollDuration=601, visibilityPercentage=100, timeout=15000, waitToSettleTimeoutMs=null, centerElement=false, originalSpeedValue=40, label=null, optional=false).centerElement
10:27:55.893 [ INFO] maestro.orchestra.Orchestra.scrollUntilVisible: visibilityPercentageNormalized: 1.0
10:27:55.893 [ INFO] maestro.cli.runner.CliConsoleListener.onCommandFinished: Scrolling DOWN until id: solo-sohbet is visible with speed 40, visibility percentage 100%, timeout 15000 ms, with centering disabled COMPLETED
10:27:55.893 [ INFO] maestro.cli.runner.CliConsoleListener.onCommandStart: Scrolling DOWN until id: end-room is visible with speed 40, visibility percentage 100%, timeout 10000 ms, with centering disabled RUNNING
10:27:56.017 [ INFO] maestro.orchestra.Orchestra.scrollUntilVisible: Scrolling try count: 0, DeviceWidth: 320, DeviceWidth: 640
10:27:56.017 [ INFO] maestro.orchestra.Orchestra.scrollUntilVisible: Element bounds: Bounds(x=163, y=32, width=101, height=40)
10:27:56.018 [ INFO] maestro.orchestra.Orchestra.scrollUntilVisible: Visibility Percent: 1.0
10:27:56.018 [ INFO] maestro.orchestra.Orchestra.scrollUntilVisible: Command centerElement: ScrollUntilVisibleCommand(selector=ElementSelector(textRegex=null, idRegex=end-room, size=null, below=null, above=null, leftOf=null, rightOf=null, containsChild=null, containsDescendants=null, traits=null, index=null, enabled=null, optional=false, selected=null, checked=null, focused=null, childOf=null, css=null), direction=DOWN, scrollDuration=601, visibilityPercentage=100, timeout=10000, waitToSettleTimeoutMs=null, centerElement=false, originalSpeedValue=40, label=null, optional=false).centerElement
10:27:56.018 [ INFO] maestro.orchestra.Orchestra.scrollUntilVisible: visibilityPercentageNormalized: 1.0
10:27:56.018 [ INFO] maestro.cli.runner.CliConsoleListener.onCommandFinished: Scrolling DOWN until id: end-room is visible with speed 40, visibility percentage 100%, timeout 10000 ms, with centering disabled COMPLETED
10:27:56.018 [ INFO] maestro.cli.runner.CliConsoleListener.onCommandStart: Tap on id: end-room RUNNING
10:27:56.135 [ INFO] maestro.Maestro.tap-HgV9Ck0: Tapping on element:  UiElement(treeNode=TreeNode(attributes={text=, accessibilityText=Odayı bitir, hintText=, ignoreBoundsFiltering=false, resource-id=end-room, clickable=true, bounds=[163,32][264,72], enabled=true, focused=false, checked=false, scrollable=false, selected=false, class=android.widget.Button, important-for-accessibility=true, error=}, children=[TreeNode(attributes={text=, accessibilityText=, hintText=, ignoreBoundsFiltering=false, resource-id=, clickable=false, bounds=[163,32][264,72], enabled=true, focused=false, checked=false, scrollable=false, selected=false, class=android.view.ViewGroup, important-for-accessibility=false, error=}, children=[], clickable=false, enabled=true, focused=false, checked=false, selected=false), TreeNode(attributes={text=Odayı bitir, accessibilityText=, hintText=, ignoreBoundsFiltering=false, resource-id=, clickable=false, bounds=[179,43][248,61], enabled=true, focused=false, checked=false, scrollable=false, selected=false, class=android.widget.TextView, important-for-accessibility=true, error=}, children=[], clickable=false, enabled=true, focused=false, checked=false, selected=false)], clickable=true, enabled=true, focused=false, checked=false, selected=false), bounds=Bounds(x=163, y=32, width=101, height=40))
10:27:57.376 [ INFO] maestro.Maestro.tap-HgV9Ck0: Tap aimed via settled hierarchy
10:27:57.377 [ INFO] maestro.Maestro.hierarchyBasedTap-ogj28Uc: Tapping at (213, 52) using hierarchy based logic for wait
10:27:58.615 [ INFO] maestro.Maestro.hierarchyBasedTap-ogj28Uc: Something has changed in the UI judging by view hierarchy. Proceed.
10:27:58.615 [ INFO] maestro.cli.runner.CliConsoleListener.onCommandFinished: Tap on id: end-room COMPLETED
10:27:58.615 [ INFO] maestro.cli.runner.CliConsoleListener.onCommandStart: Assert that "Oda kur" is visible RUNNING
10:27:58.706 [ INFO] maestro.cli.runner.CliConsoleListener.onCommandFinished: Assert that "Oda kur" is visible COMPLETED
10:27:58.706 [ INFO] maestro.cli.runner.CliConsoleListener.onCommandFinished: Run flows/06-white-screen.yaml COMPLETED
10:27:58.706 [ INFO] maestro.cli.runner.CliConsoleListener.onCommandStart: Run flows/06b-tabu-coop.yaml RUNNING
10:27:58.706 [ INFO] maestro.cli.runner.CliConsoleListener.onCommandStart: Apply configuration RUNNING
10:27:58.706 [ INFO] maestro.cli.runner.CliConsoleListener.onCommandFinished: Apply configuration COMPLETED
10:27:58.706 [ INFO] maestro.cli.runner.CliConsoleListener.onCommandStart: Run ../scripts/bot.js RUNNING
10:27:59.027 [ INFO] maestro.cli.runner.CliConsoleListener.onCommandFinished: Run ../scripts/bot.js COMPLETED
10:27:59.027 [ INFO] maestro.cli.runner.CliConsoleListener.onCommandStart: Run ../scripts/bot.js RUNNING
10:27:59.114 [ INFO] maestro.cli.runner.CliConsoleListener.onCommandFinished: Run ../scripts/bot.js COMPLETED
10:27:59.114 [ INFO] maestro.cli.runner.CliConsoleListener.onCommandStart: Tap on id: tab-venue RUNNING
10:27:59.213 [ INFO] maestro.Maestro.tap-HgV9Ck0: Tapping on element:  UiElement(treeNode=TreeNode(attributes={text=, accessibilityText=Mekan, hintText=, ignoreBoundsFiltering=false, resource-id=tab-venue, clickable=true, bounds=[133,568][187,632], enabled=true, focused=false, checked=false, scrollable=false, selected=true, class=android.view.View, important-for-accessibility=true, error=}, children=[TreeNode(attributes={text=, accessibilityText=, hintText=, ignoreBoundsFiltering=false, resource-id=, clickable=false, bounds=[140,572][180,612], enabled=true, focused=false, checked=false, scrollable=false, selected=false, class=android.view.ViewGroup, important-for-accessibility=false, error=}, children=[], clickable=false, enabled=true, focused=false, checked=false, selected=false), TreeNode(attributes={text=, accessibilityText=, hintText=, ignoreBoundsFiltering=false, resource-id=, clickable=false, bounds=[148,580][172,604], enabled=true, focused=false, checked=false, scrollable=false, selected=false, class=android.widget.ImageView, important-for-accessibility=false, error=}, children=[], clickable=false, enabled=true, focused=false, checked=false, selected=false), TreeNode(attributes={text=Mekan, accessibilityText=, hintText=, ignoreBoundsFiltering=false, resource-id=, clickable=false, bounds=[141,612][178,628], enabled=true, focused=false, checked=false, scrollable=false, selected=false, class=android.widget.TextView, important-for-accessibility=true, error=}, children=[], clickable=false, enabled=true, focused=false, checked=false, selected=false)], clickable=true, enabled=true, focused=false, checked=false, selected=true), bounds=Bounds(x=133, y=568, width=54, height=64))
10:28:01.191 [ INFO] maestro.Maestro.tap-HgV9Ck0: Tap aimed via settled hierarchy
10:28:01.193 [ INFO] maestro.Maestro.hierarchyBasedTap-ogj28Uc: Tapping at (160, 600) using hierarchy based logic for wait
10:28:01.593 [ INFO] maestro.cli.runner.CliConsoleListener.onCommandFinished: Tap on id: tab-venue COMPLETED
10:28:01.593 [ INFO] maestro.cli.runner.CliConsoleListener.onCommandStart: Assert that "Oda kur" is visible RUNNING
10:28:01.739 [ INFO] maestro.cli.runner.CliConsoleListener.onCommandFinished: Assert that "Oda kur" is visible COMPLETED
10:28:01.739 [ INFO] maestro.cli.runner.CliConsoleListener.onCommandStart: Tap on "Oda kur" RUNNING
10:28:01.878 [ INFO] maestro.Maestro.tap-HgV9Ck0: Tapping on element:  UiElement(treeNode=TreeNode(attributes={text=Oda kur, accessibilityText=, hintText=, ignoreBoundsFiltering=false, resource-id=, clickable=false, bounds=[57,427][117,447], enabled=true, focused=false, checked=false, scrollable=false, selected=false, class=android.widget.TextView, important-for-accessibility=true, error=}, children=[], clickable=false, enabled=true, focused=false, checked=false, selected=false), bounds=Bounds(x=57, y=427, width=60, height=20))
10:28:03.129 [ INFO] maestro.Maestro.tap-HgV9Ck0: Tap aimed via settled hierarchy
10:28:03.129 [ INFO] maestro.Maestro.hierarchyBasedTap-ogj28Uc: Tapping at (87, 437) using hierarchy based logic for wait
10:28:04.499 [ INFO] maestro.Maestro.hierarchyBasedTap-ogj28Uc: Something has changed in the UI judging by view hierarchy. Proceed.
10:28:04.499 [ INFO] maestro.cli.runner.CliConsoleListener.onCommandFinished: Tap on "Oda kur" COMPLETED
10:28:04.499 [ INFO] maestro.cli.runner.CliConsoleListener.onCommandStart: Assert that id: intent-none is visible RUNNING
10:28:04.608 [ INFO] maestro.cli.runner.CliConsoleListener.onCommandFinished: Assert that id: intent-none is visible COMPLETED
10:28:04.608 [ INFO] maestro.cli.runner.CliConsoleListener.onCommandStart: Scrolling DOWN until "Odayı kur" is visible with speed 40, visibility percentage 100%, timeout 10000 ms, with centering disabled RUNNING
10:28:04.760 [ INFO] maestro.orchestra.Orchestra.scrollUntilVisible: Scrolling try count: 0, DeviceWidth: 320, DeviceWidth: 640
10:28:04.760 [ INFO] maestro.orchestra.Orchestra.scrollUntilVisible: Element bounds: Bounds(x=120, y=565, width=81, height=22)
10:28:04.760 [ INFO] maestro.orchestra.Orchestra.scrollUntilVisible: Visibility Percent: 1.0
10:28:04.760 [ INFO] maestro.orchestra.Orchestra.scrollUntilVisible: Command centerElement: ScrollUntilVisibleCommand(selector=ElementSelector(textRegex=Odayı kur, idRegex=null, size=null, below=null, above=null, leftOf=null, rightOf=null, containsChild=null, containsDescendants=null, traits=null, index=null, enabled=null, optional=false, selected=null, checked=null, focused=null, childOf=null, css=null), direction=DOWN, scrollDuration=601, visibilityPercentage=100, timeout=10000, waitToSettleTimeoutMs=null, centerElement=false, originalSpeedValue=40, label=null, optional=false).centerElement
10:28:04.760 [ INFO] maestro.orchestra.Orchestra.scrollUntilVisible: visibilityPercentageNormalized: 1.0
10:28:04.760 [ INFO] maestro.cli.runner.CliConsoleListener.onCommandFinished: Scrolling DOWN until "Odayı kur" is visible with speed 40, visibility percentage 100%, timeout 10000 ms, with centering disabled COMPLETED
10:28:04.760 [ INFO] maestro.cli.runner.CliConsoleListener.onCommandStart: Tap on "Odayı kur" RUNNING
10:28:04.868 [ INFO] maestro.Maestro.tap-HgV9Ck0: Tapping on element:  UiElement(treeNode=TreeNode(attributes={text=Odayı kur, accessibilityText=, hintText=, ignoreBoundsFiltering=false, resource-id=, clickable=false, bounds=[120,565][201,587], enabled=true, focused=false, checked=false, scrollable=false, selected=false, class=android.widget.TextView, important-for-accessibility=true, error=}, children=[], clickable=false, enabled=true, focused=false, checked=false, selected=false), bounds=Bounds(x=120, y=565, width=81, height=22))
10:28:06.135 [ INFO] maestro.Maestro.tap-HgV9Ck0: Tap aimed via settled hierarchy
10:28:06.135 [ INFO] maestro.Maestro.hierarchyBasedTap-ogj28Uc: Tapping at (160, 576) using hierarchy based logic for wait
10:28:07.376 [ INFO] maestro.Maestro.hierarchyBasedTap-ogj28Uc: Something has changed in the UI judging by view hierarchy. Proceed.
10:28:07.376 [ INFO] maestro.cli.runner.CliConsoleListener.onCommandFinished: Tap on "Odayı kur" COMPLETED
10:28:07.376 [ INFO] maestro.cli.runner.CliConsoleListener.onCommandStart: Assert that id: solo-tabu is visible RUNNING
10:28:07.492 [ INFO] maestro.cli.runner.CliConsoleListener.onCommandFinished: Assert that id: solo-tabu is visible COMPLETED
10:28:07.492 [ INFO] maestro.cli.runner.CliConsoleListener.onCommandStart: Run ../scripts/bot.js RUNNING
10:28:07.575 [ INFO] maestro.cli.runner.CliConsoleListener.onCommandFinished: Run ../scripts/bot.js COMPLETED
10:28:07.575 [ INFO] maestro.cli.runner.CliConsoleListener.onCommandStart: Assert that "Katılma isteği" is visible RUNNING
10:28:08.519 [ INFO] maestro.cli.runner.CliConsoleListener.onCommandFinished: Assert that "Katılma isteği" is visible COMPLETED
10:28:08.519 [ INFO] maestro.cli.runner.CliConsoleListener.onCommandStart: Tap on id: join-accept RUNNING
10:28:08.591 [ INFO] maestro.Maestro.tap-HgV9Ck0: Tapping on element:  UiElement(treeNode=TreeNode(attributes={text=, accessibilityText=Kabul, hintText=, ignoreBoundsFiltering=false, resource-id=join-accept, clickable=true, bounds=[165,502][296,550], enabled=true, focused=false, checked=false, scrollable=false, selected=false, class=android.widget.Button, important-for-accessibility=true, error=}, children=[TreeNode(attributes={text=, accessibilityText=, hintText=, ignoreBoundsFiltering=false, resource-id=, clickable=false, bounds=[165,502][296,550], enabled=true, focused=false, checked=false, scrollable=false, selected=false, class=android.view.ViewGroup, important-for-accessibility=false, error=}, children=[], clickable=false, enabled=true, focused=false, checked=false, selected=false), TreeNode(attributes={text=Kabul, accessibilityText=, hintText=, ignoreBoundsFiltering=false, resource-id=, clickable=false, bounds=[209,516][253,536], enabled=true, focused=false, checked=false, scrollable=false, selected=false, class=android.widget.TextView, important-for-accessibility=true, error=}, children=[], clickable=false, enabled=true, focused=false, checked=false, selected=false)], clickable=true, enabled=true, focused=false, checked=false, selected=false), bounds=Bounds(x=165, y=502, width=131, height=48))
10:28:10.291 [ INFO] maestro.Maestro.tap-HgV9Ck0: Tap aimed via settled hierarchy
10:28:10.291 [ INFO] maestro.Maestro.hierarchyBasedTap-ogj28Uc: Tapping at (230, 526) using hierarchy based logic for wait
10:28:11.467 [ INFO] maestro.Maestro.hierarchyBasedTap-ogj28Uc: Something has changed in the UI judging by view hierarchy. Proceed.
10:28:11.467 [ INFO] maestro.cli.runner.CliConsoleListener.onCommandFinished: Tap on id: join-accept COMPLETED
10:28:11.467 [ INFO] maestro.cli.runner.CliConsoleListener.onCommandStart: Assert that id: propose-tabu is visible RUNNING
10:28:11.584 [ INFO] maestro.cli.runner.CliConsoleListener.onCommandFinished: Assert that id: propose-tabu is visible COMPLETED
10:28:11.584 [ INFO] maestro.cli.runner.CliConsoleListener.onCommandStart: Tap on id: propose-tabu RUNNING
10:28:11.700 [ INFO] maestro.Maestro.tap-HgV9Ck0: Tapping on element:  UiElement(treeNode=TreeNode(attributes={text=, accessibilityText=Sesli Tabu öner, hintText=, ignoreBoundsFiltering=false, resource-id=propose-tabu, clickable=true, bounds=[34,207][154,299], enabled=true, focused=false, checked=false, scrollable=false, selected=false, class=android.widget.Button, important-for-accessibility=true, error=}, children=[TreeNode(attributes={text=, accessibilityText=, hintText=, ignoreBoundsFiltering=false, resource-id=, clickable=false, bounds=[34,207][154,299], enabled=true, focused=false, checked=false, scrollable=false, selected=false, class=android.view.ViewGroup, important-for-accessibility=false, error=}, children=[TreeNode(attributes={text=Sesli Tabu, accessibilityText=, hintText=, ignoreBoundsFiltering=false, resource-id=, clickable=false, bounds=[46,219][142,238], enabled=true, focused=false, checked=false, scrollable=false, selected=false, class=android.widget.TextView, important-for-accessibility=true, error=}, children=[], clickable=false, enabled=true, focused=false, checked=false, selected=false), TreeNode(attributes={text=, accessibilityText=, hintText=, ignoreBoundsFiltering=false, resource-id=, clickable=false, bounds=[104,251][154,299], enabled=true, focused=false, checked=false, scrollable=false, selected=false, class=android.widget.ImageView, important-for-accessibility=false, error=}, children=[], clickable=false, enabled=true, focused=false, checked=false, selected=false)], clickable=false, enabled=true, focused=false, checked=false, selected=false)], clickable=true, enabled=true, focused=false, checked=false, selected=false), bounds=Bounds(x=34, y=207, width=120, height=92))
10:28:12.971 [ INFO] maestro.Maestro.tap-HgV9Ck0: Tap aimed via settled hierarchy
10:28:12.972 [ INFO] maestro.Maestro.hierarchyBasedTap-ogj28Uc: Tapping at (94, 253) using hierarchy based logic for wait
10:28:14.323 [ INFO] maestro.Maestro.hierarchyBasedTap-ogj28Uc: Something has changed in the UI judging by view hierarchy. Proceed.
10:28:14.323 [ INFO] maestro.cli.runner.CliConsoleListener.onCommandFinished: Tap on id: propose-tabu COMPLETED
10:28:14.323 [ INFO] maestro.cli.runner.CliConsoleListener.onCommandStart: Run ../scripts/bot.js RUNNING
10:28:14.397 [ INFO] maestro.cli.runner.CliConsoleListener.onCommandFinished: Run ../scripts/bot.js COMPLETED
10:28:14.397 [ INFO] maestro.cli.runner.CliConsoleListener.onCommandStart: Assert that id: turn-start is visible RUNNING
10:28:15.435 [ INFO] maestro.cli.runner.CliConsoleListener.onCommandFinished: Assert that id: turn-start is visible COMPLETED
10:28:15.435 [ INFO] maestro.cli.runner.CliConsoleListener.onCommandStart: Tap on id: turn-start RUNNING
10:28:15.543 [ INFO] maestro.Maestro.tap-HgV9Ck0: Tapping on element:  UiElement(treeNode=TreeNode(attributes={text=, accessibilityText=Turu başlat, hintText=, ignoreBoundsFiltering=false, resource-id=turn-start, clickable=true, bounds=[62,80][258,170], enabled=true, focused=false, checked=false, scrollable=false, selected=false, class=android.widget.Button, important-for-accessibility=true, error=}, children=[TreeNode(attributes={text=, accessibilityText=, hintText=, ignoreBoundsFiltering=false, resource-id=, clickable=false, bounds=[62,80][258,170], enabled=true, focused=false, checked=false, scrollable=false, selected=false, class=android.view.ViewGroup, important-for-accessibility=false, error=}, children=[], clickable=false, enabled=true, focused=false, checked=false, selected=false), TreeNode(attributes={text=Başla, accessibilityText=, hintText=, ignoreBoundsFiltering=false, resource-id=, clickable=false, bounds=[89,80][231,101], enabled=true, focused=false, checked=false, scrollable=false, selected=false, class=android.widget.TextView, important-for-accessibility=true, error=}, children=[], clickable=false, enabled=true, focused=false, checked=false, selected=false)], clickable=true, enabled=true, focused=false, checked=false, selected=false), bounds=Bounds(x=62, y=80, width=196, height=90))
10:28:16.766 [ INFO] maestro.Maestro.tap-HgV9Ck0: Tap aimed via settled hierarchy
10:28:16.767 [ INFO] maestro.Maestro.hierarchyBasedTap-ogj28Uc: Tapping at (160, 125) using hierarchy based logic for wait
10:28:17.083 [ INFO] maestro.cli.runner.CliConsoleListener.onCommandFinished: Tap on id: turn-start COMPLETED
10:28:17.083 [ INFO] maestro.cli.runner.CliConsoleListener.onCommandStart: Assert that "Kartı görmek için dokun" is visible RUNNING
10:28:30.760 [ INFO] maestro.cli.runner.CliConsoleListener.onCommandFinished: Assert that "Kartı görmek için dokun" is visible COMPLETED
10:28:30.761 [ INFO] maestro.cli.runner.CliConsoleListener.onCommandStart: Assert that "Ortak skor" is visible RUNNING
10:28:30.844 [ INFO] maestro.cli.runner.CliConsoleListener.onCommandFinished: Assert that "Ortak skor" is visible COMPLETED
10:28:30.844 [ INFO] maestro.cli.runner.CliConsoleListener.onCommandStart: Tap on "Kartı görmek için dokun" RUNNING
10:28:30.960 [ INFO] maestro.Maestro.tap-HgV9Ck0: Tapping on element:  UiElement(treeNode=TreeNode(attributes={text=Kartı görmek için dokun, accessibilityText=, hintText=, ignoreBoundsFiltering=false, resource-id=, clickable=false, bounds=[42,409][278,465], enabled=true, focused=false, checked=false, scrollable=false, selected=false, class=android.widget.TextView, important-for-accessibility=true, error=}, children=[], clickable=false, enabled=true, focused=false, checked=false, selected=false), bounds=Bounds(x=42, y=409, width=236, height=56))
10:28:32.099 [ INFO] maestro.Maestro.tap-HgV9Ck0: Tap aimed via settled hierarchy
10:28:32.100 [ INFO] maestro.Maestro.hierarchyBasedTap-ogj28Uc: Tapping at (160, 437) using hierarchy based logic for wait
10:28:33.072 [ INFO] maestro.Maestro.hierarchyBasedTap-ogj28Uc: Something has changed in the UI judging by view hierarchy. Proceed.
10:28:33.072 [ INFO] maestro.cli.runner.CliConsoleListener.onCommandFinished: Tap on "Kartı görmek için dokun" COMPLETED
10:28:33.072 [ INFO] maestro.cli.runner.CliConsoleListener.onCommandStart: Assert that id: tabu-card is visible RUNNING
10:28:33.689 [ INFO] maestro.cli.runner.CliConsoleListener.onCommandFinished: Assert that id: tabu-card is visible COMPLETED
10:28:33.689 [ INFO] maestro.cli.runner.CliConsoleListener.onCommandStart: Scrolling DOWN until id: tabu-taboo is visible with speed 40, visibility percentage 100%, timeout 10000 ms, with centering enabled RUNNING
10:28:33.769 [ INFO] maestro.orchestra.Orchestra.scrollUntilVisible: Scrolling try count: 0, DeviceWidth: 320, DeviceWidth: 640
10:28:33.769 [ INFO] maestro.orchestra.Orchestra.scrollUntilVisible: Element bounds: Bounds(x=213, y=615, width=91, height=25)
10:28:33.769 [ INFO] maestro.orchestra.Orchestra.scrollUntilVisible: Visibility Percent: 1.0
10:28:33.770 [ INFO] maestro.orchestra.Orchestra.scrollUntilVisible: Command centerElement: ScrollUntilVisibleCommand(selector=ElementSelector(textRegex=null, idRegex=tabu-taboo, size=null, below=null, above=null, leftOf=null, rightOf=null, containsChild=null, containsDescendants=null, traits=null, index=null, enabled=null, optional=false, selected=null, checked=null, focused=null, childOf=null, css=null), direction=DOWN, scrollDuration=601, visibilityPercentage=100, timeout=10000, waitToSettleTimeoutMs=null, centerElement=true, originalSpeedValue=40, label=null, optional=false).centerElement
10:28:33.770 [ INFO] maestro.orchestra.Orchestra.scrollUntilVisible: visibilityPercentageNormalized: 1.0
10:28:33.811 [ INFO] maestro.Maestro.swipeFromCenter: Swiping UP from center
10:28:35.932 [ INFO] maestro.orchestra.Orchestra.scrollUntilVisible: Scrolling try count: 1, DeviceWidth: 320, DeviceWidth: 640
10:28:35.932 [ INFO] maestro.orchestra.Orchestra.scrollUntilVisible: Element bounds: Bounds(x=213, y=450, width=91, height=64)
10:28:35.932 [ INFO] maestro.orchestra.Orchestra.scrollUntilVisible: Visibility Percent: 1.0
10:28:35.932 [ INFO] maestro.orchestra.Orchestra.scrollUntilVisible: Command centerElement: ScrollUntilVisibleCommand(selector=ElementSelector(textRegex=null, idRegex=tabu-taboo, size=null, below=null, above=null, leftOf=null, rightOf=null, containsChild=null, containsDescendants=null, traits=null, index=null, enabled=null, optional=false, selected=null, checked=null, focused=null, childOf=null, css=null), direction=DOWN, scrollDuration=601, visibilityPercentage=100, timeout=10000, waitToSettleTimeoutMs=null, centerElement=true, originalSpeedValue=40, label=null, optional=false).centerElement
10:28:35.932 [ INFO] maestro.orchestra.Orchestra.scrollUntilVisible: visibilityPercentageNormalized: 1.0
10:28:35.979 [ INFO] maestro.Maestro.swipeFromCenter: Swiping UP from center
10:28:37.720 [ INFO] maestro.orchestra.Orchestra.scrollUntilVisible: Scrolling try count: 2, DeviceWidth: 320, DeviceWidth: 640
10:28:37.720 [ INFO] maestro.orchestra.Orchestra.scrollUntilVisible: Element bounds: Bounds(x=213, y=450, width=91, height=64)
10:28:37.720 [ INFO] maestro.orchestra.Orchestra.scrollUntilVisible: Visibility Percent: 1.0
10:28:37.720 [ INFO] maestro.orchestra.Orchestra.scrollUntilVisible: Command centerElement: ScrollUntilVisibleCommand(selector=ElementSelector(textRegex=null, idRegex=tabu-taboo, size=null, below=null, above=null, leftOf=null, rightOf=null, containsChild=null, containsDescendants=null, traits=null, index=null, enabled=null, optional=false, selected=null, checked=null, focused=null, childOf=null, css=null), direction=DOWN, scrollDuration=601, visibilityPercentage=100, timeout=10000, waitToSettleTimeoutMs=null, centerElement=true, originalSpeedValue=40, label=null, optional=false).centerElement
10:28:37.720 [ INFO] maestro.orchestra.Orchestra.scrollUntilVisible: visibilityPercentageNormalized: 1.0
10:28:37.725 [ INFO] maestro.Maestro.swipeFromCenter: Swiping UP from center
10:28:39.152 [ INFO] maestro.orchestra.Orchestra.scrollUntilVisible: Scrolling try count: 3, DeviceWidth: 320, DeviceWidth: 640
10:28:39.153 [ INFO] maestro.orchestra.Orchestra.scrollUntilVisible: Element bounds: Bounds(x=213, y=450, width=91, height=64)
10:28:39.153 [ INFO] maestro.orchestra.Orchestra.scrollUntilVisible: Visibility Percent: 1.0
10:28:39.153 [ INFO] maestro.orchestra.Orchestra.scrollUntilVisible: Command centerElement: ScrollUntilVisibleCommand(selector=ElementSelector(textRegex=null, idRegex=tabu-taboo, size=null, below=null, above=null, leftOf=null, rightOf=null, containsChild=null, containsDescendants=null, traits=null, index=null, enabled=null, optional=false, selected=null, checked=null, focused=null, childOf=null, css=null), direction=DOWN, scrollDuration=601, visibilityPercentage=100, timeout=10000, waitToSettleTimeoutMs=null, centerElement=true, originalSpeedValue=40, label=null, optional=false).centerElement
10:28:39.153 [ INFO] maestro.orchestra.Orchestra.scrollUntilVisible: visibilityPercentageNormalized: 1.0
10:28:39.195 [ INFO] maestro.Maestro.swipeFromCenter: Swiping UP from center
10:28:40.128 [ INFO] maestro.orchestra.Orchestra.scrollUntilVisible: Scrolling try count: 4, DeviceWidth: 320, DeviceWidth: 640
10:28:40.128 [ INFO] maestro.orchestra.Orchestra.scrollUntilVisible: Element bounds: Bounds(x=213, y=450, width=91, height=64)
10:28:40.128 [ INFO] maestro.orchestra.Orchestra.scrollUntilVisible: Visibility Percent: 1.0
10:28:40.128 [ INFO] maestro.orchestra.Orchestra.scrollUntilVisible: Command centerElement: ScrollUntilVisibleCommand(selector=ElementSelector(textRegex=null, idRegex=tabu-taboo, size=null, below=null, above=null, leftOf=null, rightOf=null, containsChild=null, containsDescendants=null, traits=null, index=null, enabled=null, optional=false, selected=null, checked=null, focused=null, childOf=null, css=null), direction=DOWN, scrollDuration=601, visibilityPercentage=100, timeout=10000, waitToSettleTimeoutMs=null, centerElement=true, originalSpeedValue=40, label=null, optional=false).centerElement
10:28:40.128 [ INFO] maestro.orchestra.Orchestra.scrollUntilVisible: visibilityPercentageNormalized: 1.0
10:28:40.171 [ INFO] maestro.Maestro.swipeFromCenter: Swiping UP from center
10:28:41.736 [ INFO] maestro.orchestra.Orchestra.scrollUntilVisible: Scrolling try count: 5, DeviceWidth: 320, DeviceWidth: 640
10:28:41.736 [ INFO] maestro.orchestra.Orchestra.scrollUntilVisible: Element bounds: Bounds(x=213, y=450, width=91, height=64)
10:28:41.736 [ INFO] maestro.orchestra.Orchestra.scrollUntilVisible: Visibility Percent: 1.0
10:28:41.736 [ INFO] maestro.orchestra.Orchestra.scrollUntilVisible: Command centerElement: ScrollUntilVisibleCommand(selector=ElementSelector(textRegex=null, idRegex=tabu-taboo, size=null, below=null, above=null, leftOf=null, rightOf=null, containsChild=null, containsDescendants=null, traits=null, index=null, enabled=null, optional=false, selected=null, checked=null, focused=null, childOf=null, css=null), direction=DOWN, scrollDuration=601, visibilityPercentage=100, timeout=10000, waitToSettleTimeoutMs=null, centerElement=true, originalSpeedValue=40, label=null, optional=false).centerElement
10:28:41.736 [ INFO] maestro.orchestra.Orchestra.scrollUntilVisible: visibilityPercentageNormalized: 1.0
10:28:41.736 [ INFO] maestro.cli.runner.CliConsoleListener.onCommandFinished: Scrolling DOWN until id: tabu-taboo is visible with speed 40, visibility percentage 100%, timeout 10000 ms, with centering enabled COMPLETED
10:28:41.736 [ INFO] maestro.cli.runner.CliConsoleListener.onCommandStart: Assert that id: tabu-pass is visible RUNNING
10:28:41.816 [ INFO] maestro.cli.runner.CliConsoleListener.onCommandFinished: Assert that id: tabu-pass is visible COMPLETED
10:28:41.816 [ INFO] maestro.cli.runner.CliConsoleListener.onCommandStart: Take screenshot 34-coop-describer RUNNING
10:28:41.817 [ INFO] maestro.Maestro.takeScreenshot: Taking screenshot
10:28:41.817 [TRACE] maestro.utils.ScreenshotUtils.takeScreenshot: Taking screenshot to output sink
10:28:41.880 [ INFO] maestro.cli.runner.CliConsoleListener.onCommandFinished: Take screenshot 34-coop-describer COMPLETED
10:28:41.880 [ INFO] maestro.cli.runner.CliConsoleListener.onCommandStart: Tap on id: tabu-correct RUNNING
10:28:42.008 [ INFO] maestro.Maestro.tap-HgV9Ck0: Tapping on element:  UiElement(treeNode=TreeNode(attributes={text=, accessibilityText=Doğru +1, hintText=, ignoreBoundsFiltering=false, resource-id=tabu-correct, clickable=true, bounds=[16,450][107,514], enabled=true, focused=false, checked=false, scrollable=false, selected=false, class=android.widget.Button, important-for-accessibility=true, error=}, children=[TreeNode(attributes={text=, accessibilityText=, hintText=, ignoreBoundsFiltering=false, resource-id=, clickable=false, bounds=[16,450][107,514], enabled=true, focused=false, checked=false, scrollable=false, selected=false, class=android.view.ViewGroup, important-for-accessibility=false, error=}, children=[], clickable=false, enabled=true, focused=false, checked=false, selected=false), TreeNode(attributes={text=Doğru, accessibilityText=, hintText=, ignoreBoundsFiltering=false, resource-id=, clickable=false, bounds=[35,461][88,483], enabled=true, focused=false, checked=false, scrollable=false, selected=false, class=android.widget.TextView, important-for-accessibility=true, error=}, children=[], clickable=false, enabled=true, focused=false, checked=false, selected=false), TreeNode(attributes={text=+1, accessibilityText=, hintText=, ignoreBoundsFiltering=false, resource-id=, clickable=false, bounds=[51,483][71,503], enabled=true, focused=false, checked=false, scrollable=false, selected=false, class=android.widget.TextView, important-for-accessibility=true, error=}, children=[], clickable=false, enabled=true, focused=false, checked=false, selected=false)], clickable=true, enabled=true, focused=false, checked=false, selected=false), bounds=Bounds(x=16, y=450, width=91, height=64))
10:28:42.804 [ INFO] maestro.Maestro.tap-HgV9Ck0: Tap aimed via settled hierarchy
10:28:42.804 [ INFO] maestro.Maestro.hierarchyBasedTap-ogj28Uc: Tapping at (61, 482) using hierarchy based logic for wait
10:28:44.320 [ INFO] maestro.Maestro.hierarchyBasedTap-ogj28Uc: Something has changed in the UI judging by view hierarchy. Proceed.
10:28:44.320 [ INFO] maestro.cli.runner.CliConsoleListener.onCommandFinished: Tap on id: tabu-correct COMPLETED
10:28:44.320 [ INFO] maestro.cli.runner.CliConsoleListener.onCommandStart: Run ../scripts/bot.js RUNNING
10:28:44.406 [ INFO] maestro.cli.runner.CliConsoleListener.onCommandFinished: Run ../scripts/bot.js COMPLETED
10:28:44.406 [ INFO] maestro.cli.runner.CliConsoleListener.onCommandStart: Run ../scripts/bot.js RUNNING
10:28:44.479 [ INFO] maestro.cli.runner.CliConsoleListener.onCommandFinished: Run ../scripts/bot.js COMPLETED
10:28:44.479 [ INFO] maestro.cli.runner.CliConsoleListener.onCommandStart: Scrolling UP until id: tabu-guessing is visible with speed 40, visibility percentage 100%, timeout 20000 ms, with centering disabled RUNNING
10:28:45.425 [ INFO] maestro.orchestra.Orchestra.scrollUntilVisible: Scrolling try count: 0, DeviceWidth: 320, DeviceWidth: 640
10:28:45.425 [ INFO] maestro.orchestra.Orchestra.scrollUntilVisible: Element bounds: Bounds(x=16, y=322, width=288, height=18)
10:28:45.425 [ INFO] maestro.orchestra.Orchestra.scrollUntilVisible: Visibility Percent: 1.0
10:28:45.426 [ INFO] maestro.orchestra.Orchestra.scrollUntilVisible: Command centerElement: ScrollUntilVisibleCommand(selector=ElementSelector(textRegex=null, idRegex=tabu-guessing, size=null, below=null, above=null, leftOf=null, rightOf=null, containsChild=null, containsDescendants=null, traits=null, index=null, enabled=null, optional=false, selected=null, checked=null, focused=null, childOf=null, css=null), direction=UP, scrollDuration=601, visibilityPercentage=100, timeout=20000, waitToSettleTimeoutMs=null, centerElement=false, originalSpeedValue=40, label=null, optional=false).centerElement
10:28:45.426 [ INFO] maestro.orchestra.Orchestra.scrollUntilVisible: visibilityPercentageNormalized: 1.0
10:28:45.426 [ INFO] maestro.cli.runner.CliConsoleListener.onCommandFinished: Scrolling UP until id: tabu-guessing is visible with speed 40, visibility percentage 100%, timeout 20000 ms, with centering disabled COMPLETED
10:28:45.426 [ INFO] maestro.cli.runner.CliConsoleListener.onCommandStart: Assert that id: tabu-card is not visible RUNNING
10:28:46.587 [ INFO] maestro.cli.runner.CliConsoleListener.onCommandFinished: Assert that id: tabu-card is not visible COMPLETED
10:28:46.587 [ INFO] maestro.cli.runner.CliConsoleListener.onCommandStart: Assert that id: tabu-correct is not visible RUNNING
10:28:47.667 [ INFO] maestro.cli.runner.CliConsoleListener.onCommandFinished: Assert that id: tabu-correct is not visible COMPLETED
10:28:47.667 [ INFO] maestro.cli.runner.CliConsoleListener.onCommandStart: Run ../scripts/bot.js RUNNING
10:28:47.733 [ INFO] maestro.cli.runner.CliConsoleListener.onCommandFinished: Run ../scripts/bot.js COMPLETED
10:28:47.734 [ INFO] maestro.cli.runner.CliConsoleListener.onCommandStart: Take screenshot 35-coop-guesser RUNNING
10:28:47.734 [ INFO] maestro.Maestro.takeScreenshot: Taking screenshot
10:28:47.734 [TRACE] maestro.utils.ScreenshotUtils.takeScreenshot: Taking screenshot to output sink
10:28:47.760 [ INFO] maestro.cli.runner.CliConsoleListener.onCommandFinished: Take screenshot 35-coop-guesser COMPLETED
10:28:47.760 [ INFO] maestro.cli.runner.CliConsoleListener.onCommandStart: Run ../scripts/bot.js RUNNING
10:28:47.828 [ INFO] maestro.cli.runner.CliConsoleListener.onCommandFinished: Run ../scripts/bot.js COMPLETED
10:28:47.828 [ INFO] maestro.cli.runner.CliConsoleListener.onCommandStart: Assert that "Tanışalım mı\?" is visible RUNNING
10:28:48.492 [ INFO] maestro.cli.runner.CliConsoleListener.onCommandFinished: Assert that "Tanışalım mı\?" is visible COMPLETED
10:28:48.492 [ INFO] maestro.cli.runner.CliConsoleListener.onCommandStart: Tap on id: reveal-no RUNNING
10:28:48.992 [ INFO] maestro.Maestro.tap-HgV9Ck0: Tapping on element:  UiElement(treeNode=TreeNode(attributes={text=, accessibilityText=Hayır, hintText=, ignoreBoundsFiltering=false, resource-id=reveal-no, clickable=true, bounds=[37,313][155,361], enabled=true, focused=false, checked=false, scrollable=false, selected=false, class=android.widget.Button, important-for-accessibility=true, error=}, children=[TreeNode(attributes={text=, accessibilityText=, hintText=, ignoreBoundsFiltering=false, resource-id=, clickable=false, bounds=[37,313][155,361], enabled=true, focused=false, checked=false, scrollable=false, selected=false, class=android.view.ViewGroup, important-for-accessibility=false, error=}, children=[], clickable=false, enabled=true, focused=false, checked=false, selected=false), TreeNode(attributes={text=Hayır, accessibilityText=, hintText=, ignoreBoundsFiltering=false, resource-id=, clickable=false, bounds=[76,327][116,347], enabled=true, focused=false, checked=false, scrollable=false, selected=false, class=android.widget.TextView, important-for-accessibility=true, error=}, children=[], clickable=false, enabled=true, focused=false, checked=false, selected=false)], clickable=true, enabled=true, focused=false, checked=false, selected=false), bounds=Bounds(x=37, y=313, width=118, height=48))
10:28:51.011 [ INFO] maestro.Maestro.tap-HgV9Ck0: Tap aimed via settled hierarchy
10:28:51.012 [ INFO] maestro.Maestro.hierarchyBasedTap-ogj28Uc: Tapping at (96, 337) using hierarchy based logic for wait
10:28:51.975 [ INFO] maestro.Maestro.hierarchyBasedTap-ogj28Uc: Something has changed in the UI judging by view hierarchy. Proceed.
10:28:51.975 [ INFO] maestro.cli.runner.CliConsoleListener.onCommandFinished: Tap on id: reveal-no COMPLETED
10:28:51.975 [ INFO] maestro.cli.runner.CliConsoleListener.onCommandStart: Assert that "Güzel oyundu.*" is visible RUNNING
10:28:52.080 [ INFO] maestro.cli.runner.CliConsoleListener.onCommandFinished: Assert that "Güzel oyundu.*" is visible COMPLETED
10:28:52.080 [ INFO] maestro.cli.runner.CliConsoleListener.onCommandStart: Run ../scripts/bot.js RUNNING
10:28:52.147 [ INFO] maestro.cli.runner.CliConsoleListener.onCommandFinished: Run ../scripts/bot.js COMPLETED
10:28:52.147 [ INFO] maestro.cli.runner.CliConsoleListener.onCommandStart: Tap on "Mekana dön" RUNNING
10:28:52.219 [ INFO] maestro.Maestro.tap-HgV9Ck0: Tapping on element:  UiElement(treeNode=TreeNode(attributes={text=Mekana dön, accessibilityText=, hintText=, ignoreBoundsFiltering=false, resource-id=, clickable=false, bounds=[115,229][206,249], enabled=true, focused=false, checked=false, scrollable=false, selected=false, class=android.widget.TextView, important-for-accessibility=true, error=}, children=[], clickable=false, enabled=true, focused=false, checked=false, selected=false), bounds=Bounds(x=115, y=229, width=91, height=20))
10:28:53.455 [ INFO] maestro.Maestro.tap-HgV9Ck0: Tap aimed via settled hierarchy
10:28:53.455 [ INFO] maestro.Maestro.hierarchyBasedTap-ogj28Uc: Tapping at (160, 239) using hierarchy based logic for wait
10:28:54.693 [ INFO] maestro.Maestro.hierarchyBasedTap-ogj28Uc: Something has changed in the UI judging by view hierarchy. Proceed.
10:28:54.693 [ INFO] maestro.cli.runner.CliConsoleListener.onCommandFinished: Tap on "Mekana dön" COMPLETED
10:28:54.693 [ INFO] maestro.cli.runner.CliConsoleListener.onCommandStart: Assert that "Oda kur" is visible RUNNING
10:28:54.843 [ INFO] maestro.cli.runner.CliConsoleListener.onCommandFinished: Assert that "Oda kur" is visible COMPLETED
10:28:54.843 [ INFO] maestro.cli.runner.CliConsoleListener.onCommandFinished: Run flows/06b-tabu-coop.yaml COMPLETED
10:28:54.843 [ INFO] maestro.cli.runner.CliConsoleListener.onCommandStart: Run flows/09-sahtekar.yaml RUNNING
10:28:54.844 [ INFO] maestro.cli.runner.CliConsoleListener.onCommandStart: Apply configuration RUNNING
10:28:54.844 [ INFO] maestro.cli.runner.CliConsoleListener.onCommandFinished: Apply configuration COMPLETED
10:28:54.844 [ INFO] maestro.cli.runner.CliConsoleListener.onCommandStart: Run ../scripts/bot.js RUNNING
10:28:54.921 [ INFO] maestro.cli.runner.CliConsoleListener.onCommandFinished: Run ../scripts/bot.js COMPLETED
10:28:54.921 [ INFO] maestro.cli.runner.CliConsoleListener.onCommandStart: Run ../scripts/bot.js RUNNING
10:28:55.011 [ INFO] maestro.cli.runner.CliConsoleListener.onCommandFinished: Run ../scripts/bot.js COMPLETED
10:28:55.011 [ INFO] maestro.cli.runner.CliConsoleListener.onCommandStart: Tap on id: tab-venue RUNNING
10:28:55.113 [ INFO] maestro.Maestro.tap-HgV9Ck0: Tapping on element:  UiElement(treeNode=TreeNode(attributes={text=, accessibilityText=Mekan, hintText=, ignoreBoundsFiltering=false, resource-id=tab-venue, clickable=true, bounds=[133,568][187,632], enabled=true, focused=false, checked=false, scrollable=false, selected=true, class=android.view.View, important-for-accessibility=true, error=}, children=[TreeNode(attributes={text=, accessibilityText=, hintText=, ignoreBoundsFiltering=false, resource-id=, clickable=false, bounds=[140,572][180,612], enabled=true, focused=false, checked=false, scrollable=false, selected=false, class=android.view.ViewGroup, important-for-accessibility=false, error=}, children=[], clickable=false, enabled=true, focused=false, checked=false, selected=false), TreeNode(attributes={text=, accessibilityText=, hintText=, ignoreBoundsFiltering=false, resource-id=, clickable=false, bounds=[148,580][172,604], enabled=true, focused=false, checked=false, scrollable=false, selected=false, class=android.widget.ImageView, important-for-accessibility=false, error=}, children=[], clickable=false, enabled=true, focused=false, checked=false, selected=false), TreeNode(attributes={text=Mekan, accessibilityText=, hintText=, ignoreBoundsFiltering=false, resource-id=, clickable=false, bounds=[141,612][178,628], enabled=true, focused=false, checked=false, scrollable=false, selected=false, class=android.widget.TextView, important-for-accessibility=true, error=}, children=[], clickable=false, enabled=true, focused=false, checked=false, selected=false)], clickable=true, enabled=true, focused=false, checked=false, selected=true), bounds=Bounds(x=133, y=568, width=54, height=64))
10:28:56.415 [ INFO] maestro.Maestro.tap-HgV9Ck0: Tap aimed via settled hierarchy
10:28:56.416 [ INFO] maestro.Maestro.hierarchyBasedTap-ogj28Uc: Tapping at (160, 600) using hierarchy based logic for wait
10:28:56.774 [ INFO] maestro.cli.runner.CliConsoleListener.onCommandFinished: Tap on id: tab-venue COMPLETED
10:28:56.774 [ INFO] maestro.cli.runner.CliConsoleListener.onCommandStart: Assert that "Oda kur" is visible RUNNING
10:28:56.894 [ INFO] maestro.cli.runner.CliConsoleListener.onCommandFinished: Assert that "Oda kur" is visible COMPLETED
10:28:56.894 [ INFO] maestro.cli.runner.CliConsoleListener.onCommandStart: Tap on "Oda kur" RUNNING
10:28:57.019 [ INFO] maestro.Maestro.tap-HgV9Ck0: Tapping on element:  UiElement(treeNode=TreeNode(attributes={text=Oda kur, accessibilityText=, hintText=, ignoreBoundsFiltering=false, resource-id=, clickable=false, bounds=[57,427][117,447], enabled=true, focused=false, checked=false, scrollable=false, selected=false, class=android.widget.TextView, important-for-accessibility=true, error=}, children=[], clickable=false, enabled=true, focused=false, checked=false, selected=false), bounds=Bounds(x=57, y=427, width=60, height=20))
10:28:58.268 [ INFO] maestro.Maestro.tap-HgV9Ck0: Tap aimed via settled hierarchy
10:28:58.269 [ INFO] maestro.Maestro.hierarchyBasedTap-ogj28Uc: Tapping at (87, 437) using hierarchy based logic for wait
10:28:59.524 [ INFO] maestro.Maestro.hierarchyBasedTap-ogj28Uc: Something has changed in the UI judging by view hierarchy. Proceed.
10:28:59.524 [ INFO] maestro.cli.runner.CliConsoleListener.onCommandFinished: Tap on "Oda kur" COMPLETED
10:28:59.524 [ INFO] maestro.cli.runner.CliConsoleListener.onCommandStart: Assert that id: intent-none is visible RUNNING
10:28:59.597 [ INFO] maestro.cli.runner.CliConsoleListener.onCommandFinished: Assert that id: intent-none is visible COMPLETED
10:28:59.597 [ INFO] maestro.cli.runner.CliConsoleListener.onCommandStart: Scrolling DOWN until "Odayı kur" is visible with speed 40, visibility percentage 100%, timeout 10000 ms, with centering disabled RUNNING
10:28:59.715 [ INFO] maestro.orchestra.Orchestra.scrollUntilVisible: Scrolling try count: 0, DeviceWidth: 320, DeviceWidth: 640
10:28:59.715 [ INFO] maestro.orchestra.Orchestra.scrollUntilVisible: Element bounds: Bounds(x=120, y=565, width=81, height=22)
10:28:59.715 [ INFO] maestro.orchestra.Orchestra.scrollUntilVisible: Visibility Percent: 1.0
10:28:59.715 [ INFO] maestro.orchestra.Orchestra.scrollUntilVisible: Command centerElement: ScrollUntilVisibleCommand(selector=ElementSelector(textRegex=Odayı kur, idRegex=null, size=null, below=null, above=null, leftOf=null, rightOf=null, containsChild=null, containsDescendants=null, traits=null, index=null, enabled=null, optional=false, selected=null, checked=null, focused=null, childOf=null, css=null), direction=DOWN, scrollDuration=601, visibilityPercentage=100, timeout=10000, waitToSettleTimeoutMs=null, centerElement=false, originalSpeedValue=40, label=null, optional=false).centerElement
10:28:59.715 [ INFO] maestro.orchestra.Orchestra.scrollUntilVisible: visibilityPercentageNormalized: 1.0
10:28:59.715 [ INFO] maestro.cli.runner.CliConsoleListener.onCommandFinished: Scrolling DOWN until "Odayı kur" is visible with speed 40, visibility percentage 100%, timeout 10000 ms, with centering disabled COMPLETED
10:28:59.715 [ INFO] maestro.cli.runner.CliConsoleListener.onCommandStart: Tap on "Odayı kur" RUNNING
10:28:59.825 [ INFO] maestro.Maestro.tap-HgV9Ck0: Tapping on element:  UiElement(treeNode=TreeNode(attributes={text=Odayı kur, accessibilityText=, hintText=, ignoreBoundsFiltering=false, resource-id=, clickable=false, bounds=[120,565][201,587], enabled=true, focused=false, checked=false, scrollable=false, selected=false, class=android.widget.TextView, important-for-accessibility=true, error=}, children=[], clickable=false, enabled=true, focused=false, checked=false, selected=false), bounds=Bounds(x=120, y=565, width=81, height=22))
10:29:01.455 [ INFO] maestro.Maestro.tap-HgV9Ck0: Tap aimed via settled hierarchy
10:29:01.456 [ INFO] maestro.Maestro.hierarchyBasedTap-ogj28Uc: Tapping at (160, 576) using hierarchy based logic for wait
10:29:02.681 [ INFO] maestro.Maestro.hierarchyBasedTap-ogj28Uc: Something has changed in the UI judging by view hierarchy. Proceed.
10:29:02.681 [ INFO] maestro.cli.runner.CliConsoleListener.onCommandFinished: Tap on "Odayı kur" COMPLETED
10:29:02.682 [ INFO] maestro.cli.runner.CliConsoleListener.onCommandStart: Assert that id: solo-tabu is visible RUNNING
10:29:02.794 [ INFO] maestro.cli.runner.CliConsoleListener.onCommandFinished: Assert that id: solo-tabu is visible COMPLETED
10:29:02.794 [ INFO] maestro.cli.runner.CliConsoleListener.onCommandStart: Run ../scripts/bot.js RUNNING
10:29:18.029 [ INFO] maestro.cli.runner.CliConsoleListener.onCommandFinished: Run ../scripts/bot.js COMPLETED
10:29:18.029 [ INFO] maestro.cli.runner.CliConsoleListener.onCommandStart: Assert that "Katılma isteği" is visible RUNNING
10:29:18.740 [ INFO] maestro.cli.runner.CliConsoleListener.onCommandFinished: Assert that "Katılma isteği" is visible COMPLETED
10:29:18.740 [ INFO] maestro.cli.runner.CliConsoleListener.onCommandStart: Tap on id: join-accept RUNNING
10:29:20.007 [ INFO] maestro.Maestro.tap-HgV9Ck0: Tapping on element:  UiElement(treeNode=TreeNode(attributes={text=, accessibilityText=Kabul, hintText=, ignoreBoundsFiltering=false, resource-id=join-accept, clickable=true, bounds=[165,502][296,550], enabled=true, focused=false, checked=false, scrollable=false, selected=false, class=android.widget.Button, important-for-accessibility=true, error=}, children=[TreeNode(attributes={text=, accessibilityText=, hintText=, ignoreBoundsFiltering=false, resource-id=, clickable=false, bounds=[165,502][296,550], enabled=true, focused=false, checked=false, scrollable=false, selected=false, class=android.view.ViewGroup, important-for-accessibility=false, error=}, children=[], clickable=false, enabled=true, focused=false, checked=false, selected=false), TreeNode(attributes={text=Kabul, accessibilityText=, hintText=, ignoreBoundsFiltering=false, resource-id=, clickable=false, bounds=[209,516][253,536], enabled=true, focused=false, checked=false, scrollable=false, selected=false, class=android.widget.TextView, important-for-accessibility=true, error=}, children=[], clickable=false, enabled=true, focused=false, checked=false, selected=false)], clickable=true, enabled=true, focused=false, checked=false, selected=false), bounds=Bounds(x=165, y=502, width=131, height=48))
10:29:21.111 [ INFO] maestro.Maestro.tap-HgV9Ck0: Tap aimed via settled hierarchy
10:29:21.111 [ INFO] maestro.Maestro.hierarchyBasedTap-ogj28Uc: Tapping at (230, 526) using hierarchy based logic for wait
10:29:22.086 [ INFO] maestro.Maestro.hierarchyBasedTap-ogj28Uc: Something has changed in the UI judging by view hierarchy. Proceed.
10:29:22.086 [ INFO] maestro.cli.runner.CliConsoleListener.onCommandFinished: Tap on id: join-accept COMPLETED
10:29:22.086 [ INFO] maestro.cli.runner.CliConsoleListener.onCommandStart: Assert that id: propose-sahtekar is visible RUNNING
10:29:22.207 [ INFO] maestro.cli.runner.CliConsoleListener.onCommandFinished: Assert that id: propose-sahtekar is visible COMPLETED
10:29:22.207 [ INFO] maestro.cli.runner.CliConsoleListener.onCommandStart: Take screenshot 41-propose-sahtekar RUNNING
10:29:22.208 [ INFO] maestro.Maestro.takeScreenshot: Taking screenshot
10:29:22.208 [TRACE] maestro.utils.ScreenshotUtils.takeScreenshot: Taking screenshot to output sink
10:29:22.313 [ INFO] maestro.cli.runner.CliConsoleListener.onCommandFinished: Take screenshot 41-propose-sahtekar COMPLETED
10:29:22.313 [ INFO] maestro.cli.runner.CliConsoleListener.onCommandStart: Tap on id: propose-sahtekar RUNNING
10:29:22.433 [ INFO] maestro.Maestro.tap-HgV9Ck0: Tapping on element:  UiElement(treeNode=TreeNode(attributes={text=, accessibilityText=Sahtekar öner, hintText=, ignoreBoundsFiltering=false, resource-id=propose-sahtekar, clickable=true, bounds=[166,207][286,299], enabled=true, focused=false, checked=false, scrollable=false, selected=false, class=android.widget.Button, important-for-accessibility=true, error=}, children=[TreeNode(attributes={text=, accessibilityText=, hintText=, ignoreBoundsFiltering=false, resource-id=, clickable=false, bounds=[166,207][286,299], enabled=true, focused=false, checked=false, scrollable=false, selected=false, class=android.view.ViewGroup, important-for-accessibility=false, error=}, children=[TreeNode(attributes={text=Sahtekar, accessibilityText=, hintText=, ignoreBoundsFiltering=false, resource-id=, clickable=false, bounds=[178,219][274,238], enabled=true, focused=false, checked=false, scrollable=false, selected=false, class=android.widget.TextView, important-for-accessibility=true, error=}, children=[], clickable=false, enabled=true, focused=false, checked=false, selected=false), TreeNode(attributes={text=, accessibilityText=, hintText=, ignoreBoundsFiltering=false, resource-id=, clickable=false, bounds=[236,251][286,299], enabled=true, focused=false, checked=false, scrollable=false, selected=false, class=android.widget.ImageView, important-for-accessibility=false, error=}, children=[], clickable=false, enabled=true, focused=false, checked=false, selected=false)], clickable=false, enabled=true, focused=false, checked=false, selected=false)], clickable=true, enabled=true, focused=false, checked=false, selected=false), bounds=Bounds(x=166, y=207, width=120, height=92))
10:29:23.660 [ INFO] maestro.Maestro.tap-HgV9Ck0: Tap aimed via settled hierarchy
10:29:23.661 [ INFO] maestro.Maestro.hierarchyBasedTap-ogj28Uc: Tapping at (226, 253) using hierarchy based logic for wait
10:29:25.012 [ INFO] maestro.Maestro.hierarchyBasedTap-ogj28Uc: Something has changed in the UI judging by view hierarchy. Proceed.
10:29:25.012 [ INFO] maestro.cli.runner.CliConsoleListener.onCommandFinished: Tap on id: propose-sahtekar COMPLETED
10:29:25.012 [ INFO] maestro.cli.runner.CliConsoleListener.onCommandStart: Run ../scripts/bot.js RUNNING
10:29:25.089 [ INFO] maestro.cli.runner.CliConsoleListener.onCommandFinished: Run ../scripts/bot.js COMPLETED
10:29:25.089 [ INFO] maestro.cli.runner.CliConsoleListener.onCommandStart: Run ../scripts/bot.js RUNNING
10:29:25.119 [ INFO] maestro.cli.runner.CliConsoleListener.onCommandFinished: Run ../scripts/bot.js COMPLETED
10:29:25.120 [ INFO] maestro.cli.runner.CliConsoleListener.onCommandStart: Assert that id: sahtekar-pass is visible RUNNING
10:29:26.129 [ INFO] maestro.cli.runner.CliConsoleListener.onCommandFinished: Assert that id: sahtekar-pass is visible COMPLETED
10:29:26.130 [ INFO] maestro.cli.runner.CliConsoleListener.onCommandStart: Take screenshot 42-sahtekar-pass RUNNING
10:29:26.130 [ INFO] maestro.Maestro.takeScreenshot: Taking screenshot
10:29:26.130 [TRACE] maestro.utils.ScreenshotUtils.takeScreenshot: Taking screenshot to output sink
10:29:26.160 [ INFO] maestro.cli.runner.CliConsoleListener.onCommandFinished: Take screenshot 42-sahtekar-pass COMPLETED
10:29:26.160 [ INFO] maestro.cli.runner.CliConsoleListener.onCommandStart: Tap on id: sahtekar-ready RUNNING
10:29:27.392 [ INFO] maestro.Maestro.tap-HgV9Ck0: Tapping on element:  UiElement(treeNode=TreeNode(attributes={text=, accessibilityText=Ben A1'im, kartımı göster, hintText=, ignoreBoundsFiltering=false, resource-id=sahtekar-ready, clickable=true, bounds=[16,568][304,616], enabled=true, focused=false, checked=false, scrollable=false, selected=false, class=android.widget.Button, important-for-accessibility=true, error=}, children=[TreeNode(attributes={text=, accessibilityText=, hintText=, ignoreBoundsFiltering=false, resource-id=, clickable=false, bounds=[16,568][304,616], enabled=true, focused=false, checked=false, scrollable=false, selected=false, class=android.view.ViewGroup, important-for-accessibility=false, error=}, children=[], clickable=false, enabled=true, focused=false, checked=false, selected=false), TreeNode(attributes={text=Ben A1'im, kartımı göster, accessibilityText=, hintText=, ignoreBoundsFiltering=false, resource-id=, clickable=false, bounds=[65,582][255,602], enabled=true, focused=false, checked=false, scrollable=false, selected=false, class=android.widget.TextView, important-for-accessibility=true, error=}, children=[], clickable=false, enabled=true, focused=false, checked=false, selected=false)], clickable=true, enabled=true, focused=false, checked=false, selected=false), bounds=Bounds(x=16, y=568, width=288, height=48))
10:29:28.283 [ INFO] maestro.Maestro.tap-HgV9Ck0: Tap aimed via settled hierarchy
10:29:28.284 [ INFO] maestro.Maestro.hierarchyBasedTap-ogj28Uc: Tapping at (160, 592) using hierarchy based logic for wait
10:29:29.252 [ INFO] maestro.Maestro.hierarchyBasedTap-ogj28Uc: Something has changed in the UI judging by view hierarchy. Proceed.
10:29:29.252 [ INFO] maestro.cli.runner.CliConsoleListener.onCommandFinished: Tap on id: sahtekar-ready COMPLETED
10:29:29.252 [ INFO] maestro.cli.runner.CliConsoleListener.onCommandStart: Long press on id: sahtekar-hold RUNNING
10:29:29.360 [ INFO] maestro.Maestro.tap-HgV9Ck0: Tapping on element:  UiElement(treeNode=TreeNode(attributes={text=, accessibilityText=A1, kartını görmek için basılı tut, hintText=, ignoreBoundsFiltering=false, resource-id=sahtekar-hold, clickable=true, bounds=[16,136][304,496], enabled=true, focused=false, checked=false, scrollable=false, selected=false, class=android.widget.Button, important-for-accessibility=true, error=}, children=[TreeNode(attributes={text=, accessibilityText=, hintText=, ignoreBoundsFiltering=false, resource-id=, clickable=false, bounds=[16,136][304,496], enabled=true, focused=false, checked=false, scrollable=false, selected=false, class=android.view.ViewGroup, important-for-accessibility=false, error=}, children=[], clickable=false, enabled=true, focused=false, checked=false, selected=false), TreeNode(attributes={text=, accessibilityText=, hintText=, ignoreBoundsFiltering=false, resource-id=, clickable=false, bounds=[128,246][192,310], enabled=true, focused=false, checked=false, scrollable=false, selected=false, class=android.widget.ImageView, important-for-accessibility=false, error=}, children=[], clickable=false, enabled=true, focused=false, checked=false, selected=false), TreeNode(attributes={text=Basılı tut, accessibilityText=, hintText=, ignoreBoundsFiltering=false, resource-id=, clickable=false, bounds=[97,322][222,356], enabled=true, focused=false, checked=false, scrollable=false, selected=false, class=android.widget.TextView, important-for-accessibility=true, error=}, children=[], clickable=false, enabled=true, focused=false, checked=false, selected=false), TreeNode(attributes={text=Parmağını kaldırınca kart kapanır., accessibilityText=, hintText=, ignoreBoundsFiltering=false, resource-id=, clickable=false, bounds=[63,368][256,386], enabled=true, focused=false, checked=false, scrollable=false, selected=false, class=android.widget.TextView, important-for-accessibility=true, error=}, children=[], clickable=false, enabled=true, focused=false, checked=false, selected=false)], clickable=true, enabled=true, focused=false, checked=false, selected=false), bounds=Bounds(x=16, y=136, width=288, height=360))
10:29:30.412 [ INFO] maestro.Maestro.tap-HgV9Ck0: Tap aimed via settled hierarchy
10:29:30.412 [ INFO] maestro.Maestro.hierarchyBasedTap-ogj28Uc: Tapping at (160, 316) using hierarchy based logic for wait
10:29:34.404 [ INFO] maestro.Maestro.hierarchyBasedTap-ogj28Uc: Something has changed in the UI judging by view hierarchy. Proceed.
10:29:34.404 [ INFO] maestro.cli.runner.CliConsoleListener.onCommandFinished: Long press on id: sahtekar-hold COMPLETED
10:29:34.404 [ INFO] maestro.cli.runner.CliConsoleListener.onCommandStart: Tap on id: sahtekar-seen RUNNING
10:29:34.557 [ INFO] maestro.Maestro.tap-HgV9Ck0: Tapping on element:  UiElement(treeNode=TreeNode(attributes={text=, accessibilityText=Gördüm, telefonu ver, hintText=, ignoreBoundsFiltering=false, resource-id=sahtekar-seen, clickable=true, bounds=[16,508][304,556], enabled=true, focused=false, checked=false, scrollable=false, selected=false, class=android.widget.Button, important-for-accessibility=true, error=}, children=[TreeNode(attributes={text=, accessibilityText=, hintText=, ignoreBoundsFiltering=false, resource-id=, clickable=false, bounds=[16,508][304,556], enabled=true, focused=false, checked=false, scrollable=false, selected=false, class=android.view.ViewGroup, important-for-accessibility=false, error=}, children=[], clickable=false, enabled=true, focused=false, checked=false, selected=false), TreeNode(attributes={text=Gördüm, telefonu ver, accessibilityText=, hintText=, ignoreBoundsFiltering=false, resource-id=, clickable=false, bounds=[81,522][239,542], enabled=true, focused=false, checked=false, scrollable=false, selected=false, class=android.widget.TextView, important-for-accessibility=true, error=}, children=[], clickable=false, enabled=true, focused=false, checked=false, selected=false)], clickable=true, enabled=true, focused=false, checked=false, selected=false), bounds=Bounds(x=16, y=508, width=288, height=48))
10:29:36.259 [ INFO] maestro.Maestro.tap-HgV9Ck0: Tap aimed via settled hierarchy
10:29:36.260 [ INFO] maestro.Maestro.hierarchyBasedTap-ogj28Uc: Tapping at (160, 532) using hierarchy based logic for wait
10:29:37.056 [ INFO] maestro.Maestro.hierarchyBasedTap-ogj28Uc: Something has changed in the UI judging by view hierarchy. Proceed.
10:29:37.057 [ INFO] maestro.cli.runner.CliConsoleListener.onCommandFinished: Tap on id: sahtekar-seen COMPLETED
10:29:37.057 [ INFO] maestro.cli.runner.CliConsoleListener.onCommandStart: Assert that id: sahtekar-pass is visible RUNNING
10:29:37.168 [ INFO] maestro.cli.runner.CliConsoleListener.onCommandFinished: Assert that id: sahtekar-pass is visible COMPLETED
10:29:37.169 [ INFO] maestro.cli.runner.CliConsoleListener.onCommandStart: Tap on id: sahtekar-ready RUNNING
10:29:37.281 [ INFO] maestro.Maestro.tap-HgV9Ck0: Tapping on element:  UiElement(treeNode=TreeNode(attributes={text=, accessibilityText=Ben A2'yim, kartımı göster, hintText=, ignoreBoundsFiltering=false, resource-id=sahtekar-ready, clickable=true, bounds=[16,568][304,616], enabled=true, focused=false, checked=false, scrollable=false, selected=false, class=android.widget.Button, important-for-accessibility=true, error=}, children=[TreeNode(attributes={text=, accessibilityText=, hintText=, ignoreBoundsFiltering=false, resource-id=, clickable=false, bounds=[16,568][304,616], enabled=true, focused=false, checked=false, scrollable=false, selected=false, class=android.view.ViewGroup, important-for-accessibility=false, error=}, children=[], clickable=false, enabled=true, focused=false, checked=false, selected=false), TreeNode(attributes={text=Ben A2'yim, kartımı göster, accessibilityText=, hintText=, ignoreBoundsFiltering=false, resource-id=, clickable=false, bounds=[61,582][259,602], enabled=true, focused=false, checked=false, scrollable=false, selected=false, class=android.widget.TextView, important-for-accessibility=true, error=}, children=[], clickable=false, enabled=true, focused=false, checked=false, selected=false)], clickable=true, enabled=true, focused=false, checked=false, selected=false), bounds=Bounds(x=16, y=568, width=288, height=48))
10:29:38.380 [ INFO] maestro.Maestro.tap-HgV9Ck0: Tap aimed via settled hierarchy
10:29:38.381 [ INFO] maestro.Maestro.hierarchyBasedTap-ogj28Uc: Tapping at (160, 592) using hierarchy based logic for wait
10:29:39.304 [ INFO] maestro.Maestro.hierarchyBasedTap-ogj28Uc: Something has changed in the UI judging by view hierarchy. Proceed.
10:29:39.304 [ INFO] maestro.cli.runner.CliConsoleListener.onCommandFinished: Tap on id: sahtekar-ready COMPLETED
10:29:39.304 [ INFO] maestro.cli.runner.CliConsoleListener.onCommandStart: Long press on id: sahtekar-hold RUNNING
10:29:40.004 [ INFO] maestro.Maestro.tap-HgV9Ck0: Tapping on element:  UiElement(treeNode=TreeNode(attributes={text=, accessibilityText=A2, kartını görmek için basılı tut, hintText=, ignoreBoundsFiltering=false, resource-id=sahtekar-hold, clickable=true, bounds=[16,136][304,496], enabled=true, focused=false, checked=false, scrollable=false, selected=false, class=android.widget.Button, important-for-accessibility=true, error=}, children=[TreeNode(attributes={text=, accessibilityText=, hintText=, ignoreBoundsFiltering=false, resource-id=, clickable=false, bounds=[16,136][304,496], enabled=true, focused=false, checked=false, scrollable=false, selected=false, class=android.view.ViewGroup, important-for-accessibility=false, error=}, children=[], clickable=false, enabled=true, focused=false, checked=false, selected=false), TreeNode(attributes={text=, accessibilityText=, hintText=, ignoreBoundsFiltering=false, resource-id=, clickable=false, bounds=[128,246][192,310], enabled=true, focused=false, checked=false, scrollable=false, selected=false, class=android.widget.ImageView, important-for-accessibility=false, error=}, children=[], clickable=false, enabled=true, focused=false, checked=false, selected=false), TreeNode(attributes={text=Basılı tut, accessibilityText=, hintText=, ignoreBoundsFiltering=false, resource-id=, clickable=false, bounds=[97,322][222,356], enabled=true, focused=false, checked=false, scrollable=false, selected=false, class=android.widget.TextView, important-for-accessibility=true, error=}, children=[], clickable=false, enabled=true, focused=false, checked=false, selected=false), TreeNode(attributes={text=Parmağını kaldırınca kart kapanır., accessibilityText=, hintText=, ignoreBoundsFiltering=false, resource-id=, clickable=false, bounds=[63,368][256,386], enabled=true, focused=false, checked=false, scrollable=false, selected=false, class=android.widget.TextView, important-for-accessibility=true, error=}, children=[], clickable=false, enabled=true, focused=false, checked=false, selected=false)], clickable=true, enabled=true, focused=false, checked=false, selected=false), bounds=Bounds(x=16, y=136, width=288, height=360))
10:29:41.336 [ INFO] maestro.Maestro.tap-HgV9Ck0: Tap aimed via settled hierarchy
10:29:41.336 [ INFO] maestro.Maestro.hierarchyBasedTap-ogj28Uc: Tapping at (160, 316) using hierarchy based logic for wait
10:29:45.316 [ INFO] maestro.Maestro.hierarchyBasedTap-ogj28Uc: Something has changed in the UI judging by view hierarchy. Proceed.
10:29:45.316 [ INFO] maestro.cli.runner.CliConsoleListener.onCommandFinished: Long press on id: sahtekar-hold COMPLETED
10:29:45.316 [ INFO] maestro.cli.runner.CliConsoleListener.onCommandStart: Tap on id: sahtekar-seen RUNNING
10:29:45.420 [ INFO] maestro.Maestro.tap-HgV9Ck0: Tapping on element:  UiElement(treeNode=TreeNode(attributes={text=, accessibilityText=Gördüm, telefonu ver, hintText=, ignoreBoundsFiltering=false, resource-id=sahtekar-seen, clickable=true, bounds=[16,488][304,536], enabled=true, focused=false, checked=false, scrollable=false, selected=false, class=android.widget.Button, important-for-accessibility=true, error=}, children=[TreeNode(attributes={text=, accessibilityText=, hintText=, ignoreBoundsFiltering=false, resource-id=, clickable=false, bounds=[16,488][304,536], enabled=true, focused=false, checked=false, scrollable=false, selected=false, class=android.view.ViewGroup, important-for-accessibility=false, error=}, children=[], clickable=false, enabled=true, focused=false, checked=false, selected=false), TreeNode(attributes={text=Gördüm, telefonu ver, accessibilityText=, hintText=, ignoreBoundsFiltering=false, resource-id=, clickable=false, bounds=[81,502][239,522], enabled=true, focused=false, checked=false, scrollable=false, selected=false, class=android.widget.TextView, important-for-accessibility=true, error=}, children=[], clickable=false, enabled=true, focused=false, checked=false, selected=false)], clickable=true, enabled=true, focused=false, checked=false, selected=false), bounds=Bounds(x=16, y=488, width=288, height=48))
10:29:46.609 [ INFO] maestro.Maestro.tap-HgV9Ck0: Tap aimed via settled hierarchy
10:29:46.610 [ INFO] maestro.Maestro.hierarchyBasedTap-ogj28Uc: Tapping at (160, 512) using hierarchy based logic for wait
10:29:47.552 [ INFO] maestro.Maestro.hierarchyBasedTap-ogj28Uc: Something has changed in the UI judging by view hierarchy. Proceed.
10:29:47.552 [ INFO] maestro.cli.runner.CliConsoleListener.onCommandFinished: Tap on id: sahtekar-seen COMPLETED
10:29:47.552 [ INFO] maestro.cli.runner.CliConsoleListener.onCommandStart: Assert that id: sahtekar-clues is visible RUNNING
10:29:47.673 [ INFO] maestro.cli.runner.CliConsoleListener.onCommandFinished: Assert that id: sahtekar-clues is visible COMPLETED
10:29:47.673 [ INFO] maestro.cli.runner.CliConsoleListener.onCommandStart: Take screenshot 43-sahtekar-clues RUNNING
10:29:47.673 [ INFO] maestro.Maestro.takeScreenshot: Taking screenshot
10:29:47.674 [TRACE] maestro.utils.ScreenshotUtils.takeScreenshot: Taking screenshot to output sink
10:29:47.744 [ INFO] maestro.cli.runner.CliConsoleListener.onCommandFinished: Take screenshot 43-sahtekar-clues COMPLETED
10:29:47.744 [ INFO] maestro.cli.runner.CliConsoleListener.onCommandStart: Repeat while id: sahtekar-vote-submit is not visible RUNNING
10:29:48.612 [ INFO] maestro.cli.runner.CliConsoleListener.onCommandStart: Run flow when id: sahtekar-said is visible RUNNING
10:29:48.729 [ INFO] maestro.cli.runner.CliConsoleListener.onCommandStart: Tap on id: sahtekar-said RUNNING
10:29:49.629 [ INFO] maestro.Maestro.tap-HgV9Ck0: Tapping on element:  UiElement(treeNode=TreeNode(attributes={text=, accessibilityText=Söyledi, hintText=, ignoreBoundsFiltering=false, resource-id=sahtekar-said, clickable=true, bounds=[16,614][304,640], enabled=true, focused=false, checked=false, scrollable=false, selected=false, class=android.widget.Button, important-for-accessibility=true, error=}, children=[TreeNode(attributes={text=, accessibilityText=, hintText=, ignoreBoundsFiltering=false, resource-id=, clickable=false, bounds=[16,614][304,640], enabled=true, focused=false, checked=false, scrollable=false, selected=false, class=android.view.ViewGroup, important-for-accessibility=false, error=}, children=[], clickable=false, enabled=true, focused=false, checked=false, selected=false), TreeNode(attributes={text=Söyledi, accessibilityText=, hintText=, ignoreBoundsFiltering=false, resource-id=, clickable=false, bounds=[133,628][188,640], enabled=true, focused=false, checked=false, scrollable=false, selected=false, class=android.widget.TextView, important-for-accessibility=true, error=}, children=[], clickable=false, enabled=true, focused=false, checked=false, selected=false)], clickable=true, enabled=true, focused=false, checked=false, selected=false), bounds=Bounds(x=16, y=614, width=288, height=26))
10:29:50.692 [ INFO] maestro.Maestro.tap-HgV9Ck0: Tap aimed via settled hierarchy
10:29:50.693 [ INFO] maestro.Maestro.hierarchyBasedTap-ogj28Uc: Tapping at (160, 627) using hierarchy based logic for wait
10:29:52.136 [ INFO] maestro.Maestro.hierarchyBasedTap-ogj28Uc: Something has changed in the UI judging by view hierarchy. Proceed.
10:29:52.136 [ INFO] maestro.cli.runner.CliConsoleListener.onCommandFinished: Tap on id: sahtekar-said COMPLETED
10:29:52.136 [ INFO] maestro.cli.runner.CliConsoleListener.onCommandFinished: Run flow when id: sahtekar-said is visible COMPLETED
10:29:52.136 [ INFO] maestro.cli.runner.CliConsoleListener.onCommandStart: Run flow when id: sahtekar-pass is visible RUNNING
10:29:59.300 [ INFO] maestro.orchestra.Orchestra.executeSubflowCommands: [Command execution subflow] CommandSkipped: null
10:29:59.300 [ INFO] maestro.cli.runner.CliConsoleListener.onCommandFinished: Run flow when id: sahtekar-pass is visible SKIPPED
10:29:59.301 [ INFO] maestro.cli.runner.CliConsoleListener.onCommandStart: Wait for animation to end within 1500 ms RUNNING
10:29:59.303 [ INFO] maestro.Maestro.waitForAnimationToEnd$lambda$53: Waiting for animation to end with timeout 1500
10:29:59.304 [TRACE] maestro.utils.ScreenshotUtils.takeScreenshot: Taking screenshot to byte array
10:29:59.304 [TRACE] maestro.utils.ScreenshotUtils.takeScreenshot: Taking screenshot to output sink
10:29:59.833 [TRACE] maestro.utils.ScreenshotUtils.takeScreenshot: Taking screenshot to byte array
10:29:59.833 [TRACE] maestro.utils.ScreenshotUtils.takeScreenshot: Taking screenshot to output sink
10:30:00.318 [TRACE] maestro.utils.ScreenshotUtils.takeScreenshot: Taking screenshot to byte array
10:30:00.319 [TRACE] maestro.utils.ScreenshotUtils.takeScreenshot: Taking screenshot to output sink
10:30:00.353 [TRACE] maestro.utils.ScreenshotUtils.takeScreenshot: Taking screenshot to byte array
10:30:00.353 [TRACE] maestro.utils.ScreenshotUtils.takeScreenshot: Taking screenshot to output sink
10:30:00.487 [ INFO] maestro.cli.runner.CliConsoleListener.onCommandFinished: Wait for animation to end within 1500 ms COMPLETED
10:30:01.173 [ INFO] maestro.cli.runner.CliConsoleListener.onCommandReset: Run flow when id: sahtekar-said is visible PENDING
10:30:01.173 [ INFO] maestro.cli.runner.CliConsoleListener.onCommandReset: Tap on id: sahtekar-said PENDING
10:30:01.173 [ INFO] maestro.cli.runner.CliConsoleListener.onCommandReset: Run flow when id: sahtekar-pass is visible PENDING
10:30:01.173 [ INFO] maestro.cli.runner.CliConsoleListener.onCommandReset: Tap on id: sahtekar-ready PENDING
10:30:01.173 [ INFO] maestro.cli.runner.CliConsoleListener.onCommandReset: Wait for animation to end within 1500 ms PENDING
10:30:01.173 [ INFO] maestro.cli.runner.CliConsoleListener.onCommandStart: Run flow when id: sahtekar-said is visible RUNNING
10:30:01.285 [ INFO] maestro.cli.runner.CliConsoleListener.onCommandStart: Tap on id: sahtekar-said RUNNING
10:30:01.400 [ INFO] maestro.Maestro.tap-HgV9Ck0: Tapping on element:  UiElement(treeNode=TreeNode(attributes={text=, accessibilityText=Söyledi, hintText=, ignoreBoundsFiltering=false, resource-id=sahtekar-said, clickable=true, bounds=[16,614][304,640], enabled=true, focused=false, checked=false, scrollable=false, selected=false, class=android.widget.Button, important-for-accessibility=true, error=}, children=[TreeNode(attributes={text=, accessibilityText=, hintText=, ignoreBoundsFiltering=false, resource-id=, clickable=false, bounds=[16,614][304,640], enabled=true, focused=false, checked=false, scrollable=false, selected=false, class=android.view.ViewGroup, important-for-accessibility=false, error=}, children=[], clickable=false, enabled=true, focused=false, checked=false, selected=false), TreeNode(attributes={text=Söyledi, accessibilityText=, hintText=, ignoreBoundsFiltering=false, resource-id=, clickable=false, bounds=[133,628][188,640], enabled=true, focused=false, checked=false, scrollable=false, selected=false, class=android.widget.TextView, important-for-accessibility=true, error=}, children=[], clickable=false, enabled=true, focused=false, checked=false, selected=false)], clickable=true, enabled=true, focused=false, checked=false, selected=false), bounds=Bounds(x=16, y=614, width=288, height=26))
10:30:02.424 [ INFO] maestro.Maestro.tap-HgV9Ck0: Tap aimed via settled hierarchy
10:30:02.425 [ INFO] maestro.Maestro.hierarchyBasedTap-ogj28Uc: Tapping at (160, 627) using hierarchy based logic for wait
10:30:03.760 [ INFO] maestro.Maestro.hierarchyBasedTap-ogj28Uc: Something has changed in the UI judging by view hierarchy. Proceed.
10:30:03.760 [ INFO] maestro.cli.runner.CliConsoleListener.onCommandFinished: Tap on id: sahtekar-said COMPLETED
10:30:03.760 [ INFO] maestro.cli.runner.CliConsoleListener.onCommandFinished: Run flow when id: sahtekar-said is visible COMPLETED
10:30:03.760 [ INFO] maestro.cli.runner.CliConsoleListener.onCommandStart: Run flow when id: sahtekar-pass is visible RUNNING
10:30:10.904 [ INFO] maestro.orchestra.Orchestra.executeSubflowCommands: [Command execution subflow] CommandSkipped: null
10:30:10.904 [ INFO] maestro.cli.runner.CliConsoleListener.onCommandFinished: Run flow when id: sahtekar-pass is visible SKIPPED
10:30:10.904 [ INFO] maestro.cli.runner.CliConsoleListener.onCommandStart: Wait for animation to end within 1500 ms RUNNING
10:30:10.905 [ INFO] maestro.Maestro.waitForAnimationToEnd$lambda$53: Waiting for animation to end with timeout 1500
10:30:10.905 [TRACE] maestro.utils.ScreenshotUtils.takeScreenshot: Taking screenshot to byte array
10:30:10.905 [TRACE] maestro.utils.ScreenshotUtils.takeScreenshot: Taking screenshot to output sink
10:30:10.935 [TRACE] maestro.utils.ScreenshotUtils.takeScreenshot: Taking screenshot to byte array
10:30:10.935 [TRACE] maestro.utils.ScreenshotUtils.takeScreenshot: Taking screenshot to output sink
10:30:11.014 [ INFO] maestro.cli.runner.CliConsoleListener.onCommandFinished: Wait for animation to end within 1500 ms COMPLETED
10:30:11.836 [ INFO] maestro.cli.runner.CliConsoleListener.onCommandReset: Run flow when id: sahtekar-said is visible PENDING
10:30:11.837 [ INFO] maestro.cli.runner.CliConsoleListener.onCommandReset: Tap on id: sahtekar-said PENDING
10:30:11.837 [ INFO] maestro.cli.runner.CliConsoleListener.onCommandReset: Run flow when id: sahtekar-pass is visible PENDING
10:30:11.837 [ INFO] maestro.cli.runner.CliConsoleListener.onCommandReset: Tap on id: sahtekar-ready PENDING
10:30:11.837 [ INFO] maestro.cli.runner.CliConsoleListener.onCommandReset: Wait for animation to end within 1500 ms PENDING
10:30:11.837 [ INFO] maestro.cli.runner.CliConsoleListener.onCommandStart: Run flow when id: sahtekar-said is visible RUNNING
10:30:11.949 [ INFO] maestro.cli.runner.CliConsoleListener.onCommandStart: Tap on id: sahtekar-said RUNNING
10:30:12.069 [ INFO] maestro.Maestro.tap-HgV9Ck0: Tapping on element:  UiElement(treeNode=TreeNode(attributes={text=, accessibilityText=Söyledi, hintText=, ignoreBoundsFiltering=false, resource-id=sahtekar-said, clickable=true, bounds=[16,614][304,640], enabled=true, focused=false, checked=false, scrollable=false, selected=false, class=android.widget.Button, important-for-accessibility=true, error=}, children=[TreeNode(attributes={text=, accessibilityText=, hintText=, ignoreBoundsFiltering=false, resource-id=, clickable=false, bounds=[16,614][304,640], enabled=true, focused=false, checked=false, scrollable=false, selected=false, class=android.view.ViewGroup, important-for-accessibility=false, error=}, children=[], clickable=false, enabled=true, focused=false, checked=false, selected=false), TreeNode(attributes={text=Söyledi, accessibilityText=, hintText=, ignoreBoundsFiltering=false, resource-id=, clickable=false, bounds=[133,628][188,640], enabled=true, focused=false, checked=false, scrollable=false, selected=false, class=android.widget.TextView, important-for-accessibility=true, error=}, children=[], clickable=false, enabled=true, focused=false, checked=false, selected=false)], clickable=true, enabled=true, focused=false, checked=false, selected=false), bounds=Bounds(x=16, y=614, width=288, height=26))
10:30:13.914 [ INFO] maestro.Maestro.tap-HgV9Ck0: Tap aimed via settled hierarchy
10:30:13.914 [ INFO] maestro.Maestro.hierarchyBasedTap-ogj28Uc: Tapping at (160, 627) using hierarchy based logic for wait
10:30:15.281 [ INFO] maestro.Maestro.hierarchyBasedTap-ogj28Uc: Something has changed in the UI judging by view hierarchy. Proceed.
10:30:15.281 [ INFO] maestro.cli.runner.CliConsoleListener.onCommandFinished: Tap on id: sahtekar-said COMPLETED
10:30:15.281 [ INFO] maestro.cli.runner.CliConsoleListener.onCommandFinished: Run flow when id: sahtekar-said is visible COMPLETED
10:30:15.281 [ INFO] maestro.cli.runner.CliConsoleListener.onCommandStart: Run flow when id: sahtekar-pass is visible RUNNING
10:30:22.504 [ INFO] maestro.orchestra.Orchestra.executeSubflowCommands: [Command execution subflow] CommandSkipped: null
10:30:22.504 [ INFO] maestro.cli.runner.CliConsoleListener.onCommandFinished: Run flow when id: sahtekar-pass is visible SKIPPED
10:30:22.504 [ INFO] maestro.cli.runner.CliConsoleListener.onCommandStart: Wait for animation to end within 1500 ms RUNNING
10:30:22.505 [ INFO] maestro.Maestro.waitForAnimationToEnd$lambda$53: Waiting for animation to end with timeout 1500
10:30:22.505 [TRACE] maestro.utils.ScreenshotUtils.takeScreenshot: Taking screenshot to byte array
10:30:22.505 [TRACE] maestro.utils.ScreenshotUtils.takeScreenshot: Taking screenshot to output sink
10:30:22.572 [TRACE] maestro.utils.ScreenshotUtils.takeScreenshot: Taking screenshot to byte array
10:30:22.572 [TRACE] maestro.utils.ScreenshotUtils.takeScreenshot: Taking screenshot to output sink
10:30:22.685 [TRACE] maestro.utils.ScreenshotUtils.takeScreenshot: Taking screenshot to byte array
10:30:22.686 [TRACE] maestro.utils.ScreenshotUtils.takeScreenshot: Taking screenshot to output sink
10:30:22.717 [TRACE] maestro.utils.ScreenshotUtils.takeScreenshot: Taking screenshot to byte array
10:30:22.718 [TRACE] maestro.utils.ScreenshotUtils.takeScreenshot: Taking screenshot to output sink
10:30:22.804 [ INFO] maestro.cli.runner.CliConsoleListener.onCommandFinished: Wait for animation to end within 1500 ms COMPLETED
10:30:23.524 [ INFO] maestro.cli.runner.CliConsoleListener.onCommandReset: Run flow when id: sahtekar-said is visible PENDING
10:30:23.524 [ INFO] maestro.cli.runner.CliConsoleListener.onCommandReset: Tap on id: sahtekar-said PENDING
10:30:23.524 [ INFO] maestro.cli.runner.CliConsoleListener.onCommandReset: Run flow when id: sahtekar-pass is visible PENDING
10:30:23.524 [ INFO] maestro.cli.runner.CliConsoleListener.onCommandReset: Tap on id: sahtekar-ready PENDING
10:30:23.524 [ INFO] maestro.cli.runner.CliConsoleListener.onCommandReset: Wait for animation to end within 1500 ms PENDING
10:30:23.524 [ INFO] maestro.cli.runner.CliConsoleListener.onCommandStart: Run flow when id: sahtekar-said is visible RUNNING
10:30:23.641 [ INFO] maestro.cli.runner.CliConsoleListener.onCommandStart: Tap on id: sahtekar-said RUNNING
10:30:24.317 [ INFO] maestro.Maestro.tap-HgV9Ck0: Tapping on element:  UiElement(treeNode=TreeNode(attributes={text=, accessibilityText=Söyledi, hintText=, ignoreBoundsFiltering=false, resource-id=sahtekar-said, clickable=true, bounds=[16,614][304,640], enabled=true, focused=false, checked=false, scrollable=false, selected=false, class=android.widget.Button, important-for-accessibility=true, error=}, children=[TreeNode(attributes={text=, accessibilityText=, hintText=, ignoreBoundsFiltering=false, resource-id=, clickable=false, bounds=[16,614][304,640], enabled=true, focused=false, checked=false, scrollable=false, selected=false, class=android.view.ViewGroup, important-for-accessibility=false, error=}, children=[], clickable=false, enabled=true, focused=false, checked=false, selected=false), TreeNode(attributes={text=Söyledi, accessibilityText=, hintText=, ignoreBoundsFiltering=false, resource-id=, clickable=false, bounds=[133,628][188,640], enabled=true, focused=false, checked=false, scrollable=false, selected=false, class=android.widget.TextView, important-for-accessibility=true, error=}, children=[], clickable=false, enabled=true, focused=false, checked=false, selected=false)], clickable=true, enabled=true, focused=false, checked=false, selected=false), bounds=Bounds(x=16, y=614, width=288, height=26))
10:30:25.645 [ INFO] maestro.Maestro.tap-HgV9Ck0: Tap aimed via settled hierarchy
10:30:25.645 [ INFO] maestro.Maestro.hierarchyBasedTap-ogj28Uc: Tapping at (160, 627) using hierarchy based logic for wait
10:30:26.948 [ INFO] maestro.Maestro.hierarchyBasedTap-ogj28Uc: Something has changed in the UI judging by view hierarchy. Proceed.
10:30:26.948 [ INFO] maestro.cli.runner.CliConsoleListener.onCommandFinished: Tap on id: sahtekar-said COMPLETED
10:30:26.948 [ INFO] maestro.cli.runner.CliConsoleListener.onCommandFinished: Run flow when id: sahtekar-said is visible COMPLETED
10:30:26.948 [ INFO] maestro.cli.runner.CliConsoleListener.onCommandStart: Run flow when id: sahtekar-pass is visible RUNNING
10:30:27.021 [ INFO] maestro.cli.runner.CliConsoleListener.onCommandStart: Tap on id: sahtekar-ready RUNNING
10:30:27.130 [ INFO] maestro.Maestro.tap-HgV9Ck0: Tapping on element:  UiElement(treeNode=TreeNode(attributes={text=, accessibilityText=Ben A1'im, kartımı göster, hintText=, ignoreBoundsFiltering=false, resource-id=sahtekar-ready, clickable=true, bounds=[16,356][304,404], enabled=true, focused=false, checked=false, scrollable=false, selected=false, class=android.widget.Button, important-for-accessibility=true, error=}, children=[TreeNode(attributes={text=, accessibilityText=, hintText=, ignoreBoundsFiltering=false, resource-id=, clickable=false, bounds=[16,356][304,404], enabled=true, focused=false, checked=false, scrollable=false, selected=false, class=android.view.ViewGroup, important-for-accessibility=false, error=}, children=[], clickable=false, enabled=true, focused=false, checked=false, selected=false), TreeNode(attributes={text=Ben A1'im, kartımı göster, accessibilityText=, hintText=, ignoreBoundsFiltering=false, resource-id=, clickable=false, bounds=[65,370][255,390], enabled=true, focused=false, checked=false, scrollable=false, selected=false, class=android.widget.TextView, important-for-accessibility=true, error=}, children=[], clickable=false, enabled=true, focused=false, checked=false, selected=false)], clickable=true, enabled=true, focused=false, checked=false, selected=false), bounds=Bounds(x=16, y=356, width=288, height=48))
10:30:29.100 [ INFO] maestro.Maestro.tap-HgV9Ck0: Tap aimed via settled hierarchy
10:30:29.101 [ INFO] maestro.Maestro.hierarchyBasedTap-ogj28Uc: Tapping at (160, 380) using hierarchy based logic for wait
10:30:29.952 [ INFO] maestro.Maestro.hierarchyBasedTap-ogj28Uc: Something has changed in the UI judging by view hierarchy. Proceed.
10:30:29.952 [ INFO] maestro.cli.runner.CliConsoleListener.onCommandFinished: Tap on id: sahtekar-ready COMPLETED
10:30:29.953 [ INFO] maestro.cli.runner.CliConsoleListener.onCommandFinished: Run flow when id: sahtekar-pass is visible COMPLETED
10:30:29.953 [ INFO] maestro.cli.runner.CliConsoleListener.onCommandStart: Wait for animation to end within 1500 ms RUNNING
10:30:29.953 [ INFO] maestro.Maestro.waitForAnimationToEnd$lambda$53: Waiting for animation to end with timeout 1500
10:30:29.953 [TRACE] maestro.utils.ScreenshotUtils.takeScreenshot: Taking screenshot to byte array
10:30:29.953 [TRACE] maestro.utils.ScreenshotUtils.takeScreenshot: Taking screenshot to output sink
10:30:30.023 [TRACE] maestro.utils.ScreenshotUtils.takeScreenshot: Taking screenshot to byte array
10:30:30.023 [TRACE] maestro.utils.ScreenshotUtils.takeScreenshot: Taking screenshot to output sink
10:30:30.104 [ INFO] maestro.cli.runner.CliConsoleListener.onCommandFinished: Wait for animation to end within 1500 ms COMPLETED
10:30:37.150 [ INFO] maestro.cli.runner.CliConsoleListener.onCommandFinished: Repeat while id: sahtekar-vote-submit is not visible COMPLETED
10:30:37.150 [ INFO] maestro.cli.runner.CliConsoleListener.onCommandStart: Tap on id: sahtekar-vote-B1 RUNNING
10:30:37.265 [ INFO] maestro.Maestro.tap-HgV9Ck0: Tapping on element:  UiElement(treeNode=TreeNode(attributes={text=, accessibilityText=B1, hintText=, ignoreBoundsFiltering=false, resource-id=sahtekar-vote-B1, clickable=true, bounds=[213,264][304,348], enabled=true, focused=false, checked=false, scrollable=false, selected=false, class=android.widget.RadioButton, important-for-accessibility=true, error=}, children=[TreeNode(attributes={text=, accessibilityText=, hintText=, ignoreBoundsFiltering=false, resource-id=, clickable=false, bounds=[213,264][304,348], enabled=true, focused=false, checked=false, scrollable=false, selected=false, class=android.view.ViewGroup, important-for-accessibility=false, error=}, children=[], clickable=false, enabled=true, focused=false, checked=false, selected=false), TreeNode(attributes={text=, accessibilityText=B1, hintText=, ignoreBoundsFiltering=false, resource-id=, clickable=false, bounds=[230,278][286,334], enabled=true, focused=false, checked=false, scrollable=false, selected=false, class=android.view.ViewGroup, important-for-accessibility=true, error=}, children=[TreeNode(attributes={text=B1, accessibilityText=, hintText=, ignoreBoundsFiltering=false, resource-id=, clickable=false, bounds=[247,294][268,318], enabled=true, focused=false, checked=false, scrollable=false, selected=false, class=android.widget.TextView, important-for-accessibility=true, error=}, children=[], clickable=false, enabled=true, focused=false, checked=false, selected=false)], clickable=false, enabled=true, focused=false, checked=false, selected=false)], clickable=true, enabled=true, focused=false, checked=false, selected=false), bounds=Bounds(x=213, y=264, width=91, height=84))
10:30:38.177 [ INFO] maestro.Maestro.tap-HgV9Ck0: Tap aimed via settled hierarchy
10:30:38.177 [ INFO] maestro.Maestro.hierarchyBasedTap-ogj28Uc: Tapping at (258, 306) using hierarchy based logic for wait
10:30:39.108 [ INFO] maestro.Maestro.hierarchyBasedTap-ogj28Uc: Something has changed in the UI judging by view hierarchy. Proceed.
10:30:39.108 [ INFO] maestro.cli.runner.CliConsoleListener.onCommandFinished: Tap on id: sahtekar-vote-B1 COMPLETED
10:30:39.108 [ INFO] maestro.cli.runner.CliConsoleListener.onCommandStart: Take screenshot 44-sahtekar-vote RUNNING
10:30:39.109 [ INFO] maestro.Maestro.takeScreenshot: Taking screenshot
10:30:39.109 [TRACE] maestro.utils.ScreenshotUtils.takeScreenshot: Taking screenshot to output sink
10:30:39.178 [ INFO] maestro.cli.runner.CliConsoleListener.onCommandFinished: Take screenshot 44-sahtekar-vote COMPLETED
10:30:39.178 [ INFO] maestro.cli.runner.CliConsoleListener.onCommandStart: Tap on id: sahtekar-vote-submit RUNNING
10:30:39.289 [ INFO] maestro.Maestro.tap-HgV9Ck0: Tapping on element:  UiElement(treeNode=TreeNode(attributes={text=, accessibilityText=B1'e oy ver, hintText=, ignoreBoundsFiltering=false, resource-id=sahtekar-vote-submit, clickable=true, bounds=[16,380][304,428], enabled=true, focused=false, checked=false, scrollable=false, selected=false, class=android.widget.Button, important-for-accessibility=true, error=}, children=[TreeNode(attributes={text=, accessibilityText=, hintText=, ignoreBoundsFiltering=false, resource-id=, clickable=false, bounds=[16,380][304,428], enabled=true, focused=false, checked=false, scrollable=false, selected=false, class=android.view.ViewGroup, important-for-accessibility=false, error=}, children=[], clickable=false, enabled=true, focused=false, checked=false, selected=false), TreeNode(attributes={text=B1'e oy ver, accessibilityText=, hintText=, ignoreBoundsFiltering=false, resource-id=, clickable=false, bounds=[119,394][202,414], enabled=true, focused=false, checked=false, scrollable=false, selected=false, class=android.widget.TextView, important-for-accessibility=true, error=}, children=[], clickable=false, enabled=true, focused=false, checked=false, selected=false)], clickable=true, enabled=true, focused=false, checked=false, selected=false), bounds=Bounds(x=16, y=380, width=288, height=48))
10:30:41.117 [ INFO] maestro.Maestro.tap-HgV9Ck0: Tap aimed via settled hierarchy
10:30:41.117 [ INFO] maestro.Maestro.hierarchyBasedTap-ogj28Uc: Tapping at (160, 404) using hierarchy based logic for wait
10:30:42.136 [ INFO] maestro.Maestro.hierarchyBasedTap-ogj28Uc: Something has changed in the UI judging by view hierarchy. Proceed.
10:30:42.136 [ INFO] maestro.cli.runner.CliConsoleListener.onCommandFinished: Tap on id: sahtekar-vote-submit COMPLETED
10:30:42.136 [ INFO] maestro.cli.runner.CliConsoleListener.onCommandStart: Assert that id: sahtekar-pass is visible RUNNING
10:30:42.204 [ INFO] maestro.cli.runner.CliConsoleListener.onCommandFinished: Assert that id: sahtekar-pass is visible COMPLETED
10:30:42.205 [ INFO] maestro.cli.runner.CliConsoleListener.onCommandStart: Tap on id: sahtekar-ready RUNNING
10:30:42.312 [ INFO] maestro.Maestro.tap-HgV9Ck0: Tapping on element:  UiElement(treeNode=TreeNode(attributes={text=, accessibilityText=Ben A2'yim, kartımı göster, hintText=, ignoreBoundsFiltering=false, resource-id=sahtekar-ready, clickable=true, bounds=[16,356][304,404], enabled=true, focused=false, checked=false, scrollable=false, selected=false, class=android.widget.Button, important-for-accessibility=true, error=}, children=[TreeNode(attributes={text=, accessibilityText=, hintText=, ignoreBoundsFiltering=false, resource-id=, clickable=false, bounds=[16,356][304,404], enabled=true, focused=false, checked=false, scrollable=false, selected=false, class=android.view.ViewGroup, important-for-accessibility=false, error=}, children=[], clickable=false, enabled=true, focused=false, checked=false, selected=false), TreeNode(attributes={text=Ben A2'yim, kartımı göster, accessibilityText=, hintText=, ignoreBoundsFiltering=false, resource-id=, clickable=false, bounds=[61,370][259,390], enabled=true, focused=false, checked=false, scrollable=false, selected=false, class=android.widget.TextView, important-for-accessibility=true, error=}, children=[], clickable=false, enabled=true, focused=false, checked=false, selected=false)], clickable=true, enabled=true, focused=false, checked=false, selected=false), bounds=Bounds(x=16, y=356, width=288, height=48))
10:30:43.232 [ INFO] maestro.Maestro.tap-HgV9Ck0: Tap aimed via settled hierarchy
10:30:43.233 [ INFO] maestro.Maestro.hierarchyBasedTap-ogj28Uc: Tapping at (160, 380) using hierarchy based logic for wait
10:30:44.158 [ INFO] maestro.Maestro.hierarchyBasedTap-ogj28Uc: Something has changed in the UI judging by view hierarchy. Proceed.
10:30:44.159 [ INFO] maestro.cli.runner.CliConsoleListener.onCommandFinished: Tap on id: sahtekar-ready COMPLETED
10:30:44.159 [ INFO] maestro.cli.runner.CliConsoleListener.onCommandStart: Tap on id: sahtekar-vote-B1 RUNNING
10:30:44.849 [ INFO] maestro.Maestro.tap-HgV9Ck0: Tapping on element:  UiElement(treeNode=TreeNode(attributes={text=, accessibilityText=B1, hintText=, ignoreBoundsFiltering=false, resource-id=sahtekar-vote-B1, clickable=true, bounds=[213,264][304,348], enabled=true, focused=false, checked=false, scrollable=false, selected=false, class=android.widget.RadioButton, important-for-accessibility=true, error=}, children=[TreeNode(attributes={text=, accessibilityText=, hintText=, ignoreBoundsFiltering=false, resource-id=, clickable=false, bounds=[213,264][304,348], enabled=true, focused=false, checked=false, scrollable=false, selected=false, class=android.view.ViewGroup, important-for-accessibility=false, error=}, children=[], clickable=false, enabled=true, focused=false, checked=false, selected=false), TreeNode(attributes={text=, accessibilityText=B1, hintText=, ignoreBoundsFiltering=false, resource-id=, clickable=false, bounds=[230,278][286,334], enabled=true, focused=false, checked=false, scrollable=false, selected=false, class=android.view.ViewGroup, important-for-accessibility=true, error=}, children=[TreeNode(attributes={text=B1, accessibilityText=, hintText=, ignoreBoundsFiltering=false, resource-id=, clickable=false, bounds=[247,294][268,318], enabled=true, focused=false, checked=false, scrollable=false, selected=false, class=android.widget.TextView, important-for-accessibility=true, error=}, children=[], clickable=false, enabled=true, focused=false, checked=false, selected=false)], clickable=false, enabled=true, focused=false, checked=false, selected=false)], clickable=true, enabled=true, focused=false, checked=false, selected=false), bounds=Bounds(x=213, y=264, width=91, height=84))
10:30:46.181 [ INFO] maestro.Maestro.tap-HgV9Ck0: Tap aimed via settled hierarchy
10:30:46.181 [ INFO] maestro.Maestro.hierarchyBasedTap-ogj28Uc: Tapping at (258, 306) using hierarchy based logic for wait
10:30:47.117 [ INFO] maestro.Maestro.hierarchyBasedTap-ogj28Uc: Something has changed in the UI judging by view hierarchy. Proceed.
10:30:47.118 [ INFO] maestro.cli.runner.CliConsoleListener.onCommandFinished: Tap on id: sahtekar-vote-B1 COMPLETED
10:30:47.118 [ INFO] maestro.cli.runner.CliConsoleListener.onCommandStart: Tap on id: sahtekar-vote-submit RUNNING
10:30:47.229 [ INFO] maestro.Maestro.tap-HgV9Ck0: Tapping on element:  UiElement(treeNode=TreeNode(attributes={text=, accessibilityText=B1'e oy ver, hintText=, ignoreBoundsFiltering=false, resource-id=sahtekar-vote-submit, clickable=true, bounds=[16,380][304,428], enabled=true, focused=false, checked=false, scrollable=false, selected=false, class=android.widget.Button, important-for-accessibility=true, error=}, children=[TreeNode(attributes={text=, accessibilityText=, hintText=, ignoreBoundsFiltering=false, resource-id=, clickable=false, bounds=[16,380][304,428], enabled=true, focused=false, checked=false, scrollable=false, selected=false, class=android.view.ViewGroup, important-for-accessibility=false, error=}, children=[], clickable=false, enabled=true, focused=false, checked=false, selected=false), TreeNode(attributes={text=B1'e oy ver, accessibilityText=, hintText=, ignoreBoundsFiltering=false, resource-id=, clickable=false, bounds=[119,394][202,414], enabled=true, focused=false, checked=false, scrollable=false, selected=false, class=android.widget.TextView, important-for-accessibility=true, error=}, children=[], clickable=false, enabled=true, focused=false, checked=false, selected=false)], clickable=true, enabled=true, focused=false, checked=false, selected=false), bounds=Bounds(x=16, y=380, width=288, height=48))
10:30:49.149 [ INFO] maestro.Maestro.tap-HgV9Ck0: Tap aimed via settled hierarchy
10:30:49.149 [ INFO] maestro.Maestro.hierarchyBasedTap-ogj28Uc: Tapping at (160, 404) using hierarchy based logic for wait
10:30:51.456 [ INFO] maestro.Maestro.hierarchyBasedTap-ogj28Uc: Something has changed in the UI judging by view hierarchy. Proceed.
10:30:51.456 [ INFO] maestro.cli.runner.CliConsoleListener.onCommandFinished: Tap on id: sahtekar-vote-submit COMPLETED
10:30:51.457 [ INFO] maestro.cli.runner.CliConsoleListener.onCommandStart: Assert that id: sahtekar-reveal is visible RUNNING
10:30:51.537 [ INFO] maestro.cli.runner.CliConsoleListener.onCommandFinished: Assert that id: sahtekar-reveal is visible COMPLETED
10:30:51.537 [ INFO] maestro.cli.runner.CliConsoleListener.onCommandStart: Assert that "Masalar kazandı!" is visible RUNNING
10:30:51.653 [ INFO] maestro.cli.runner.CliConsoleListener.onCommandFinished: Assert that "Masalar kazandı!" is visible COMPLETED
10:30:51.653 [ INFO] maestro.cli.runner.CliConsoleListener.onCommandStart: Take screenshot 45-sahtekar-reveal RUNNING
10:30:51.653 [ INFO] maestro.Maestro.takeScreenshot: Taking screenshot
10:30:51.654 [TRACE] maestro.utils.ScreenshotUtils.takeScreenshot: Taking screenshot to output sink
10:30:51.721 [ INFO] maestro.cli.runner.CliConsoleListener.onCommandFinished: Take screenshot 45-sahtekar-reveal COMPLETED
10:30:51.721 [ INFO] maestro.cli.runner.CliConsoleListener.onCommandStart: Run ../scripts/bot.js RUNNING
10:30:51.786 [ INFO] maestro.cli.runner.CliConsoleListener.onCommandFinished: Run ../scripts/bot.js COMPLETED
10:30:51.786 [ INFO] maestro.cli.runner.CliConsoleListener.onCommandStart: Assert that "Tanışalım mı\?" is visible RUNNING
10:30:52.837 [ INFO] maestro.cli.runner.CliConsoleListener.onCommandFinished: Assert that "Tanışalım mı\?" is visible COMPLETED
10:30:52.837 [ INFO] maestro.cli.runner.CliConsoleListener.onCommandStart: Tap on id: reveal-no RUNNING
10:30:52.904 [ INFO] maestro.Maestro.tap-HgV9Ck0: Tapping on element:  UiElement(treeNode=TreeNode(attributes={text=, accessibilityText=Hayır, hintText=, ignoreBoundsFiltering=false, resource-id=reveal-no, clickable=true, bounds=[37,313][155,361], enabled=true, focused=false, checked=false, scrollable=false, selected=false, class=android.widget.Button, important-for-accessibility=true, error=}, children=[TreeNode(attributes={text=, accessibilityText=, hintText=, ignoreBoundsFiltering=false, resource-id=, clickable=false, bounds=[37,313][155,361], enabled=true, focused=false, checked=false, scrollable=false, selected=false, class=android.view.ViewGroup, important-for-accessibility=false, error=}, children=[], clickable=false, enabled=true, focused=false, checked=false, selected=false), TreeNode(attributes={text=Hayır, accessibilityText=, hintText=, ignoreBoundsFiltering=false, resource-id=, clickable=false, bounds=[76,327][116,347], enabled=true, focused=false, checked=false, scrollable=false, selected=false, class=android.widget.TextView, important-for-accessibility=true, error=}, children=[], clickable=false, enabled=true, focused=false, checked=false, selected=false)], clickable=true, enabled=true, focused=false, checked=false, selected=false), bounds=Bounds(x=37, y=313, width=118, height=48))
10:30:54.961 [ INFO] maestro.Maestro.tap-HgV9Ck0: Tap aimed via settled hierarchy
10:30:54.961 [ INFO] maestro.Maestro.hierarchyBasedTap-ogj28Uc: Tapping at (96, 337) using hierarchy based logic for wait
10:30:56.364 [ INFO] maestro.Maestro.hierarchyBasedTap-ogj28Uc: Something has changed in the UI judging by view hierarchy. Proceed.
10:30:56.364 [ INFO] maestro.cli.runner.CliConsoleListener.onCommandFinished: Tap on id: reveal-no COMPLETED
10:30:56.364 [ INFO] maestro.cli.runner.CliConsoleListener.onCommandStart: Assert that "Güzel oyundu.*" is visible RUNNING
10:30:56.433 [ INFO] maestro.cli.runner.CliConsoleListener.onCommandFinished: Assert that "Güzel oyundu.*" is visible COMPLETED
10:30:56.434 [ INFO] maestro.cli.runner.CliConsoleListener.onCommandStart: Run ../scripts/bot.js RUNNING
10:30:56.504 [ INFO] maestro.cli.runner.CliConsoleListener.onCommandFinished: Run ../scripts/bot.js COMPLETED
10:30:56.504 [ INFO] maestro.cli.runner.CliConsoleListener.onCommandStart: Tap on "Mekana dön" RUNNING
10:30:56.572 [ INFO] maestro.Maestro.tap-HgV9Ck0: Tapping on element:  UiElement(treeNode=TreeNode(attributes={text=Mekana dön, accessibilityText=, hintText=, ignoreBoundsFiltering=false, resource-id=, clickable=false, bounds=[115,229][206,249], enabled=true, focused=false, checked=false, scrollable=false, selected=false, class=android.widget.TextView, important-for-accessibility=true, error=}, children=[], clickable=false, enabled=true, focused=false, checked=false, selected=false), bounds=Bounds(x=115, y=229, width=91, height=20))
10:30:57.756 [ INFO] maestro.Maestro.tap-HgV9Ck0: Tap aimed via settled hierarchy
10:30:57.757 [ INFO] maestro.Maestro.hierarchyBasedTap-ogj28Uc: Tapping at (160, 239) using hierarchy based logic for wait
10:30:58.795 [ INFO] maestro.Maestro.hierarchyBasedTap-ogj28Uc: Something has changed in the UI judging by view hierarchy. Proceed.
10:30:58.795 [ INFO] maestro.cli.runner.CliConsoleListener.onCommandFinished: Tap on "Mekana dön" COMPLETED
10:30:58.795 [ INFO] maestro.cli.runner.CliConsoleListener.onCommandStart: Assert that "Oda kur" is visible RUNNING
10:30:58.920 [ INFO] maestro.cli.runner.CliConsoleListener.onCommandFinished: Assert that "Oda kur" is visible COMPLETED
10:30:58.920 [ INFO] maestro.cli.runner.CliConsoleListener.onCommandFinished: Run flows/09-sahtekar.yaml COMPLETED
10:30:58.920 [ INFO] maestro.cli.runner.CliConsoleListener.onCommandStart: Run flows/10-harf.yaml RUNNING
10:30:58.921 [ INFO] maestro.cli.runner.CliConsoleListener.onCommandStart: Apply configuration RUNNING
10:30:58.921 [ INFO] maestro.cli.runner.CliConsoleListener.onCommandFinished: Apply configuration COMPLETED
10:30:58.921 [ INFO] maestro.cli.runner.CliConsoleListener.onCommandStart: Run ../scripts/bot.js RUNNING
10:30:58.996 [ INFO] maestro.cli.runner.CliConsoleListener.onCommandFinished: Run ../scripts/bot.js COMPLETED
10:30:58.996 [ INFO] maestro.cli.runner.CliConsoleListener.onCommandStart: Run ../scripts/bot.js RUNNING
10:30:59.092 [ INFO] maestro.cli.runner.CliConsoleListener.onCommandFinished: Run ../scripts/bot.js COMPLETED
10:30:59.093 [ INFO] maestro.cli.runner.CliConsoleListener.onCommandStart: Tap on id: tab-venue RUNNING
10:30:59.204 [ INFO] maestro.Maestro.tap-HgV9Ck0: Tapping on element:  UiElement(treeNode=TreeNode(attributes={text=, accessibilityText=Mekan, hintText=, ignoreBoundsFiltering=false, resource-id=tab-venue, clickable=true, bounds=[133,568][187,632], enabled=true, focused=false, checked=false, scrollable=false, selected=true, class=android.view.View, important-for-accessibility=true, error=}, children=[TreeNode(attributes={text=, accessibilityText=, hintText=, ignoreBoundsFiltering=false, resource-id=, clickable=false, bounds=[140,572][180,612], enabled=true, focused=false, checked=false, scrollable=false, selected=false, class=android.view.ViewGroup, important-for-accessibility=false, error=}, children=[], clickable=false, enabled=true, focused=false, checked=false, selected=false), TreeNode(attributes={text=, accessibilityText=, hintText=, ignoreBoundsFiltering=false, resource-id=, clickable=false, bounds=[148,580][172,604], enabled=true, focused=false, checked=false, scrollable=false, selected=false, class=android.widget.ImageView, important-for-accessibility=false, error=}, children=[], clickable=false, enabled=true, focused=false, checked=false, selected=false), TreeNode(attributes={text=Mekan, accessibilityText=, hintText=, ignoreBoundsFiltering=false, resource-id=, clickable=false, bounds=[141,612][178,628], enabled=true, focused=false, checked=false, scrollable=false, selected=false, class=android.widget.TextView, important-for-accessibility=true, error=}, children=[], clickable=false, enabled=true, focused=false, checked=false, selected=false)], clickable=true, enabled=true, focused=false, checked=false, selected=true), bounds=Bounds(x=133, y=568, width=54, height=64))
10:31:01.194 [ INFO] maestro.Maestro.tap-HgV9Ck0: Tap aimed via settled hierarchy
10:31:01.196 [ INFO] maestro.Maestro.hierarchyBasedTap-ogj28Uc: Tapping at (160, 600) using hierarchy based logic for wait
10:31:01.567 [ INFO] maestro.cli.runner.CliConsoleListener.onCommandFinished: Tap on id: tab-venue COMPLETED
10:31:01.567 [ INFO] maestro.cli.runner.CliConsoleListener.onCommandStart: Assert that "Oda kur" is visible RUNNING
10:31:01.698 [ INFO] maestro.cli.runner.CliConsoleListener.onCommandFinished: Assert that "Oda kur" is visible COMPLETED
10:31:01.698 [ INFO] maestro.cli.runner.CliConsoleListener.onCommandStart: Tap on "Oda kur" RUNNING
10:31:01.828 [ INFO] maestro.Maestro.tap-HgV9Ck0: Tapping on element:  UiElement(treeNode=TreeNode(attributes={text=Oda kur, accessibilityText=, hintText=, ignoreBoundsFiltering=false, resource-id=, clickable=false, bounds=[57,427][117,447], enabled=true, focused=false, checked=false, scrollable=false, selected=false, class=android.widget.TextView, important-for-accessibility=true, error=}, children=[], clickable=false, enabled=true, focused=false, checked=false, selected=false), bounds=Bounds(x=57, y=427, width=60, height=20))
10:31:03.121 [ INFO] maestro.Maestro.tap-HgV9Ck0: Tap aimed via settled hierarchy
10:31:03.122 [ INFO] maestro.Maestro.hierarchyBasedTap-ogj28Uc: Tapping at (87, 437) using hierarchy based logic for wait
10:31:04.437 [ INFO] maestro.Maestro.hierarchyBasedTap-ogj28Uc: Something has changed in the UI judging by view hierarchy. Proceed.
10:31:04.437 [ INFO] maestro.cli.runner.CliConsoleListener.onCommandFinished: Tap on "Oda kur" COMPLETED
10:31:04.437 [ INFO] maestro.cli.runner.CliConsoleListener.onCommandStart: Assert that id: intent-none is visible RUNNING
10:31:04.553 [ INFO] maestro.cli.runner.CliConsoleListener.onCommandFinished: Assert that id: intent-none is visible COMPLETED
10:31:04.553 [ INFO] maestro.cli.runner.CliConsoleListener.onCommandStart: Scrolling DOWN until "Odayı kur" is visible with speed 40, visibility percentage 100%, timeout 10000 ms, with centering disabled RUNNING
10:31:04.709 [ INFO] maestro.orchestra.Orchestra.scrollUntilVisible: Scrolling try count: 0, DeviceWidth: 320, DeviceWidth: 640
10:31:04.709 [ INFO] maestro.orchestra.Orchestra.scrollUntilVisible: Element bounds: Bounds(x=120, y=565, width=81, height=22)
10:31:04.709 [ INFO] maestro.orchestra.Orchestra.scrollUntilVisible: Visibility Percent: 1.0
10:31:04.710 [ INFO] maestro.orchestra.Orchestra.scrollUntilVisible: Command centerElement: ScrollUntilVisibleCommand(selector=ElementSelector(textRegex=Odayı kur, idRegex=null, size=null, below=null, above=null, leftOf=null, rightOf=null, containsChild=null, containsDescendants=null, traits=null, index=null, enabled=null, optional=false, selected=null, checked=null, focused=null, childOf=null, css=null), direction=DOWN, scrollDuration=601, visibilityPercentage=100, timeout=10000, waitToSettleTimeoutMs=null, centerElement=false, originalSpeedValue=40, label=null, optional=false).centerElement
10:31:04.710 [ INFO] maestro.orchestra.Orchestra.scrollUntilVisible: visibilityPercentageNormalized: 1.0
10:31:04.710 [ INFO] maestro.cli.runner.CliConsoleListener.onCommandFinished: Scrolling DOWN until "Odayı kur" is visible with speed 40, visibility percentage 100%, timeout 10000 ms, with centering disabled COMPLETED
10:31:04.710 [ INFO] maestro.cli.runner.CliConsoleListener.onCommandStart: Tap on "Odayı kur" RUNNING
10:31:04.818 [ INFO] maestro.Maestro.tap-HgV9Ck0: Tapping on element:  UiElement(treeNode=TreeNode(attributes={text=Odayı kur, accessibilityText=, hintText=, ignoreBoundsFiltering=false, resource-id=, clickable=false, bounds=[120,565][201,587], enabled=true, focused=false, checked=false, scrollable=false, selected=false, class=android.widget.TextView, important-for-accessibility=true, error=}, children=[], clickable=false, enabled=true, focused=false, checked=false, selected=false), bounds=Bounds(x=120, y=565, width=81, height=22))
10:31:06.040 [ INFO] maestro.Maestro.tap-HgV9Ck0: Tap aimed via settled hierarchy
10:31:06.041 [ INFO] maestro.Maestro.hierarchyBasedTap-ogj28Uc: Tapping at (160, 576) using hierarchy based logic for wait
10:31:07.227 [ INFO] maestro.Maestro.hierarchyBasedTap-ogj28Uc: Something has changed in the UI judging by view hierarchy. Proceed.
10:31:07.227 [ INFO] maestro.cli.runner.CliConsoleListener.onCommandFinished: Tap on "Odayı kur" COMPLETED
10:31:07.227 [ INFO] maestro.cli.runner.CliConsoleListener.onCommandStart: Assert that id: solo-tabu is visible RUNNING
10:31:07.352 [ INFO] maestro.cli.runner.CliConsoleListener.onCommandFinished: Assert that id: solo-tabu is visible COMPLETED
10:31:07.352 [ INFO] maestro.cli.runner.CliConsoleListener.onCommandStart: Run ../scripts/bot.js RUNNING
10:31:22.298 [ INFO] maestro.cli.runner.CliConsoleListener.onCommandFinished: Run ../scripts/bot.js COMPLETED
10:31:22.298 [ INFO] maestro.cli.runner.CliConsoleListener.onCommandStart: Assert that "Katılma isteği" is visible RUNNING
10:31:23.381 [ INFO] maestro.cli.runner.CliConsoleListener.onCommandFinished: Assert that "Katılma isteği" is visible COMPLETED
10:31:23.381 [ INFO] maestro.cli.runner.CliConsoleListener.onCommandStart: Tap on id: join-accept RUNNING
10:31:23.402 [ INFO] maestro.Maestro.tap-HgV9Ck0: Tapping on element:  UiElement(treeNode=TreeNode(attributes={text=, accessibilityText=Kabul, hintText=, ignoreBoundsFiltering=false, resource-id=join-accept, clickable=true, bounds=[165,502][296,550], enabled=true, focused=false, checked=false, scrollable=false, selected=false, class=android.widget.Button, important-for-accessibility=true, error=}, children=[TreeNode(attributes={text=, accessibilityText=, hintText=, ignoreBoundsFiltering=false, resource-id=, clickable=false, bounds=[165,502][296,550], enabled=true, focused=false, checked=false, scrollable=false, selected=false, class=android.view.ViewGroup, important-for-accessibility=false, error=}, children=[], clickable=false, enabled=true, focused=false, checked=false, selected=false), TreeNode(attributes={text=Kabul, accessibilityText=, hintText=, ignoreBoundsFiltering=false, resource-id=, clickable=false, bounds=[209,516][253,536], enabled=true, focused=false, checked=false, scrollable=false, selected=false, class=android.widget.TextView, important-for-accessibility=true, error=}, children=[], clickable=false, enabled=true, focused=false, checked=false, selected=false)], clickable=true, enabled=true, focused=false, checked=false, selected=false), bounds=Bounds(x=165, y=502, width=131, height=48))
10:31:24.657 [ INFO] maestro.Maestro.tap-HgV9Ck0: Tap aimed via settled hierarchy
10:31:24.657 [ INFO] maestro.Maestro.hierarchyBasedTap-ogj28Uc: Tapping at (230, 526) using hierarchy based logic for wait
10:31:25.651 [ INFO] maestro.Maestro.hierarchyBasedTap-ogj28Uc: Something has changed in the UI judging by view hierarchy. Proceed.
10:31:25.651 [ INFO] maestro.cli.runner.CliConsoleListener.onCommandFinished: Tap on id: join-accept COMPLETED
10:31:25.651 [ INFO] maestro.cli.runner.CliConsoleListener.onCommandStart: Assert that id: propose-harf is visible RUNNING
10:31:25.731 [ INFO] maestro.cli.runner.CliConsoleListener.onCommandFinished: Assert that id: propose-harf is visible COMPLETED
10:31:25.732 [ INFO] maestro.cli.runner.CliConsoleListener.onCommandStart: Tap on id: propose-harf RUNNING
10:31:25.852 [ INFO] maestro.Maestro.tap-HgV9Ck0: Tapping on element:  UiElement(treeNode=TreeNode(attributes={text=, accessibilityText=Harf Kapmaca öner, hintText=, ignoreBoundsFiltering=false, resource-id=propose-harf, clickable=true, bounds=[34,317][154,409], enabled=true, focused=false, checked=false, scrollable=false, selected=false, class=android.widget.Button, important-for-accessibility=true, error=}, children=[TreeNode(attributes={text=, accessibilityText=, hintText=, ignoreBoundsFiltering=false, resource-id=, clickable=false, bounds=[34,317][154,409], enabled=true, focused=false, checked=false, scrollable=false, selected=false, class=android.view.ViewGroup, important-for-accessibility=false, error=}, children=[TreeNode(attributes={text=Harf Kapmaca, accessibilityText=, hintText=, ignoreBoundsFiltering=false, resource-id=, clickable=false, bounds=[46,329][142,367], enabled=true, focused=false, checked=false, scrollable=false, selected=false, class=android.widget.TextView, important-for-accessibility=true, error=}, children=[], clickable=false, enabled=true, focused=false, checked=false, selected=false), TreeNode(attributes={text=, accessibilityText=, hintText=, ignoreBoundsFiltering=false, resource-id=, clickable=false, bounds=[104,361][154,409], enabled=true, focused=false, checked=false, scrollable=false, selected=false, class=android.widget.ImageView, important-for-accessibility=false, error=}, children=[], clickable=false, enabled=true, focused=false, checked=false, selected=false)], clickable=false, enabled=true, focused=false, checked=false, selected=false)], clickable=true, enabled=true, focused=false, checked=false, selected=false), bounds=Bounds(x=34, y=317, width=120, height=92))
10:31:27.099 [ INFO] maestro.Maestro.tap-HgV9Ck0: Tap aimed via settled hierarchy
10:31:27.100 [ INFO] maestro.Maestro.hierarchyBasedTap-ogj28Uc: Tapping at (94, 363) using hierarchy based logic for wait
10:31:28.557 [ INFO] maestro.Maestro.hierarchyBasedTap-ogj28Uc: Something has changed in the UI judging by view hierarchy. Proceed.
10:31:28.557 [ INFO] maestro.cli.runner.CliConsoleListener.onCommandFinished: Tap on id: propose-harf COMPLETED
10:31:28.557 [ INFO] maestro.cli.runner.CliConsoleListener.onCommandStart: Run ../scripts/bot.js RUNNING
10:31:28.628 [ INFO] maestro.cli.runner.CliConsoleListener.onCommandFinished: Run ../scripts/bot.js COMPLETED
10:31:28.629 [ INFO] maestro.cli.runner.CliConsoleListener.onCommandStart: Assert that id: turn-start is visible RUNNING
10:31:29.573 [ INFO] maestro.cli.runner.CliConsoleListener.onCommandFinished: Assert that id: turn-start is visible COMPLETED
10:31:29.573 [ INFO] maestro.cli.runner.CliConsoleListener.onCommandStart: Take screenshot 46-harf-ready RUNNING
10:31:29.573 [ INFO] maestro.Maestro.takeScreenshot: Taking screenshot
10:31:29.574 [TRACE] maestro.utils.ScreenshotUtils.takeScreenshot: Taking screenshot to output sink
10:31:29.596 [ INFO] maestro.cli.runner.CliConsoleListener.onCommandFinished: Take screenshot 46-harf-ready COMPLETED
10:31:29.596 [ INFO] maestro.cli.runner.CliConsoleListener.onCommandStart: Tap on id: turn-start RUNNING
10:31:29.745 [ INFO] maestro.Maestro.tap-HgV9Ck0: Tapping on element:  UiElement(treeNode=TreeNode(attributes={text=, accessibilityText=Turu başlat, hintText=, ignoreBoundsFiltering=false, resource-id=turn-start, clickable=true, bounds=[62,80][258,266], enabled=true, focused=false, checked=false, scrollable=false, selected=false, class=android.widget.Button, important-for-accessibility=true, error=}, children=[TreeNode(attributes={text=, accessibilityText=, hintText=, ignoreBoundsFiltering=false, resource-id=, clickable=false, bounds=[62,80][258,266], enabled=true, focused=false, checked=false, scrollable=false, selected=false, class=android.view.ViewGroup, important-for-accessibility=false, error=}, children=[], clickable=false, enabled=true, focused=false, checked=false, selected=false), TreeNode(attributes={text=Başla, accessibilityText=, hintText=, ignoreBoundsFiltering=false, resource-id=, clickable=false, bounds=[89,139][231,197], enabled=true, focused=false, checked=false, scrollable=false, selected=false, class=android.widget.TextView, important-for-accessibility=true, error=}, children=[], clickable=false, enabled=true, focused=false, checked=false, selected=false)], clickable=true, enabled=true, focused=false, checked=false, selected=false), bounds=Bounds(x=62, y=80, width=196, height=186))
10:31:30.972 [ INFO] maestro.Maestro.tap-HgV9Ck0: Tap aimed via settled hierarchy
10:31:30.973 [ INFO] maestro.Maestro.hierarchyBasedTap-ogj28Uc: Tapping at (160, 173) using hierarchy based logic for wait
10:31:32.414 [ INFO] maestro.Maestro.hierarchyBasedTap-ogj28Uc: Something has changed in the UI judging by view hierarchy. Proceed.
10:31:32.414 [ INFO] maestro.cli.runner.CliConsoleListener.onCommandFinished: Tap on id: turn-start COMPLETED
10:31:32.414 [ INFO] maestro.cli.runner.CliConsoleListener.onCommandStart: Assert that id: letter-board is visible RUNNING
10:31:32.519 [ INFO] maestro.cli.runner.CliConsoleListener.onCommandFinished: Assert that id: letter-board is visible COMPLETED
10:31:32.519 [ INFO] maestro.cli.runner.CliConsoleListener.onCommandStart: Tap on id: letter-A RUNNING
10:31:32.669 [ INFO] maestro.Maestro.tap-HgV9Ck0: Tapping on element:  UiElement(treeNode=TreeNode(attributes={text=, accessibilityText=A, hintText=, ignoreBoundsFiltering=false, resource-id=letter-A, clickable=true, bounds=[12,387][61,428], enabled=true, focused=false, checked=false, scrollable=false, selected=false, class=android.widget.Button, important-for-accessibility=true, error=}, children=[TreeNode(attributes={text=, accessibilityText=, hintText=, ignoreBoundsFiltering=false, resource-id=, clickable=false, bounds=[16,387][57,428], enabled=true, focused=false, checked=false, scrollable=false, selected=false, class=android.view.ViewGroup, important-for-accessibility=false, error=}, children=[], clickable=false, enabled=true, focused=false, checked=false, selected=false), TreeNode(attributes={text=A, accessibilityText=, hintText=, ignoreBoundsFiltering=false, resource-id=, clickable=false, bounds=[28,393][45,421], enabled=true, focused=false, checked=false, scrollable=false, selected=false, class=android.widget.TextView, important-for-accessibility=true, error=}, children=[], clickable=false, enabled=true, focused=false, checked=false, selected=false)], clickable=true, enabled=true, focused=false, checked=false, selected=false), bounds=Bounds(x=12, y=387, width=49, height=41))
10:31:34.644 [ INFO] maestro.Maestro.tap-HgV9Ck0: Tap aimed via settled hierarchy
10:31:34.645 [ INFO] maestro.Maestro.hierarchyBasedTap-ogj28Uc: Tapping at (36, 407) using hierarchy based logic for wait
10:31:35.913 [ INFO] maestro.Maestro.hierarchyBasedTap-ogj28Uc: Something has changed in the UI judging by view hierarchy. Proceed.
10:31:35.914 [ INFO] maestro.cli.runner.CliConsoleListener.onCommandFinished: Tap on id: letter-A COMPLETED
10:31:35.914 [ INFO] maestro.cli.runner.CliConsoleListener.onCommandStart: Run ../scripts/bot.js RUNNING
10:31:35.986 [ INFO] maestro.cli.runner.CliConsoleListener.onCommandFinished: Run ../scripts/bot.js COMPLETED
10:31:35.986 [ INFO] maestro.cli.runner.CliConsoleListener.onCommandStart: Assert that "İtiraz!.*" is visible RUNNING
10:31:36.855 [ INFO] maestro.cli.runner.CliConsoleListener.onCommandFinished: Assert that "İtiraz!.*" is visible COMPLETED
10:31:36.855 [ INFO] maestro.cli.runner.CliConsoleListener.onCommandStart: Take screenshot 47-harf-objected RUNNING
10:31:36.856 [ INFO] maestro.Maestro.takeScreenshot: Taking screenshot
10:31:36.856 [TRACE] maestro.utils.ScreenshotUtils.takeScreenshot: Taking screenshot to output sink
10:31:36.881 [ INFO] maestro.cli.runner.CliConsoleListener.onCommandFinished: Take screenshot 47-harf-objected COMPLETED
10:31:36.881 [ INFO] maestro.cli.runner.CliConsoleListener.onCommandStart: Run ../scripts/bot.js RUNNING
10:31:36.952 [ INFO] maestro.cli.runner.CliConsoleListener.onCommandFinished: Run ../scripts/bot.js COMPLETED
10:31:36.952 [ INFO] maestro.cli.runner.CliConsoleListener.onCommandStart: Run ../scripts/bot.js RUNNING
10:31:36.979 [ INFO] maestro.cli.runner.CliConsoleListener.onCommandFinished: Run ../scripts/bot.js COMPLETED
10:31:36.979 [ INFO] maestro.cli.runner.CliConsoleListener.onCommandStart: Assert that id: say-round is visible RUNNING
10:31:38.081 [ INFO] maestro.cli.runner.CliConsoleListener.onCommandFinished: Assert that id: say-round is visible COMPLETED
10:31:38.081 [ INFO] maestro.cli.runner.CliConsoleListener.onCommandStart: Assert that "2 hak" is visible RUNNING
10:31:38.244 [ INFO] maestro.cli.runner.CliConsoleListener.onCommandFinished: Assert that "2 hak" is visible COMPLETED
10:31:38.244 [ INFO] maestro.cli.runner.CliConsoleListener.onCommandStart: Run ../scripts/bot.js RUNNING
10:31:38.352 [ INFO] maestro.cli.runner.CliConsoleListener.onCommandFinished: Run ../scripts/bot.js COMPLETED
10:31:38.352 [ INFO] maestro.cli.runner.CliConsoleListener.onCommandStart: Run ../scripts/bot.js RUNNING
10:31:38.382 [ INFO] maestro.cli.runner.CliConsoleListener.onCommandFinished: Run ../scripts/bot.js COMPLETED
10:31:38.383 [ INFO] maestro.cli.runner.CliConsoleListener.onCommandStart: Scrolling DOWN until id: say-object is visible with speed 40, visibility percentage 100%, timeout 15000 ms, with centering disabled RUNNING
10:31:39.614 [ WARN] maestro.orchestra.Orchestra.scrollUntilVisible: Error: maestro.MaestroException$ElementNotFound: Element not found: Id matching regex: say-object
10:31:39.657 [ INFO] maestro.Maestro.swipeFromCenter: Swiping UP from center
10:31:41.609 [ INFO] maestro.orchestra.Orchestra.scrollUntilVisible: Scrolling try count: 0, DeviceWidth: 320, DeviceWidth: 640
10:31:41.609 [ INFO] maestro.orchestra.Orchestra.scrollUntilVisible: Element bounds: Bounds(x=16, y=498, width=288, height=64)
10:31:41.609 [ INFO] maestro.orchestra.Orchestra.scrollUntilVisible: Visibility Percent: 1.0
10:31:41.609 [ INFO] maestro.orchestra.Orchestra.scrollUntilVisible: Command centerElement: ScrollUntilVisibleCommand(selector=ElementSelector(textRegex=null, idRegex=say-object, size=null, below=null, above=null, leftOf=null, rightOf=null, containsChild=null, containsDescendants=null, traits=null, index=null, enabled=null, optional=false, selected=null, checked=null, focused=null, childOf=null, css=null), direction=DOWN, scrollDuration=601, visibilityPercentage=100, timeout=15000, waitToSettleTimeoutMs=null, centerElement=false, originalSpeedValue=40, label=null, optional=false).centerElement
10:31:41.609 [ INFO] maestro.orchestra.Orchestra.scrollUntilVisible: visibilityPercentageNormalized: 1.0
10:31:41.609 [ INFO] maestro.cli.runner.CliConsoleListener.onCommandFinished: Scrolling DOWN until id: say-object is visible with speed 40, visibility percentage 100%, timeout 15000 ms, with centering disabled COMPLETED
10:31:41.609 [ INFO] maestro.cli.runner.CliConsoleListener.onCommandStart: Take screenshot 48-harf-window RUNNING
10:31:41.609 [ INFO] maestro.Maestro.takeScreenshot: Taking screenshot
10:31:41.610 [TRACE] maestro.utils.ScreenshotUtils.takeScreenshot: Taking screenshot to output sink
10:31:41.716 [ INFO] maestro.cli.runner.CliConsoleListener.onCommandFinished: Take screenshot 48-harf-window COMPLETED
10:31:41.716 [ INFO] maestro.cli.runner.CliConsoleListener.onCommandStart: Run ../scripts/bot.js RUNNING
10:31:41.851 [ INFO] maestro.cli.runner.CliConsoleListener.onCommandFinished: Run ../scripts/bot.js COMPLETED
10:31:41.851 [ INFO] maestro.cli.runner.CliConsoleListener.onCommandStart: Assert that id: last-game is visible RUNNING
10:31:42.735 [ INFO] maestro.cli.runner.CliConsoleListener.onCommandFinished: Assert that id: last-game is visible COMPLETED
10:31:42.735 [ INFO] maestro.cli.runner.CliConsoleListener.onCommandStart: Take screenshot 49-harf-result RUNNING
10:31:42.735 [ INFO] maestro.Maestro.takeScreenshot: Taking screenshot
10:31:42.735 [TRACE] maestro.utils.ScreenshotUtils.takeScreenshot: Taking screenshot to output sink
10:31:42.767 [ INFO] maestro.cli.runner.CliConsoleListener.onCommandFinished: Take screenshot 49-harf-result COMPLETED
10:31:42.767 [ INFO] maestro.cli.runner.CliConsoleListener.onCommandStart: Run ../scripts/bot.js RUNNING
10:31:42.845 [ INFO] maestro.cli.runner.CliConsoleListener.onCommandFinished: Run ../scripts/bot.js COMPLETED
10:31:42.846 [ INFO] maestro.cli.runner.CliConsoleListener.onCommandStart: Assert that "Tanışalım mı\?" is visible RUNNING
10:31:43.833 [ INFO] maestro.cli.runner.CliConsoleListener.onCommandFinished: Assert that "Tanışalım mı\?" is visible COMPLETED
10:31:43.833 [ INFO] maestro.cli.runner.CliConsoleListener.onCommandStart: Tap on id: reveal-no RUNNING
10:31:43.901 [ INFO] maestro.Maestro.tap-HgV9Ck0: Tapping on element:  UiElement(treeNode=TreeNode(attributes={text=, accessibilityText=Hayır, hintText=, ignoreBoundsFiltering=false, resource-id=reveal-no, clickable=true, bounds=[37,285][155,333], enabled=true, focused=false, checked=false, scrollable=false, selected=false, class=android.widget.Button, important-for-accessibility=true, error=}, children=[TreeNode(attributes={text=, accessibilityText=, hintText=, ignoreBoundsFiltering=false, resource-id=, clickable=false, bounds=[37,285][155,333], enabled=true, focused=false, checked=false, scrollable=false, selected=false, class=android.view.ViewGroup, important-for-accessibility=false, error=}, children=[], clickable=false, enabled=true, focused=false, checked=false, selected=false), TreeNode(attributes={text=Hayır, accessibilityText=, hintText=, ignoreBoundsFiltering=false, resource-id=, clickable=false, bounds=[76,299][116,319], enabled=true, focused=false, checked=false, scrollable=false, selected=false, class=android.widget.TextView, important-for-accessibility=true, error=}, children=[], clickable=false, enabled=true, focused=false, checked=false, selected=false)], clickable=true, enabled=true, focused=false, checked=false, selected=false), bounds=Bounds(x=37, y=285, width=118, height=48))
10:31:45.173 [ INFO] maestro.Maestro.tap-HgV9Ck0: Tap aimed via settled hierarchy
10:31:45.173 [ INFO] maestro.Maestro.hierarchyBasedTap-ogj28Uc: Tapping at (96, 309) using hierarchy based logic for wait
10:31:46.128 [ INFO] maestro.Maestro.hierarchyBasedTap-ogj28Uc: Something has changed in the UI judging by view hierarchy. Proceed.
10:31:46.129 [ INFO] maestro.cli.runner.CliConsoleListener.onCommandFinished: Tap on id: reveal-no COMPLETED
10:31:46.129 [ INFO] maestro.cli.runner.CliConsoleListener.onCommandStart: Assert that "Güzel oyundu.*" is visible RUNNING
10:31:46.194 [ INFO] maestro.cli.runner.CliConsoleListener.onCommandFinished: Assert that "Güzel oyundu.*" is visible COMPLETED
10:31:46.194 [ INFO] maestro.cli.runner.CliConsoleListener.onCommandStart: Run ../scripts/bot.js RUNNING
10:31:46.275 [ INFO] maestro.cli.runner.CliConsoleListener.onCommandFinished: Run ../scripts/bot.js COMPLETED
10:31:46.275 [ INFO] maestro.cli.runner.CliConsoleListener.onCommandStart: Tap on "Mekana dön" RUNNING
10:31:46.345 [ INFO] maestro.Maestro.tap-HgV9Ck0: Tapping on element:  UiElement(treeNode=TreeNode(attributes={text=Mekana dön, accessibilityText=, hintText=, ignoreBoundsFiltering=false, resource-id=, clickable=false, bounds=[115,201][206,221], enabled=true, focused=false, checked=false, scrollable=false, selected=false, class=android.widget.TextView, important-for-accessibility=true, error=}, children=[], clickable=false, enabled=true, focused=false, checked=false, selected=false), bounds=Bounds(x=115, y=201, width=91, height=20))
10:31:47.528 [ INFO] maestro.Maestro.tap-HgV9Ck0: Tap aimed via settled hierarchy
10:31:47.529 [ INFO] maestro.Maestro.hierarchyBasedTap-ogj28Uc: Tapping at (160, 211) using hierarchy based logic for wait
10:31:48.784 [ INFO] maestro.Maestro.hierarchyBasedTap-ogj28Uc: Something has changed in the UI judging by view hierarchy. Proceed.
10:31:48.784 [ INFO] maestro.cli.runner.CliConsoleListener.onCommandFinished: Tap on "Mekana dön" COMPLETED
10:31:48.784 [ INFO] maestro.cli.runner.CliConsoleListener.onCommandStart: Assert that "Oda kur" is visible RUNNING
10:31:48.925 [ INFO] maestro.cli.runner.CliConsoleListener.onCommandFinished: Assert that "Oda kur" is visible COMPLETED
10:31:48.925 [ INFO] maestro.cli.runner.CliConsoleListener.onCommandFinished: Run flows/10-harf.yaml COMPLETED
10:31:48.925 [ INFO] maestro.cli.runner.CliConsoleListener.onCommandStart: Run flows/11-sarki.yaml RUNNING
10:31:48.925 [ INFO] maestro.cli.runner.CliConsoleListener.onCommandStart: Apply configuration RUNNING
10:31:48.925 [ INFO] maestro.cli.runner.CliConsoleListener.onCommandFinished: Apply configuration COMPLETED
10:31:48.925 [ INFO] maestro.cli.runner.CliConsoleListener.onCommandStart: Run ../scripts/bot.js RUNNING
10:31:49.237 [ INFO] maestro.cli.runner.CliConsoleListener.onCommandFinished: Run ../scripts/bot.js COMPLETED
10:31:49.237 [ INFO] maestro.cli.runner.CliConsoleListener.onCommandStart: Run ../scripts/bot.js RUNNING
10:31:49.324 [ INFO] maestro.cli.runner.CliConsoleListener.onCommandFinished: Run ../scripts/bot.js COMPLETED
10:31:49.324 [ INFO] maestro.cli.runner.CliConsoleListener.onCommandStart: Tap on id: tab-venue RUNNING
10:31:49.418 [ INFO] maestro.Maestro.tap-HgV9Ck0: Tapping on element:  UiElement(treeNode=TreeNode(attributes={text=, accessibilityText=Mekan, hintText=, ignoreBoundsFiltering=false, resource-id=tab-venue, clickable=true, bounds=[133,568][187,632], enabled=true, focused=false, checked=false, scrollable=false, selected=true, class=android.view.View, important-for-accessibility=true, error=}, children=[TreeNode(attributes={text=, accessibilityText=, hintText=, ignoreBoundsFiltering=false, resource-id=, clickable=false, bounds=[140,572][180,612], enabled=true, focused=false, checked=false, scrollable=false, selected=false, class=android.view.ViewGroup, important-for-accessibility=false, error=}, children=[], clickable=false, enabled=true, focused=false, checked=false, selected=false), TreeNode(attributes={text=, accessibilityText=, hintText=, ignoreBoundsFiltering=false, resource-id=, clickable=false, bounds=[148,580][172,604], enabled=true, focused=false, checked=false, scrollable=false, selected=false, class=android.widget.ImageView, important-for-accessibility=false, error=}, children=[], clickable=false, enabled=true, focused=false, checked=false, selected=false), TreeNode(attributes={text=Mekan, accessibilityText=, hintText=, ignoreBoundsFiltering=false, resource-id=, clickable=false, bounds=[141,612][178,628], enabled=true, focused=false, checked=false, scrollable=false, selected=false, class=android.widget.TextView, important-for-accessibility=true, error=}, children=[], clickable=false, enabled=true, focused=false, checked=false, selected=false)], clickable=true, enabled=true, focused=false, checked=false, selected=true), bounds=Bounds(x=133, y=568, width=54, height=64))
10:31:50.767 [ INFO] maestro.Maestro.tap-HgV9Ck0: Tap aimed via settled hierarchy
10:31:50.768 [ INFO] maestro.Maestro.hierarchyBasedTap-ogj28Uc: Tapping at (160, 600) using hierarchy based logic for wait
10:31:51.210 [ INFO] maestro.cli.runner.CliConsoleListener.onCommandFinished: Tap on id: tab-venue COMPLETED
10:31:51.210 [ INFO] maestro.cli.runner.CliConsoleListener.onCommandStart: Assert that "Oda kur" is visible RUNNING
10:31:51.347 [ INFO] maestro.cli.runner.CliConsoleListener.onCommandFinished: Assert that "Oda kur" is visible COMPLETED
10:31:51.347 [ INFO] maestro.cli.runner.CliConsoleListener.onCommandStart: Tap on "Oda kur" RUNNING
10:31:51.449 [ INFO] maestro.Maestro.tap-HgV9Ck0: Tapping on element:  UiElement(treeNode=TreeNode(attributes={text=Oda kur, accessibilityText=, hintText=, ignoreBoundsFiltering=false, resource-id=, clickable=false, bounds=[57,427][117,447], enabled=true, focused=false, checked=false, scrollable=false, selected=false, class=android.widget.TextView, important-for-accessibility=true, error=}, children=[], clickable=false, enabled=true, focused=false, checked=false, selected=false), bounds=Bounds(x=57, y=427, width=60, height=20))
10:31:52.742 [ INFO] maestro.Maestro.tap-HgV9Ck0: Tap aimed via settled hierarchy
10:31:52.742 [ INFO] maestro.Maestro.hierarchyBasedTap-ogj28Uc: Tapping at (87, 437) using hierarchy based logic for wait
10:31:53.993 [ INFO] maestro.Maestro.hierarchyBasedTap-ogj28Uc: Something has changed in the UI judging by view hierarchy. Proceed.
10:31:53.993 [ INFO] maestro.cli.runner.CliConsoleListener.onCommandFinished: Tap on "Oda kur" COMPLETED
10:31:53.993 [ INFO] maestro.cli.runner.CliConsoleListener.onCommandStart: Assert that id: intent-none is visible RUNNING
10:31:54.062 [ INFO] maestro.cli.runner.CliConsoleListener.onCommandFinished: Assert that id: intent-none is visible COMPLETED
10:31:54.062 [ INFO] maestro.cli.runner.CliConsoleListener.onCommandStart: Scrolling DOWN until "Odayı kur" is visible with speed 40, visibility percentage 100%, timeout 10000 ms, with centering disabled RUNNING
10:31:54.181 [ INFO] maestro.orchestra.Orchestra.scrollUntilVisible: Scrolling try count: 0, DeviceWidth: 320, DeviceWidth: 640
10:31:54.182 [ INFO] maestro.orchestra.Orchestra.scrollUntilVisible: Element bounds: Bounds(x=120, y=565, width=81, height=22)
10:31:54.182 [ INFO] maestro.orchestra.Orchestra.scrollUntilVisible: Visibility Percent: 1.0
10:31:54.182 [ INFO] maestro.orchestra.Orchestra.scrollUntilVisible: Command centerElement: ScrollUntilVisibleCommand(selector=ElementSelector(textRegex=Odayı kur, idRegex=null, size=null, below=null, above=null, leftOf=null, rightOf=null, containsChild=null, containsDescendants=null, traits=null, index=null, enabled=null, optional=false, selected=null, checked=null, focused=null, childOf=null, css=null), direction=DOWN, scrollDuration=601, visibilityPercentage=100, timeout=10000, waitToSettleTimeoutMs=null, centerElement=false, originalSpeedValue=40, label=null, optional=false).centerElement
10:31:54.182 [ INFO] maestro.orchestra.Orchestra.scrollUntilVisible: visibilityPercentageNormalized: 1.0
10:31:54.182 [ INFO] maestro.cli.runner.CliConsoleListener.onCommandFinished: Scrolling DOWN until "Odayı kur" is visible with speed 40, visibility percentage 100%, timeout 10000 ms, with centering disabled COMPLETED
10:31:54.182 [ INFO] maestro.cli.runner.CliConsoleListener.onCommandStart: Tap on "Odayı kur" RUNNING
10:31:54.294 [ INFO] maestro.Maestro.tap-HgV9Ck0: Tapping on element:  UiElement(treeNode=TreeNode(attributes={text=Odayı kur, accessibilityText=, hintText=, ignoreBoundsFiltering=false, resource-id=, clickable=false, bounds=[120,565][201,587], enabled=true, focused=false, checked=false, scrollable=false, selected=false, class=android.widget.TextView, important-for-accessibility=true, error=}, children=[], clickable=false, enabled=true, focused=false, checked=false, selected=false), bounds=Bounds(x=120, y=565, width=81, height=22))
10:31:55.529 [ INFO] maestro.Maestro.tap-HgV9Ck0: Tap aimed via settled hierarchy
10:31:55.529 [ INFO] maestro.Maestro.hierarchyBasedTap-ogj28Uc: Tapping at (160, 576) using hierarchy based logic for wait
10:31:56.760 [ INFO] maestro.Maestro.hierarchyBasedTap-ogj28Uc: Something has changed in the UI judging by view hierarchy. Proceed.
10:31:56.760 [ INFO] maestro.cli.runner.CliConsoleListener.onCommandFinished: Tap on "Odayı kur" COMPLETED
10:31:56.760 [ INFO] maestro.cli.runner.CliConsoleListener.onCommandStart: Assert that id: solo-tabu is visible RUNNING
10:31:56.799 [ INFO] maestro.cli.runner.CliConsoleListener.onCommandFinished: Assert that id: solo-tabu is visible COMPLETED
10:31:56.799 [ INFO] maestro.cli.runner.CliConsoleListener.onCommandStart: Run ../scripts/bot.js RUNNING
10:32:13.028 [ INFO] maestro.cli.runner.CliConsoleListener.onCommandFinished: Run ../scripts/bot.js COMPLETED
10:32:13.028 [ INFO] maestro.cli.runner.CliConsoleListener.onCommandStart: Assert that "Katılma isteği" is visible RUNNING
10:32:13.849 [ INFO] maestro.cli.runner.CliConsoleListener.onCommandFinished: Assert that "Katılma isteği" is visible COMPLETED
10:32:13.849 [ INFO] maestro.cli.runner.CliConsoleListener.onCommandStart: Tap on id: join-accept RUNNING
10:32:13.872 [ INFO] maestro.Maestro.tap-HgV9Ck0: Tapping on element:  UiElement(treeNode=TreeNode(attributes={text=, accessibilityText=Kabul, hintText=, ignoreBoundsFiltering=false, resource-id=join-accept, clickable=true, bounds=[165,502][296,550], enabled=true, focused=false, checked=false, scrollable=false, selected=false, class=android.widget.Button, important-for-accessibility=true, error=}, children=[TreeNode(attributes={text=, accessibilityText=, hintText=, ignoreBoundsFiltering=false, resource-id=, clickable=false, bounds=[165,502][296,550], enabled=true, focused=false, checked=false, scrollable=false, selected=false, class=android.view.ViewGroup, important-for-accessibility=false, error=}, children=[], clickable=false, enabled=true, focused=false, checked=false, selected=false), TreeNode(attributes={text=Kabul, accessibilityText=, hintText=, ignoreBoundsFiltering=false, resource-id=, clickable=false, bounds=[209,516][253,536], enabled=true, focused=false, checked=false, scrollable=false, selected=false, class=android.widget.TextView, important-for-accessibility=true, error=}, children=[], clickable=false, enabled=true, focused=false, checked=false, selected=false)], clickable=true, enabled=true, focused=false, checked=false, selected=false), bounds=Bounds(x=165, y=502, width=131, height=48))
10:32:15.221 [ INFO] maestro.Maestro.tap-HgV9Ck0: Tap aimed via settled hierarchy
10:32:15.221 [ INFO] maestro.Maestro.hierarchyBasedTap-ogj28Uc: Tapping at (230, 526) using hierarchy based logic for wait
10:32:16.195 [ INFO] maestro.Maestro.hierarchyBasedTap-ogj28Uc: Something has changed in the UI judging by view hierarchy. Proceed.
10:32:16.195 [ INFO] maestro.cli.runner.CliConsoleListener.onCommandFinished: Tap on id: join-accept COMPLETED
10:32:16.195 [ INFO] maestro.cli.runner.CliConsoleListener.onCommandStart: Assert that id: propose-sarki is visible RUNNING
10:32:16.311 [ INFO] maestro.cli.runner.CliConsoleListener.onCommandFinished: Assert that id: propose-sarki is visible COMPLETED
10:32:16.311 [ INFO] maestro.cli.runner.CliConsoleListener.onCommandStart: Tap on id: propose-sarki RUNNING
10:32:16.431 [ INFO] maestro.Maestro.tap-HgV9Ck0: Tapping on element:  UiElement(treeNode=TreeNode(attributes={text=, accessibilityText=Şarkıda Geçsin öner, hintText=, ignoreBoundsFiltering=false, resource-id=propose-sarki, clickable=true, bounds=[166,317][286,409], enabled=true, focused=false, checked=false, scrollable=false, selected=false, class=android.widget.Button, important-for-accessibility=true, error=}, children=[TreeNode(attributes={text=, accessibilityText=, hintText=, ignoreBoundsFiltering=false, resource-id=, clickable=false, bounds=[166,317][286,409], enabled=true, focused=false, checked=false, scrollable=false, selected=false, class=android.view.ViewGroup, important-for-accessibility=false, error=}, children=[TreeNode(attributes={text=Şarkıda Geçsin, accessibilityText=, hintText=, ignoreBoundsFiltering=false, resource-id=, clickable=false, bounds=[178,329][274,367], enabled=true, focused=false, checked=false, scrollable=false, selected=false, class=android.widget.TextView, important-for-accessibility=true, error=}, children=[], clickable=false, enabled=true, focused=false, checked=false, selected=false), TreeNode(attributes={text=, accessibilityText=, hintText=, ignoreBoundsFiltering=false, resource-id=, clickable=false, bounds=[236,361][286,409], enabled=true, focused=false, checked=false, scrollable=false, selected=false, class=android.widget.ImageView, important-for-accessibility=false, error=}, children=[], clickable=false, enabled=true, focused=false, checked=false, selected=false)], clickable=false, enabled=true, focused=false, checked=false, selected=false)], clickable=true, enabled=true, focused=false, checked=false, selected=false), bounds=Bounds(x=166, y=317, width=120, height=92))
10:32:17.675 [ INFO] maestro.Maestro.tap-HgV9Ck0: Tap aimed via settled hierarchy
10:32:17.675 [ INFO] maestro.Maestro.hierarchyBasedTap-ogj28Uc: Tapping at (226, 363) using hierarchy based logic for wait
10:32:18.597 [ INFO] maestro.Maestro.hierarchyBasedTap-ogj28Uc: Something has changed in the UI judging by view hierarchy. Proceed.
10:32:18.597 [ INFO] maestro.cli.runner.CliConsoleListener.onCommandFinished: Tap on id: propose-sarki COMPLETED
10:32:18.597 [ INFO] maestro.cli.runner.CliConsoleListener.onCommandStart: Run ../scripts/bot.js RUNNING
10:32:18.674 [ INFO] maestro.cli.runner.CliConsoleListener.onCommandFinished: Run ../scripts/bot.js COMPLETED
10:32:18.674 [ INFO] maestro.cli.runner.CliConsoleListener.onCommandStart: Assert that id: turn-start is visible RUNNING
10:32:19.789 [ INFO] maestro.cli.runner.CliConsoleListener.onCommandFinished: Assert that id: turn-start is visible COMPLETED
10:32:19.790 [ INFO] maestro.cli.runner.CliConsoleListener.onCommandStart: Tap on id: turn-start RUNNING
10:32:19.854 [ INFO] maestro.Maestro.tap-HgV9Ck0: Tapping on element:  UiElement(treeNode=TreeNode(attributes={text=, accessibilityText=Turu başlat, hintText=, ignoreBoundsFiltering=false, resource-id=turn-start, clickable=true, bounds=[62,80][258,266], enabled=true, focused=false, checked=false, scrollable=false, selected=false, class=android.widget.Button, important-for-accessibility=true, error=}, children=[TreeNode(attributes={text=, accessibilityText=, hintText=, ignoreBoundsFiltering=false, resource-id=, clickable=false, bounds=[62,80][258,266], enabled=true, focused=false, checked=false, scrollable=false, selected=false, class=android.view.ViewGroup, important-for-accessibility=false, error=}, children=[], clickable=false, enabled=true, focused=false, checked=false, selected=false), TreeNode(attributes={text=Başla, accessibilityText=, hintText=, ignoreBoundsFiltering=false, resource-id=, clickable=false, bounds=[89,139][231,197], enabled=true, focused=false, checked=false, scrollable=false, selected=false, class=android.widget.TextView, important-for-accessibility=true, error=}, children=[], clickable=false, enabled=true, focused=false, checked=false, selected=false)], clickable=true, enabled=true, focused=false, checked=false, selected=false), bounds=Bounds(x=62, y=80, width=196, height=186))
10:32:21.036 [ INFO] maestro.Maestro.tap-HgV9Ck0: Tap aimed via settled hierarchy
10:32:21.037 [ INFO] maestro.Maestro.hierarchyBasedTap-ogj28Uc: Tapping at (160, 173) using hierarchy based logic for wait
10:32:22.385 [ INFO] maestro.Maestro.hierarchyBasedTap-ogj28Uc: Something has changed in the UI judging by view hierarchy. Proceed.
10:32:22.385 [ INFO] maestro.cli.runner.CliConsoleListener.onCommandFinished: Tap on id: turn-start COMPLETED
10:32:22.385 [ INFO] maestro.cli.runner.CliConsoleListener.onCommandStart: Assert that id: say-said is visible RUNNING
10:32:22.455 [ INFO] maestro.cli.runner.CliConsoleListener.onCommandFinished: Assert that id: say-said is visible COMPLETED
10:32:22.455 [ INFO] maestro.cli.runner.CliConsoleListener.onCommandStart: Take screenshot 50-sarki-said RUNNING
10:32:22.455 [ INFO] maestro.Maestro.takeScreenshot: Taking screenshot
10:32:22.456 [TRACE] maestro.utils.ScreenshotUtils.takeScreenshot: Taking screenshot to output sink
10:32:22.516 [ INFO] maestro.cli.runner.CliConsoleListener.onCommandFinished: Take screenshot 50-sarki-said COMPLETED
10:32:22.516 [ INFO] maestro.cli.runner.CliConsoleListener.onCommandStart: Tap on id: say-said RUNNING
10:32:22.638 [ INFO] maestro.Maestro.tap-HgV9Ck0: Tapping on element:  UiElement(treeNode=TreeNode(attributes={text=, accessibilityText=Söyledik, hintText=, ignoreBoundsFiltering=false, resource-id=say-said, clickable=true, bounds=[16,507][304,571], enabled=true, focused=false, checked=false, scrollable=false, selected=false, class=android.widget.Button, important-for-accessibility=true, error=}, children=[TreeNode(attributes={text=, accessibilityText=, hintText=, ignoreBoundsFiltering=false, resource-id=, clickable=false, bounds=[16,507][304,571], enabled=true, focused=false, checked=false, scrollable=false, selected=false, class=android.view.ViewGroup, important-for-accessibility=false, error=}, children=[], clickable=false, enabled=true, focused=false, checked=false, selected=false), TreeNode(attributes={text=Söyledik, accessibilityText=, hintText=, ignoreBoundsFiltering=false, resource-id=, clickable=false, bounds=[124,528][196,550], enabled=true, focused=false, checked=false, scrollable=false, selected=false, class=android.widget.TextView, important-for-accessibility=true, error=}, children=[], clickable=false, enabled=true, focused=false, checked=false, selected=false)], clickable=true, enabled=true, focused=false, checked=false, selected=false), bounds=Bounds(x=16, y=507, width=288, height=64))
10:32:23.753 [ INFO] maestro.Maestro.tap-HgV9Ck0: Tap aimed via settled hierarchy
10:32:23.754 [ INFO] maestro.Maestro.hierarchyBasedTap-ogj28Uc: Tapping at (160, 539) using hierarchy based logic for wait
10:32:25.057 [ INFO] maestro.Maestro.hierarchyBasedTap-ogj28Uc: Something has changed in the UI judging by view hierarchy. Proceed.
10:32:25.057 [ INFO] maestro.cli.runner.CliConsoleListener.onCommandFinished: Tap on id: say-said COMPLETED
10:32:25.057 [ INFO] maestro.cli.runner.CliConsoleListener.onCommandStart: Run ../scripts/bot.js RUNNING
10:32:25.132 [ INFO] maestro.cli.runner.CliConsoleListener.onCommandFinished: Run ../scripts/bot.js COMPLETED
10:32:25.132 [ INFO] maestro.cli.runner.CliConsoleListener.onCommandStart: Run ../scripts/bot.js RUNNING
10:32:25.166 [ INFO] maestro.cli.runner.CliConsoleListener.onCommandFinished: Run ../scripts/bot.js COMPLETED
10:32:25.166 [ INFO] maestro.cli.runner.CliConsoleListener.onCommandStart: Scrolling DOWN until id: say-object is visible with speed 40, visibility percentage 100%, timeout 15000 ms, with centering disabled RUNNING
10:32:26.018 [ INFO] maestro.orchestra.Orchestra.scrollUntilVisible: Scrolling try count: 0, DeviceWidth: 320, DeviceWidth: 640
10:32:26.018 [ INFO] maestro.orchestra.Orchestra.scrollUntilVisible: Element bounds: Bounds(x=16, y=615, width=288, height=25)
10:32:26.019 [ INFO] maestro.orchestra.Orchestra.scrollUntilVisible: Visibility Percent: 1.0
10:32:26.019 [ INFO] maestro.orchestra.Orchestra.scrollUntilVisible: Command centerElement: ScrollUntilVisibleCommand(selector=ElementSelector(textRegex=null, idRegex=say-object, size=null, below=null, above=null, leftOf=null, rightOf=null, containsChild=null, containsDescendants=null, traits=null, index=null, enabled=null, optional=false, selected=null, checked=null, focused=null, childOf=null, css=null), direction=DOWN, scrollDuration=601, visibilityPercentage=100, timeout=15000, waitToSettleTimeoutMs=null, centerElement=false, originalSpeedValue=40, label=null, optional=false).centerElement
10:32:26.019 [ INFO] maestro.orchestra.Orchestra.scrollUntilVisible: visibilityPercentageNormalized: 1.0
10:32:26.019 [ INFO] maestro.cli.runner.CliConsoleListener.onCommandFinished: Scrolling DOWN until id: say-object is visible with speed 40, visibility percentage 100%, timeout 15000 ms, with centering disabled COMPLETED
10:32:26.019 [ INFO] maestro.cli.runner.CliConsoleListener.onCommandStart: Tap on id: say-object RUNNING
10:32:26.104 [ INFO] maestro.Maestro.tap-HgV9Ck0: Tapping on element:  UiElement(treeNode=TreeNode(attributes={text=, accessibilityText=İtiraz, 3 itiraz hakkı kaldı, hintText=, ignoreBoundsFiltering=false, resource-id=say-object, clickable=true, bounds=[16,615][304,640], enabled=true, focused=false, checked=false, scrollable=false, selected=false, class=android.widget.Button, important-for-accessibility=true, error=}, children=[TreeNode(attributes={text=, accessibilityText=, hintText=, ignoreBoundsFiltering=false, resource-id=, clickable=false, bounds=[16,615][304,640], enabled=true, focused=false, checked=false, scrollable=false, selected=false, class=android.view.ViewGroup, important-for-accessibility=false, error=}, children=[], clickable=false, enabled=true, focused=false, checked=false, selected=false), TreeNode(attributes={text=İtiraz, accessibilityText=, hintText=, ignoreBoundsFiltering=false, resource-id=, clickable=false, bounds=[117,636][160,640], enabled=true, focused=false, checked=false, scrollable=false, selected=false, class=android.widget.TextView, important-for-accessibility=true, error=}, children=[], clickable=false, enabled=true, focused=false, checked=false, selected=false), TreeNode(attributes={text=3 hak, accessibilityText=, hintText=, ignoreBoundsFiltering=false, resource-id=, clickable=false, bounds=[164,638][204,640], enabled=true, focused=false, checked=false, scrollable=false, selected=false, class=android.widget.TextView, important-for-accessibility=true, error=}, children=[], clickable=false, enabled=true, focused=false, checked=false, selected=false)], clickable=true, enabled=true, focused=false, checked=false, selected=false), bounds=Bounds(x=16, y=615, width=288, height=25))
10:32:28.313 [ INFO] maestro.Maestro.tap-HgV9Ck0: Tap aimed via settled hierarchy
10:32:28.314 [ INFO] maestro.Maestro.hierarchyBasedTap-ogj28Uc: Tapping at (160, 627) using hierarchy based logic for wait
10:32:29.614 [ INFO] maestro.Maestro.hierarchyBasedTap-ogj28Uc: Something has changed in the UI judging by view hierarchy. Proceed.
10:32:29.614 [ INFO] maestro.cli.runner.CliConsoleListener.onCommandFinished: Tap on id: say-object COMPLETED
10:32:29.614 [ INFO] maestro.cli.runner.CliConsoleListener.onCommandStart: Assert that "siz · 2 hak" is visible RUNNING
10:32:29.727 [ INFO] maestro.cli.runner.CliConsoleListener.onCommandFinished: Assert that "siz · 2 hak" is visible COMPLETED
10:32:29.727 [ INFO] maestro.cli.runner.CliConsoleListener.onCommandStart: Take screenshot 51-sarki-objected RUNNING
10:32:29.727 [ INFO] maestro.Maestro.takeScreenshot: Taking screenshot
10:32:29.727 [TRACE] maestro.utils.ScreenshotUtils.takeScreenshot: Taking screenshot to output sink
10:32:29.789 [ INFO] maestro.cli.runner.CliConsoleListener.onCommandFinished: Take screenshot 51-sarki-objected COMPLETED
10:32:29.789 [ INFO] maestro.cli.runner.CliConsoleListener.onCommandStart: Run ../scripts/bot.js RUNNING
10:32:29.877 [ INFO] maestro.cli.runner.CliConsoleListener.onCommandFinished: Run ../scripts/bot.js COMPLETED
10:32:29.877 [ INFO] maestro.cli.runner.CliConsoleListener.onCommandStart: Take screenshot 52-sarki-short RUNNING
10:32:29.877 [ INFO] maestro.Maestro.takeScreenshot: Taking screenshot
10:32:29.877 [TRACE] maestro.utils.ScreenshotUtils.takeScreenshot: Taking screenshot to output sink
10:32:29.902 [ INFO] maestro.cli.runner.CliConsoleListener.onCommandFinished: Take screenshot 52-sarki-short COMPLETED
10:32:29.902 [ INFO] maestro.cli.runner.CliConsoleListener.onCommandStart: Assert that id: last-game is visible RUNNING
10:32:41.418 [ INFO] maestro.cli.runner.CliConsoleListener.onCommandFinished: Assert that id: last-game is visible COMPLETED
10:32:41.418 [ INFO] maestro.cli.runner.CliConsoleListener.onCommandStart: Take screenshot 53-sarki-result RUNNING
10:32:41.419 [ INFO] maestro.Maestro.takeScreenshot: Taking screenshot
10:32:41.419 [TRACE] maestro.utils.ScreenshotUtils.takeScreenshot: Taking screenshot to output sink
10:32:41.444 [ INFO] maestro.cli.runner.CliConsoleListener.onCommandFinished: Take screenshot 53-sarki-result COMPLETED
10:32:41.444 [ INFO] maestro.cli.runner.CliConsoleListener.onCommandStart: Run ../scripts/bot.js RUNNING
10:32:41.511 [ INFO] maestro.cli.runner.CliConsoleListener.onCommandFinished: Run ../scripts/bot.js COMPLETED
10:32:41.511 [ INFO] maestro.cli.runner.CliConsoleListener.onCommandStart: Assert that "Tanışalım mı\?" is visible RUNNING
10:32:42.674 [ INFO] maestro.cli.runner.CliConsoleListener.onCommandFinished: Assert that "Tanışalım mı\?" is visible COMPLETED
10:32:42.674 [ INFO] maestro.cli.runner.CliConsoleListener.onCommandStart: Tap on id: reveal-no RUNNING
10:32:42.738 [ INFO] maestro.Maestro.tap-HgV9Ck0: Tapping on element:  UiElement(treeNode=TreeNode(attributes={text=, accessibilityText=Hayır, hintText=, ignoreBoundsFiltering=false, resource-id=reveal-no, clickable=true, bounds=[37,313][155,361], enabled=true, focused=false, checked=false, scrollable=false, selected=false, class=android.widget.Button, important-for-accessibility=true, error=}, children=[TreeNode(attributes={text=, accessibilityText=, hintText=, ignoreBoundsFiltering=false, resource-id=, clickable=false, bounds=[37,313][155,361], enabled=true, focused=false, checked=false, scrollable=false, selected=false, class=android.view.ViewGroup, important-for-accessibility=false, error=}, children=[], clickable=false, enabled=true, focused=false, checked=false, selected=false), TreeNode(attributes={text=Hayır, accessibilityText=, hintText=, ignoreBoundsFiltering=false, resource-id=, clickable=false, bounds=[76,327][116,347], enabled=true, focused=false, checked=false, scrollable=false, selected=false, class=android.widget.TextView, important-for-accessibility=true, error=}, children=[], clickable=false, enabled=true, focused=false, checked=false, selected=false)], clickable=true, enabled=true, focused=false, checked=false, selected=false), bounds=Bounds(x=37, y=313, width=118, height=48))
10:32:43.758 [ INFO] maestro.Maestro.tap-HgV9Ck0: Tap aimed via settled hierarchy
10:32:43.759 [ INFO] maestro.Maestro.hierarchyBasedTap-ogj28Uc: Tapping at (96, 337) using hierarchy based logic for wait
10:32:44.697 [ INFO] maestro.Maestro.hierarchyBasedTap-ogj28Uc: Something has changed in the UI judging by view hierarchy. Proceed.
10:32:44.697 [ INFO] maestro.cli.runner.CliConsoleListener.onCommandFinished: Tap on id: reveal-no COMPLETED
10:32:44.697 [ INFO] maestro.cli.runner.CliConsoleListener.onCommandStart: Assert that "Güzel oyundu.*" is visible RUNNING
10:32:44.758 [ INFO] maestro.cli.runner.CliConsoleListener.onCommandFinished: Assert that "Güzel oyundu.*" is visible COMPLETED
10:32:44.758 [ INFO] maestro.cli.runner.CliConsoleListener.onCommandStart: Run ../scripts/bot.js RUNNING
10:32:44.831 [ INFO] maestro.cli.runner.CliConsoleListener.onCommandFinished: Run ../scripts/bot.js COMPLETED
10:32:44.831 [ INFO] maestro.cli.runner.CliConsoleListener.onCommandStart: Tap on "Mekana dön" RUNNING
10:32:44.941 [ INFO] maestro.Maestro.tap-HgV9Ck0: Tapping on element:  UiElement(treeNode=TreeNode(attributes={text=Mekana dön, accessibilityText=, hintText=, ignoreBoundsFiltering=false, resource-id=, clickable=false, bounds=[115,229][206,249], enabled=true, focused=false, checked=false, scrollable=false, selected=false, class=android.widget.TextView, important-for-accessibility=true, error=}, children=[], clickable=false, enabled=true, focused=false, checked=false, selected=false), bounds=Bounds(x=115, y=229, width=91, height=20))
10:32:46.084 [ INFO] maestro.Maestro.tap-HgV9Ck0: Tap aimed via settled hierarchy
10:32:46.084 [ INFO] maestro.Maestro.hierarchyBasedTap-ogj28Uc: Tapping at (160, 239) using hierarchy based logic for wait
10:32:47.371 [ INFO] maestro.Maestro.hierarchyBasedTap-ogj28Uc: Something has changed in the UI judging by view hierarchy. Proceed.
10:32:47.371 [ INFO] maestro.cli.runner.CliConsoleListener.onCommandFinished: Tap on "Mekana dön" COMPLETED
10:32:47.371 [ INFO] maestro.cli.runner.CliConsoleListener.onCommandStart: Assert that "Oda kur" is visible RUNNING
10:32:47.489 [ INFO] maestro.cli.runner.CliConsoleListener.onCommandFinished: Assert that "Oda kur" is visible COMPLETED
10:32:47.489 [ INFO] maestro.cli.runner.CliConsoleListener.onCommandFinished: Run flows/11-sarki.yaml COMPLETED
10:32:47.489 [ INFO] maestro.cli.runner.CliConsoleListener.onCommandStart: Run flows/12-ibre.yaml RUNNING
10:32:47.489 [ INFO] maestro.cli.runner.CliConsoleListener.onCommandStart: Apply configuration RUNNING
10:32:47.489 [ INFO] maestro.cli.runner.CliConsoleListener.onCommandFinished: Apply configuration COMPLETED
10:32:47.489 [ INFO] maestro.cli.runner.CliConsoleListener.onCommandStart: Run ../scripts/bot.js RUNNING
10:32:47.558 [ INFO] maestro.cli.runner.CliConsoleListener.onCommandFinished: Run ../scripts/bot.js COMPLETED
10:32:47.558 [ INFO] maestro.cli.runner.CliConsoleListener.onCommandStart: Run ../scripts/bot.js RUNNING
10:32:47.643 [ INFO] maestro.cli.runner.CliConsoleListener.onCommandFinished: Run ../scripts/bot.js COMPLETED
10:32:47.643 [ INFO] maestro.cli.runner.CliConsoleListener.onCommandStart: Tap on id: tab-venue RUNNING
10:32:47.743 [ INFO] maestro.Maestro.tap-HgV9Ck0: Tapping on element:  UiElement(treeNode=TreeNode(attributes={text=, accessibilityText=Mekan, hintText=, ignoreBoundsFiltering=false, resource-id=tab-venue, clickable=true, bounds=[133,568][187,632], enabled=true, focused=false, checked=false, scrollable=false, selected=true, class=android.view.View, important-for-accessibility=true, error=}, children=[TreeNode(attributes={text=, accessibilityText=, hintText=, ignoreBoundsFiltering=false, resource-id=, clickable=false, bounds=[140,572][180,612], enabled=true, focused=false, checked=false, scrollable=false, selected=false, class=android.view.ViewGroup, important-for-accessibility=false, error=}, children=[], clickable=false, enabled=true, focused=false, checked=false, selected=false), TreeNode(attributes={text=, accessibilityText=, hintText=, ignoreBoundsFiltering=false, resource-id=, clickable=false, bounds=[148,580][172,604], enabled=true, focused=false, checked=false, scrollable=false, selected=false, class=android.widget.ImageView, important-for-accessibility=false, error=}, children=[], clickable=false, enabled=true, focused=false, checked=false, selected=false), TreeNode(attributes={text=Mekan, accessibilityText=, hintText=, ignoreBoundsFiltering=false, resource-id=, clickable=false, bounds=[141,612][178,628], enabled=true, focused=false, checked=false, scrollable=false, selected=false, class=android.widget.TextView, important-for-accessibility=true, error=}, children=[], clickable=false, enabled=true, focused=false, checked=false, selected=false)], clickable=true, enabled=true, focused=false, checked=false, selected=true), bounds=Bounds(x=133, y=568, width=54, height=64))
10:32:48.971 [ INFO] maestro.Maestro.tap-HgV9Ck0: Tap aimed via settled hierarchy
10:32:48.972 [ INFO] maestro.Maestro.hierarchyBasedTap-ogj28Uc: Tapping at (160, 600) using hierarchy based logic for wait
10:32:49.336 [ INFO] maestro.cli.runner.CliConsoleListener.onCommandFinished: Tap on id: tab-venue COMPLETED
10:32:49.336 [ INFO] maestro.cli.runner.CliConsoleListener.onCommandStart: Assert that "Oda kur" is visible RUNNING
10:32:49.461 [ INFO] maestro.cli.runner.CliConsoleListener.onCommandFinished: Assert that "Oda kur" is visible COMPLETED
10:32:49.461 [ INFO] maestro.cli.runner.CliConsoleListener.onCommandStart: Tap on "Oda kur" RUNNING
10:32:49.593 [ INFO] maestro.Maestro.tap-HgV9Ck0: Tapping on element:  UiElement(treeNode=TreeNode(attributes={text=Oda kur, accessibilityText=, hintText=, ignoreBoundsFiltering=false, resource-id=, clickable=false, bounds=[57,427][117,447], enabled=true, focused=false, checked=false, scrollable=false, selected=false, class=android.widget.TextView, important-for-accessibility=true, error=}, children=[], clickable=false, enabled=true, focused=false, checked=false, selected=false), bounds=Bounds(x=57, y=427, width=60, height=20))
10:32:50.848 [ INFO] maestro.Maestro.tap-HgV9Ck0: Tap aimed via settled hierarchy
10:32:50.848 [ INFO] maestro.Maestro.hierarchyBasedTap-ogj28Uc: Tapping at (87, 437) using hierarchy based logic for wait
10:32:52.185 [ INFO] maestro.Maestro.hierarchyBasedTap-ogj28Uc: Something has changed in the UI judging by view hierarchy. Proceed.
10:32:52.185 [ INFO] maestro.cli.runner.CliConsoleListener.onCommandFinished: Tap on "Oda kur" COMPLETED
10:32:52.185 [ INFO] maestro.cli.runner.CliConsoleListener.onCommandStart: Assert that id: intent-none is visible RUNNING
10:32:52.298 [ INFO] maestro.cli.runner.CliConsoleListener.onCommandFinished: Assert that id: intent-none is visible COMPLETED
10:32:52.298 [ INFO] maestro.cli.runner.CliConsoleListener.onCommandStart: Scrolling DOWN until "Odayı kur" is visible with speed 40, visibility percentage 100%, timeout 10000 ms, with centering disabled RUNNING
10:32:52.418 [ INFO] maestro.orchestra.Orchestra.scrollUntilVisible: Scrolling try count: 0, DeviceWidth: 320, DeviceWidth: 640
10:32:52.418 [ INFO] maestro.orchestra.Orchestra.scrollUntilVisible: Element bounds: Bounds(x=120, y=565, width=81, height=22)
10:32:52.418 [ INFO] maestro.orchestra.Orchestra.scrollUntilVisible: Visibility Percent: 1.0
10:32:52.419 [ INFO] maestro.orchestra.Orchestra.scrollUntilVisible: Command centerElement: ScrollUntilVisibleCommand(selector=ElementSelector(textRegex=Odayı kur, idRegex=null, size=null, below=null, above=null, leftOf=null, rightOf=null, containsChild=null, containsDescendants=null, traits=null, index=null, enabled=null, optional=false, selected=null, checked=null, focused=null, childOf=null, css=null), direction=DOWN, scrollDuration=601, visibilityPercentage=100, timeout=10000, waitToSettleTimeoutMs=null, centerElement=false, originalSpeedValue=40, label=null, optional=false).centerElement
10:32:52.419 [ INFO] maestro.orchestra.Orchestra.scrollUntilVisible: visibilityPercentageNormalized: 1.0
10:32:52.419 [ INFO] maestro.cli.runner.CliConsoleListener.onCommandFinished: Scrolling DOWN until "Odayı kur" is visible with speed 40, visibility percentage 100%, timeout 10000 ms, with centering disabled COMPLETED
10:32:52.419 [ INFO] maestro.cli.runner.CliConsoleListener.onCommandStart: Tap on "Odayı kur" RUNNING
10:32:52.530 [ INFO] maestro.Maestro.tap-HgV9Ck0: Tapping on element:  UiElement(treeNode=TreeNode(attributes={text=Odayı kur, accessibilityText=, hintText=, ignoreBoundsFiltering=false, resource-id=, clickable=false, bounds=[120,565][201,587], enabled=true, focused=false, checked=false, scrollable=false, selected=false, class=android.widget.TextView, important-for-accessibility=true, error=}, children=[], clickable=false, enabled=true, focused=false, checked=false, selected=false), bounds=Bounds(x=120, y=565, width=81, height=22))
10:32:53.761 [ INFO] maestro.Maestro.tap-HgV9Ck0: Tap aimed via settled hierarchy
10:32:53.762 [ INFO] maestro.Maestro.hierarchyBasedTap-ogj28Uc: Tapping at (160, 576) using hierarchy based logic for wait
10:32:55.001 [ INFO] maestro.Maestro.hierarchyBasedTap-ogj28Uc: Something has changed in the UI judging by view hierarchy. Proceed.
10:32:55.001 [ INFO] maestro.cli.runner.CliConsoleListener.onCommandFinished: Tap on "Odayı kur" COMPLETED
10:32:55.001 [ INFO] maestro.cli.runner.CliConsoleListener.onCommandStart: Assert that id: solo-tabu is visible RUNNING
10:32:55.100 [ INFO] maestro.cli.runner.CliConsoleListener.onCommandFinished: Assert that id: solo-tabu is visible COMPLETED
10:32:55.100 [ INFO] maestro.cli.runner.CliConsoleListener.onCommandStart: Run ../scripts/bot.js RUNNING
10:33:11.822 [ INFO] maestro.cli.runner.CliConsoleListener.onCommandFinished: Run ../scripts/bot.js COMPLETED
10:33:11.824 [ INFO] maestro.cli.runner.CliConsoleListener.onCommandStart: Assert that "Katılma isteği" is visible RUNNING
10:33:12.545 [ INFO] maestro.cli.runner.CliConsoleListener.onCommandFinished: Assert that "Katılma isteği" is visible COMPLETED
10:33:12.545 [ INFO] maestro.cli.runner.CliConsoleListener.onCommandStart: Tap on id: join-accept RUNNING
10:33:13.197 [ INFO] maestro.Maestro.tap-HgV9Ck0: Tapping on element:  UiElement(treeNode=TreeNode(attributes={text=, accessibilityText=Kabul, hintText=, ignoreBoundsFiltering=false, resource-id=join-accept, clickable=true, bounds=[165,502][296,550], enabled=true, focused=false, checked=false, scrollable=false, selected=false, class=android.widget.Button, important-for-accessibility=true, error=}, children=[TreeNode(attributes={text=, accessibilityText=, hintText=, ignoreBoundsFiltering=false, resource-id=, clickable=false, bounds=[165,502][296,550], enabled=true, focused=false, checked=false, scrollable=false, selected=false, class=android.view.ViewGroup, important-for-accessibility=false, error=}, children=[], clickable=false, enabled=true, focused=false, checked=false, selected=false), TreeNode(attributes={text=Kabul, accessibilityText=, hintText=, ignoreBoundsFiltering=false, resource-id=, clickable=false, bounds=[209,516][253,536], enabled=true, focused=false, checked=false, scrollable=false, selected=false, class=android.widget.TextView, important-for-accessibility=true, error=}, children=[], clickable=false, enabled=true, focused=false, checked=false, selected=false)], clickable=true, enabled=true, focused=false, checked=false, selected=false), bounds=Bounds(x=165, y=502, width=131, height=48))
10:33:14.432 [ INFO] maestro.Maestro.tap-HgV9Ck0: Tap aimed via settled hierarchy
10:33:14.433 [ INFO] maestro.Maestro.hierarchyBasedTap-ogj28Uc: Tapping at (230, 526) using hierarchy based logic for wait
10:33:15.610 [ INFO] maestro.Maestro.hierarchyBasedTap-ogj28Uc: Something has changed in the UI judging by view hierarchy. Proceed.
10:33:15.610 [ INFO] maestro.cli.runner.CliConsoleListener.onCommandFinished: Tap on id: join-accept COMPLETED
10:33:15.610 [ INFO] maestro.cli.runner.CliConsoleListener.onCommandStart: Scrolling DOWN until id: propose-ibre is visible with speed 40, visibility percentage 100%, timeout 15000 ms, with centering disabled RUNNING
10:33:15.728 [ INFO] maestro.orchestra.Orchestra.scrollUntilVisible: Scrolling try count: 0, DeviceWidth: 320, DeviceWidth: 640
10:33:15.728 [ INFO] maestro.orchestra.Orchestra.scrollUntilVisible: Element bounds: Bounds(x=34, y=427, width=120, height=92)
10:33:15.728 [ INFO] maestro.orchestra.Orchestra.scrollUntilVisible: Visibility Percent: 1.0
10:33:15.728 [ INFO] maestro.orchestra.Orchestra.scrollUntilVisible: Command centerElement: ScrollUntilVisibleCommand(selector=ElementSelector(textRegex=null, idRegex=propose-ibre, size=null, below=null, above=null, leftOf=null, rightOf=null, containsChild=null, containsDescendants=null, traits=null, index=null, enabled=null, optional=false, selected=null, checked=null, focused=null, childOf=null, css=null), direction=DOWN, scrollDuration=601, visibilityPercentage=100, timeout=15000, waitToSettleTimeoutMs=null, centerElement=false, originalSpeedValue=40, label=null, optional=false).centerElement
10:33:15.728 [ INFO] maestro.orchestra.Orchestra.scrollUntilVisible: visibilityPercentageNormalized: 1.0
10:33:15.728 [ INFO] maestro.cli.runner.CliConsoleListener.onCommandFinished: Scrolling DOWN until id: propose-ibre is visible with speed 40, visibility percentage 100%, timeout 15000 ms, with centering disabled COMPLETED
10:33:15.728 [ INFO] maestro.cli.runner.CliConsoleListener.onCommandStart: Tap on id: propose-ibre RUNNING
10:33:15.848 [ INFO] maestro.Maestro.tap-HgV9Ck0: Tapping on element:  UiElement(treeNode=TreeNode(attributes={text=, accessibilityText=İbre öner, hintText=, ignoreBoundsFiltering=false, resource-id=propose-ibre, clickable=true, bounds=[34,427][154,519], enabled=true, focused=false, checked=false, scrollable=false, selected=false, class=android.widget.Button, important-for-accessibility=true, error=}, children=[TreeNode(attributes={text=, accessibilityText=, hintText=, ignoreBoundsFiltering=false, resource-id=, clickable=false, bounds=[34,427][154,519], enabled=true, focused=false, checked=false, scrollable=false, selected=false, class=android.view.ViewGroup, important-for-accessibility=false, error=}, children=[TreeNode(attributes={text=İbre, accessibilityText=, hintText=, ignoreBoundsFiltering=false, resource-id=, clickable=false, bounds=[46,439][142,458], enabled=true, focused=false, checked=false, scrollable=false, selected=false, class=android.widget.TextView, important-for-accessibility=true, error=}, children=[], clickable=false, enabled=true, focused=false, checked=false, selected=false), TreeNode(attributes={text=, accessibilityText=, hintText=, ignoreBoundsFiltering=false, resource-id=, clickable=false, bounds=[104,471][154,519], enabled=true, focused=false, checked=false, scrollable=false, selected=false, class=android.widget.ImageView, important-for-accessibility=false, error=}, children=[], clickable=false, enabled=true, focused=false, checked=false, selected=false)], clickable=false, enabled=true, focused=false, checked=false, selected=false)], clickable=true, enabled=true, focused=false, checked=false, selected=false), bounds=Bounds(x=34, y=427, width=120, height=92))
10:33:17.170 [ INFO] maestro.Maestro.tap-HgV9Ck0: Tap aimed via settled hierarchy
10:33:17.170 [ INFO] maestro.Maestro.hierarchyBasedTap-ogj28Uc: Tapping at (94, 473) using hierarchy based logic for wait
10:33:18.386 [ INFO] maestro.Maestro.hierarchyBasedTap-ogj28Uc: Something has changed in the UI judging by view hierarchy. Proceed.
10:33:18.386 [ INFO] maestro.cli.runner.CliConsoleListener.onCommandFinished: Tap on id: propose-ibre COMPLETED
10:33:18.386 [ INFO] maestro.cli.runner.CliConsoleListener.onCommandStart: Run ../scripts/bot.js RUNNING
10:33:18.453 [ INFO] maestro.cli.runner.CliConsoleListener.onCommandFinished: Run ../scripts/bot.js COMPLETED
10:33:18.453 [ INFO] maestro.cli.runner.CliConsoleListener.onCommandStart: Assert that id: turn-start is visible RUNNING
10:33:19.373 [ INFO] maestro.cli.runner.CliConsoleListener.onCommandFinished: Assert that id: turn-start is visible COMPLETED
10:33:19.373 [ INFO] maestro.cli.runner.CliConsoleListener.onCommandStart: Take screenshot 54-ibre-ready RUNNING
10:33:19.374 [ INFO] maestro.Maestro.takeScreenshot: Taking screenshot
10:33:19.375 [TRACE] maestro.utils.ScreenshotUtils.takeScreenshot: Taking screenshot to output sink
10:33:19.397 [ INFO] maestro.cli.runner.CliConsoleListener.onCommandFinished: Take screenshot 54-ibre-ready COMPLETED
10:33:19.397 [ INFO] maestro.cli.runner.CliConsoleListener.onCommandStart: Tap on id: turn-start RUNNING
10:33:19.502 [ INFO] maestro.Maestro.tap-HgV9Ck0: Tapping on element:  UiElement(treeNode=TreeNode(attributes={text=, accessibilityText=Turu başlat, hintText=, ignoreBoundsFiltering=false, resource-id=turn-start, clickable=true, bounds=[62,175][258,371], enabled=true, focused=false, checked=false, scrollable=false, selected=false, class=android.widget.Button, important-for-accessibility=true, error=}, children=[TreeNode(attributes={text=, accessibilityText=, hintText=, ignoreBoundsFiltering=false, resource-id=, clickable=false, bounds=[62,175][258,371], enabled=true, focused=false, checked=false, scrollable=false, selected=false, class=android.view.ViewGroup, important-for-accessibility=false, error=}, children=[], clickable=false, enabled=true, focused=false, checked=false, selected=false), TreeNode(attributes={text=Başla, accessibilityText=, hintText=, ignoreBoundsFiltering=false, resource-id=, clickable=false, bounds=[89,244][231,302], enabled=true, focused=false, checked=false, scrollable=false, selected=false, class=android.widget.TextView, important-for-accessibility=true, error=}, children=[], clickable=false, enabled=true, focused=false, checked=false, selected=false)], clickable=true, enabled=true, focused=false, checked=false, selected=false), bounds=Bounds(x=62, y=175, width=196, height=196))
10:33:20.725 [ INFO] maestro.Maestro.tap-HgV9Ck0: Tap aimed via settled hierarchy
10:33:20.725 [ INFO] maestro.Maestro.hierarchyBasedTap-ogj28Uc: Tapping at (160, 273) using hierarchy based logic for wait
10:33:22.198 [ INFO] maestro.Maestro.hierarchyBasedTap-ogj28Uc: Something has changed in the UI judging by view hierarchy. Proceed.
10:33:22.198 [ INFO] maestro.cli.runner.CliConsoleListener.onCommandFinished: Tap on id: turn-start COMPLETED
10:33:22.198 [ INFO] maestro.cli.runner.CliConsoleListener.onCommandStart: Run ../scripts/bot.js RUNNING
10:33:22.229 [ INFO] maestro.cli.runner.CliConsoleListener.onCommandFinished: Run ../scripts/bot.js COMPLETED
10:33:22.229 [ INFO] maestro.cli.runner.CliConsoleListener.onCommandStart: Assert that id: ibre-hold is visible RUNNING
10:33:22.318 [ INFO] maestro.cli.runner.CliConsoleListener.onCommandFinished: Assert that id: ibre-hold is visible COMPLETED
10:33:22.318 [ INFO] maestro.cli.runner.CliConsoleListener.onCommandStart: Long press on id: ibre-hold RUNNING
10:33:22.446 [ INFO] maestro.Maestro.tap-HgV9Ck0: Tapping on element:  UiElement(treeNode=TreeNode(attributes={text=, accessibilityText=Hedefi görmek için basılı tut, hintText=, ignoreBoundsFiltering=false, resource-id=ibre-hold, clickable=true, bounds=[16,310][304,499], enabled=true, focused=false, checked=false, scrollable=false, selected=false, class=android.widget.Button, important-for-accessibility=true, error=}, children=[TreeNode(attributes={text=, accessibilityText=Soğuk ile Sıcak arasında ölçek, hintText=, ignoreBoundsFiltering=false, resource-id=, clickable=false, bounds=[16,310][304,468], enabled=true, focused=false, checked=false, scrollable=false, selected=false, class=android.view.ViewGroup, important-for-accessibility=true, error=}, children=[TreeNode(attributes={text=, accessibilityText=, hintText=, ignoreBoundsFiltering=false, resource-id=, clickable=false, bounds=[16,310][304,468], enabled=true, focused=false, checked=false, scrollable=false, selected=false, class=android.view.ViewGroup, important-for-accessibility=false, error=}, children=[], clickable=false, enabled=true, focused=false, checked=false, selected=false), TreeNode(attributes={text=, accessibilityText=, hintText=, ignoreBoundsFiltering=false, resource-id=ibre-cover, clickable=false, bounds=[16,310][304,468], enabled=true, focused=false, checked=false, scrollable=false, selected=false, class=android.view.ViewGroup, important-for-accessibility=true, error=}, children=[], clickable=false, enabled=true, focused=false, checked=false, selected=false), TreeNode(attributes={text=, accessibilityText=, hintText=, ignoreBoundsFiltering=false, resource-id=, clickable=false, bounds=[138,353][182,397], enabled=true, focused=false, checked=false, scrollable=false, selected=false, class=android.widget.ImageView, important-for-accessibility=false, error=}, children=[], clickable=false, enabled=true, focused=false, checked=false, selected=false), TreeNode(attributes={text=Basılı tut, hedefi gör, accessibilityText=, hintText=, ignoreBoundsFiltering=false, resource-id=, clickable=false, bounds=[86,402][234,425], enabled=true, focused=false, checked=false, scrollable=false, selected=false, class=android.widget.TextView, important-for-accessibility=true, error=}, children=[], clickable=false, enabled=true, focused=false, checked=false, selected=false), TreeNode(attributes={text=, accessibilityText=, hintText=, ignoreBoundsFiltering=false, resource-id=, clickable=false, bounds=[146,440][174,468], enabled=true, focused=false, checked=false, scrollable=false, selected=false, class=android.view.ViewGroup, important-for-accessibility=false, error=}, children=[], clickable=false, enabled=true, focused=false, checked=false, selected=false)], clickable=false, enabled=true, focused=false, checked=false, selected=false), TreeNode(attributes={text=Soğuk, accessibilityText=, hintText=, ignoreBoundsFiltering=false, resource-id=, clickable=false, bounds=[16,476][154,499], enabled=true, focused=false, checked=false, scrollable=false, selected=false, class=android.widget.TextView, important-for-accessibility=true, error=}, children=[], clickable=false, enabled=true, focused=false, checked=false, selected=false), TreeNode(attributes={text=Sıcak, accessibilityText=, hintText=, ignoreBoundsFiltering=false, resource-id=, clickable=false, bounds=[166,476][304,499], enabled=true, focused=false, checked=false, scrollable=false, selected=false, class=android.widget.TextView, important-for-accessibility=true, error=}, children=[], clickable=false, enabled=true, focused=false, checked=false, selected=false)], clickable=true, enabled=true, focused=false, checked=false, selected=false), bounds=Bounds(x=16, y=310, width=288, height=189))
10:33:24.441 [ INFO] maestro.Maestro.tap-HgV9Ck0: Tap aimed via settled hierarchy
10:33:24.442 [ INFO] maestro.Maestro.hierarchyBasedTap-ogj28Uc: Tapping at (160, 404) using hierarchy based logic for wait
10:33:28.455 [ INFO] maestro.Maestro.hierarchyBasedTap-ogj28Uc: Something has changed in the UI judging by view hierarchy. Proceed.
10:33:28.455 [ INFO] maestro.cli.runner.CliConsoleListener.onCommandFinished: Long press on id: ibre-hold COMPLETED
10:33:28.456 [ INFO] maestro.cli.runner.CliConsoleListener.onCommandStart: Scrolling DOWN until id: ibre-drag is visible with speed 40, visibility percentage 100%, timeout 15000 ms, with centering disabled RUNNING
10:33:29.137 [ INFO] maestro.orchestra.Orchestra.scrollUntilVisible: Scrolling try count: 0, DeviceWidth: 320, DeviceWidth: 640
10:33:29.137 [ INFO] maestro.orchestra.Orchestra.scrollUntilVisible: Element bounds: Bounds(x=16, y=515, width=288, height=125)
10:33:29.137 [ INFO] maestro.orchestra.Orchestra.scrollUntilVisible: Visibility Percent: 1.0
10:33:29.137 [ INFO] maestro.orchestra.Orchestra.scrollUntilVisible: Command centerElement: ScrollUntilVisibleCommand(selector=ElementSelector(textRegex=null, idRegex=ibre-drag, size=null, below=null, above=null, leftOf=null, rightOf=null, containsChild=null, containsDescendants=null, traits=null, index=null, enabled=null, optional=false, selected=null, checked=null, focused=null, childOf=null, css=null), direction=DOWN, scrollDuration=601, visibilityPercentage=100, timeout=15000, waitToSettleTimeoutMs=null, centerElement=false, originalSpeedValue=40, label=null, optional=false).centerElement
10:33:29.137 [ INFO] maestro.orchestra.Orchestra.scrollUntilVisible: visibilityPercentageNormalized: 1.0
10:33:29.137 [ INFO] maestro.cli.runner.CliConsoleListener.onCommandFinished: Scrolling DOWN until id: ibre-drag is visible with speed 40, visibility percentage 100%, timeout 15000 ms, with centering disabled COMPLETED
10:33:29.137 [ INFO] maestro.cli.runner.CliConsoleListener.onCommandStart: Swiping in RIGHT direction on id: ibre-drag RUNNING
10:33:29.215 [ INFO] maestro.Maestro.swipe: Swiping RIGHT from point: Point(x=160, y=577)
10:33:31.070 [ INFO] maestro.cli.runner.CliConsoleListener.onCommandFinished: Swiping in RIGHT direction on id: ibre-drag COMPLETED
10:33:31.070 [ INFO] maestro.cli.runner.CliConsoleListener.onCommandStart: Scrolling DOWN until id: ibre-plus is visible with speed 40, visibility percentage 100%, timeout 15000 ms, with centering disabled RUNNING
10:33:32.258 [ WARN] maestro.orchestra.Orchestra.scrollUntilVisible: Error: maestro.MaestroException$ElementNotFound: Element not found: Id matching regex: ibre-plus
10:33:32.300 [ INFO] maestro.Maestro.swipeFromCenter: Swiping UP from center
10:33:34.199 [ INFO] maestro.orchestra.Orchestra.scrollUntilVisible: Scrolling try count: 0, DeviceWidth: 320, DeviceWidth: 640
10:33:34.199 [ INFO] maestro.orchestra.Orchestra.scrollUntilVisible: Element bounds: Bounds(x=191, y=438, width=48, height=48)
10:33:34.199 [ INFO] maestro.orchestra.Orchestra.scrollUntilVisible: Visibility Percent: 1.0
10:33:34.199 [ INFO] maestro.orchestra.Orchestra.scrollUntilVisible: Command centerElement: ScrollUntilVisibleCommand(selector=ElementSelector(textRegex=null, idRegex=ibre-plus, size=null, below=null, above=null, leftOf=null, rightOf=null, containsChild=null, containsDescendants=null, traits=null, index=null, enabled=null, optional=false, selected=null, checked=null, focused=null, childOf=null, css=null), direction=DOWN, scrollDuration=601, visibilityPercentage=100, timeout=15000, waitToSettleTimeoutMs=null, centerElement=false, originalSpeedValue=40, label=null, optional=false).centerElement
10:33:34.199 [ INFO] maestro.orchestra.Orchestra.scrollUntilVisible: visibilityPercentageNormalized: 1.0
10:33:34.199 [ INFO] maestro.cli.runner.CliConsoleListener.onCommandFinished: Scrolling DOWN until id: ibre-plus is visible with speed 40, visibility percentage 100%, timeout 15000 ms, with centering disabled COMPLETED
10:33:34.199 [ INFO] maestro.cli.runner.CliConsoleListener.onCommandStart: Tap on id: ibre-plus RUNNING
10:33:34.314 [ INFO] maestro.Maestro.tap-HgV9Ck0: Tapping on element:  UiElement(treeNode=TreeNode(attributes={text=, accessibilityText=İbreyi sağa al, hintText=, ignoreBoundsFiltering=false, resource-id=ibre-plus, clickable=true, bounds=[191,438][239,486], enabled=true, focused=false, checked=false, scrollable=false, selected=false, class=android.widget.Button, important-for-accessibility=true, error=}, children=[TreeNode(attributes={text=, accessibilityText=, hintText=, ignoreBoundsFiltering=false, resource-id=, clickable=false, bounds=[191,438][239,486], enabled=true, focused=false, checked=false, scrollable=false, selected=false, class=android.view.ViewGroup, important-for-accessibility=false, error=}, children=[], clickable=false, enabled=true, focused=false, checked=false, selected=false), TreeNode(attributes={text=+, accessibilityText=, hintText=, ignoreBoundsFiltering=false, resource-id=, clickable=false, bounds=[208,448][221,476], enabled=true, focused=false, checked=false, scrollable=false, selected=false, class=android.widget.TextView, important-for-accessibility=true, error=}, children=[], clickable=false, enabled=true, focused=false, checked=false, selected=false)], clickable=true, enabled=true, focused=false, checked=false, selected=false), bounds=Bounds(x=191, y=438, width=48, height=48))
10:33:35.186 [ INFO] maestro.Maestro.tap-HgV9Ck0: Tap aimed via settled hierarchy
10:33:35.186 [ INFO] maestro.Maestro.hierarchyBasedTap-ogj28Uc: Tapping at (215, 462) using hierarchy based logic for wait
10:33:36.101 [ INFO] maestro.Maestro.hierarchyBasedTap-ogj28Uc: Something has changed in the UI judging by view hierarchy. Proceed.
10:33:36.102 [ INFO] maestro.cli.runner.CliConsoleListener.onCommandFinished: Tap on id: ibre-plus COMPLETED
10:33:36.102 [ INFO] maestro.cli.runner.CliConsoleListener.onCommandStart: Take screenshot 55-ibre-needle RUNNING
10:33:36.102 [ INFO] maestro.Maestro.takeScreenshot: Taking screenshot
10:33:36.102 [TRACE] maestro.utils.ScreenshotUtils.takeScreenshot: Taking screenshot to output sink
10:33:36.175 [ INFO] maestro.cli.runner.CliConsoleListener.onCommandFinished: Take screenshot 55-ibre-needle COMPLETED
10:33:36.175 [ INFO] maestro.cli.runner.CliConsoleListener.onCommandStart: Scrolling DOWN until id: ibre-lock is visible with speed 40, visibility percentage 100%, timeout 15000 ms, with centering disabled RUNNING
10:33:36.310 [ INFO] maestro.orchestra.Orchestra.scrollUntilVisible: Scrolling try count: 0, DeviceWidth: 320, DeviceWidth: 640
10:33:36.310 [ INFO] maestro.orchestra.Orchestra.scrollUntilVisible: Element bounds: Bounds(x=16, y=498, width=288, height=64)
10:33:36.310 [ INFO] maestro.orchestra.Orchestra.scrollUntilVisible: Visibility Percent: 1.0
10:33:36.310 [ INFO] maestro.orchestra.Orchestra.scrollUntilVisible: Command centerElement: ScrollUntilVisibleCommand(selector=ElementSelector(textRegex=null, idRegex=ibre-lock, size=null, below=null, above=null, leftOf=null, rightOf=null, containsChild=null, containsDescendants=null, traits=null, index=null, enabled=null, optional=false, selected=null, checked=null, focused=null, childOf=null, css=null), direction=DOWN, scrollDuration=601, visibilityPercentage=100, timeout=15000, waitToSettleTimeoutMs=null, centerElement=false, originalSpeedValue=40, label=null, optional=false).centerElement
10:33:36.310 [ INFO] maestro.orchestra.Orchestra.scrollUntilVisible: visibilityPercentageNormalized: 1.0
10:33:36.310 [ INFO] maestro.cli.runner.CliConsoleListener.onCommandFinished: Scrolling DOWN until id: ibre-lock is visible with speed 40, visibility percentage 100%, timeout 15000 ms, with centering disabled COMPLETED
10:33:36.310 [ INFO] maestro.cli.runner.CliConsoleListener.onCommandStart: Tap on id: ibre-lock RUNNING
10:33:36.427 [ INFO] maestro.Maestro.tap-HgV9Ck0: Tapping on element:  UiElement(treeNode=TreeNode(attributes={text=, accessibilityText=İbreyi onayla, hintText=, ignoreBoundsFiltering=false, resource-id=ibre-lock, clickable=true, bounds=[16,498][304,562], enabled=true, focused=false, checked=false, scrollable=false, selected=false, class=android.widget.Button, important-for-accessibility=true, error=}, children=[TreeNode(attributes={text=, accessibilityText=, hintText=, ignoreBoundsFiltering=false, resource-id=, clickable=false, bounds=[16,498][304,562], enabled=true, focused=false, checked=false, scrollable=false, selected=false, class=android.view.ViewGroup, important-for-accessibility=false, error=}, children=[], clickable=false, enabled=true, focused=false, checked=false, selected=false), TreeNode(attributes={text=İbreyi onayla, accessibilityText=, hintText=, ignoreBoundsFiltering=false, resource-id=, clickable=false, bounds=[106,519][214,541], enabled=true, focused=false, checked=false, scrollable=false, selected=false, class=android.widget.TextView, important-for-accessibility=true, error=}, children=[], clickable=false, enabled=true, focused=false, checked=false, selected=false)], clickable=true, enabled=true, focused=false, checked=false, selected=false), bounds=Bounds(x=16, y=498, width=288, height=64))
10:33:38.222 [ INFO] maestro.Maestro.tap-HgV9Ck0: Tap aimed via settled hierarchy
10:33:38.223 [ INFO] maestro.Maestro.hierarchyBasedTap-ogj28Uc: Tapping at (160, 530) using hierarchy based logic for wait
10:33:39.586 [ INFO] maestro.Maestro.hierarchyBasedTap-ogj28Uc: Something has changed in the UI judging by view hierarchy. Proceed.
10:33:39.586 [ INFO] maestro.cli.runner.CliConsoleListener.onCommandFinished: Tap on id: ibre-lock COMPLETED
10:33:39.586 [ INFO] maestro.cli.runner.CliConsoleListener.onCommandStart: Run ../scripts/bot.js RUNNING
10:33:39.661 [ INFO] maestro.cli.runner.CliConsoleListener.onCommandFinished: Run ../scripts/bot.js COMPLETED
10:33:39.661 [ INFO] maestro.cli.runner.CliConsoleListener.onCommandStart: Assert that id: ibre-reveal is visible RUNNING
10:33:40.662 [ INFO] maestro.cli.runner.CliConsoleListener.onCommandFinished: Assert that id: ibre-reveal is visible COMPLETED
10:33:40.662 [ INFO] maestro.cli.runner.CliConsoleListener.onCommandStart: Take screenshot 56-ibre-reveal RUNNING
10:33:40.663 [ INFO] maestro.Maestro.takeScreenshot: Taking screenshot
10:33:40.663 [TRACE] maestro.utils.ScreenshotUtils.takeScreenshot: Taking screenshot to output sink
10:33:40.684 [ INFO] maestro.cli.runner.CliConsoleListener.onCommandFinished: Take screenshot 56-ibre-reveal COMPLETED
10:33:40.685 [ INFO] maestro.cli.runner.CliConsoleListener.onCommandStart: Run ../scripts/bot.js RUNNING
10:33:40.749 [ INFO] maestro.cli.runner.CliConsoleListener.onCommandFinished: Run ../scripts/bot.js COMPLETED
10:33:40.749 [ INFO] maestro.cli.runner.CliConsoleListener.onCommandStart: Run ../scripts/bot.js RUNNING
10:33:40.864 [ INFO] maestro.cli.runner.CliConsoleListener.onCommandFinished: Run ../scripts/bot.js COMPLETED
10:33:40.864 [ INFO] maestro.cli.runner.CliConsoleListener.onCommandStart: Run ../scripts/bot.js RUNNING
10:33:40.888 [ INFO] maestro.cli.runner.CliConsoleListener.onCommandFinished: Run ../scripts/bot.js COMPLETED
10:33:40.888 [ INFO] maestro.cli.runner.CliConsoleListener.onCommandStart: Assert that id: ibre-side-phase is visible RUNNING
10:33:41.940 [ INFO] maestro.cli.runner.CliConsoleListener.onCommandFinished: Assert that id: ibre-side-phase is visible COMPLETED
10:33:41.940 [ INFO] maestro.cli.runner.CliConsoleListener.onCommandStart: Scrolling DOWN until id: ibre-side-left is visible with speed 40, visibility percentage 100%, timeout 15000 ms, with centering disabled RUNNING
10:33:42.068 [ INFO] maestro.orchestra.Orchestra.scrollUntilVisible: Scrolling try count: 0, DeviceWidth: 320, DeviceWidth: 640
10:33:42.068 [ INFO] maestro.orchestra.Orchestra.scrollUntilVisible: Element bounds: Bounds(x=16, y=536, width=139, height=64)
10:33:42.068 [ INFO] maestro.orchestra.Orchestra.scrollUntilVisible: Visibility Percent: 1.0
10:33:42.068 [ INFO] maestro.orchestra.Orchestra.scrollUntilVisible: Command centerElement: ScrollUntilVisibleCommand(selector=ElementSelector(textRegex=null, idRegex=ibre-side-left, size=null, below=null, above=null, leftOf=null, rightOf=null, containsChild=null, containsDescendants=null, traits=null, index=null, enabled=null, optional=false, selected=null, checked=null, focused=null, childOf=null, css=null), direction=DOWN, scrollDuration=601, visibilityPercentage=100, timeout=15000, waitToSettleTimeoutMs=null, centerElement=false, originalSpeedValue=40, label=null, optional=false).centerElement
10:33:42.068 [ INFO] maestro.orchestra.Orchestra.scrollUntilVisible: visibilityPercentageNormalized: 1.0
10:33:42.068 [ INFO] maestro.cli.runner.CliConsoleListener.onCommandFinished: Scrolling DOWN until id: ibre-side-left is visible with speed 40, visibility percentage 100%, timeout 15000 ms, with centering disabled COMPLETED
10:33:42.068 [ INFO] maestro.cli.runner.CliConsoleListener.onCommandStart: Take screenshot 57-ibre-side RUNNING
10:33:42.069 [ INFO] maestro.Maestro.takeScreenshot: Taking screenshot
10:33:42.069 [TRACE] maestro.utils.ScreenshotUtils.takeScreenshot: Taking screenshot to output sink
10:33:42.134 [ INFO] maestro.cli.runner.CliConsoleListener.onCommandFinished: Take screenshot 57-ibre-side COMPLETED
10:33:42.134 [ INFO] maestro.cli.runner.CliConsoleListener.onCommandStart: Tap on id: ibre-side-left RUNNING
10:33:42.781 [ INFO] maestro.Maestro.tap-HgV9Ck0: Tapping on element:  UiElement(treeNode=TreeNode(attributes={text=, accessibilityText=← Daha sol, hintText=, ignoreBoundsFiltering=false, resource-id=ibre-side-left, clickable=true, bounds=[16,536][155,600], enabled=true, focused=false, checked=false, scrollable=false, selected=false, class=android.widget.Button, important-for-accessibility=true, error=}, children=[TreeNode(attributes={text=, accessibilityText=, hintText=, ignoreBoundsFiltering=false, resource-id=, clickable=false, bounds=[16,536][155,600], enabled=true, focused=false, checked=false, scrollable=false, selected=false, class=android.view.ViewGroup, important-for-accessibility=false, error=}, children=[], clickable=false, enabled=true, focused=false, checked=false, selected=false), TreeNode(attributes={text=← Daha sol, accessibilityText=, hintText=, ignoreBoundsFiltering=false, resource-id=, clickable=false, bounds=[38,546][133,590], enabled=true, focused=false, checked=false, scrollable=false, selected=false, class=android.widget.TextView, important-for-accessibility=true, error=}, children=[], clickable=false, enabled=true, focused=false, checked=false, selected=false)], clickable=true, enabled=true, focused=false, checked=false, selected=false), bounds=Bounds(x=16, y=536, width=139, height=64))
10:33:44.147 [ INFO] maestro.Maestro.tap-HgV9Ck0: Tap aimed via settled hierarchy
10:33:44.148 [ INFO] maestro.Maestro.hierarchyBasedTap-ogj28Uc: Tapping at (85, 568) using hierarchy based logic for wait
10:33:45.210 [ INFO] maestro.Maestro.hierarchyBasedTap-ogj28Uc: Something has changed in the UI judging by view hierarchy. Proceed.
10:33:45.210 [ INFO] maestro.cli.runner.CliConsoleListener.onCommandFinished: Tap on id: ibre-side-left COMPLETED
10:33:45.210 [ INFO] maestro.cli.runner.CliConsoleListener.onCommandStart: Assert that id: ibre-reveal is visible RUNNING
10:33:45.327 [ INFO] maestro.cli.runner.CliConsoleListener.onCommandFinished: Assert that id: ibre-reveal is visible COMPLETED
10:33:45.327 [ INFO] maestro.cli.runner.CliConsoleListener.onCommandStart: Run ../scripts/bot.js RUNNING
10:33:45.413 [ INFO] maestro.cli.runner.CliConsoleListener.onCommandFinished: Run ../scripts/bot.js COMPLETED
10:33:45.413 [ INFO] maestro.cli.runner.CliConsoleListener.onCommandStart: Assert that id: last-game is visible RUNNING
10:33:46.345 [ INFO] maestro.cli.runner.CliConsoleListener.onCommandFinished: Assert that id: last-game is visible COMPLETED
10:33:46.345 [ INFO] maestro.cli.runner.CliConsoleListener.onCommandStart: Take screenshot 58-ibre-result RUNNING
10:33:46.345 [ INFO] maestro.Maestro.takeScreenshot: Taking screenshot
10:33:46.346 [TRACE] maestro.utils.ScreenshotUtils.takeScreenshot: Taking screenshot to output sink
10:33:46.380 [ INFO] maestro.cli.runner.CliConsoleListener.onCommandFinished: Take screenshot 58-ibre-result COMPLETED
10:33:46.380 [ INFO] maestro.cli.runner.CliConsoleListener.onCommandStart: Run ../scripts/bot.js RUNNING
10:33:46.464 [ INFO] maestro.cli.runner.CliConsoleListener.onCommandFinished: Run ../scripts/bot.js COMPLETED
10:33:46.464 [ INFO] maestro.cli.runner.CliConsoleListener.onCommandStart: Assert that "Tanışalım mı\?" is visible RUNNING
10:33:47.530 [ INFO] maestro.cli.runner.CliConsoleListener.onCommandFinished: Assert that "Tanışalım mı\?" is visible COMPLETED
10:33:47.530 [ INFO] maestro.cli.runner.CliConsoleListener.onCommandStart: Tap on id: reveal-no RUNNING
10:33:47.555 [ INFO] maestro.Maestro.tap-HgV9Ck0: Tapping on element:  UiElement(treeNode=TreeNode(attributes={text=, accessibilityText=Hayır, hintText=, ignoreBoundsFiltering=false, resource-id=reveal-no, clickable=true, bounds=[37,313][155,361], enabled=true, focused=false, checked=false, scrollable=false, selected=false, class=android.widget.Button, important-for-accessibility=true, error=}, children=[TreeNode(attributes={text=, accessibilityText=, hintText=, ignoreBoundsFiltering=false, resource-id=, clickable=false, bounds=[37,313][155,361], enabled=true, focused=false, checked=false, scrollable=false, selected=false, class=android.view.ViewGroup, important-for-accessibility=false, error=}, children=[], clickable=false, enabled=true, focused=false, checked=false, selected=false), TreeNode(attributes={text=Hayır, accessibilityText=, hintText=, ignoreBoundsFiltering=false, resource-id=, clickable=false, bounds=[76,327][116,347], enabled=true, focused=false, checked=false, scrollable=false, selected=false, class=android.widget.TextView, important-for-accessibility=true, error=}, children=[], clickable=false, enabled=true, focused=false, checked=false, selected=false)], clickable=true, enabled=true, focused=false, checked=false, selected=false), bounds=Bounds(x=37, y=313, width=118, height=48))
10:33:48.691 [ INFO] maestro.Maestro.tap-HgV9Ck0: Tap aimed via settled hierarchy
10:33:48.691 [ INFO] maestro.Maestro.hierarchyBasedTap-ogj28Uc: Tapping at (96, 337) using hierarchy based logic for wait
10:33:49.577 [ INFO] maestro.Maestro.hierarchyBasedTap-ogj28Uc: Something has changed in the UI judging by view hierarchy. Proceed.
10:33:49.577 [ INFO] maestro.cli.runner.CliConsoleListener.onCommandFinished: Tap on id: reveal-no COMPLETED
10:33:49.577 [ INFO] maestro.cli.runner.CliConsoleListener.onCommandStart: Assert that "Güzel oyundu.*" is visible RUNNING
10:33:49.645 [ INFO] maestro.cli.runner.CliConsoleListener.onCommandFinished: Assert that "Güzel oyundu.*" is visible COMPLETED
10:33:49.646 [ INFO] maestro.cli.runner.CliConsoleListener.onCommandStart: Run ../scripts/bot.js RUNNING
10:33:49.707 [ INFO] maestro.cli.runner.CliConsoleListener.onCommandFinished: Run ../scripts/bot.js COMPLETED
10:33:49.707 [ INFO] maestro.cli.runner.CliConsoleListener.onCommandStart: Tap on "Mekana dön" RUNNING
10:33:49.773 [ INFO] maestro.Maestro.tap-HgV9Ck0: Tapping on element:  UiElement(treeNode=TreeNode(attributes={text=Mekana dön, accessibilityText=, hintText=, ignoreBoundsFiltering=false, resource-id=, clickable=false, bounds=[115,229][206,249], enabled=true, focused=false, checked=false, scrollable=false, selected=false, class=android.widget.TextView, important-for-accessibility=true, error=}, children=[], clickable=false, enabled=true, focused=false, checked=false, selected=false), bounds=Bounds(x=115, y=229, width=91, height=20))
10:33:50.949 [ INFO] maestro.Maestro.tap-HgV9Ck0: Tap aimed via settled hierarchy
10:33:50.950 [ INFO] maestro.Maestro.hierarchyBasedTap-ogj28Uc: Tapping at (160, 239) using hierarchy based logic for wait
10:33:52.198 [ INFO] maestro.Maestro.hierarchyBasedTap-ogj28Uc: Something has changed in the UI judging by view hierarchy. Proceed.
10:33:52.198 [ INFO] maestro.cli.runner.CliConsoleListener.onCommandFinished: Tap on "Mekana dön" COMPLETED
10:33:52.198 [ INFO] maestro.cli.runner.CliConsoleListener.onCommandStart: Assert that "Oda kur" is visible RUNNING
10:33:52.347 [ INFO] maestro.cli.runner.CliConsoleListener.onCommandFinished: Assert that "Oda kur" is visible COMPLETED
10:33:52.347 [ INFO] maestro.cli.runner.CliConsoleListener.onCommandFinished: Run flows/12-ibre.yaml COMPLETED
10:33:52.347 [ INFO] maestro.cli.runner.CliConsoleListener.onCommandStart: Run flows/07-history-block.yaml RUNNING
10:33:52.348 [ INFO] maestro.cli.runner.CliConsoleListener.onCommandStart: Apply configuration RUNNING
10:33:52.348 [ INFO] maestro.cli.runner.CliConsoleListener.onCommandFinished: Apply configuration COMPLETED
10:33:52.348 [ INFO] maestro.cli.runner.CliConsoleListener.onCommandStart: Tap on id: tab-messages RUNNING
10:33:52.515 [ INFO] maestro.Maestro.tap-HgV9Ck0: Tapping on element:  UiElement(treeNode=TreeNode(attributes={text=, accessibilityText=Mesajlar, hintText=, ignoreBoundsFiltering=false, resource-id=tab-messages, clickable=true, bounds=[187,568][242,632], enabled=true, focused=false, checked=false, scrollable=false, selected=false, class=android.view.View, important-for-accessibility=true, error=}, children=[TreeNode(attributes={text=, accessibilityText=, hintText=, ignoreBoundsFiltering=false, resource-id=, clickable=false, bounds=[202,580][226,604], enabled=true, focused=false, checked=false, scrollable=false, selected=false, class=android.widget.ImageView, important-for-accessibility=false, error=}, children=[], clickable=false, enabled=true, focused=false, checked=false, selected=false), TreeNode(attributes={text=Mesajlar, accessibilityText=, hintText=, ignoreBoundsFiltering=false, resource-id=, clickable=false, bounds=[190,612][238,628], enabled=true, focused=false, checked=false, scrollable=false, selected=false, class=android.widget.TextView, important-for-accessibility=true, error=}, children=[], clickable=false, enabled=true, focused=false, checked=false, selected=false)], clickable=true, enabled=true, focused=false, checked=false, selected=false), bounds=Bounds(x=187, y=568, width=55, height=64))
10:33:53.764 [ INFO] maestro.Maestro.tap-HgV9Ck0: Tap aimed via settled hierarchy
10:33:53.764 [ INFO] maestro.Maestro.hierarchyBasedTap-ogj28Uc: Tapping at (214, 600) using hierarchy based logic for wait
10:33:54.962 [ INFO] maestro.Maestro.hierarchyBasedTap-ogj28Uc: Something has changed in the UI judging by view hierarchy. Proceed.
10:33:54.962 [ INFO] maestro.cli.runner.CliConsoleListener.onCommandFinished: Tap on id: tab-messages COMPLETED
10:33:54.962 [ INFO] maestro.cli.runner.CliConsoleListener.onCommandStart: Tap on id: bell RUNNING
10:33:55.079 [ INFO] maestro.Maestro.tap-HgV9Ck0: Tapping on element:  UiElement(treeNode=TreeNode(attributes={text=, accessibilityText=Bildirimler, hintText=, ignoreBoundsFiltering=false, resource-id=bell, clickable=true, bounds=[256,36][300,80], enabled=true, focused=false, checked=false, scrollable=false, selected=false, class=android.widget.Button, important-for-accessibility=true, error=}, children=[TreeNode(attributes={text=, accessibilityText=, hintText=, ignoreBoundsFiltering=false, resource-id=, clickable=false, bounds=[256,36][300,80], enabled=true, focused=false, checked=false, scrollable=false, selected=false, class=android.view.ViewGroup, important-for-accessibility=false, error=}, children=[], clickable=false, enabled=true, focused=false, checked=false, selected=false), TreeNode(attributes={text=, accessibilityText=, hintText=, ignoreBoundsFiltering=false, resource-id=, clickable=false, bounds=[266,46][290,70], enabled=true, focused=false, checked=false, scrollable=false, selected=false, class=android.widget.ImageView, important-for-accessibility=false, error=}, children=[], clickable=false, enabled=true, focused=false, checked=false, selected=false)], clickable=true, enabled=true, focused=false, checked=false, selected=false), bounds=Bounds(x=256, y=36, width=44, height=44))
10:33:56.370 [ INFO] maestro.Maestro.tap-HgV9Ck0: Tap aimed via settled hierarchy
10:33:56.371 [ INFO] maestro.Maestro.hierarchyBasedTap-ogj28Uc: Tapping at (278, 58) using hierarchy based logic for wait
10:33:57.638 [ INFO] maestro.Maestro.hierarchyBasedTap-ogj28Uc: Something has changed in the UI judging by view hierarchy. Proceed.
10:33:57.638 [ INFO] maestro.cli.runner.CliConsoleListener.onCommandFinished: Tap on id: bell COMPLETED
10:33:57.638 [ INFO] maestro.cli.runner.CliConsoleListener.onCommandStart: Assert that ".*masasıyla Sesli Tabu.*" is visible RUNNING
10:33:57.715 [ INFO] maestro.cli.runner.CliConsoleListener.onCommandFinished: Assert that ".*masasıyla Sesli Tabu.*" is visible COMPLETED
10:33:57.715 [ INFO] maestro.cli.runner.CliConsoleListener.onCommandStart: Take screenshot 30-history RUNNING
10:33:57.715 [ INFO] maestro.Maestro.takeScreenshot: Taking screenshot
10:33:57.716 [TRACE] maestro.utils.ScreenshotUtils.takeScreenshot: Taking screenshot to output sink
10:33:57.739 [ INFO] maestro.cli.runner.CliConsoleListener.onCommandFinished: Take screenshot 30-history COMPLETED
10:33:57.739 [ INFO] maestro.cli.runner.CliConsoleListener.onCommandStart: Tap on id: history-more, Index: 0 RUNNING
10:33:57.846 [ INFO] maestro.Maestro.tap-HgV9Ck0: Tapping on element:  UiElement(treeNode=TreeNode(attributes={text=, accessibilityText=Diğer, hintText=, ignoreBoundsFiltering=false, resource-id=history-more, clickable=true, bounds=[199,363][284,411], enabled=true, focused=false, checked=false, scrollable=false, selected=false, class=android.widget.Button, important-for-accessibility=true, error=}, children=[TreeNode(attributes={text=, accessibilityText=, hintText=, ignoreBoundsFiltering=false, resource-id=, clickable=false, bounds=[199,363][284,411], enabled=true, focused=false, checked=false, scrollable=false, selected=false, class=android.view.ViewGroup, important-for-accessibility=false, error=}, children=[], clickable=false, enabled=true, focused=false, checked=false, selected=false), TreeNode(attributes={text=Diğer, accessibilityText=, hintText=, ignoreBoundsFiltering=false, resource-id=, clickable=false, bounds=[221,377][262,397], enabled=true, focused=false, checked=false, scrollable=false, selected=false, class=android.widget.TextView, important-for-accessibility=true, error=}, children=[], clickable=false, enabled=true, focused=false, checked=false, selected=false)], clickable=true, enabled=true, focused=false, checked=false, selected=false), bounds=Bounds(x=199, y=363, width=85, height=48))
10:33:59.078 [ INFO] maestro.Maestro.tap-HgV9Ck0: Tap aimed via settled hierarchy
10:33:59.078 [ INFO] maestro.Maestro.hierarchyBasedTap-ogj28Uc: Tapping at (241, 387) using hierarchy based logic for wait
10:33:59.885 [ INFO] maestro.Maestro.hierarchyBasedTap-ogj28Uc: Something has changed in the UI judging by view hierarchy. Proceed.
10:33:59.885 [ INFO] maestro.cli.runner.CliConsoleListener.onCommandFinished: Tap on id: history-more, Index: 0 COMPLETED
10:33:59.885 [ INFO] maestro.cli.runner.CliConsoleListener.onCommandStart: Assert that "Bu masa" is visible RUNNING
10:33:59.950 [ INFO] maestro.cli.runner.CliConsoleListener.onCommandFinished: Assert that "Bu masa" is visible COMPLETED
10:33:59.950 [ INFO] maestro.cli.runner.CliConsoleListener.onCommandStart: Take screenshot 31-history-menu RUNNING
10:33:59.950 [ INFO] maestro.Maestro.takeScreenshot: Taking screenshot
10:33:59.950 [TRACE] maestro.utils.ScreenshotUtils.takeScreenshot: Taking screenshot to output sink
10:34:00.063 [ INFO] maestro.cli.runner.CliConsoleListener.onCommandFinished: Take screenshot 31-history-menu COMPLETED
10:34:00.063 [ INFO] maestro.cli.runner.CliConsoleListener.onCommandStart: Tap on id: menu-block RUNNING
10:34:00.165 [ INFO] maestro.Maestro.tap-HgV9Ck0: Tapping on element:  UiElement(treeNode=TreeNode(attributes={text=, accessibilityText=Engelle, hintText=, ignoreBoundsFiltering=false, resource-id=menu-block, clickable=true, bounds=[24,508][296,556], enabled=true, focused=false, checked=false, scrollable=false, selected=false, class=android.widget.Button, important-for-accessibility=true, error=}, children=[TreeNode(attributes={text=, accessibilityText=, hintText=, ignoreBoundsFiltering=false, resource-id=, clickable=false, bounds=[24,508][296,556], enabled=true, focused=false, checked=false, scrollable=false, selected=false, class=android.view.ViewGroup, important-for-accessibility=false, error=}, children=[], clickable=false, enabled=true, focused=false, checked=false, selected=false), TreeNode(attributes={text=Engelle, accessibilityText=, hintText=, ignoreBoundsFiltering=false, resource-id=, clickable=false, bounds=[132,522][189,542], enabled=true, focused=false, checked=false, scrollable=false, selected=false, class=android.widget.TextView, important-for-accessibility=true, error=}, children=[], clickable=false, enabled=true, focused=false, checked=false, selected=false)], clickable=true, enabled=true, focused=false, checked=false, selected=false), bounds=Bounds(x=24, y=508, width=272, height=48))
10:34:01.609 [ INFO] maestro.Maestro.tap-HgV9Ck0: Tap aimed via settled hierarchy
10:34:01.609 [ INFO] maestro.Maestro.hierarchyBasedTap-ogj28Uc: Tapping at (160, 532) using hierarchy based logic for wait
10:34:02.713 [ INFO] maestro.Maestro.hierarchyBasedTap-ogj28Uc: Something has changed in the UI judging by view hierarchy. Proceed.
10:34:02.713 [ INFO] maestro.cli.runner.CliConsoleListener.onCommandFinished: Tap on id: menu-block COMPLETED
10:34:02.713 [ INFO] maestro.cli.runner.CliConsoleListener.onCommandStart: Assert that "Bu masayı engellemek istiyor musun\?" is visible RUNNING
10:34:02.814 [ INFO] maestro.cli.runner.CliConsoleListener.onCommandFinished: Assert that "Bu masayı engellemek istiyor musun\?" is visible COMPLETED
10:34:02.814 [ INFO] maestro.cli.runner.CliConsoleListener.onCommandStart: Take screenshot 32-block-confirm RUNNING
10:34:02.814 [ INFO] maestro.Maestro.takeScreenshot: Taking screenshot
10:34:02.815 [TRACE] maestro.utils.ScreenshotUtils.takeScreenshot: Taking screenshot to output sink
10:34:02.841 [ INFO] maestro.cli.runner.CliConsoleListener.onCommandFinished: Take screenshot 32-block-confirm COMPLETED
10:34:02.841 [ INFO] maestro.cli.runner.CliConsoleListener.onCommandStart: Tap on id: confirm-action RUNNING
10:34:02.942 [ INFO] maestro.Maestro.tap-HgV9Ck0: Tapping on element:  UiElement(treeNode=TreeNode(attributes={text=, accessibilityText=Engelle, hintText=, ignoreBoundsFiltering=false, resource-id=confirm-action, clickable=true, bounds=[24,508][296,556], enabled=true, focused=false, checked=false, scrollable=false, selected=false, class=android.widget.Button, important-for-accessibility=true, error=}, children=[TreeNode(attributes={text=, accessibilityText=, hintText=, ignoreBoundsFiltering=false, resource-id=, clickable=false, bounds=[24,508][296,556], enabled=true, focused=false, checked=false, scrollable=false, selected=false, class=android.view.ViewGroup, important-for-accessibility=false, error=}, children=[], clickable=false, enabled=true, focused=false, checked=false, selected=false), TreeNode(attributes={text=Engelle, accessibilityText=, hintText=, ignoreBoundsFiltering=false, resource-id=, clickable=false, bounds=[132,522][189,542], enabled=true, focused=false, checked=false, scrollable=false, selected=false, class=android.widget.TextView, important-for-accessibility=true, error=}, children=[], clickable=false, enabled=true, focused=false, checked=false, selected=false)], clickable=true, enabled=true, focused=false, checked=false, selected=false), bounds=Bounds(x=24, y=508, width=272, height=48))
10:34:04.210 [ INFO] maestro.Maestro.tap-HgV9Ck0: Tap aimed via settled hierarchy
10:34:04.210 [ INFO] maestro.Maestro.hierarchyBasedTap-ogj28Uc: Tapping at (160, 532) using hierarchy based logic for wait
10:34:05.549 [ INFO] maestro.Maestro.hierarchyBasedTap-ogj28Uc: Something has changed in the UI judging by view hierarchy. Proceed.
10:34:05.550 [ INFO] maestro.cli.runner.CliConsoleListener.onCommandFinished: Tap on id: confirm-action COMPLETED
10:34:05.550 [ INFO] maestro.cli.runner.CliConsoleListener.onCommandStart: Assert that "Bu masayı engellemek istiyor musun\?" is not visible RUNNING
10:34:06.209 [ INFO] maestro.cli.runner.CliConsoleListener.onCommandFinished: Assert that "Bu masayı engellemek istiyor musun\?" is not visible COMPLETED
10:34:06.210 [ INFO] maestro.cli.runner.CliConsoleListener.onCommandStart: Tap on "Geri" RUNNING
10:34:06.318 [ INFO] maestro.Maestro.tap-HgV9Ck0: Tapping on element:  UiElement(treeNode=TreeNode(attributes={text=, accessibilityText=Geri, hintText=, ignoreBoundsFiltering=false, resource-id=, clickable=true, bounds=[8,36][52,80], enabled=true, focused=false, checked=false, scrollable=false, selected=false, class=android.widget.Button, important-for-accessibility=true, error=}, children=[TreeNode(attributes={text=, accessibilityText=, hintText=, ignoreBoundsFiltering=false, resource-id=, clickable=false, bounds=[18,45][42,71], enabled=true, focused=false, checked=false, scrollable=false, selected=false, class=android.widget.TextView, important-for-accessibility=true, error=}, children=[], clickable=false, enabled=true, focused=false, checked=false, selected=false)], clickable=true, enabled=true, focused=false, checked=false, selected=false), bounds=Bounds(x=8, y=36, width=44, height=44))
10:34:07.505 [ INFO] maestro.Maestro.tap-HgV9Ck0: Tap aimed via settled hierarchy
10:34:07.506 [ INFO] maestro.Maestro.hierarchyBasedTap-ogj28Uc: Tapping at (30, 58) using hierarchy based logic for wait
10:34:08.422 [ INFO] maestro.Maestro.hierarchyBasedTap-ogj28Uc: Something has changed in the UI judging by view hierarchy. Proceed.
10:34:08.422 [ INFO] maestro.cli.runner.CliConsoleListener.onCommandFinished: Tap on "Geri" COMPLETED
10:34:08.422 [ INFO] maestro.cli.runner.CliConsoleListener.onCommandStart: Assert that "Henüz mesajın yok." is visible RUNNING
10:34:08.539 [ INFO] maestro.cli.runner.CliConsoleListener.onCommandFinished: Assert that "Henüz mesajın yok." is visible COMPLETED
10:34:08.539 [ INFO] maestro.cli.runner.CliConsoleListener.onCommandStart: Take screenshot 33-messages-after-block RUNNING
10:34:08.539 [ INFO] maestro.Maestro.takeScreenshot: Taking screenshot
10:34:08.539 [TRACE] maestro.utils.ScreenshotUtils.takeScreenshot: Taking screenshot to output sink
10:34:08.605 [ INFO] maestro.cli.runner.CliConsoleListener.onCommandFinished: Take screenshot 33-messages-after-block COMPLETED
10:34:08.605 [ INFO] maestro.cli.runner.CliConsoleListener.onCommandFinished: Run flows/07-history-block.yaml COMPLETED
10:34:08.605 [ INFO] maestro.cli.runner.CliConsoleListener.onCommandStart: Run flows/08-venue-chat.yaml RUNNING
10:34:08.605 [ INFO] maestro.cli.runner.CliConsoleListener.onCommandStart: Apply configuration RUNNING
10:34:08.606 [ INFO] maestro.cli.runner.CliConsoleListener.onCommandFinished: Apply configuration COMPLETED
10:34:08.606 [ INFO] maestro.cli.runner.CliConsoleListener.onCommandStart: Run ../scripts/bot.js RUNNING
10:34:09.139 [ INFO] maestro.cli.runner.CliConsoleListener.onCommandFinished: Run ../scripts/bot.js COMPLETED
10:34:09.139 [ INFO] maestro.cli.runner.CliConsoleListener.onCommandStart: Run ../scripts/bot.js RUNNING
10:34:09.248 [ INFO] maestro.cli.runner.CliConsoleListener.onCommandFinished: Run ../scripts/bot.js COMPLETED
10:34:09.248 [ INFO] maestro.cli.runner.CliConsoleListener.onCommandStart: Tap on id: tab-venue RUNNING
10:34:09.330 [ INFO] maestro.Maestro.tap-HgV9Ck0: Tapping on element:  UiElement(treeNode=TreeNode(attributes={text=, accessibilityText=Mekan, hintText=, ignoreBoundsFiltering=false, resource-id=tab-venue, clickable=true, bounds=[133,568][187,632], enabled=true, focused=false, checked=false, scrollable=false, selected=false, class=android.view.View, important-for-accessibility=true, error=}, children=[TreeNode(attributes={text=, accessibilityText=, hintText=, ignoreBoundsFiltering=false, resource-id=, clickable=false, bounds=[140,572][180,612], enabled=true, focused=false, checked=false, scrollable=false, selected=false, class=android.view.ViewGroup, important-for-accessibility=false, error=}, children=[], clickable=false, enabled=true, focused=false, checked=false, selected=false), TreeNode(attributes={text=, accessibilityText=, hintText=, ignoreBoundsFiltering=false, resource-id=, clickable=false, bounds=[148,580][172,604], enabled=true, focused=false, checked=false, scrollable=false, selected=false, class=android.widget.ImageView, important-for-accessibility=false, error=}, children=[], clickable=false, enabled=true, focused=false, checked=false, selected=false), TreeNode(attributes={text=Mekan, accessibilityText=, hintText=, ignoreBoundsFiltering=false, resource-id=, clickable=false, bounds=[141,612][178,628], enabled=true, focused=false, checked=false, scrollable=false, selected=false, class=android.widget.TextView, important-for-accessibility=true, error=}, children=[], clickable=false, enabled=true, focused=false, checked=false, selected=false)], clickable=true, enabled=true, focused=false, checked=false, selected=false), bounds=Bounds(x=133, y=568, width=54, height=64))
10:34:10.670 [ INFO] maestro.Maestro.tap-HgV9Ck0: Tap aimed via settled hierarchy
10:34:10.670 [ INFO] maestro.Maestro.hierarchyBasedTap-ogj28Uc: Tapping at (160, 600) using hierarchy based logic for wait
10:34:11.864 [ INFO] maestro.Maestro.hierarchyBasedTap-ogj28Uc: Something has changed in the UI judging by view hierarchy. Proceed.
10:34:11.864 [ INFO] maestro.cli.runner.CliConsoleListener.onCommandFinished: Tap on id: tab-venue COMPLETED
10:34:11.864 [ INFO] maestro.cli.runner.CliConsoleListener.onCommandStart: Scrolling DOWN until id: venue-chat-open is visible with speed 40, visibility percentage 100%, timeout 15000 ms, with centering disabled RUNNING
10:34:12.001 [ INFO] maestro.orchestra.Orchestra.scrollUntilVisible: Scrolling try count: 0, DeviceWidth: 320, DeviceWidth: 640
10:34:12.001 [ INFO] maestro.orchestra.Orchestra.scrollUntilVisible: Element bounds: Bounds(x=20, y=477, width=280, height=76)
10:34:12.001 [ INFO] maestro.orchestra.Orchestra.scrollUntilVisible: Visibility Percent: 1.0
10:34:12.001 [ INFO] maestro.orchestra.Orchestra.scrollUntilVisible: Command centerElement: ScrollUntilVisibleCommand(selector=ElementSelector(textRegex=null, idRegex=venue-chat-open, size=null, below=null, above=null, leftOf=null, rightOf=null, containsChild=null, containsDescendants=null, traits=null, index=null, enabled=null, optional=false, selected=null, checked=null, focused=null, childOf=null, css=null), direction=DOWN, scrollDuration=601, visibilityPercentage=100, timeout=15000, waitToSettleTimeoutMs=null, centerElement=false, originalSpeedValue=40, label=null, optional=false).centerElement
10:34:12.001 [ INFO] maestro.orchestra.Orchestra.scrollUntilVisible: visibilityPercentageNormalized: 1.0
10:34:12.001 [ INFO] maestro.cli.runner.CliConsoleListener.onCommandFinished: Scrolling DOWN until id: venue-chat-open is visible with speed 40, visibility percentage 100%, timeout 15000 ms, with centering disabled COMPLETED
10:34:12.001 [ INFO] maestro.cli.runner.CliConsoleListener.onCommandStart: Tap on id: venue-chat-open RUNNING
10:34:12.113 [ INFO] maestro.Maestro.tap-HgV9Ck0: Tapping on element:  UiElement(treeNode=TreeNode(attributes={text=, accessibilityText=, Sohbet odası, E2E Kafe sohbet odası, hintText=, ignoreBoundsFiltering=false, resource-id=venue-chat-open, clickable=true, bounds=[20,477][300,553], enabled=true, focused=false, checked=false, scrollable=false, selected=false, class=android.widget.Button, important-for-accessibility=true, error=}, children=[TreeNode(attributes={text=, accessibilityText=, hintText=, ignoreBoundsFiltering=false, resource-id=, clickable=false, bounds=[20,477][300,553], enabled=true, focused=false, checked=false, scrollable=false, selected=false, class=android.view.ViewGroup, important-for-accessibility=false, error=}, children=[], clickable=false, enabled=true, focused=false, checked=false, selected=false), TreeNode(attributes={text=, accessibilityText=, hintText=, ignoreBoundsFiltering=false, resource-id=, clickable=false, bounds=[32,491][80,539], enabled=true, focused=false, checked=false, scrollable=false, selected=false, class=android.view.ViewGroup, important-for-accessibility=false, error=}, children=[], clickable=false, enabled=true, focused=false, checked=false, selected=false), TreeNode(attributes={text=, accessibilityText=, hintText=, ignoreBoundsFiltering=false, resource-id=, clickable=false, bounds=[44,502][68,528], enabled=true, focused=false, checked=false, scrollable=false, selected=false, class=android.widget.TextView, important-for-accessibility=true, error=}, children=[], clickable=false, enabled=true, focused=false, checked=false, selected=false), TreeNode(attributes={text=Sohbet odası, accessibilityText=, hintText=, ignoreBoundsFiltering=false, resource-id=, clickable=false, bounds=[94,494][238,517], enabled=true, focused=false, checked=false, scrollable=false, selected=false, class=android.widget.TextView, important-for-accessibility=true, error=}, children=[], clickable=false, enabled=true, focused=false, checked=false, selected=false), TreeNode(attributes={text=E2E Kafe sohbet odası, accessibilityText=, hintText=, ignoreBoundsFiltering=false, resource-id=, clickable=false, bounds=[94,519][238,537], enabled=true, focused=false, checked=false, scrollable=false, selected=false, class=android.widget.TextView, important-for-accessibility=true, error=}, children=[], clickable=false, enabled=true, focused=false, checked=false, selected=false), TreeNode(attributes={text=, accessibilityText=, hintText=, ignoreBoundsFiltering=false, resource-id=, clickable=false, bounds=[252,497][288,533], enabled=true, focused=false, checked=false, scrollable=false, selected=false, class=android.view.ViewGroup, important-for-accessibility=false, error=}, children=[TreeNode(attributes={text=, accessibilityText=, hintText=, ignoreBoundsFiltering=false, resource-id=, clickable=false, bounds=[252,497][288,533], enabled=true, focused=false, checked=false, scrollable=false, selected=false, class=android.widget.ImageView, important-for-accessibility=false, error=}, children=[], clickable=false, enabled=true, focused=false, checked=false, selected=false), TreeNode(attributes={text=, accessibilityText=, hintText=, ignoreBoundsFiltering=false, resource-id=, clickable=false, bounds=[263,508][277,522], enabled=true, focused=false, checked=false, scrollable=false, selected=false, class=android.view.ViewGroup, important-for-accessibility=false, error=}, children=[], clickable=false, enabled=true, focused=false, checked=false, selected=false)], clickable=false, enabled=true, focused=false, checked=false, selected=false)], clickable=true, enabled=true, focused=false, checked=false, selected=false), bounds=Bounds(x=20, y=477, width=280, height=76))
10:34:13.374 [ INFO] maestro.Maestro.tap-HgV9Ck0: Tap aimed via settled hierarchy
10:34:13.375 [ INFO] maestro.Maestro.hierarchyBasedTap-ogj28Uc: Tapping at (160, 515) using hierarchy based logic for wait
10:34:14.982 [ INFO] maestro.Maestro.hierarchyBasedTap-ogj28Uc: Something has changed in the UI judging by view hierarchy. Proceed.
10:34:14.982 [ INFO] maestro.cli.runner.CliConsoleListener.onCommandFinished: Tap on id: venue-chat-open COMPLETED
10:34:14.982 [ INFO] maestro.cli.runner.CliConsoleListener.onCommandStart: Assert that "E2E Kafe sohbet odası" is visible RUNNING
10:34:15.086 [ INFO] maestro.cli.runner.CliConsoleListener.onCommandFinished: Assert that "E2E Kafe sohbet odası" is visible COMPLETED
10:34:15.086 [ INFO] maestro.cli.runner.CliConsoleListener.onCommandStart: Scrolling DOWN until id: venue-chat-input is visible with speed 40, visibility percentage 100%, timeout 10000 ms, with centering disabled RUNNING
10:34:15.238 [ INFO] maestro.orchestra.Orchestra.scrollUntilVisible: Scrolling try count: 0, DeviceWidth: 320, DeviceWidth: 640
10:34:15.240 [ INFO] maestro.orchestra.Orchestra.scrollUntilVisible: Element bounds: Bounds(x=33, y=584, width=196, height=43)
10:34:15.240 [ INFO] maestro.orchestra.Orchestra.scrollUntilVisible: Visibility Percent: 1.0
10:34:15.241 [ INFO] maestro.orchestra.Orchestra.scrollUntilVisible: Command centerElement: ScrollUntilVisibleCommand(selector=ElementSelector(textRegex=null, idRegex=venue-chat-input, size=null, below=null, above=null, leftOf=null, rightOf=null, containsChild=null, containsDescendants=null, traits=null, index=null, enabled=null, optional=false, selected=null, checked=null, focused=null, childOf=null, css=null), direction=DOWN, scrollDuration=601, visibilityPercentage=100, timeout=10000, waitToSettleTimeoutMs=null, centerElement=false, originalSpeedValue=40, label=null, optional=false).centerElement
10:34:15.241 [ INFO] maestro.orchestra.Orchestra.scrollUntilVisible: visibilityPercentageNormalized: 1.0
10:34:15.241 [ INFO] maestro.cli.runner.CliConsoleListener.onCommandFinished: Scrolling DOWN until id: venue-chat-input is visible with speed 40, visibility percentage 100%, timeout 10000 ms, with centering disabled COMPLETED
10:34:15.241 [ INFO] maestro.cli.runner.CliConsoleListener.onCommandStart: Tap on id: venue-chat-input RUNNING
10:34:15.330 [ INFO] maestro.Maestro.tap-HgV9Ck0: Tapping on element:  UiElement(treeNode=TreeNode(attributes={text=, accessibilityText=, hintText=Mekana yaz…, ignoreBoundsFiltering=false, resource-id=venue-chat-input, clickable=true, bounds=[33,584][229,627], enabled=true, focused=false, checked=false, scrollable=false, selected=false, class=android.widget.EditText, important-for-accessibility=true, error=}, children=[], clickable=true, enabled=true, focused=false, checked=false, selected=false), bounds=Bounds(x=33, y=584, width=196, height=43))
10:34:16.607 [ INFO] maestro.Maestro.tap-HgV9Ck0: Tap aimed via settled hierarchy
10:34:16.607 [ INFO] maestro.Maestro.hierarchyBasedTap-ogj28Uc: Tapping at (131, 605) using hierarchy based logic for wait
10:34:17.644 [ INFO] maestro.Maestro.hierarchyBasedTap-ogj28Uc: Something has changed in the UI judging by view hierarchy. Proceed.
10:34:17.644 [ INFO] maestro.cli.runner.CliConsoleListener.onCommandFinished: Tap on id: venue-chat-input COMPLETED
10:34:17.644 [ INFO] maestro.cli.runner.CliConsoleListener.onCommandStart: Input text Selam mekan RUNNING
10:34:17.644 [ INFO] maestro.Maestro.inputText: Inputting text: Selam mekan
10:34:20.516 [ INFO] maestro.cli.runner.CliConsoleListener.onCommandFinished: Input text Selam mekan COMPLETED
10:34:20.516 [ INFO] maestro.cli.runner.CliConsoleListener.onCommandStart: Hide Keyboard RUNNING
10:34:20.516 [ INFO] maestro.Maestro.hideKeyboard$lambda$12: Hiding Keyboard
10:34:21.429 [ INFO] maestro.cli.runner.CliConsoleListener.onCommandFinished: Hide Keyboard COMPLETED
10:34:21.429 [ INFO] maestro.cli.runner.CliConsoleListener.onCommandStart: Tap on id: venue-chat-send RUNNING
10:34:21.498 [ INFO] maestro.Maestro.tap-HgV9Ck0: Tapping on element:  UiElement(treeNode=TreeNode(attributes={text=, accessibilityText=Gönder, hintText=, ignoreBoundsFiltering=false, resource-id=venue-chat-send, clickable=true, bounds=[256,558][304,606], enabled=true, focused=false, checked=false, scrollable=false, selected=false, class=android.widget.Button, important-for-accessibility=true, error=}, children=[TreeNode(attributes={text=, accessibilityText=, hintText=, ignoreBoundsFiltering=false, resource-id=, clickable=false, bounds=[256,558][304,606], enabled=true, focused=false, checked=false, scrollable=false, selected=false, class=android.view.ViewGroup, important-for-accessibility=false, error=}, children=[], clickable=false, enabled=true, focused=false, checked=false, selected=false), TreeNode(attributes={text=, accessibilityText=, hintText=, ignoreBoundsFiltering=false, resource-id=, clickable=false, bounds=[270,571][290,592], enabled=true, focused=false, checked=false, scrollable=false, selected=false, class=android.widget.TextView, important-for-accessibility=true, error=}, children=[], clickable=false, enabled=true, focused=false, checked=false, selected=false)], clickable=true, enabled=true, focused=false, checked=false, selected=false), bounds=Bounds(x=256, y=558, width=48, height=48))
10:34:22.722 [ INFO] maestro.Maestro.tap-HgV9Ck0: Tap aimed via settled hierarchy
10:34:22.722 [ INFO] maestro.Maestro.hierarchyBasedTap-ogj28Uc: Tapping at (280, 582) using hierarchy based logic for wait
10:34:24.018 [ INFO] maestro.Maestro.hierarchyBasedTap-ogj28Uc: Something has changed in the UI judging by view hierarchy. Proceed.
10:34:24.018 [ INFO] maestro.cli.runner.CliConsoleListener.onCommandFinished: Tap on id: venue-chat-send COMPLETED
10:34:24.018 [ INFO] maestro.cli.runner.CliConsoleListener.onCommandStart: Assert that "Selam mekan" is visible RUNNING
10:34:24.131 [ INFO] maestro.cli.runner.CliConsoleListener.onCommandFinished: Assert that "Selam mekan" is visible COMPLETED
10:34:24.131 [ INFO] maestro.cli.runner.CliConsoleListener.onCommandStart: Tap on "Profilimle yaz" RUNNING
10:34:24.235 [ INFO] maestro.Maestro.tap-HgV9Ck0: Tapping on element:  UiElement(treeNode=TreeNode(attributes={text=Profilimle yaz, accessibilityText=, hintText=, ignoreBoundsFiltering=false, resource-id=, clickable=false, bounds=[66,545][147,563], enabled=true, focused=false, checked=false, scrollable=false, selected=false, class=android.widget.TextView, important-for-accessibility=true, error=}, children=[], clickable=false, enabled=true, focused=false, checked=false, selected=false), bounds=Bounds(x=66, y=545, width=81, height=18))
10:34:25.458 [ INFO] maestro.Maestro.tap-HgV9Ck0: Tap aimed via settled hierarchy
10:34:25.458 [ INFO] maestro.Maestro.hierarchyBasedTap-ogj28Uc: Tapping at (106, 554) using hierarchy based logic for wait
10:34:26.582 [ INFO] maestro.Maestro.hierarchyBasedTap-ogj28Uc: Something has changed in the UI judging by view hierarchy. Proceed.
10:34:26.582 [ INFO] maestro.cli.runner.CliConsoleListener.onCommandFinished: Tap on "Profilimle yaz" COMPLETED
10:34:26.582 [ INFO] maestro.cli.runner.CliConsoleListener.onCommandStart: Assert that "Adınla görünür; masa adın görünmez." is visible RUNNING
10:34:26.687 [ INFO] maestro.cli.runner.CliConsoleListener.onCommandFinished: Assert that "Adınla görünür; masa adın görünmez." is visible COMPLETED
10:34:26.687 [ INFO] maestro.cli.runner.CliConsoleListener.onCommandStart: Tap on id: venue-chat-input RUNNING
10:34:26.799 [ INFO] maestro.Maestro.tap-HgV9Ck0: Tapping on element:  UiElement(treeNode=TreeNode(attributes={text=, accessibilityText=, hintText=Mekana yaz…, ignoreBoundsFiltering=false, resource-id=venue-chat-input, clickable=true, bounds=[33,584][229,627], enabled=true, focused=true, checked=false, scrollable=false, selected=false, class=android.widget.EditText, important-for-accessibility=true, error=}, children=[], clickable=true, enabled=true, focused=true, checked=false, selected=false), bounds=Bounds(x=33, y=584, width=196, height=43))
10:34:28.078 [ INFO] maestro.Maestro.tap-HgV9Ck0: Tap aimed via settled hierarchy
10:34:28.078 [ INFO] maestro.Maestro.hierarchyBasedTap-ogj28Uc: Tapping at (131, 605) using hierarchy based logic for wait
10:34:29.159 [ INFO] maestro.Maestro.hierarchyBasedTap-ogj28Uc: Something has changed in the UI judging by view hierarchy. Proceed.
10:34:29.159 [ INFO] maestro.cli.runner.CliConsoleListener.onCommandFinished: Tap on id: venue-chat-input COMPLETED
10:34:29.159 [ INFO] maestro.cli.runner.CliConsoleListener.onCommandStart: Input text Adımla yazıyorum RUNNING
10:34:29.160 [ INFO] maestro.Maestro.inputText: Inputting text: Adımla yazıyorum
10:34:31.039 [ INFO] maestro.cli.runner.CliConsoleListener.onCommandFinished: Input text Adımla yazıyorum COMPLETED
10:34:31.039 [ INFO] maestro.cli.runner.CliConsoleListener.onCommandStart: Hide Keyboard RUNNING
10:34:31.040 [ INFO] maestro.Maestro.hideKeyboard$lambda$12: Hiding Keyboard
10:34:32.031 [ INFO] maestro.cli.runner.CliConsoleListener.onCommandFinished: Hide Keyboard COMPLETED
10:34:32.031 [ INFO] maestro.cli.runner.CliConsoleListener.onCommandStart: Tap on id: venue-chat-send RUNNING
10:34:32.138 [ INFO] maestro.Maestro.tap-HgV9Ck0: Tapping on element:  UiElement(treeNode=TreeNode(attributes={text=, accessibilityText=Gönder, hintText=, ignoreBoundsFiltering=false, resource-id=venue-chat-send, clickable=true, bounds=[256,558][304,606], enabled=true, focused=false, checked=false, scrollable=false, selected=false, class=android.widget.Button, important-for-accessibility=true, error=}, children=[TreeNode(attributes={text=, accessibilityText=, hintText=, ignoreBoundsFiltering=false, resource-id=, clickable=false, bounds=[256,558][304,606], enabled=true, focused=false, checked=false, scrollable=false, selected=false, class=android.view.ViewGroup, important-for-accessibility=false, error=}, children=[], clickable=false, enabled=true, focused=false, checked=false, selected=false), TreeNode(attributes={text=, accessibilityText=, hintText=, ignoreBoundsFiltering=false, resource-id=, clickable=false, bounds=[270,571][290,592], enabled=true, focused=false, checked=false, scrollable=false, selected=false, class=android.widget.TextView, important-for-accessibility=true, error=}, children=[], clickable=false, enabled=true, focused=false, checked=false, selected=false)], clickable=true, enabled=true, focused=false, checked=false, selected=false), bounds=Bounds(x=256, y=558, width=48, height=48))
10:34:33.382 [ INFO] maestro.Maestro.tap-HgV9Ck0: Tap aimed via settled hierarchy
10:34:33.383 [ INFO] maestro.Maestro.hierarchyBasedTap-ogj28Uc: Tapping at (280, 582) using hierarchy based logic for wait
10:34:34.738 [ INFO] maestro.Maestro.hierarchyBasedTap-ogj28Uc: Something has changed in the UI judging by view hierarchy. Proceed.
10:34:34.738 [ INFO] maestro.cli.runner.CliConsoleListener.onCommandFinished: Tap on id: venue-chat-send COMPLETED
10:34:34.738 [ INFO] maestro.cli.runner.CliConsoleListener.onCommandStart: Assert that "Adımla yazıyorum" is visible RUNNING
10:34:34.843 [ INFO] maestro.cli.runner.CliConsoleListener.onCommandFinished: Assert that "Adımla yazıyorum" is visible COMPLETED
10:34:34.843 [ INFO] maestro.cli.runner.CliConsoleListener.onCommandStart: Take screenshot 36-venue-chat-mine RUNNING
10:34:34.843 [ INFO] maestro.Maestro.takeScreenshot: Taking screenshot
10:34:34.843 [TRACE] maestro.utils.ScreenshotUtils.takeScreenshot: Taking screenshot to output sink
10:34:34.902 [ INFO] maestro.cli.runner.CliConsoleListener.onCommandFinished: Take screenshot 36-venue-chat-mine COMPLETED
10:34:34.902 [ INFO] maestro.cli.runner.CliConsoleListener.onCommandStart: Run ../scripts/bot.js RUNNING
10:34:34.977 [ INFO] maestro.cli.runner.CliConsoleListener.onCommandFinished: Run ../scripts/bot.js COMPLETED
10:34:34.977 [ INFO] maestro.cli.runner.CliConsoleListener.onCommandStart: Scrolling DOWN until "Bot İki burada" is visible with speed 40, visibility percentage 100%, timeout 20000 ms, with centering disabled RUNNING
10:34:35.175 [ INFO] maestro.orchestra.Orchestra.scrollUntilVisible: Scrolling try count: 0, DeviceWidth: 320, DeviceWidth: 640
10:34:35.175 [ INFO] maestro.orchestra.Orchestra.scrollUntilVisible: Element bounds: Bounds(x=70, y=387, width=100, height=23)
10:34:35.175 [ INFO] maestro.orchestra.Orchestra.scrollUntilVisible: Visibility Percent: 1.0
10:34:35.175 [ INFO] maestro.orchestra.Orchestra.scrollUntilVisible: Command centerElement: ScrollUntilVisibleCommand(selector=ElementSelector(textRegex=Bot İki burada, idRegex=null, size=null, below=null, above=null, leftOf=null, rightOf=null, containsChild=null, containsDescendants=null, traits=null, index=null, enabled=null, optional=false, selected=null, checked=null, focused=null, childOf=null, css=null), direction=DOWN, scrollDuration=601, visibilityPercentage=100, timeout=20000, waitToSettleTimeoutMs=null, centerElement=false, originalSpeedValue=40, label=null, optional=false).centerElement
10:34:35.175 [ INFO] maestro.orchestra.Orchestra.scrollUntilVisible: visibilityPercentageNormalized: 1.0
10:34:35.175 [ INFO] maestro.cli.runner.CliConsoleListener.onCommandFinished: Scrolling DOWN until "Bot İki burada" is visible with speed 40, visibility percentage 100%, timeout 20000 ms, with centering disabled COMPLETED
10:34:35.175 [ INFO] maestro.cli.runner.CliConsoleListener.onCommandStart: Take screenshot 37-venue-chat-profiled RUNNING
10:34:35.176 [ INFO] maestro.Maestro.takeScreenshot: Taking screenshot
10:34:35.176 [TRACE] maestro.utils.ScreenshotUtils.takeScreenshot: Taking screenshot to output sink
10:34:35.200 [ INFO] maestro.cli.runner.CliConsoleListener.onCommandFinished: Take screenshot 37-venue-chat-profiled COMPLETED
10:34:35.200 [ INFO] maestro.cli.runner.CliConsoleListener.onCommandStart: Tap on "Bot İki" RUNNING
10:34:35.779 [ INFO] maestro.Maestro.tap-HgV9Ck0: Tapping on element:  UiElement(treeNode=TreeNode(attributes={text=, accessibilityText=Bot İki, hintText=, ignoreBoundsFiltering=false, resource-id=, clickable=false, bounds=[16,343][48,375], enabled=true, focused=false, checked=false, scrollable=false, selected=false, class=android.view.ViewGroup, important-for-accessibility=true, error=}, children=[TreeNode(attributes={text=, accessibilityText=, hintText=, ignoreBoundsFiltering=false, resource-id=, clickable=false, bounds=[16,343][48,375], enabled=true, focused=false, checked=false, scrollable=false, selected=false, class=android.view.ViewGroup, important-for-accessibility=false, error=}, children=[TreeNode(attributes={text=Bİ, accessibilityText=, hintText=, ignoreBoundsFiltering=false, resource-id=, clickable=false, bounds=[25,350][38,367], enabled=true, focused=false, checked=false, scrollable=false, selected=false, class=android.widget.TextView, important-for-accessibility=true, error=}, children=[], clickable=false, enabled=true, focused=false, checked=false, selected=false)], clickable=false, enabled=true, focused=false, checked=false, selected=false)], clickable=false, enabled=true, focused=false, checked=false, selected=false), bounds=Bounds(x=16, y=343, width=32, height=32))
10:34:37.015 [ INFO] maestro.Maestro.tap-HgV9Ck0: Tap aimed via settled hierarchy
10:34:37.015 [ INFO] maestro.Maestro.hierarchyBasedTap-ogj28Uc: Tapping at (32, 359) using hierarchy based logic for wait
10:34:38.733 [ INFO] maestro.Maestro.hierarchyBasedTap-ogj28Uc: Something has changed in the UI judging by view hierarchy. Proceed.
10:34:38.733 [ INFO] maestro.cli.runner.CliConsoleListener.onCommandFinished: Tap on "Bot İki" COMPLETED
10:34:38.733 [ INFO] maestro.cli.runner.CliConsoleListener.onCommandStart: Assert that id: venue-chat-profile is visible RUNNING
10:34:38.838 [ INFO] maestro.cli.runner.CliConsoleListener.onCommandFinished: Assert that id: venue-chat-profile is visible COMPLETED
10:34:38.838 [ INFO] maestro.cli.runner.CliConsoleListener.onCommandStart: Take screenshot 38-venue-chat-profile RUNNING
10:34:38.839 [ INFO] maestro.Maestro.takeScreenshot: Taking screenshot
10:34:38.839 [TRACE] maestro.utils.ScreenshotUtils.takeScreenshot: Taking screenshot to output sink
10:34:38.866 [ INFO] maestro.cli.runner.CliConsoleListener.onCommandFinished: Take screenshot 38-venue-chat-profile COMPLETED
10:34:38.866 [ INFO] maestro.cli.runner.CliConsoleListener.onCommandStart: Tap on id: venue-chat-request RUNNING
10:34:39.044 [ INFO] maestro.Maestro.tap-HgV9Ck0: Tapping on element:  UiElement(treeNode=TreeNode(attributes={text=, accessibilityText=Arkadaşlık isteği gönder, hintText=, ignoreBoundsFiltering=false, resource-id=venue-chat-request, clickable=true, bounds=[20,490][300,554], enabled=true, focused=false, checked=false, scrollable=false, selected=false, class=android.widget.Button, important-for-accessibility=true, error=}, children=[TreeNode(attributes={text=, accessibilityText=, hintText=, ignoreBoundsFiltering=false, resource-id=, clickable=false, bounds=[20,490][300,554], enabled=true, focused=false, checked=false, scrollable=false, selected=false, class=android.view.ViewGroup, important-for-accessibility=false, error=}, children=[], clickable=false, enabled=true, focused=false, checked=false, selected=false), TreeNode(attributes={text=, accessibilityText=, hintText=, ignoreBoundsFiltering=false, resource-id=, clickable=false, bounds=[44,511][64,532], enabled=true, focused=false, checked=false, scrollable=false, selected=false, class=android.widget.TextView, important-for-accessibility=true, error=}, children=[], clickable=false, enabled=true, focused=false, checked=false, selected=false), TreeNode(attributes={text=Arkadaşlık isteği gönder, accessibilityText=, hintText=, ignoreBoundsFiltering=false, resource-id=, clickable=false, bounds=[72,511][276,533], enabled=true, focused=false, checked=false, scrollable=false, selected=false, class=android.widget.TextView, important-for-accessibility=true, error=}, children=[], clickable=false, enabled=true, focused=false, checked=false, selected=false)], clickable=true, enabled=true, focused=false, checked=false, selected=false), bounds=Bounds(x=20, y=490, width=280, height=64))
10:34:40.239 [ INFO] maestro.Maestro.tap-HgV9Ck0: Tap aimed via settled hierarchy
10:34:40.239 [ INFO] maestro.Maestro.hierarchyBasedTap-ogj28Uc: Tapping at (160, 522) using hierarchy based logic for wait
10:34:41.041 [ INFO] maestro.Maestro.hierarchyBasedTap-ogj28Uc: Something has changed in the UI judging by view hierarchy. Proceed.
10:34:41.041 [ INFO] maestro.cli.runner.CliConsoleListener.onCommandFinished: Tap on id: venue-chat-request COMPLETED
10:34:41.041 [ INFO] maestro.cli.runner.CliConsoleListener.onCommandStart: Assert that "İstek gönderilsin mi\?" is visible RUNNING
10:34:41.154 [ INFO] maestro.cli.runner.CliConsoleListener.onCommandFinished: Assert that "İstek gönderilsin mi\?" is visible COMPLETED
10:34:41.154 [ INFO] maestro.cli.runner.CliConsoleListener.onCommandStart: Take screenshot 39-venue-chat-request-confirm RUNNING
10:34:41.154 [ INFO] maestro.Maestro.takeScreenshot: Taking screenshot
10:34:41.155 [TRACE] maestro.utils.ScreenshotUtils.takeScreenshot: Taking screenshot to output sink
10:34:41.221 [ INFO] maestro.cli.runner.CliConsoleListener.onCommandFinished: Take screenshot 39-venue-chat-request-confirm COMPLETED
10:34:41.221 [ INFO] maestro.cli.runner.CliConsoleListener.onCommandStart: Tap on id: venue-chat-request-confirm RUNNING
10:34:41.282 [ INFO] maestro.Maestro.tap-HgV9Ck0: Tapping on element:  UiElement(treeNode=TreeNode(attributes={text=, accessibilityText=İsteği gönder, hintText=, ignoreBoundsFiltering=false, resource-id=venue-chat-request-confirm, clickable=true, bounds=[24,568][296,616], enabled=true, focused=false, checked=false, scrollable=false, selected=false, class=android.widget.Button, important-for-accessibility=true, error=}, children=[TreeNode(attributes={text=, accessibilityText=, hintText=, ignoreBoundsFiltering=false, resource-id=, clickable=false, bounds=[24,568][296,616], enabled=true, focused=false, checked=false, scrollable=false, selected=false, class=android.view.ViewGroup, important-for-accessibility=false, error=}, children=[], clickable=false, enabled=true, focused=false, checked=false, selected=false), TreeNode(attributes={text=İsteği gönder, accessibilityText=, hintText=, ignoreBoundsFiltering=false, resource-id=, clickable=false, bounds=[111,582][209,602], enabled=true, focused=false, checked=false, scrollable=false, selected=false, class=android.widget.TextView, important-for-accessibility=true, error=}, children=[], clickable=false, enabled=true, focused=false, checked=false, selected=false)], clickable=true, enabled=true, focused=false, checked=false, selected=false), bounds=Bounds(x=24, y=568, width=272, height=48))
10:34:42.502 [ INFO] maestro.Maestro.tap-HgV9Ck0: Tap aimed via settled hierarchy
10:34:42.502 [ INFO] maestro.Maestro.hierarchyBasedTap-ogj28Uc: Tapping at (160, 592) using hierarchy based logic for wait
10:34:43.662 [ INFO] maestro.Maestro.hierarchyBasedTap-ogj28Uc: Something has changed in the UI judging by view hierarchy. Proceed.
10:34:43.662 [ INFO] maestro.cli.runner.CliConsoleListener.onCommandFinished: Tap on id: venue-chat-request-confirm COMPLETED
10:34:43.662 [ INFO] maestro.cli.runner.CliConsoleListener.onCommandStart: Assert that id: venue-chat-request-sent is visible RUNNING
10:34:43.727 [ INFO] maestro.cli.runner.CliConsoleListener.onCommandFinished: Assert that id: venue-chat-request-sent is visible COMPLETED
10:34:43.727 [ INFO] maestro.cli.runner.CliConsoleListener.onCommandStart: Run ../scripts/bot.js RUNNING
10:34:43.856 [ INFO] maestro.cli.runner.CliConsoleListener.onCommandFinished: Run ../scripts/bot.js COMPLETED
10:34:43.856 [ INFO] maestro.cli.runner.CliConsoleListener.onCommandStart: Scrolling DOWN until "Geri dön" is visible with speed 40, visibility percentage 100%, timeout 10000 ms, with centering disabled RUNNING
10:34:43.976 [ INFO] maestro.orchestra.Orchestra.scrollUntilVisible: Scrolling try count: 0, DeviceWidth: 320, DeviceWidth: 640
10:34:43.976 [ INFO] maestro.orchestra.Orchestra.scrollUntilVisible: Element bounds: Bounds(x=46, y=48, width=64, height=20)
10:34:43.976 [ INFO] maestro.orchestra.Orchestra.scrollUntilVisible: Visibility Percent: 1.0
10:34:43.977 [ INFO] maestro.orchestra.Orchestra.scrollUntilVisible: Command centerElement: ScrollUntilVisibleCommand(selector=ElementSelector(textRegex=Geri dön, idRegex=null, size=null, below=null, above=null, leftOf=null, rightOf=null, containsChild=null, containsDescendants=null, traits=null, index=null, enabled=null, optional=false, selected=null, checked=null, focused=null, childOf=null, css=null), direction=DOWN, scrollDuration=601, visibilityPercentage=100, timeout=10000, waitToSettleTimeoutMs=null, centerElement=false, originalSpeedValue=40, label=null, optional=false).centerElement
10:34:43.977 [ INFO] maestro.orchestra.Orchestra.scrollUntilVisible: visibilityPercentageNormalized: 1.0
10:34:43.977 [ INFO] maestro.cli.runner.CliConsoleListener.onCommandFinished: Scrolling DOWN until "Geri dön" is visible with speed 40, visibility percentage 100%, timeout 10000 ms, with centering disabled COMPLETED
10:34:43.977 [ INFO] maestro.cli.runner.CliConsoleListener.onCommandStart: Tap on "Geri dön" RUNNING
10:34:44.080 [ INFO] maestro.Maestro.tap-HgV9Ck0: Tapping on element:  UiElement(treeNode=TreeNode(attributes={text=Geri dön, accessibilityText=, hintText=, ignoreBoundsFiltering=false, resource-id=, clickable=false, bounds=[46,48][110,68], enabled=true, focused=false, checked=false, scrollable=false, selected=false, class=android.widget.TextView, important-for-accessibility=true, error=}, children=[], clickable=false, enabled=true, focused=false, checked=false, selected=false), bounds=Bounds(x=46, y=48, width=64, height=20))
10:34:45.346 [ INFO] maestro.Maestro.tap-HgV9Ck0: Tap aimed via settled hierarchy
10:34:45.346 [ INFO] maestro.Maestro.hierarchyBasedTap-ogj28Uc: Tapping at (78, 58) using hierarchy based logic for wait
10:34:46.518 [ INFO] maestro.Maestro.hierarchyBasedTap-ogj28Uc: Something has changed in the UI judging by view hierarchy. Proceed.
10:34:46.518 [ INFO] maestro.cli.runner.CliConsoleListener.onCommandFinished: Tap on "Geri dön" COMPLETED
10:34:46.518 [ INFO] maestro.cli.runner.CliConsoleListener.onCommandStart: Scrolling UP until "Geri" is visible with speed 40, visibility percentage 100%, timeout 10000 ms, with centering disabled RUNNING
10:34:46.684 [ INFO] maestro.orchestra.Orchestra.scrollUntilVisible: Scrolling try count: 0, DeviceWidth: 320, DeviceWidth: 640
10:34:46.684 [ INFO] maestro.orchestra.Orchestra.scrollUntilVisible: Element bounds: Bounds(x=4, y=30, width=44, height=44)
10:34:46.684 [ INFO] maestro.orchestra.Orchestra.scrollUntilVisible: Visibility Percent: 1.0
10:34:46.684 [ INFO] maestro.orchestra.Orchestra.scrollUntilVisible: Command centerElement: ScrollUntilVisibleCommand(selector=ElementSelector(textRegex=Geri, idRegex=null, size=null, below=null, above=null, leftOf=null, rightOf=null, containsChild=null, containsDescendants=null, traits=null, index=null, enabled=null, optional=false, selected=null, checked=null, focused=null, childOf=null, css=null), direction=UP, scrollDuration=601, visibilityPercentage=100, timeout=10000, waitToSettleTimeoutMs=null, centerElement=false, originalSpeedValue=40, label=null, optional=false).centerElement
10:34:46.684 [ INFO] maestro.orchestra.Orchestra.scrollUntilVisible: visibilityPercentageNormalized: 1.0
10:34:46.684 [ INFO] maestro.cli.runner.CliConsoleListener.onCommandFinished: Scrolling UP until "Geri" is visible with speed 40, visibility percentage 100%, timeout 10000 ms, with centering disabled COMPLETED
10:34:46.684 [ INFO] maestro.cli.runner.CliConsoleListener.onCommandStart: Tap on "Geri" RUNNING
10:34:46.864 [ INFO] maestro.Maestro.tap-HgV9Ck0: Tapping on element:  UiElement(treeNode=TreeNode(attributes={text=, accessibilityText=Geri, hintText=, ignoreBoundsFiltering=false, resource-id=chat-back, clickable=true, bounds=[4,30][48,74], enabled=true, focused=false, checked=false, scrollable=false, selected=false, class=android.widget.Button, important-for-accessibility=true, error=}, children=[TreeNode(attributes={text=, accessibilityText=, hintText=, ignoreBoundsFiltering=false, resource-id=, clickable=false, bounds=[14,39][38,65], enabled=true, focused=false, checked=false, scrollable=false, selected=false, class=android.widget.TextView, important-for-accessibility=true, error=}, children=[], clickable=false, enabled=true, focused=false, checked=false, selected=false)], clickable=true, enabled=true, focused=false, checked=false, selected=false), bounds=Bounds(x=4, y=30, width=44, height=44))
10:34:48.106 [ INFO] maestro.Maestro.tap-HgV9Ck0: Tap aimed via settled hierarchy
10:34:48.107 [ INFO] maestro.Maestro.hierarchyBasedTap-ogj28Uc: Tapping at (26, 52) using hierarchy based logic for wait
10:34:49.052 [ INFO] maestro.Maestro.hierarchyBasedTap-ogj28Uc: Something has changed in the UI judging by view hierarchy. Proceed.
10:34:49.052 [ INFO] maestro.cli.runner.CliConsoleListener.onCommandFinished: Tap on "Geri" COMPLETED
10:34:49.052 [ INFO] maestro.cli.runner.CliConsoleListener.onCommandStart: Tap on id: tab-messages RUNNING
10:34:49.197 [ INFO] maestro.Maestro.tap-HgV9Ck0: Tapping on element:  UiElement(treeNode=TreeNode(attributes={text=, accessibilityText=Mesajlar, hintText=, ignoreBoundsFiltering=false, resource-id=tab-messages, clickable=true, bounds=[187,568][242,632], enabled=true, focused=false, checked=false, scrollable=false, selected=false, class=android.view.View, important-for-accessibility=true, error=}, children=[TreeNode(attributes={text=, accessibilityText=, hintText=, ignoreBoundsFiltering=false, resource-id=, clickable=false, bounds=[202,580][226,604], enabled=true, focused=false, checked=false, scrollable=false, selected=false, class=android.widget.ImageView, important-for-accessibility=false, error=}, children=[], clickable=false, enabled=true, focused=false, checked=false, selected=false), TreeNode(attributes={text=Mesajlar, accessibilityText=, hintText=, ignoreBoundsFiltering=false, resource-id=, clickable=false, bounds=[190,612][238,628], enabled=true, focused=false, checked=false, scrollable=false, selected=false, class=android.widget.TextView, important-for-accessibility=true, error=}, children=[], clickable=false, enabled=true, focused=false, checked=false, selected=false)], clickable=true, enabled=true, focused=false, checked=false, selected=false), bounds=Bounds(x=187, y=568, width=55, height=64))
10:34:50.457 [ INFO] maestro.Maestro.tap-HgV9Ck0: Tap aimed via settled hierarchy
10:34:50.458 [ INFO] maestro.Maestro.hierarchyBasedTap-ogj28Uc: Tapping at (214, 600) using hierarchy based logic for wait
10:34:51.442 [ INFO] maestro.Maestro.hierarchyBasedTap-ogj28Uc: Something has changed in the UI judging by view hierarchy. Proceed.
10:34:51.443 [ INFO] maestro.cli.runner.CliConsoleListener.onCommandFinished: Tap on id: tab-messages COMPLETED
10:34:51.443 [ INFO] maestro.cli.runner.CliConsoleListener.onCommandStart: Assert that "Bot İki" is visible RUNNING
10:34:51.559 [ INFO] maestro.cli.runner.CliConsoleListener.onCommandFinished: Assert that "Bot İki" is visible COMPLETED
10:34:51.560 [ INFO] maestro.cli.runner.CliConsoleListener.onCommandStart: Take screenshot 40-venue-chat-friend RUNNING
10:34:51.560 [ INFO] maestro.Maestro.takeScreenshot: Taking screenshot
10:34:51.560 [TRACE] maestro.utils.ScreenshotUtils.takeScreenshot: Taking screenshot to output sink
10:34:51.622 [ INFO] maestro.cli.runner.CliConsoleListener.onCommandFinished: Take screenshot 40-venue-chat-friend COMPLETED
10:34:51.622 [ INFO] maestro.cli.runner.CliConsoleListener.onCommandFinished: Run flows/08-venue-chat.yaml COMPLETED
