00:14:27.588 [ INFO] maestro.cli.runner.CliConsoleListener.onCommandStart: Define variables RUNNING
00:14:27.594 [ INFO] maestro.cli.runner.CliConsoleListener.onCommandFinished: Define variables COMPLETED
00:14:27.597 [ INFO] maestro.cli.runner.CliConsoleListener.onCommandStart: Apply configuration RUNNING
00:14:27.597 [ INFO] maestro.cli.runner.CliConsoleListener.onCommandFinished: Apply configuration COMPLETED
00:14:27.597 [ INFO] maestro.cli.runner.CliConsoleListener.onCommandStart: Run flows/01-login.yaml RUNNING
00:14:27.606 [ INFO] maestro.cli.runner.CliConsoleListener.onCommandStart: Apply configuration RUNNING
00:14:27.606 [ INFO] maestro.cli.runner.CliConsoleListener.onCommandFinished: Apply configuration COMPLETED
00:14:27.607 [ INFO] maestro.cli.runner.CliConsoleListener.onCommandStart: Launch app "app.kabuk.mobile" with clear state RUNNING
00:14:27.611 [ INFO] maestro.Maestro.clearAppState$lambda$8: Clearing app state app.kabuk.mobile
00:14:29.130 [DEBUG] maestro.Maestro.setPermissionInternal: Failed to set permission android.permission.READ_EXTERNAL_STORAGE for app app.kabuk.mobile: shell command failed (exit -1): 
Exception occurred while executing 'grant':
java.lang.SecurityException: Package app.kabuk.mobile has not requested permission android.permission.READ_EXTERNAL_STORAGE
	at com.android.server.pm.permission.PermissionManagerServiceImpl.grantRuntimePermissionInternal(PermissionManagerServiceImpl.java:1423)
	at com.android.server.pm.permission.PermissionManagerServiceImpl.grantRuntimePermission(PermissionManagerServiceImpl.java:1337)
	at com.android.server.pm.permission.PermissionManagerService.grantRuntimePermission(PermissionManagerService.java:551)
	at android.permission.PermissionManager.grantRuntimePermission(PermissionManager.java:609)
	at com.android.server.pm.PackageManagerShellCommand.runGrantRevokePermission(PackageManagerShellCommand.java:2672)
	at com.android.server.pm.PackageManagerShellCommand.onCommand(PackageManagerShellCommand.java:291)
	at com.android.modules.utils.BasicShellCommandHandler.exec(BasicShellCommandHandler.java:97)
	at android.os.ShellCommand.exec(ShellCommand.java:38)
	at com.android.server.pm.PackageManagerService$IPackageManagerImpl.onShellCommand(PackageManagerService.java:6350)
	at android.os.Binder.shellCommand(Binder.java:1068)
	at android.os.Binder.onTransact(Binder.java:888)
	at android.content.pm.IPackageManager$Stub.onTransact(IPackageManager.java:4352)
	at com.android.server.pm.PackageManagerService$IPackageManagerImpl.onTransact(PackageManagerService.java:6334)
	at android.os.Binder.execTransactInternal(Binder.java:1344)
	at android.os.Binder.execTransact(Binder.java:1275)

00:14:29.315 [DEBUG] maestro.Maestro.setPermissionInternal: Failed to set permission android.permission.WRITE_EXTERNAL_STORAGE for app app.kabuk.mobile: shell command failed (exit -1): 
Exception occurred while executing 'grant':
java.lang.SecurityException: Package app.kabuk.mobile has not requested permission android.permission.WRITE_EXTERNAL_STORAGE
	at com.android.server.pm.permission.PermissionManagerServiceImpl.grantRuntimePermissionInternal(PermissionManagerServiceImpl.java:1423)
	at com.android.server.pm.permission.PermissionManagerServiceImpl.grantRuntimePermission(PermissionManagerServiceImpl.java:1337)
	at com.android.server.pm.permission.PermissionManagerService.grantRuntimePermission(PermissionManagerService.java:551)
	at android.permission.PermissionManager.grantRuntimePermission(PermissionManager.java:609)
	at com.android.server.pm.PackageManagerShellCommand.runGrantRevokePermission(PackageManagerShellCommand.java:2672)
	at com.android.server.pm.PackageManagerShellCommand.onCommand(PackageManagerShellCommand.java:291)
	at com.android.modules.utils.BasicShellCommandHandler.exec(BasicShellCommandHandler.java:97)
	at android.os.ShellCommand.exec(ShellCommand.java:38)
	at com.android.server.pm.PackageManagerService$IPackageManagerImpl.onShellCommand(PackageManagerService.java:6350)
	at android.os.Binder.shellCommand(Binder.java:1068)
	at android.os.Binder.onTransact(Binder.java:888)
	at android.content.pm.IPackageManager$Stub.onTransact(IPackageManager.java:4352)
	at com.android.server.pm.PackageManagerService$IPackageManagerImpl.onTransact(PackageManagerService.java:6334)
	at android.os.Binder.execTransactInternal(Binder.java:1344)
	at android.os.Binder.execTransact(Binder.java:1275)

00:14:29.985 [DEBUG] maestro.Maestro.setPermissionInternal: Failed to set permission com.google.android.finsky.permission.BIND_GET_INSTALL_REFERRER_SERVICE for app app.kabuk.mobile: shell command failed (exit -1): 
Exception occurred while executing 'grant':
java.lang.IllegalArgumentException: Unknown permission: com.google.android.finsky.permission.BIND_GET_INSTALL_REFERRER_SERVICE
	at com.android.server.pm.permission.PermissionManagerServiceImpl.grantRuntimePermissionInternal(PermissionManagerServiceImpl.java:1380)
	at com.android.server.pm.permission.PermissionManagerServiceImpl.grantRuntimePermission(PermissionManagerServiceImpl.java:1337)
	at com.android.server.pm.permission.PermissionManagerService.grantRuntimePermission(PermissionManagerService.java:551)
	at android.permission.PermissionManager.grantRuntimePermission(PermissionManager.java:609)
	at com.android.server.pm.PackageManagerShellCommand.runGrantRevokePermission(PackageManagerShellCommand.java:2672)
	at com.android.server.pm.PackageManagerShellCommand.onCommand(PackageManagerShellCommand.java:291)
	at com.android.modules.utils.BasicShellCommandHandler.exec(BasicShellCommandHandler.java:97)
	at android.os.ShellCommand.exec(ShellCommand.java:38)
	at com.android.server.pm.PackageManagerService$IPackageManagerImpl.onShellCommand(PackageManagerService.java:6350)
	at android.os.Binder.shellCommand(Binder.java:1068)
	at android.os.Binder.onTransact(Binder.java:888)
	at android.content.pm.IPackageManager$Stub.onTransact(IPackageManager.java:4352)
	at com.android.server.pm.PackageManagerService$IPackageManagerImpl.onTransact(PackageManagerService.java:6334)
	at android.os.Binder.execTransactInternal(Binder.java:1344)
	at android.os.Binder.execTransact(Binder.java:1275)

00:14:30.107 [DEBUG] maestro.Maestro.setPermissionInternal: Failed to set permission com.sec.android.provider.badge.permission.READ for app app.kabuk.mobile: shell command failed (exit -1): 
Exception occurred while executing 'grant':
java.lang.IllegalArgumentException: Unknown permission: com.sec.android.provider.badge.permission.READ
	at com.android.server.pm.permission.PermissionManagerServiceImpl.grantRuntimePermissionInternal(PermissionManagerServiceImpl.java:1380)
	at com.android.server.pm.permission.PermissionManagerServiceImpl.grantRuntimePermission(PermissionManagerServiceImpl.java:1337)
	at com.android.server.pm.permission.PermissionManagerService.grantRuntimePermission(PermissionManagerService.java:551)
	at android.permission.PermissionManager.grantRuntimePermission(PermissionManager.java:609)
	at com.android.server.pm.PackageManagerShellCommand.runGrantRevokePermission(PackageManagerShellCommand.java:2672)
	at com.android.server.pm.PackageManagerShellCommand.onCommand(PackageManagerShellCommand.java:291)
	at com.android.modules.utils.BasicShellCommandHandler.exec(BasicShellCommandHandler.java:97)
	at android.os.ShellCommand.exec(ShellCommand.java:38)
	at com.android.server.pm.PackageManagerService$IPackageManagerImpl.onShellCommand(PackageManagerService.java:6350)
	at android.os.Binder.shellCommand(Binder.java:1068)
	at android.os.Binder.onTransact(Binder.java:888)
	at android.content.pm.IPackageManager$Stub.onTransact(IPackageManager.java:4352)
	at com.android.server.pm.PackageManagerService$IPackageManagerImpl.onTransact(PackageManagerService.java:6334)
	at android.os.Binder.execTransactInternal(Binder.java:1344)
	at android.os.Binder.execTransact(Binder.java:1275)

00:14:30.201 [DEBUG] maestro.Maestro.setPermissionInternal: Failed to set permission com.sec.android.provider.badge.permission.WRITE for app app.kabuk.mobile: shell command failed (exit -1): 
Exception occurred while executing 'grant':
java.lang.IllegalArgumentException: Unknown permission: com.sec.android.provider.badge.permission.WRITE
	at com.android.server.pm.permission.PermissionManagerServiceImpl.grantRuntimePermissionInternal(PermissionManagerServiceImpl.java:1380)
	at com.android.server.pm.permission.PermissionManagerServiceImpl.grantRuntimePermission(PermissionManagerServiceImpl.java:1337)
	at com.android.server.pm.permission.PermissionManagerService.grantRuntimePermission(PermissionManagerService.java:551)
	at android.permission.PermissionManager.grantRuntimePermission(PermissionManager.java:609)
	at com.android.server.pm.PackageManagerShellCommand.runGrantRevokePermission(PackageManagerShellCommand.java:2672)
	at com.android.server.pm.PackageManagerShellCommand.onCommand(PackageManagerShellCommand.java:291)
	at com.android.modules.utils.BasicShellCommandHandler.exec(BasicShellCommandHandler.java:97)
	at android.os.ShellCommand.exec(ShellCommand.java:38)
	at com.android.server.pm.PackageManagerService$IPackageManagerImpl.onShellCommand(PackageManagerService.java:6350)
	at android.os.Binder.shellCommand(Binder.java:1068)
	at android.os.Binder.onTransact(Binder.java:888)
	at android.content.pm.IPackageManager$Stub.onTransact(IPackageManager.java:4352)
	at com.android.server.pm.PackageManagerService$IPackageManagerImpl.onTransact(PackageManagerService.java:6334)
	at android.os.Binder.execTransactInternal(Binder.java:1344)
	at android.os.Binder.execTransact(Binder.java:1275)

00:14:30.265 [DEBUG] maestro.Maestro.setPermissionInternal: Failed to set permission com.htc.launcher.permission.READ_SETTINGS for app app.kabuk.mobile: shell command failed (exit -1): 
Exception occurred while executing 'grant':
java.lang.IllegalArgumentException: Unknown permission: com.htc.launcher.permission.READ_SETTINGS
	at com.android.server.pm.permission.PermissionManagerServiceImpl.grantRuntimePermissionInternal(PermissionManagerServiceImpl.java:1380)
	at com.android.server.pm.permission.PermissionManagerServiceImpl.grantRuntimePermission(PermissionManagerServiceImpl.java:1337)
	at com.android.server.pm.permission.PermissionManagerService.grantRuntimePermission(PermissionManagerService.java:551)
	at android.permission.PermissionManager.grantRuntimePermission(PermissionManager.java:609)
	at com.android.server.pm.PackageManagerShellCommand.runGrantRevokePermission(PackageManagerShellCommand.java:2672)
	at com.android.server.pm.PackageManagerShellCommand.onCommand(PackageManagerShellCommand.java:291)
	at com.android.modules.utils.BasicShellCommandHandler.exec(BasicShellCommandHandler.java:97)
	at android.os.ShellCommand.exec(ShellCommand.java:38)
	at com.android.server.pm.PackageManagerService$IPackageManagerImpl.onShellCommand(PackageManagerService.java:6350)
	at android.os.Binder.shellCommand(Binder.java:1068)
	at android.os.Binder.onTransact(Binder.java:888)
	at android.content.pm.IPackageManager$Stub.onTransact(IPackageManager.java:4352)
	at com.android.server.pm.PackageManagerService$IPackageManagerImpl.onTransact(PackageManagerService.java:6334)
	at android.os.Binder.execTransactInternal(Binder.java:1344)
	at android.os.Binder.execTransact(Binder.java:1275)

00:14:30.326 [DEBUG] maestro.Maestro.setPermissionInternal: Failed to set permission com.htc.launcher.permission.UPDATE_SHORTCUT for app app.kabuk.mobile: shell command failed (exit -1): 
Exception occurred while executing 'grant':
java.lang.IllegalArgumentException: Unknown permission: com.htc.launcher.permission.UPDATE_SHORTCUT
	at com.android.server.pm.permission.PermissionManagerServiceImpl.grantRuntimePermissionInternal(PermissionManagerServiceImpl.java:1380)
	at com.android.server.pm.permission.PermissionManagerServiceImpl.grantRuntimePermission(PermissionManagerServiceImpl.java:1337)
	at com.android.server.pm.permission.PermissionManagerService.grantRuntimePermission(PermissionManagerService.java:551)
	at android.permission.PermissionManager.grantRuntimePermission(PermissionManager.java:609)
	at com.android.server.pm.PackageManagerShellCommand.runGrantRevokePermission(PackageManagerShellCommand.java:2672)
	at com.android.server.pm.PackageManagerShellCommand.onCommand(PackageManagerShellCommand.java:291)
	at com.android.modules.utils.BasicShellCommandHandler.exec(BasicShellCommandHandler.java:97)
	at android.os.ShellCommand.exec(ShellCommand.java:38)
	at com.android.server.pm.PackageManagerService$IPackageManagerImpl.onShellCommand(PackageManagerService.java:6350)
	at android.os.Binder.shellCommand(Binder.java:1068)
	at android.os.Binder.onTransact(Binder.java:888)
	at android.content.pm.IPackageManager$Stub.onTransact(IPackageManager.java:4352)
	at com.android.server.pm.PackageManagerService$IPackageManagerImpl.onTransact(PackageManagerService.java:6334)
	at android.os.Binder.execTransactInternal(Binder.java:1344)
	at android.os.Binder.execTransact(Binder.java:1275)

00:14:30.380 [DEBUG] maestro.Maestro.setPermissionInternal: Failed to set permission com.sonyericsson.home.permission.BROADCAST_BADGE for app app.kabuk.mobile: shell command failed (exit -1): 
Exception occurred while executing 'grant':
java.lang.IllegalArgumentException: Unknown permission: com.sonyericsson.home.permission.BROADCAST_BADGE
	at com.android.server.pm.permission.PermissionManagerServiceImpl.grantRuntimePermissionInternal(PermissionManagerServiceImpl.java:1380)
	at com.android.server.pm.permission.PermissionManagerServiceImpl.grantRuntimePermission(PermissionManagerServiceImpl.java:1337)
	at com.android.server.pm.permission.PermissionManagerService.grantRuntimePermission(PermissionManagerService.java:551)
	at android.permission.PermissionManager.grantRuntimePermission(PermissionManager.java:609)
	at com.android.server.pm.PackageManagerShellCommand.runGrantRevokePermission(PackageManagerShellCommand.java:2672)
	at com.android.server.pm.PackageManagerShellCommand.onCommand(PackageManagerShellCommand.java:291)
	at com.android.modules.utils.BasicShellCommandHandler.exec(BasicShellCommandHandler.java:97)
	at android.os.ShellCommand.exec(ShellCommand.java:38)
	at com.android.server.pm.PackageManagerService$IPackageManagerImpl.onShellCommand(PackageManagerService.java:6350)
	at android.os.Binder.shellCommand(Binder.java:1068)
	at android.os.Binder.onTransact(Binder.java:888)
	at android.content.pm.IPackageManager$Stub.onTransact(IPackageManager.java:4352)
	at com.android.server.pm.PackageManagerService$IPackageManagerImpl.onTransact(PackageManagerService.java:6334)
	at android.os.Binder.execTransactInternal(Binder.java:1344)
	at android.os.Binder.execTransact(Binder.java:1275)

00:14:30.438 [DEBUG] maestro.Maestro.setPermissionInternal: Failed to set permission com.sonymobile.home.permission.PROVIDER_INSERT_BADGE for app app.kabuk.mobile: shell command failed (exit -1): 
Exception occurred while executing 'grant':
java.lang.IllegalArgumentException: Unknown permission: com.sonymobile.home.permission.PROVIDER_INSERT_BADGE
	at com.android.server.pm.permission.PermissionManagerServiceImpl.grantRuntimePermissionInternal(PermissionManagerServiceImpl.java:1380)
	at com.android.server.pm.permission.PermissionManagerServiceImpl.grantRuntimePermission(PermissionManagerServiceImpl.java:1337)
	at com.android.server.pm.permission.PermissionManagerService.grantRuntimePermission(PermissionManagerService.java:551)
	at android.permission.PermissionManager.grantRuntimePermission(PermissionManager.java:609)
	at com.android.server.pm.PackageManagerShellCommand.runGrantRevokePermission(PackageManagerShellCommand.java:2672)
	at com.android.server.pm.PackageManagerShellCommand.onCommand(PackageManagerShellCommand.java:291)
	at com.android.modules.utils.BasicShellCommandHandler.exec(BasicShellCommandHandler.java:97)
	at android.os.ShellCommand.exec(ShellCommand.java:38)
	at com.android.server.pm.PackageManagerService$IPackageManagerImpl.onShellCommand(PackageManagerService.java:6350)
	at android.os.Binder.shellCommand(Binder.java:1068)
	at android.os.Binder.onTransact(Binder.java:888)
	at android.content.pm.IPackageManager$Stub.onTransact(IPackageManager.java:4352)
	at com.android.server.pm.PackageManagerService$IPackageManagerImpl.onTransact(PackageManagerService.java:6334)
	at android.os.Binder.execTransactInternal(Binder.java:1344)
	at android.os.Binder.execTransact(Binder.java:1275)

00:14:30.508 [DEBUG] maestro.Maestro.setPermissionInternal: Failed to set permission com.anddoes.launcher.permission.UPDATE_COUNT for app app.kabuk.mobile: shell command failed (exit -1): 
Exception occurred while executing 'grant':
java.lang.IllegalArgumentException: Unknown permission: com.anddoes.launcher.permission.UPDATE_COUNT
	at com.android.server.pm.permission.PermissionManagerServiceImpl.grantRuntimePermissionInternal(PermissionManagerServiceImpl.java:1380)
	at com.android.server.pm.permission.PermissionManagerServiceImpl.grantRuntimePermission(PermissionManagerServiceImpl.java:1337)
	at com.android.server.pm.permission.PermissionManagerService.grantRuntimePermission(PermissionManagerService.java:551)
	at android.permission.PermissionManager.grantRuntimePermission(PermissionManager.java:609)
	at com.android.server.pm.PackageManagerShellCommand.runGrantRevokePermission(PackageManagerShellCommand.java:2672)
	at com.android.server.pm.PackageManagerShellCommand.onCommand(PackageManagerShellCommand.java:291)
	at com.android.modules.utils.BasicShellCommandHandler.exec(BasicShellCommandHandler.java:97)
	at android.os.ShellCommand.exec(ShellCommand.java:38)
	at com.android.server.pm.PackageManagerService$IPackageManagerImpl.onShellCommand(PackageManagerService.java:6350)
	at android.os.Binder.shellCommand(Binder.java:1068)
	at android.os.Binder.onTransact(Binder.java:888)
	at android.content.pm.IPackageManager$Stub.onTransact(IPackageManager.java:4352)
	at com.android.server.pm.PackageManagerService$IPackageManagerImpl.onTransact(PackageManagerService.java:6334)
	at android.os.Binder.execTransactInternal(Binder.java:1344)
	at android.os.Binder.execTransact(Binder.java:1275)

00:14:30.564 [DEBUG] maestro.Maestro.setPermissionInternal: Failed to set permission com.majeur.launcher.permission.UPDATE_BADGE for app app.kabuk.mobile: shell command failed (exit -1): 
Exception occurred while executing 'grant':
java.lang.IllegalArgumentException: Unknown permission: com.majeur.launcher.permission.UPDATE_BADGE
	at com.android.server.pm.permission.PermissionManagerServiceImpl.grantRuntimePermissionInternal(PermissionManagerServiceImpl.java:1380)
	at com.android.server.pm.permission.PermissionManagerServiceImpl.grantRuntimePermission(PermissionManagerServiceImpl.java:1337)
	at com.android.server.pm.permission.PermissionManagerService.grantRuntimePermission(PermissionManagerService.java:551)
	at android.permission.PermissionManager.grantRuntimePermission(PermissionManager.java:609)
	at com.android.server.pm.PackageManagerShellCommand.runGrantRevokePermission(PackageManagerShellCommand.java:2672)
	at com.android.server.pm.PackageManagerShellCommand.onCommand(PackageManagerShellCommand.java:291)
	at com.android.modules.utils.BasicShellCommandHandler.exec(BasicShellCommandHandler.java:97)
	at android.os.ShellCommand.exec(ShellCommand.java:38)
	at com.android.server.pm.PackageManagerService$IPackageManagerImpl.onShellCommand(PackageManagerService.java:6350)
	at android.os.Binder.shellCommand(Binder.java:1068)
	at android.os.Binder.onTransact(Binder.java:888)
	at android.content.pm.IPackageManager$Stub.onTransact(IPackageManager.java:4352)
	at com.android.server.pm.PackageManagerService$IPackageManagerImpl.onTransact(PackageManagerService.java:6334)
	at android.os.Binder.execTransactInternal(Binder.java:1344)
	at android.os.Binder.execTransact(Binder.java:1275)

00:14:30.605 [DEBUG] maestro.Maestro.setPermissionInternal: Failed to set permission com.huawei.android.launcher.permission.CHANGE_BADGE for app app.kabuk.mobile: shell command failed (exit -1): 
Exception occurred while executing 'grant':
java.lang.IllegalArgumentException: Unknown permission: com.huawei.android.launcher.permission.CHANGE_BADGE
	at com.android.server.pm.permission.PermissionManagerServiceImpl.grantRuntimePermissionInternal(PermissionManagerServiceImpl.java:1380)
	at com.android.server.pm.permission.PermissionManagerServiceImpl.grantRuntimePermission(PermissionManagerServiceImpl.java:1337)
	at com.android.server.pm.permission.PermissionManagerService.grantRuntimePermission(PermissionManagerService.java:551)
	at android.permission.PermissionManager.grantRuntimePermission(PermissionManager.java:609)
	at com.android.server.pm.PackageManagerShellCommand.runGrantRevokePermission(PackageManagerShellCommand.java:2672)
	at com.android.server.pm.PackageManagerShellCommand.onCommand(PackageManagerShellCommand.java:291)
	at com.android.modules.utils.BasicShellCommandHandler.exec(BasicShellCommandHandler.java:97)
	at android.os.ShellCommand.exec(ShellCommand.java:38)
	at com.android.server.pm.PackageManagerService$IPackageManagerImpl.onShellCommand(PackageManagerService.java:6350)
	at android.os.Binder.shellCommand(Binder.java:1068)
	at android.os.Binder.onTransact(Binder.java:888)
	at android.content.pm.IPackageManager$Stub.onTransact(IPackageManager.java:4352)
	at com.android.server.pm.PackageManagerService$IPackageManagerImpl.onTransact(PackageManagerService.java:6334)
	at android.os.Binder.execTransactInternal(Binder.java:1344)
	at android.os.Binder.execTransact(Binder.java:1275)

00:14:30.640 [DEBUG] maestro.Maestro.setPermissionInternal: Failed to set permission com.huawei.android.launcher.permission.READ_SETTINGS for app app.kabuk.mobile: shell command failed (exit -1): 
Exception occurred while executing 'grant':
java.lang.IllegalArgumentException: Unknown permission: com.huawei.android.launcher.permission.READ_SETTINGS
	at com.android.server.pm.permission.PermissionManagerServiceImpl.grantRuntimePermissionInternal(PermissionManagerServiceImpl.java:1380)
	at com.android.server.pm.permission.PermissionManagerServiceImpl.grantRuntimePermission(PermissionManagerServiceImpl.java:1337)
	at com.android.server.pm.permission.PermissionManagerService.grantRuntimePermission(PermissionManagerService.java:551)
	at android.permission.PermissionManager.grantRuntimePermission(PermissionManager.java:609)
	at com.android.server.pm.PackageManagerShellCommand.runGrantRevokePermission(PackageManagerShellCommand.java:2672)
	at com.android.server.pm.PackageManagerShellCommand.onCommand(PackageManagerShellCommand.java:291)
	at com.android.modules.utils.BasicShellCommandHandler.exec(BasicShellCommandHandler.java:97)
	at android.os.ShellCommand.exec(ShellCommand.java:38)
	at com.android.server.pm.PackageManagerService$IPackageManagerImpl.onShellCommand(PackageManagerService.java:6350)
	at android.os.Binder.shellCommand(Binder.java:1068)
	at android.os.Binder.onTransact(Binder.java:888)
	at android.content.pm.IPackageManager$Stub.onTransact(IPackageManager.java:4352)
	at com.android.server.pm.PackageManagerService$IPackageManagerImpl.onTransact(PackageManagerService.java:6334)
	at android.os.Binder.execTransactInternal(Binder.java:1344)
	at android.os.Binder.execTransact(Binder.java:1275)

00:14:30.689 [DEBUG] maestro.Maestro.setPermissionInternal: Failed to set permission com.huawei.android.launcher.permission.WRITE_SETTINGS for app app.kabuk.mobile: shell command failed (exit -1): 
Exception occurred while executing 'grant':
java.lang.IllegalArgumentException: Unknown permission: com.huawei.android.launcher.permission.WRITE_SETTINGS
	at com.android.server.pm.permission.PermissionManagerServiceImpl.grantRuntimePermissionInternal(PermissionManagerServiceImpl.java:1380)
	at com.android.server.pm.permission.PermissionManagerServiceImpl.grantRuntimePermission(PermissionManagerServiceImpl.java:1337)
	at com.android.server.pm.permission.PermissionManagerService.grantRuntimePermission(PermissionManagerService.java:551)
	at android.permission.PermissionManager.grantRuntimePermission(PermissionManager.java:609)
	at com.android.server.pm.PackageManagerShellCommand.runGrantRevokePermission(PackageManagerShellCommand.java:2672)
	at com.android.server.pm.PackageManagerShellCommand.onCommand(PackageManagerShellCommand.java:291)
	at com.android.modules.utils.BasicShellCommandHandler.exec(BasicShellCommandHandler.java:97)
	at android.os.ShellCommand.exec(ShellCommand.java:38)
	at com.android.server.pm.PackageManagerService$IPackageManagerImpl.onShellCommand(PackageManagerService.java:6350)
	at android.os.Binder.shellCommand(Binder.java:1068)
	at android.os.Binder.onTransact(Binder.java:888)
	at android.content.pm.IPackageManager$Stub.onTransact(IPackageManager.java:4352)
	at com.android.server.pm.PackageManagerService$IPackageManagerImpl.onTransact(PackageManagerService.java:6334)
	at android.os.Binder.execTransactInternal(Binder.java:1344)
	at android.os.Binder.execTransact(Binder.java:1275)

00:14:30.722 [DEBUG] maestro.Maestro.setPermissionInternal: Failed to set permission android.permission.READ_APP_BADGE for app app.kabuk.mobile: shell command failed (exit -1): 
Exception occurred while executing 'grant':
java.lang.IllegalArgumentException: Unknown permission: android.permission.READ_APP_BADGE
	at com.android.server.pm.permission.PermissionManagerServiceImpl.grantRuntimePermissionInternal(PermissionManagerServiceImpl.java:1380)
	at com.android.server.pm.permission.PermissionManagerServiceImpl.grantRuntimePermission(PermissionManagerServiceImpl.java:1337)
	at com.android.server.pm.permission.PermissionManagerService.grantRuntimePermission(PermissionManagerService.java:551)
	at android.permission.PermissionManager.grantRuntimePermission(PermissionManager.java:609)
	at com.android.server.pm.PackageManagerShellCommand.runGrantRevokePermission(PackageManagerShellCommand.java:2672)
	at com.android.server.pm.PackageManagerShellCommand.onCommand(PackageManagerShellCommand.java:291)
	at com.android.modules.utils.BasicShellCommandHandler.exec(BasicShellCommandHandler.java:97)
	at android.os.ShellCommand.exec(ShellCommand.java:38)
	at com.android.server.pm.PackageManagerService$IPackageManagerImpl.onShellCommand(PackageManagerService.java:6350)
	at android.os.Binder.shellCommand(Binder.java:1068)
	at android.os.Binder.onTransact(Binder.java:888)
	at android.content.pm.IPackageManager$Stub.onTransact(IPackageManager.java:4352)
	at com.android.server.pm.PackageManagerService$IPackageManagerImpl.onTransact(PackageManagerService.java:6334)
	at android.os.Binder.execTransactInternal(Binder.java:1344)
	at android.os.Binder.execTransact(Binder.java:1275)

00:14:30.816 [DEBUG] maestro.Maestro.setPermissionInternal: Failed to set permission com.oppo.launcher.permission.READ_SETTINGS for app app.kabuk.mobile: shell command failed (exit -1): 
Exception occurred while executing 'grant':
java.lang.IllegalArgumentException: Unknown permission: com.oppo.launcher.permission.READ_SETTINGS
	at com.android.server.pm.permission.PermissionManagerServiceImpl.grantRuntimePermissionInternal(PermissionManagerServiceImpl.java:1380)
	at com.android.server.pm.permission.PermissionManagerServiceImpl.grantRuntimePermission(PermissionManagerServiceImpl.java:1337)
	at com.android.server.pm.permission.PermissionManagerService.grantRuntimePermission(PermissionManagerService.java:551)
	at android.permission.PermissionManager.grantRuntimePermission(PermissionManager.java:609)
	at com.android.server.pm.PackageManagerShellCommand.runGrantRevokePermission(PackageManagerShellCommand.java:2672)
	at com.android.server.pm.PackageManagerShellCommand.onCommand(PackageManagerShellCommand.java:291)
	at com.android.modules.utils.BasicShellCommandHandler.exec(BasicShellCommandHandler.java:97)
	at android.os.ShellCommand.exec(ShellCommand.java:38)
	at com.android.server.pm.PackageManagerService$IPackageManagerImpl.onShellCommand(PackageManagerService.java:6350)
	at android.os.Binder.shellCommand(Binder.java:1068)
	at android.os.Binder.onTransact(Binder.java:888)
	at android.content.pm.IPackageManager$Stub.onTransact(IPackageManager.java:4352)
	at com.android.server.pm.PackageManagerService$IPackageManagerImpl.onTransact(PackageManagerService.java:6334)
	at android.os.Binder.execTransactInternal(Binder.java:1344)
	at android.os.Binder.execTransact(Binder.java:1275)

00:14:30.904 [DEBUG] maestro.Maestro.setPermissionInternal: Failed to set permission com.oppo.launcher.permission.WRITE_SETTINGS for app app.kabuk.mobile: shell command failed (exit -1): 
Exception occurred while executing 'grant':
java.lang.IllegalArgumentException: Unknown permission: com.oppo.launcher.permission.WRITE_SETTINGS
	at com.android.server.pm.permission.PermissionManagerServiceImpl.grantRuntimePermissionInternal(PermissionManagerServiceImpl.java:1380)
	at com.android.server.pm.permission.PermissionManagerServiceImpl.grantRuntimePermission(PermissionManagerServiceImpl.java:1337)
	at com.android.server.pm.permission.PermissionManagerService.grantRuntimePermission(PermissionManagerService.java:551)
	at android.permission.PermissionManager.grantRuntimePermission(PermissionManager.java:609)
	at com.android.server.pm.PackageManagerShellCommand.runGrantRevokePermission(PackageManagerShellCommand.java:2672)
	at com.android.server.pm.PackageManagerShellCommand.onCommand(PackageManagerShellCommand.java:291)
	at com.android.modules.utils.BasicShellCommandHandler.exec(BasicShellCommandHandler.java:97)
	at android.os.ShellCommand.exec(ShellCommand.java:38)
	at com.android.server.pm.PackageManagerService$IPackageManagerImpl.onShellCommand(PackageManagerService.java:6350)
	at android.os.Binder.shellCommand(Binder.java:1068)
	at android.os.Binder.onTransact(Binder.java:888)
	at android.content.pm.IPackageManager$Stub.onTransact(IPackageManager.java:4352)
	at com.android.server.pm.PackageManagerService$IPackageManagerImpl.onTransact(PackageManagerService.java:6334)
	at android.os.Binder.execTransactInternal(Binder.java:1344)
	at android.os.Binder.execTransact(Binder.java:1275)

00:14:30.968 [DEBUG] maestro.Maestro.setPermissionInternal: Failed to set permission me.everything.badger.permission.BADGE_COUNT_READ for app app.kabuk.mobile: shell command failed (exit -1): 
Exception occurred while executing 'grant':
java.lang.IllegalArgumentException: Unknown permission: me.everything.badger.permission.BADGE_COUNT_READ
	at com.android.server.pm.permission.PermissionManagerServiceImpl.grantRuntimePermissionInternal(PermissionManagerServiceImpl.java:1380)
	at com.android.server.pm.permission.PermissionManagerServiceImpl.grantRuntimePermission(PermissionManagerServiceImpl.java:1337)
	at com.android.server.pm.permission.PermissionManagerService.grantRuntimePermission(PermissionManagerService.java:551)
	at android.permission.PermissionManager.grantRuntimePermission(PermissionManager.java:609)
	at com.android.server.pm.PackageManagerShellCommand.runGrantRevokePermission(PackageManagerShellCommand.java:2672)
	at com.android.server.pm.PackageManagerShellCommand.onCommand(PackageManagerShellCommand.java:291)
	at com.android.modules.utils.BasicShellCommandHandler.exec(BasicShellCommandHandler.java:97)
	at android.os.ShellCommand.exec(ShellCommand.java:38)
	at com.android.server.pm.PackageManagerService$IPackageManagerImpl.onShellCommand(PackageManagerService.java:6350)
	at android.os.Binder.shellCommand(Binder.java:1068)
	at android.os.Binder.onTransact(Binder.java:888)
	at android.content.pm.IPackageManager$Stub.onTransact(IPackageManager.java:4352)
	at com.android.server.pm.PackageManagerService$IPackageManagerImpl.onTransact(PackageManagerService.java:6334)
	at android.os.Binder.execTransactInternal(Binder.java:1344)
	at android.os.Binder.execTransact(Binder.java:1275)

00:14:31.027 [DEBUG] maestro.Maestro.setPermissionInternal: Failed to set permission me.everything.badger.permission.BADGE_COUNT_WRITE for app app.kabuk.mobile: shell command failed (exit -1): 
Exception occurred while executing 'grant':
java.lang.IllegalArgumentException: Unknown permission: me.everything.badger.permission.BADGE_COUNT_WRITE
	at com.android.server.pm.permission.PermissionManagerServiceImpl.grantRuntimePermissionInternal(PermissionManagerServiceImpl.java:1380)
	at com.android.server.pm.permission.PermissionManagerServiceImpl.grantRuntimePermission(PermissionManagerServiceImpl.java:1337)
	at com.android.server.pm.permission.PermissionManagerService.grantRuntimePermission(PermissionManagerService.java:551)
	at android.permission.PermissionManager.grantRuntimePermission(PermissionManager.java:609)
	at com.android.server.pm.PackageManagerShellCommand.runGrantRevokePermission(PackageManagerShellCommand.java:2672)
	at com.android.server.pm.PackageManagerShellCommand.onCommand(PackageManagerShellCommand.java:291)
	at com.android.modules.utils.BasicShellCommandHandler.exec(BasicShellCommandHandler.java:97)
	at android.os.ShellCommand.exec(ShellCommand.java:38)
	at com.android.server.pm.PackageManagerService$IPackageManagerImpl.onShellCommand(PackageManagerService.java:6350)
	at android.os.Binder.shellCommand(Binder.java:1068)
	at android.os.Binder.onTransact(Binder.java:888)
	at android.content.pm.IPackageManager$Stub.onTransact(IPackageManager.java:4352)
	at com.android.server.pm.PackageManagerService$IPackageManagerImpl.onTransact(PackageManagerService.java:6334)
	at android.os.Binder.execTransactInternal(Binder.java:1344)
	at android.os.Binder.execTransact(Binder.java:1275)

00:14:31.030 [ INFO] maestro.Maestro.launchApp$lambda$5: Launching app app.kabuk.mobile
00:14:31.030 [ INFO] maestro.Maestro.launchApp$lambda$5: Stopping app.kabuk.mobile app during launch
00:14:31.369 [ INFO] maestro.cli.runner.CliConsoleListener.onCommandFinished: Launch app "app.kabuk.mobile" with clear state COMPLETED
00:14:31.372 [ INFO] maestro.cli.runner.CliConsoleListener.onCommandStart: Assert that "Telefon numaran" is visible RUNNING
00:14:34.389 [ INFO] maestro.cli.runner.CliConsoleListener.onCommandFinished: Assert that "Telefon numaran" is visible COMPLETED
00:14:34.390 [ INFO] maestro.cli.runner.CliConsoleListener.onCommandStart: Take screenshot 01-phone RUNNING
00:14:34.395 [ INFO] maestro.Maestro.takeScreenshot: Taking screenshot
00:14:34.397 [TRACE] maestro.utils.ScreenshotUtils.takeScreenshot: Taking screenshot to output sink
00:14:34.885 [ INFO] maestro.cli.runner.CliConsoleListener.onCommandFinished: Take screenshot 01-phone COMPLETED
00:14:34.885 [ INFO] maestro.cli.runner.CliConsoleListener.onCommandStart: Run login-code.yaml RUNNING
00:14:34.887 [ INFO] maestro.cli.runner.CliConsoleListener.onCommandStart: Apply configuration RUNNING
00:14:34.888 [ INFO] maestro.cli.runner.CliConsoleListener.onCommandFinished: Apply configuration COMPLETED
00:14:34.888 [ INFO] maestro.cli.runner.CliConsoleListener.onCommandStart: Tap on id: phone-input RUNNING
00:14:35.164 [ INFO] maestro.Maestro.tap-HgV9Ck0: Tapping on element:  UiElement(treeNode=TreeNode(attributes={text=, accessibilityText=Telefon numaran, hintText=5xx xxx xx xx, ignoreBoundsFiltering=false, resource-id=phone-input, clickable=true, bounds=[75,200][282,247], enabled=true, focused=false, checked=false, scrollable=false, selected=false, class=android.widget.EditText, important-for-accessibility=true, error=}, children=[], clickable=true, enabled=true, focused=false, checked=false, selected=false), bounds=Bounds(x=75, y=200, width=207, height=47))
00:14:36.739 [ INFO] maestro.Maestro.tap-HgV9Ck0: Tap aimed via settled hierarchy
00:14:36.747 [ INFO] maestro.Maestro.hierarchyBasedTap-ogj28Uc: Tapping at (178, 223) using hierarchy based logic for wait
00:14:39.733 [ INFO] maestro.Maestro.hierarchyBasedTap-ogj28Uc: Something has changed in the UI judging by view hierarchy. Proceed.
00:14:39.734 [ INFO] maestro.cli.runner.CliConsoleListener.onCommandFinished: Tap on id: phone-input COMPLETED
00:14:39.734 [ INFO] maestro.cli.runner.CliConsoleListener.onCommandStart: Erase text RUNNING
00:14:39.739 [ INFO] maestro.Maestro.eraseText$lambda$52: Erasing 50 characters
00:14:42.180 [ INFO] maestro.cli.runner.CliConsoleListener.onCommandFinished: Erase text COMPLETED
00:14:42.181 [ INFO] maestro.cli.runner.CliConsoleListener.onCommandStart: Input text 5550000001 RUNNING
00:14:42.183 [ INFO] maestro.Maestro.inputText: Inputting text: 5550000001
00:14:44.378 [ INFO] maestro.cli.runner.CliConsoleListener.onCommandFinished: Input text 5550000001 COMPLETED
00:14:44.378 [ INFO] maestro.cli.runner.CliConsoleListener.onCommandStart: Hide Keyboard RUNNING
00:14:44.380 [ INFO] maestro.Maestro.hideKeyboard$lambda$12: Hiding Keyboard
00:14:45.614 [ INFO] maestro.cli.runner.CliConsoleListener.onCommandFinished: Hide Keyboard COMPLETED
00:14:45.615 [ INFO] maestro.cli.runner.CliConsoleListener.onCommandStart: Tap on "Kod gönder" RUNNING
00:14:45.716 [ INFO] maestro.Maestro.tap-HgV9Ck0: Tapping on element:  UiElement(treeNode=TreeNode(attributes={text=Kod gönder, accessibilityText=, hintText=, ignoreBoundsFiltering=false, resource-id=, clickable=false, bounds=[117,574][204,594], enabled=true, focused=false, checked=false, scrollable=false, selected=false, class=android.widget.TextView, important-for-accessibility=true, error=}, children=[], clickable=false, enabled=true, focused=false, checked=false, selected=false), bounds=Bounds(x=117, y=574, width=87, height=20))
00:14:46.913 [ INFO] maestro.Maestro.tap-HgV9Ck0: Tap aimed via settled hierarchy
00:14:46.915 [ INFO] maestro.Maestro.hierarchyBasedTap-ogj28Uc: Tapping at (160, 584) using hierarchy based logic for wait
00:14:56.612 [ INFO] maestro.Maestro.hierarchyBasedTap-ogj28Uc: Something has changed in the UI judging by view hierarchy. Proceed.
00:14:56.612 [ INFO] maestro.cli.runner.CliConsoleListener.onCommandFinished: Tap on "Kod gönder" COMPLETED
00:14:56.612 [ INFO] maestro.cli.runner.CliConsoleListener.onCommandStart: Assert that "Doğrulama kodu" is visible RUNNING
00:14:57.288 [ INFO] maestro.cli.runner.CliConsoleListener.onCommandFinished: Assert that "Doğrulama kodu" is visible COMPLETED
00:14:57.289 [ INFO] maestro.cli.runner.CliConsoleListener.onCommandStart: Take screenshot 02-otp RUNNING
00:14:57.294 [ INFO] maestro.Maestro.takeScreenshot: Taking screenshot
00:14:57.294 [TRACE] maestro.utils.ScreenshotUtils.takeScreenshot: Taking screenshot to output sink
00:14:57.399 [ INFO] maestro.cli.runner.CliConsoleListener.onCommandFinished: Take screenshot 02-otp COMPLETED
00:14:57.399 [ INFO] maestro.cli.runner.CliConsoleListener.onCommandStart: Tap on id: otp-input RUNNING
00:14:57.555 [ INFO] maestro.Maestro.tap-HgV9Ck0: Tapping on element:  UiElement(treeNode=TreeNode(attributes={text=, accessibilityText=Doğrulama kodu, hintText=, ignoreBoundsFiltering=false, resource-id=otp-input, clickable=true, bounds=[20,194][300,252], enabled=true, focused=true, checked=false, scrollable=false, selected=false, class=android.widget.EditText, important-for-accessibility=true, error=}, children=[], clickable=true, enabled=true, focused=true, checked=false, selected=false), bounds=Bounds(x=20, y=194, width=280, height=58))
00:15:01.641 [ INFO] maestro.Maestro.tap-HgV9Ck0: Tap aimed via settled hierarchy
00:15:01.644 [ INFO] maestro.Maestro.hierarchyBasedTap-ogj28Uc: Tapping at (160, 223) using hierarchy based logic for wait
00:15:02.663 [ INFO] maestro.Maestro.hierarchyBasedTap-ogj28Uc: Something has changed in the UI judging by view hierarchy. Proceed.
00:15:02.663 [ INFO] maestro.cli.runner.CliConsoleListener.onCommandFinished: Tap on id: otp-input COMPLETED
00:15:02.663 [ INFO] maestro.cli.runner.CliConsoleListener.onCommandStart: Input text 123456 RUNNING
00:15:02.664 [ INFO] maestro.Maestro.inputText: Inputting text: 123456
00:15:04.987 [ INFO] maestro.cli.runner.CliConsoleListener.onCommandFinished: Input text 123456 COMPLETED
00:15:04.988 [ INFO] maestro.cli.runner.CliConsoleListener.onCommandFinished: Run login-code.yaml COMPLETED
00:15:04.988 [ INFO] maestro.cli.runner.CliConsoleListener.onCommandStart: Assert that "Başlamadan önce" is visible RUNNING
00:15:05.108 [ INFO] maestro.cli.runner.CliConsoleListener.onCommandFinished: Assert that "Başlamadan önce" is visible COMPLETED
00:15:05.108 [ INFO] maestro.cli.runner.CliConsoleListener.onCommandStart: Take screenshot 03-consents RUNNING
00:15:05.110 [ INFO] maestro.Maestro.takeScreenshot: Taking screenshot
00:15:05.110 [TRACE] maestro.utils.ScreenshotUtils.takeScreenshot: Taking screenshot to output sink
00:15:05.239 [ INFO] maestro.cli.runner.CliConsoleListener.onCommandFinished: Take screenshot 03-consents COMPLETED
00:15:05.239 [ INFO] maestro.cli.runner.CliConsoleListener.onCommandStart: Tap on "Kullanım Koşulları’nı okudum ve kabul ediyorum." RUNNING
00:15:05.662 [ INFO] maestro.Maestro.tap-HgV9Ck0: Tapping on element:  UiElement(treeNode=TreeNode(attributes={text=Kullanım Koşulları’nı okudum ve kabul ediyorum., accessibilityText=, hintText=, ignoreBoundsFiltering=false, resource-id=, clickable=false, bounds=[74,119][284,165], enabled=true, focused=false, checked=false, scrollable=false, selected=false, class=android.widget.TextView, important-for-accessibility=true, error=}, children=[], clickable=false, enabled=true, focused=false, checked=false, selected=false), bounds=Bounds(x=74, y=119, width=210, height=46))
00:15:06.949 [ INFO] maestro.Maestro.tap-HgV9Ck0: Tap aimed via settled hierarchy
00:15:06.951 [ INFO] maestro.Maestro.hierarchyBasedTap-ogj28Uc: Tapping at (179, 142) using hierarchy based logic for wait
00:15:08.450 [ INFO] maestro.Maestro.hierarchyBasedTap-ogj28Uc: Something has changed in the UI judging by view hierarchy. Proceed.
00:15:08.451 [ INFO] maestro.cli.runner.CliConsoleListener.onCommandFinished: Tap on "Kullanım Koşulları’nı okudum ve kabul ediyorum." COMPLETED
00:15:08.452 [ INFO] maestro.cli.runner.CliConsoleListener.onCommandStart: Tap on "KVKK Aydınlatma Metni’ni okudum." RUNNING
00:15:08.966 [ INFO] maestro.Maestro.tap-HgV9Ck0: Tapping on element:  UiElement(treeNode=TreeNode(attributes={text=KVKK Aydınlatma Metni’ni okudum., accessibilityText=, hintText=, ignoreBoundsFiltering=false, resource-id=, clickable=false, bounds=[74,219][284,265], enabled=true, focused=false, checked=false, scrollable=false, selected=false, class=android.widget.TextView, important-for-accessibility=true, error=}, children=[], clickable=false, enabled=true, focused=false, checked=false, selected=false), bounds=Bounds(x=74, y=219, width=210, height=46))
00:15:10.885 [ INFO] maestro.Maestro.tap-HgV9Ck0: Tap aimed via settled hierarchy
00:15:10.888 [ INFO] maestro.Maestro.hierarchyBasedTap-ogj28Uc: Tapping at (179, 242) using hierarchy based logic for wait
00:15:12.660 [ INFO] maestro.Maestro.hierarchyBasedTap-ogj28Uc: Something has changed in the UI judging by view hierarchy. Proceed.
00:15:12.661 [ INFO] maestro.cli.runner.CliConsoleListener.onCommandFinished: Tap on "KVKK Aydınlatma Metni’ni okudum." COMPLETED
00:15:12.661 [ INFO] maestro.cli.runner.CliConsoleListener.onCommandStart: Tap on "Onayla ve devam et" RUNNING
00:15:12.980 [ INFO] maestro.Maestro.tap-HgV9Ck0: Tapping on element:  UiElement(treeNode=TreeNode(attributes={text=Onayla ve devam et, accessibilityText=, hintText=, ignoreBoundsFiltering=false, resource-id=, clickable=false, bounds=[87,574][234,594], enabled=true, focused=false, checked=false, scrollable=false, selected=false, class=android.widget.TextView, important-for-accessibility=true, error=}, children=[], clickable=false, enabled=true, focused=false, checked=false, selected=false), bounds=Bounds(x=87, y=574, width=147, height=20))
00:15:14.449 [ INFO] maestro.Maestro.tap-HgV9Ck0: Tap aimed via settled hierarchy
00:15:14.450 [ INFO] maestro.Maestro.hierarchyBasedTap-ogj28Uc: Tapping at (160, 584) using hierarchy based logic for wait
00:15:15.785 [ INFO] maestro.Maestro.hierarchyBasedTap-ogj28Uc: Something has changed in the UI judging by view hierarchy. Proceed.
00:15:15.786 [ INFO] maestro.cli.runner.CliConsoleListener.onCommandFinished: Tap on "Onayla ve devam et" COMPLETED
00:15:15.786 [ INFO] maestro.cli.runner.CliConsoleListener.onCommandStart: Assert that "Seni tanıyalım" is visible RUNNING
00:15:15.948 [ INFO] maestro.cli.runner.CliConsoleListener.onCommandFinished: Assert that "Seni tanıyalım" is visible COMPLETED
00:15:15.949 [ INFO] maestro.cli.runner.CliConsoleListener.onCommandStart: Run ${output.underAgeYear = String(new Date().getFullYear() - 17)} RUNNING
00:15:18.092 [ INFO] maestro.cli.runner.CliConsoleListener.onCommandFinished: Run ${output.underAgeYear = String(new Date().getFullYear() - 17)} COMPLETED
00:15:18.092 [ INFO] maestro.cli.runner.CliConsoleListener.onCommandStart: Run about-you.yaml RUNNING
00:15:18.093 [ INFO] maestro.cli.runner.CliConsoleListener.onCommandStart: Define variables RUNNING
00:15:18.112 [ INFO] maestro.cli.runner.CliConsoleListener.onCommandFinished: Define variables COMPLETED
00:15:18.112 [ INFO] maestro.cli.runner.CliConsoleListener.onCommandStart: Apply configuration RUNNING
00:15:18.113 [ INFO] maestro.cli.runner.CliConsoleListener.onCommandFinished: Apply configuration COMPLETED
00:15:18.113 [ INFO] maestro.cli.runner.CliConsoleListener.onCommandStart: Tap on id: signup-name RUNNING
00:15:18.418 [ INFO] maestro.Maestro.tap-HgV9Ck0: Tapping on element:  UiElement(treeNode=TreeNode(attributes={text=, accessibilityText=, hintText=, ignoreBoundsFiltering=false, resource-id=signup-name, clickable=true, bounds=[38,154][282,200], enabled=true, focused=false, checked=false, scrollable=false, selected=false, class=android.widget.EditText, important-for-accessibility=true, error=}, children=[], clickable=true, enabled=true, focused=false, checked=false, selected=false), bounds=Bounds(x=38, y=154, width=244, height=46))
00:15:19.922 [ INFO] maestro.Maestro.tap-HgV9Ck0: Tap aimed via settled hierarchy
00:15:19.925 [ INFO] maestro.Maestro.hierarchyBasedTap-ogj28Uc: Tapping at (160, 177) using hierarchy based logic for wait
00:15:22.358 [ INFO] maestro.Maestro.hierarchyBasedTap-ogj28Uc: Something has changed in the UI judging by view hierarchy. Proceed.
00:15:22.359 [ INFO] maestro.cli.runner.CliConsoleListener.onCommandFinished: Tap on id: signup-name COMPLETED
00:15:22.359 [ INFO] maestro.cli.runner.CliConsoleListener.onCommandStart: Erase text RUNNING
00:15:22.360 [ INFO] maestro.Maestro.eraseText$lambda$52: Erasing 50 characters
00:15:25.956 [ INFO] maestro.cli.runner.CliConsoleListener.onCommandFinished: Erase text COMPLETED
00:15:25.959 [ INFO] maestro.cli.runner.CliConsoleListener.onCommandStart: Input text ${NAME} RUNNING
00:15:25.973 [ INFO] maestro.Maestro.inputText: Inputting text: Genç Masa
00:15:28.741 [ INFO] maestro.cli.runner.CliConsoleListener.onCommandFinished: Input text ${NAME} COMPLETED
00:15:28.741 [ INFO] maestro.cli.runner.CliConsoleListener.onCommandStart: Tap on id: birth-day RUNNING
00:15:29.873 [ INFO] maestro.Maestro.tap-HgV9Ck0: Tapping on element:  UiElement(treeNode=TreeNode(attributes={text=, accessibilityText=Gün, hintText=, ignoreBoundsFiltering=false, resource-id=birth-day, clickable=true, bounds=[38,299][75,345], enabled=true, focused=false, checked=false, scrollable=false, selected=false, class=android.widget.EditText, important-for-accessibility=true, error=}, children=[], clickable=true, enabled=true, focused=false, checked=false, selected=false), bounds=Bounds(x=38, y=299, width=37, height=46))
00:15:31.503 [ INFO] maestro.Maestro.tap-HgV9Ck0: Tap aimed via settled hierarchy
00:15:31.505 [ INFO] maestro.Maestro.hierarchyBasedTap-ogj28Uc: Tapping at (56, 322) using hierarchy based logic for wait
00:15:32.645 [ INFO] maestro.Maestro.hierarchyBasedTap-ogj28Uc: Something has changed in the UI judging by view hierarchy. Proceed.
00:15:32.646 [ INFO] maestro.cli.runner.CliConsoleListener.onCommandFinished: Tap on id: birth-day COMPLETED
00:15:32.646 [ INFO] maestro.cli.runner.CliConsoleListener.onCommandStart: Input text ${DAY} RUNNING
00:15:32.663 [ INFO] maestro.Maestro.inputText: Inputting text: 01
00:15:33.596 [ INFO] maestro.cli.runner.CliConsoleListener.onCommandFinished: Input text ${DAY} COMPLETED
00:15:33.596 [ INFO] maestro.cli.runner.CliConsoleListener.onCommandStart: Tap on id: birth-month RUNNING
00:15:33.769 [ INFO] maestro.Maestro.tap-HgV9Ck0: Tapping on element:  UiElement(treeNode=TreeNode(attributes={text=, accessibilityText=Ay, hintText=, ignoreBoundsFiltering=false, resource-id=birth-month, clickable=true, bounds=[120,299][157,345], enabled=true, focused=false, checked=false, scrollable=false, selected=false, class=android.widget.EditText, important-for-accessibility=true, error=}, children=[], clickable=true, enabled=true, focused=false, checked=false, selected=false), bounds=Bounds(x=120, y=299, width=37, height=46))
00:15:35.036 [ INFO] maestro.Maestro.tap-HgV9Ck0: Tap aimed via settled hierarchy
00:15:35.037 [ INFO] maestro.Maestro.hierarchyBasedTap-ogj28Uc: Tapping at (138, 322) using hierarchy based logic for wait
00:15:36.143 [ INFO] maestro.Maestro.hierarchyBasedTap-ogj28Uc: Something has changed in the UI judging by view hierarchy. Proceed.
00:15:36.143 [ INFO] maestro.cli.runner.CliConsoleListener.onCommandFinished: Tap on id: birth-month COMPLETED
00:15:36.144 [ INFO] maestro.cli.runner.CliConsoleListener.onCommandStart: Input text ${MONTH} RUNNING
00:15:36.152 [ INFO] maestro.Maestro.inputText: Inputting text: 01
00:15:37.431 [ INFO] maestro.cli.runner.CliConsoleListener.onCommandFinished: Input text ${MONTH} COMPLETED
00:15:37.431 [ INFO] maestro.cli.runner.CliConsoleListener.onCommandStart: Tap on id: birth-year RUNNING
00:15:37.608 [ INFO] maestro.Maestro.tap-HgV9Ck0: Tapping on element:  UiElement(treeNode=TreeNode(attributes={text=, accessibilityText=Yıl, hintText=, ignoreBoundsFiltering=false, resource-id=birth-year, clickable=true, bounds=[202,299][282,345], enabled=true, focused=false, checked=false, scrollable=false, selected=false, class=android.widget.EditText, important-for-accessibility=true, error=}, children=[], clickable=true, enabled=true, focused=false, checked=false, selected=false), bounds=Bounds(x=202, y=299, width=80, height=46))
00:15:38.871 [ INFO] maestro.Maestro.tap-HgV9Ck0: Tap aimed via settled hierarchy
00:15:38.872 [ INFO] maestro.Maestro.hierarchyBasedTap-ogj28Uc: Tapping at (242, 322) using hierarchy based logic for wait
00:15:39.907 [ INFO] maestro.Maestro.hierarchyBasedTap-ogj28Uc: Something has changed in the UI judging by view hierarchy. Proceed.
00:15:39.907 [ INFO] maestro.cli.runner.CliConsoleListener.onCommandFinished: Tap on id: birth-year COMPLETED
00:15:39.907 [ INFO] maestro.cli.runner.CliConsoleListener.onCommandStart: Input text ${YEAR} RUNNING
00:15:39.913 [ INFO] maestro.Maestro.inputText: Inputting text: 2009
00:15:41.231 [ INFO] maestro.cli.runner.CliConsoleListener.onCommandFinished: Input text ${YEAR} COMPLETED
00:15:41.231 [ INFO] maestro.cli.runner.CliConsoleListener.onCommandStart: Hide Keyboard RUNNING
00:15:41.232 [ INFO] maestro.Maestro.hideKeyboard$lambda$12: Hiding Keyboard
00:15:42.252 [ INFO] maestro.cli.runner.CliConsoleListener.onCommandFinished: Hide Keyboard COMPLETED
00:15:42.252 [ INFO] maestro.cli.runner.CliConsoleListener.onCommandStart: Tap on id: signup-continue RUNNING
00:15:42.370 [ INFO] maestro.Maestro.tap-HgV9Ck0: Tapping on element:  UiElement(treeNode=TreeNode(attributes={text=, accessibilityText=Devam, hintText=, ignoreBoundsFiltering=false, resource-id=signup-continue, clickable=true, bounds=[20,560][300,608], enabled=true, focused=false, checked=false, scrollable=false, selected=false, class=android.widget.Button, important-for-accessibility=true, error=}, children=[TreeNode(attributes={text=, accessibilityText=, hintText=, ignoreBoundsFiltering=false, resource-id=, clickable=false, bounds=[20,560][300,608], enabled=true, focused=false, checked=false, scrollable=false, selected=false, class=android.view.ViewGroup, important-for-accessibility=false, error=}, children=[], clickable=false, enabled=true, focused=false, checked=false, selected=false), TreeNode(attributes={text=Devam, accessibilityText=, hintText=, ignoreBoundsFiltering=false, resource-id=, clickable=false, bounds=[134,574][186,594], enabled=true, focused=false, checked=false, scrollable=false, selected=false, class=android.widget.TextView, important-for-accessibility=true, error=}, children=[], clickable=false, enabled=true, focused=false, checked=false, selected=false)], clickable=true, enabled=true, focused=false, checked=false, selected=false), bounds=Bounds(x=20, y=560, width=280, height=48))
00:15:43.589 [ INFO] maestro.Maestro.tap-HgV9Ck0: Tap aimed via settled hierarchy
00:15:43.590 [ INFO] maestro.Maestro.hierarchyBasedTap-ogj28Uc: Tapping at (160, 584) using hierarchy based logic for wait
00:15:45.013 [ INFO] maestro.Maestro.hierarchyBasedTap-ogj28Uc: Something has changed in the UI judging by view hierarchy. Proceed.
00:15:45.013 [ INFO] maestro.cli.runner.CliConsoleListener.onCommandFinished: Tap on id: signup-continue COMPLETED
00:15:45.014 [ INFO] maestro.cli.runner.CliConsoleListener.onCommandFinished: Run about-you.yaml COMPLETED
00:15:45.014 [ INFO] maestro.cli.runner.CliConsoleListener.onCommandStart: Assert that id: under-age is visible RUNNING
00:15:45.120 [ INFO] maestro.cli.runner.CliConsoleListener.onCommandFinished: Assert that id: under-age is visible COMPLETED
00:15:45.121 [ INFO] maestro.cli.runner.CliConsoleListener.onCommandStart: Assert that "Kabuk 18 yaş ve üzeri içindir" is visible RUNNING
00:15:45.205 [ INFO] maestro.cli.runner.CliConsoleListener.onCommandFinished: Assert that "Kabuk 18 yaş ve üzeri içindir" is visible COMPLETED
00:15:45.205 [ INFO] maestro.cli.runner.CliConsoleListener.onCommandStart: Take screenshot 03a-under-age RUNNING
00:15:45.206 [ INFO] maestro.Maestro.takeScreenshot: Taking screenshot
00:15:45.206 [TRACE] maestro.utils.ScreenshotUtils.takeScreenshot: Taking screenshot to output sink
00:15:45.278 [ INFO] maestro.cli.runner.CliConsoleListener.onCommandFinished: Take screenshot 03a-under-age COMPLETED
00:15:45.279 [ INFO] maestro.cli.runner.CliConsoleListener.onCommandStart: Tap on "Kapat" RUNNING
00:15:45.401 [ INFO] maestro.Maestro.tap-HgV9Ck0: Tapping on element:  UiElement(treeNode=TreeNode(attributes={text=Kapat, accessibilityText=, hintText=, ignoreBoundsFiltering=false, resource-id=, clickable=false, bounds=[138,574][182,594], enabled=true, focused=false, checked=false, scrollable=false, selected=false, class=android.widget.TextView, important-for-accessibility=true, error=}, children=[], clickable=false, enabled=true, focused=false, checked=false, selected=false), bounds=Bounds(x=138, y=574, width=44, height=20))
00:15:46.728 [ INFO] maestro.Maestro.tap-HgV9Ck0: Tap aimed via settled hierarchy
00:15:46.729 [ INFO] maestro.Maestro.hierarchyBasedTap-ogj28Uc: Tapping at (160, 584) using hierarchy based logic for wait
00:15:47.648 [ INFO] maestro.Maestro.hierarchyBasedTap-ogj28Uc: Something has changed in the UI judging by view hierarchy. Proceed.
00:15:47.648 [ INFO] maestro.cli.runner.CliConsoleListener.onCommandFinished: Tap on "Kapat" COMPLETED
00:15:47.649 [ INFO] maestro.cli.runner.CliConsoleListener.onCommandStart: Assert that "Telefon numaran" is visible RUNNING
00:15:47.737 [ INFO] maestro.cli.runner.CliConsoleListener.onCommandFinished: Assert that "Telefon numaran" is visible COMPLETED
00:15:47.737 [ INFO] maestro.cli.runner.CliConsoleListener.onCommandStart: Run login-code.yaml RUNNING
00:15:47.738 [ INFO] maestro.cli.runner.CliConsoleListener.onCommandStart: Apply configuration RUNNING
00:15:47.738 [ INFO] maestro.cli.runner.CliConsoleListener.onCommandFinished: Apply configuration COMPLETED
00:15:47.738 [ INFO] maestro.cli.runner.CliConsoleListener.onCommandStart: Tap on id: phone-input RUNNING
00:15:47.889 [ INFO] maestro.Maestro.tap-HgV9Ck0: Tapping on element:  UiElement(treeNode=TreeNode(attributes={text=, accessibilityText=Telefon numaran, hintText=5xx xxx xx xx, ignoreBoundsFiltering=false, resource-id=phone-input, clickable=true, bounds=[75,200][282,247], enabled=true, focused=false, checked=false, scrollable=false, selected=false, class=android.widget.EditText, important-for-accessibility=true, error=}, children=[], clickable=true, enabled=true, focused=false, checked=false, selected=false), bounds=Bounds(x=75, y=200, width=207, height=47))
00:15:49.277 [ INFO] maestro.Maestro.tap-HgV9Ck0: Tap aimed via settled hierarchy
00:15:49.278 [ INFO] maestro.Maestro.hierarchyBasedTap-ogj28Uc: Tapping at (178, 223) using hierarchy based logic for wait
00:15:50.824 [ INFO] maestro.Maestro.hierarchyBasedTap-ogj28Uc: Something has changed in the UI judging by view hierarchy. Proceed.
00:15:50.824 [ INFO] maestro.cli.runner.CliConsoleListener.onCommandFinished: Tap on id: phone-input COMPLETED
00:15:50.825 [ INFO] maestro.cli.runner.CliConsoleListener.onCommandStart: Erase text RUNNING
00:15:50.825 [ INFO] maestro.Maestro.eraseText$lambda$52: Erasing 50 characters
00:15:52.709 [ INFO] maestro.cli.runner.CliConsoleListener.onCommandFinished: Erase text COMPLETED
00:15:52.709 [ INFO] maestro.cli.runner.CliConsoleListener.onCommandStart: Input text 5550000001 RUNNING
00:15:52.710 [ INFO] maestro.Maestro.inputText: Inputting text: 5550000001
00:15:54.595 [ INFO] maestro.cli.runner.CliConsoleListener.onCommandFinished: Input text 5550000001 COMPLETED
00:15:54.595 [ INFO] maestro.cli.runner.CliConsoleListener.onCommandStart: Hide Keyboard RUNNING
00:15:54.595 [ INFO] maestro.Maestro.hideKeyboard$lambda$12: Hiding Keyboard
00:15:55.552 [ INFO] maestro.cli.runner.CliConsoleListener.onCommandFinished: Hide Keyboard COMPLETED
00:15:55.553 [ INFO] maestro.cli.runner.CliConsoleListener.onCommandStart: Tap on "Kod gönder" RUNNING
00:15:55.644 [ INFO] maestro.Maestro.tap-HgV9Ck0: Tapping on element:  UiElement(treeNode=TreeNode(attributes={text=Kod gönder, accessibilityText=, hintText=, ignoreBoundsFiltering=false, resource-id=, clickable=false, bounds=[117,574][204,594], enabled=true, focused=false, checked=false, scrollable=false, selected=false, class=android.widget.TextView, important-for-accessibility=true, error=}, children=[], clickable=false, enabled=true, focused=false, checked=false, selected=false), bounds=Bounds(x=117, y=574, width=87, height=20))
00:15:56.885 [ INFO] maestro.Maestro.tap-HgV9Ck0: Tap aimed via settled hierarchy
00:15:56.886 [ INFO] maestro.Maestro.hierarchyBasedTap-ogj28Uc: Tapping at (160, 584) using hierarchy based logic for wait
00:15:58.200 [ INFO] maestro.Maestro.hierarchyBasedTap-ogj28Uc: Something has changed in the UI judging by view hierarchy. Proceed.
00:15:58.200 [ INFO] maestro.cli.runner.CliConsoleListener.onCommandFinished: Tap on "Kod gönder" COMPLETED
00:15:58.201 [ INFO] maestro.cli.runner.CliConsoleListener.onCommandStart: Assert that "Doğrulama kodu" is visible RUNNING
00:15:58.367 [ INFO] maestro.cli.runner.CliConsoleListener.onCommandFinished: Assert that "Doğrulama kodu" is visible COMPLETED
00:15:58.367 [ INFO] maestro.cli.runner.CliConsoleListener.onCommandStart: Take screenshot 02-otp RUNNING
00:15:58.368 [ INFO] maestro.Maestro.takeScreenshot: Taking screenshot
00:15:58.368 [TRACE] maestro.utils.ScreenshotUtils.takeScreenshot: Taking screenshot to output sink
00:15:58.404 [ INFO] maestro.cli.runner.CliConsoleListener.onCommandFinished: Take screenshot 02-otp COMPLETED
00:15:58.404 [ INFO] maestro.cli.runner.CliConsoleListener.onCommandStart: Tap on id: otp-input RUNNING
00:15:59.118 [ INFO] maestro.Maestro.tap-HgV9Ck0: Tapping on element:  UiElement(treeNode=TreeNode(attributes={text=, accessibilityText=Doğrulama kodu, hintText=, ignoreBoundsFiltering=false, resource-id=otp-input, clickable=true, bounds=[20,194][300,252], enabled=true, focused=true, checked=false, scrollable=false, selected=false, class=android.widget.EditText, important-for-accessibility=true, error=}, children=[], clickable=true, enabled=true, focused=true, checked=false, selected=false), bounds=Bounds(x=20, y=194, width=280, height=58))
00:16:01.405 [ INFO] maestro.Maestro.tap-HgV9Ck0: Tap aimed via settled hierarchy
00:16:01.406 [ INFO] maestro.Maestro.hierarchyBasedTap-ogj28Uc: Tapping at (160, 223) using hierarchy based logic for wait
00:16:02.278 [ INFO] maestro.Maestro.hierarchyBasedTap-ogj28Uc: Something has changed in the UI judging by view hierarchy. Proceed.
00:16:02.278 [ INFO] maestro.cli.runner.CliConsoleListener.onCommandFinished: Tap on id: otp-input COMPLETED
00:16:02.278 [ INFO] maestro.cli.runner.CliConsoleListener.onCommandStart: Input text 123456 RUNNING
00:16:02.278 [ INFO] maestro.Maestro.inputText: Inputting text: 123456
00:16:03.872 [ INFO] maestro.cli.runner.CliConsoleListener.onCommandFinished: Input text 123456 COMPLETED
00:16:03.872 [ INFO] maestro.cli.runner.CliConsoleListener.onCommandFinished: Run login-code.yaml COMPLETED
00:16:03.873 [ INFO] maestro.cli.runner.CliConsoleListener.onCommandStart: Assert that "Başlamadan önce" is visible RUNNING
00:16:03.984 [ INFO] maestro.cli.runner.CliConsoleListener.onCommandFinished: Assert that "Başlamadan önce" is visible COMPLETED
00:16:03.984 [ INFO] maestro.cli.runner.CliConsoleListener.onCommandStart: Tap on "Kullanım Koşulları’nı okudum ve kabul ediyorum." RUNNING
00:16:04.060 [ INFO] maestro.Maestro.tap-HgV9Ck0: Tapping on element:  UiElement(treeNode=TreeNode(attributes={text=Kullanım Koşulları’nı okudum ve kabul ediyorum., accessibilityText=, hintText=, ignoreBoundsFiltering=false, resource-id=, clickable=false, bounds=[74,119][284,165], enabled=true, focused=false, checked=false, scrollable=false, selected=false, class=android.widget.TextView, important-for-accessibility=true, error=}, children=[], clickable=false, enabled=true, focused=false, checked=false, selected=false), bounds=Bounds(x=74, y=119, width=210, height=46))
00:16:05.300 [ INFO] maestro.Maestro.tap-HgV9Ck0: Tap aimed via settled hierarchy
00:16:05.301 [ INFO] maestro.Maestro.hierarchyBasedTap-ogj28Uc: Tapping at (179, 142) using hierarchy based logic for wait
00:16:06.148 [ INFO] maestro.Maestro.hierarchyBasedTap-ogj28Uc: Something has changed in the UI judging by view hierarchy. Proceed.
00:16:06.149 [ INFO] maestro.cli.runner.CliConsoleListener.onCommandFinished: Tap on "Kullanım Koşulları’nı okudum ve kabul ediyorum." COMPLETED
00:16:06.149 [ INFO] maestro.cli.runner.CliConsoleListener.onCommandStart: Tap on "KVKK Aydınlatma Metni’ni okudum." RUNNING
00:16:06.244 [ INFO] maestro.Maestro.tap-HgV9Ck0: Tapping on element:  UiElement(treeNode=TreeNode(attributes={text=KVKK Aydınlatma Metni’ni okudum., accessibilityText=, hintText=, ignoreBoundsFiltering=false, resource-id=, clickable=false, bounds=[74,219][284,265], enabled=true, focused=false, checked=false, scrollable=false, selected=false, class=android.widget.TextView, important-for-accessibility=true, error=}, children=[], clickable=false, enabled=true, focused=false, checked=false, selected=false), bounds=Bounds(x=74, y=219, width=210, height=46))
00:16:07.528 [ INFO] maestro.Maestro.tap-HgV9Ck0: Tap aimed via settled hierarchy
00:16:07.529 [ INFO] maestro.Maestro.hierarchyBasedTap-ogj28Uc: Tapping at (179, 242) using hierarchy based logic for wait
00:16:08.429 [ INFO] maestro.Maestro.hierarchyBasedTap-ogj28Uc: Something has changed in the UI judging by view hierarchy. Proceed.
00:16:08.429 [ INFO] maestro.cli.runner.CliConsoleListener.onCommandFinished: Tap on "KVKK Aydınlatma Metni’ni okudum." COMPLETED
00:16:08.429 [ INFO] maestro.cli.runner.CliConsoleListener.onCommandStart: Tap on "Onayla ve devam et" RUNNING
00:16:08.544 [ INFO] maestro.Maestro.tap-HgV9Ck0: Tapping on element:  UiElement(treeNode=TreeNode(attributes={text=Onayla ve devam et, accessibilityText=, hintText=, ignoreBoundsFiltering=false, resource-id=, clickable=false, bounds=[87,574][234,594], enabled=true, focused=false, checked=false, scrollable=false, selected=false, class=android.widget.TextView, important-for-accessibility=true, error=}, children=[], clickable=false, enabled=true, focused=false, checked=false, selected=false), bounds=Bounds(x=87, y=574, width=147, height=20))
00:16:09.800 [ INFO] maestro.Maestro.tap-HgV9Ck0: Tap aimed via settled hierarchy
00:16:09.801 [ INFO] maestro.Maestro.hierarchyBasedTap-ogj28Uc: Tapping at (160, 584) using hierarchy based logic for wait
00:16:10.744 [ INFO] maestro.Maestro.hierarchyBasedTap-ogj28Uc: Something has changed in the UI judging by view hierarchy. Proceed.
00:16:10.744 [ INFO] maestro.cli.runner.CliConsoleListener.onCommandFinished: Tap on "Onayla ve devam et" COMPLETED
00:16:10.744 [ INFO] maestro.cli.runner.CliConsoleListener.onCommandStart: Assert that "Seni tanıyalım" is visible RUNNING
00:16:10.822 [ INFO] maestro.cli.runner.CliConsoleListener.onCommandFinished: Assert that "Seni tanıyalım" is visible COMPLETED
00:16:10.822 [ INFO] maestro.cli.runner.CliConsoleListener.onCommandStart: Take screenshot 03b-about-you RUNNING
00:16:10.823 [ INFO] maestro.Maestro.takeScreenshot: Taking screenshot
00:16:10.823 [TRACE] maestro.utils.ScreenshotUtils.takeScreenshot: Taking screenshot to output sink
00:16:10.885 [ INFO] maestro.cli.runner.CliConsoleListener.onCommandFinished: Take screenshot 03b-about-you COMPLETED
00:16:10.885 [ INFO] maestro.cli.runner.CliConsoleListener.onCommandStart: Run about-you.yaml RUNNING
00:16:10.886 [ INFO] maestro.cli.runner.CliConsoleListener.onCommandStart: Define variables RUNNING
00:16:10.886 [ INFO] maestro.cli.runner.CliConsoleListener.onCommandFinished: Define variables COMPLETED
00:16:10.886 [ INFO] maestro.cli.runner.CliConsoleListener.onCommandStart: Apply configuration RUNNING
00:16:10.886 [ INFO] maestro.cli.runner.CliConsoleListener.onCommandFinished: Apply configuration COMPLETED
00:16:10.886 [ INFO] maestro.cli.runner.CliConsoleListener.onCommandStart: Tap on id: signup-name RUNNING
00:16:11.006 [ INFO] maestro.Maestro.tap-HgV9Ck0: Tapping on element:  UiElement(treeNode=TreeNode(attributes={text=, accessibilityText=, hintText=, ignoreBoundsFiltering=false, resource-id=signup-name, clickable=true, bounds=[38,154][282,200], enabled=true, focused=false, checked=false, scrollable=false, selected=false, class=android.widget.EditText, important-for-accessibility=true, error=}, children=[], clickable=true, enabled=true, focused=false, checked=false, selected=false), bounds=Bounds(x=38, y=154, width=244, height=46))
00:16:12.208 [ INFO] maestro.Maestro.tap-HgV9Ck0: Tap aimed via settled hierarchy
00:16:12.209 [ INFO] maestro.Maestro.hierarchyBasedTap-ogj28Uc: Tapping at (160, 177) using hierarchy based logic for wait
00:16:13.861 [ INFO] maestro.Maestro.hierarchyBasedTap-ogj28Uc: Something has changed in the UI judging by view hierarchy. Proceed.
00:16:13.861 [ INFO] maestro.cli.runner.CliConsoleListener.onCommandFinished: Tap on id: signup-name COMPLETED
00:16:13.861 [ INFO] maestro.cli.runner.CliConsoleListener.onCommandStart: Erase text RUNNING
00:16:13.862 [ INFO] maestro.Maestro.eraseText$lambda$52: Erasing 50 characters
00:16:15.971 [ INFO] maestro.cli.runner.CliConsoleListener.onCommandFinished: Erase text COMPLETED
00:16:15.972 [ INFO] maestro.cli.runner.CliConsoleListener.onCommandStart: Input text ${NAME} RUNNING
00:16:15.978 [ INFO] maestro.Maestro.inputText: Inputting text: Cihaz Masa
00:16:19.030 [ INFO] maestro.cli.runner.CliConsoleListener.onCommandFinished: Input text ${NAME} COMPLETED
00:16:19.031 [ INFO] maestro.cli.runner.CliConsoleListener.onCommandStart: Tap on id: birth-day RUNNING
00:16:19.203 [ INFO] maestro.Maestro.tap-HgV9Ck0: Tapping on element:  UiElement(treeNode=TreeNode(attributes={text=, accessibilityText=Gün, hintText=, ignoreBoundsFiltering=false, resource-id=birth-day, clickable=true, bounds=[38,299][75,345], enabled=true, focused=false, checked=false, scrollable=false, selected=false, class=android.widget.EditText, important-for-accessibility=true, error=}, children=[], clickable=true, enabled=true, focused=false, checked=false, selected=false), bounds=Bounds(x=38, y=299, width=37, height=46))
00:16:20.494 [ INFO] maestro.Maestro.tap-HgV9Ck0: Tap aimed via settled hierarchy
00:16:20.495 [ INFO] maestro.Maestro.hierarchyBasedTap-ogj28Uc: Tapping at (56, 322) using hierarchy based logic for wait
00:16:21.453 [ INFO] maestro.Maestro.hierarchyBasedTap-ogj28Uc: Something has changed in the UI judging by view hierarchy. Proceed.
00:16:21.453 [ INFO] maestro.cli.runner.CliConsoleListener.onCommandFinished: Tap on id: birth-day COMPLETED
00:16:21.453 [ INFO] maestro.cli.runner.CliConsoleListener.onCommandStart: Input text ${DAY} RUNNING
00:16:21.458 [ INFO] maestro.Maestro.inputText: Inputting text: 15
00:16:22.401 [ INFO] maestro.cli.runner.CliConsoleListener.onCommandFinished: Input text ${DAY} COMPLETED
00:16:22.401 [ INFO] maestro.cli.runner.CliConsoleListener.onCommandStart: Tap on id: birth-month RUNNING
00:16:22.496 [ INFO] maestro.Maestro.tap-HgV9Ck0: Tapping on element:  UiElement(treeNode=TreeNode(attributes={text=, accessibilityText=Ay, hintText=, ignoreBoundsFiltering=false, resource-id=birth-month, clickable=true, bounds=[120,299][157,345], enabled=true, focused=false, checked=false, scrollable=false, selected=false, class=android.widget.EditText, important-for-accessibility=true, error=}, children=[], clickable=true, enabled=true, focused=false, checked=false, selected=false), bounds=Bounds(x=120, y=299, width=37, height=46))
00:16:23.797 [ INFO] maestro.Maestro.tap-HgV9Ck0: Tap aimed via settled hierarchy
00:16:23.798 [ INFO] maestro.Maestro.hierarchyBasedTap-ogj28Uc: Tapping at (138, 322) using hierarchy based logic for wait
00:16:24.749 [ INFO] maestro.Maestro.hierarchyBasedTap-ogj28Uc: Something has changed in the UI judging by view hierarchy. Proceed.
00:16:24.749 [ INFO] maestro.cli.runner.CliConsoleListener.onCommandFinished: Tap on id: birth-month COMPLETED
00:16:24.749 [ INFO] maestro.cli.runner.CliConsoleListener.onCommandStart: Input text ${MONTH} RUNNING
00:16:24.753 [ INFO] maestro.Maestro.inputText: Inputting text: 01
00:16:25.693 [ INFO] maestro.cli.runner.CliConsoleListener.onCommandFinished: Input text ${MONTH} COMPLETED
00:16:25.693 [ INFO] maestro.cli.runner.CliConsoleListener.onCommandStart: Tap on id: birth-year RUNNING
00:16:25.828 [ INFO] maestro.Maestro.tap-HgV9Ck0: Tapping on element:  UiElement(treeNode=TreeNode(attributes={text=, accessibilityText=Yıl, hintText=, ignoreBoundsFiltering=false, resource-id=birth-year, clickable=true, bounds=[202,299][282,345], enabled=true, focused=false, checked=false, scrollable=false, selected=false, class=android.widget.EditText, important-for-accessibility=true, error=}, children=[], clickable=true, enabled=true, focused=false, checked=false, selected=false), bounds=Bounds(x=202, y=299, width=80, height=46))
00:16:27.089 [ INFO] maestro.Maestro.tap-HgV9Ck0: Tap aimed via settled hierarchy
00:16:27.090 [ INFO] maestro.Maestro.hierarchyBasedTap-ogj28Uc: Tapping at (242, 322) using hierarchy based logic for wait
00:16:28.046 [ INFO] maestro.Maestro.hierarchyBasedTap-ogj28Uc: Something has changed in the UI judging by view hierarchy. Proceed.
00:16:28.046 [ INFO] maestro.cli.runner.CliConsoleListener.onCommandFinished: Tap on id: birth-year COMPLETED
00:16:28.046 [ INFO] maestro.cli.runner.CliConsoleListener.onCommandStart: Input text ${YEAR} RUNNING
00:16:28.050 [ INFO] maestro.Maestro.inputText: Inputting text: 2000
00:16:29.309 [ INFO] maestro.cli.runner.CliConsoleListener.onCommandFinished: Input text ${YEAR} COMPLETED
00:16:29.309 [ INFO] maestro.cli.runner.CliConsoleListener.onCommandStart: Hide Keyboard RUNNING
00:16:29.309 [ INFO] maestro.Maestro.hideKeyboard$lambda$12: Hiding Keyboard
00:16:30.241 [ INFO] maestro.cli.runner.CliConsoleListener.onCommandFinished: Hide Keyboard COMPLETED
00:16:30.241 [ INFO] maestro.cli.runner.CliConsoleListener.onCommandStart: Tap on id: signup-continue RUNNING
00:16:30.325 [ INFO] maestro.Maestro.tap-HgV9Ck0: Tapping on element:  UiElement(treeNode=TreeNode(attributes={text=, accessibilityText=Devam, hintText=, ignoreBoundsFiltering=false, resource-id=signup-continue, clickable=true, bounds=[20,560][300,608], enabled=true, focused=false, checked=false, scrollable=false, selected=false, class=android.widget.Button, important-for-accessibility=true, error=}, children=[TreeNode(attributes={text=, accessibilityText=, hintText=, ignoreBoundsFiltering=false, resource-id=, clickable=false, bounds=[20,560][300,608], enabled=true, focused=false, checked=false, scrollable=false, selected=false, class=android.view.ViewGroup, important-for-accessibility=false, error=}, children=[], clickable=false, enabled=true, focused=false, checked=false, selected=false), TreeNode(attributes={text=Devam, accessibilityText=, hintText=, ignoreBoundsFiltering=false, resource-id=, clickable=false, bounds=[134,574][186,594], enabled=true, focused=false, checked=false, scrollable=false, selected=false, class=android.widget.TextView, important-for-accessibility=true, error=}, children=[], clickable=false, enabled=true, focused=false, checked=false, selected=false)], clickable=true, enabled=true, focused=false, checked=false, selected=false), bounds=Bounds(x=20, y=560, width=280, height=48))
00:16:31.600 [ INFO] maestro.Maestro.tap-HgV9Ck0: Tap aimed via settled hierarchy
00:16:31.601 [ INFO] maestro.Maestro.hierarchyBasedTap-ogj28Uc: Tapping at (160, 584) using hierarchy based logic for wait
00:16:32.744 [ INFO] maestro.Maestro.hierarchyBasedTap-ogj28Uc: Something has changed in the UI judging by view hierarchy. Proceed.
00:16:32.744 [ INFO] maestro.cli.runner.CliConsoleListener.onCommandFinished: Tap on id: signup-continue COMPLETED
00:16:32.744 [ INFO] maestro.cli.runner.CliConsoleListener.onCommandFinished: Run about-you.yaml COMPLETED
00:16:32.745 [ INFO] maestro.cli.runner.CliConsoleListener.onCommandStart: Assert that "Profilini tamamla" is visible RUNNING
00:16:32.858 [ INFO] maestro.cli.runner.CliConsoleListener.onCommandFinished: Assert that "Profilini tamamla" is visible COMPLETED
00:16:32.858 [ INFO] maestro.cli.runner.CliConsoleListener.onCommandStart: Take screenshot 03c-extras RUNNING
00:16:32.858 [ INFO] maestro.Maestro.takeScreenshot: Taking screenshot
00:16:32.859 [TRACE] maestro.utils.ScreenshotUtils.takeScreenshot: Taking screenshot to output sink
00:16:32.920 [ INFO] maestro.cli.runner.CliConsoleListener.onCommandFinished: Take screenshot 03c-extras COMPLETED
00:16:32.920 [ INFO] maestro.cli.runner.CliConsoleListener.onCommandStart: Scrolling DOWN until id: signup-skip is visible with speed 40, visibility percentage 100%, timeout 20000 ms, with centering disabled RUNNING
00:16:33.085 [ INFO] maestro.orchestra.Orchestra.scrollUntilVisible: Scrolling try count: 0, DeviceWidth: 320, DeviceWidth: 640
00:16:33.086 [ INFO] maestro.orchestra.Orchestra.scrollUntilVisible: Element bounds: Bounds(x=20, y=560, width=280, height=48)
00:16:33.086 [ INFO] maestro.orchestra.Orchestra.scrollUntilVisible: Visibility Percent: 1.0
00:16:33.102 [ INFO] maestro.orchestra.Orchestra.scrollUntilVisible: Command centerElement: ScrollUntilVisibleCommand(selector=ElementSelector(textRegex=null, idRegex=signup-skip, size=null, below=null, above=null, leftOf=null, rightOf=null, containsChild=null, containsDescendants=null, traits=null, index=null, enabled=null, optional=false, selected=null, checked=null, focused=null, childOf=null, css=null), direction=DOWN, scrollDuration=601, visibilityPercentage=100, timeout=20000, waitToSettleTimeoutMs=null, centerElement=false, originalSpeedValue=40, label=null, optional=false).centerElement
00:16:33.103 [ INFO] maestro.orchestra.Orchestra.scrollUntilVisible: visibilityPercentageNormalized: 1.0
00:16:33.103 [ INFO] maestro.cli.runner.CliConsoleListener.onCommandFinished: Scrolling DOWN until id: signup-skip is visible with speed 40, visibility percentage 100%, timeout 20000 ms, with centering disabled COMPLETED
00:16:33.103 [ INFO] maestro.cli.runner.CliConsoleListener.onCommandStart: Tap on id: signup-skip RUNNING
00:16:33.218 [ INFO] maestro.Maestro.tap-HgV9Ck0: Tapping on element:  UiElement(treeNode=TreeNode(attributes={text=, accessibilityText=Şimdilik geç, hintText=, ignoreBoundsFiltering=false, resource-id=signup-skip, clickable=true, bounds=[20,560][300,608], enabled=true, focused=false, checked=false, scrollable=false, selected=false, class=android.widget.Button, important-for-accessibility=true, error=}, children=[TreeNode(attributes={text=, accessibilityText=, hintText=, ignoreBoundsFiltering=false, resource-id=, clickable=false, bounds=[20,560][300,608], enabled=true, focused=false, checked=false, scrollable=false, selected=false, class=android.view.ViewGroup, important-for-accessibility=false, error=}, children=[], clickable=false, enabled=true, focused=false, checked=false, selected=false), TreeNode(attributes={text=Şimdilik geç, accessibilityText=, hintText=, ignoreBoundsFiltering=false, resource-id=, clickable=false, bounds=[115,574][205,594], enabled=true, focused=false, checked=false, scrollable=false, selected=false, class=android.widget.TextView, important-for-accessibility=true, error=}, children=[], clickable=false, enabled=true, focused=false, checked=false, selected=false)], clickable=true, enabled=true, focused=false, checked=false, selected=false), bounds=Bounds(x=20, y=560, width=280, height=48))
00:16:34.480 [ INFO] maestro.Maestro.tap-HgV9Ck0: Tap aimed via settled hierarchy
00:16:34.481 [ INFO] maestro.Maestro.hierarchyBasedTap-ogj28Uc: Tapping at (160, 584) using hierarchy based logic for wait
00:16:36.095 [ INFO] maestro.Maestro.hierarchyBasedTap-ogj28Uc: Something has changed in the UI judging by view hierarchy. Proceed.
00:16:36.095 [ INFO] maestro.cli.runner.CliConsoleListener.onCommandFinished: Tap on id: signup-skip COMPLETED
00:16:36.095 [ INFO] maestro.cli.runner.CliConsoleListener.onCommandStart: Assert that "Liste" is visible RUNNING
00:16:36.243 [ INFO] maestro.cli.runner.CliConsoleListener.onCommandFinished: Assert that "Liste" is visible COMPLETED
00:16:36.243 [ INFO] maestro.cli.runner.CliConsoleListener.onCommandStart: Take screenshot 04-explore RUNNING
00:16:36.243 [ INFO] maestro.Maestro.takeScreenshot: Taking screenshot
00:16:36.244 [TRACE] maestro.utils.ScreenshotUtils.takeScreenshot: Taking screenshot to output sink
00:16:36.317 [ INFO] maestro.cli.runner.CliConsoleListener.onCommandFinished: Take screenshot 04-explore COMPLETED
00:16:36.317 [ INFO] maestro.cli.runner.CliConsoleListener.onCommandFinished: Run flows/01-login.yaml COMPLETED
00:16:36.317 [ INFO] maestro.cli.runner.CliConsoleListener.onCommandStart: Run flows/01b-design.yaml RUNNING
00:16:36.317 [ INFO] maestro.cli.runner.CliConsoleListener.onCommandStart: Apply configuration RUNNING
00:16:36.317 [ INFO] maestro.cli.runner.CliConsoleListener.onCommandFinished: Apply configuration COMPLETED
00:16:36.317 [ INFO] maestro.cli.runner.CliConsoleListener.onCommandStart: Tap on id: tab-profile RUNNING
00:16:36.466 [ INFO] maestro.Maestro.tap-HgV9Ck0: Tapping on element:  UiElement(treeNode=TreeNode(attributes={text=, accessibilityText=Profil, hintText=, ignoreBoundsFiltering=false, resource-id=tab-profile, clickable=true, bounds=[242,568][296,632], enabled=true, focused=false, checked=false, scrollable=false, selected=false, class=android.view.View, important-for-accessibility=true, error=}, children=[TreeNode(attributes={text=, accessibilityText=, hintText=, ignoreBoundsFiltering=false, resource-id=, clickable=false, bounds=[257,580][281,604], enabled=true, focused=false, checked=false, scrollable=false, selected=false, class=android.widget.ImageView, important-for-accessibility=false, error=}, children=[], clickable=false, enabled=true, focused=false, checked=false, selected=false), TreeNode(attributes={text=Profil, accessibilityText=, hintText=, ignoreBoundsFiltering=false, resource-id=, clickable=false, bounds=[253,612][284,628], enabled=true, focused=false, checked=false, scrollable=false, selected=false, class=android.widget.TextView, important-for-accessibility=true, error=}, children=[], clickable=false, enabled=true, focused=false, checked=false, selected=false)], clickable=true, enabled=true, focused=false, checked=false, selected=false), bounds=Bounds(x=242, y=568, width=54, height=64))
00:16:37.815 [ INFO] maestro.Maestro.tap-HgV9Ck0: Tap aimed via settled hierarchy
00:16:37.816 [ INFO] maestro.Maestro.hierarchyBasedTap-ogj28Uc: Tapping at (269, 600) using hierarchy based logic for wait
00:16:39.300 [ INFO] maestro.Maestro.hierarchyBasedTap-ogj28Uc: Something has changed in the UI judging by view hierarchy. Proceed.
00:16:39.300 [ INFO] maestro.cli.runner.CliConsoleListener.onCommandFinished: Tap on id: tab-profile COMPLETED
00:16:39.300 [ INFO] maestro.cli.runner.CliConsoleListener.onCommandStart: Tap on "Ayarlar" RUNNING
00:16:39.444 [ INFO] maestro.Maestro.tap-HgV9Ck0: Tapping on element:  UiElement(treeNode=TreeNode(attributes={text=, accessibilityText=Ayarlar, hintText=, ignoreBoundsFiltering=false, resource-id=, clickable=true, bounds=[268,36][312,80], enabled=true, focused=false, checked=false, scrollable=false, selected=false, class=android.widget.Button, important-for-accessibility=true, error=}, children=[TreeNode(attributes={text=, accessibilityText=, hintText=, ignoreBoundsFiltering=false, resource-id=, clickable=false, bounds=[278,45][302,71], enabled=true, focused=false, checked=false, scrollable=false, selected=false, class=android.widget.TextView, important-for-accessibility=true, error=}, children=[], clickable=false, enabled=true, focused=false, checked=false, selected=false)], clickable=true, enabled=true, focused=false, checked=false, selected=false), bounds=Bounds(x=268, y=36, width=44, height=44))
00:16:40.716 [ INFO] maestro.Maestro.tap-HgV9Ck0: Tap aimed via settled hierarchy
00:16:40.717 [ INFO] maestro.Maestro.hierarchyBasedTap-ogj28Uc: Tapping at (290, 58) using hierarchy based logic for wait
00:16:41.721 [ INFO] maestro.Maestro.hierarchyBasedTap-ogj28Uc: Something has changed in the UI judging by view hierarchy. Proceed.
00:16:41.721 [ INFO] maestro.cli.runner.CliConsoleListener.onCommandFinished: Tap on "Ayarlar" COMPLETED
00:16:41.721 [ INFO] maestro.cli.runner.CliConsoleListener.onCommandStart: Assert that "Tasarım \(test\)" is visible RUNNING
00:16:41.851 [ INFO] maestro.cli.runner.CliConsoleListener.onCommandFinished: Assert that "Tasarım \(test\)" is visible COMPLETED
00:16:41.851 [ INFO] maestro.cli.runner.CliConsoleListener.onCommandStart: Tap on id: design-scheme-${SCHEME} RUNNING
00:16:41.965 [ INFO] maestro.Maestro.tap-HgV9Ck0: Tapping on element:  UiElement(treeNode=TreeNode(attributes={text=, accessibilityText=Koyu, hintText=, ignoreBoundsFiltering=false, resource-id=design-scheme-dark, clickable=true, bounds=[75,254][130,298], enabled=true, focused=false, checked=false, scrollable=false, selected=false, class=android.view.View, important-for-accessibility=true, error=}, children=[TreeNode(attributes={text=Koyu, accessibilityText=, hintText=, ignoreBoundsFiltering=false, resource-id=, clickable=false, bounds=[87,267][118,284], enabled=true, focused=false, checked=false, scrollable=false, selected=false, class=android.widget.TextView, important-for-accessibility=true, error=}, children=[], clickable=false, enabled=true, focused=false, checked=false, selected=false)], clickable=true, enabled=true, focused=false, checked=false, selected=false), bounds=Bounds(x=75, y=254, width=55, height=44))
00:16:43.205 [ INFO] maestro.Maestro.tap-HgV9Ck0: Tap aimed via settled hierarchy
00:16:43.205 [ INFO] maestro.Maestro.hierarchyBasedTap-ogj28Uc: Tapping at (102, 276) using hierarchy based logic for wait
00:16:44.064 [ INFO] maestro.Maestro.hierarchyBasedTap-ogj28Uc: Something has changed in the UI judging by view hierarchy. Proceed.
00:16:44.065 [ INFO] maestro.cli.runner.CliConsoleListener.onCommandFinished: Tap on id: design-scheme-${SCHEME} COMPLETED
00:16:44.065 [ INFO] maestro.cli.runner.CliConsoleListener.onCommandStart: Take screenshot 04b-design RUNNING
00:16:44.066 [ INFO] maestro.Maestro.takeScreenshot: Taking screenshot
00:16:44.066 [TRACE] maestro.utils.ScreenshotUtils.takeScreenshot: Taking screenshot to output sink
00:16:44.093 [ INFO] maestro.cli.runner.CliConsoleListener.onCommandFinished: Take screenshot 04b-design COMPLETED
00:16:44.093 [ INFO] maestro.cli.runner.CliConsoleListener.onCommandStart: Tap on "Geri" RUNNING
00:16:44.250 [ INFO] maestro.Maestro.tap-HgV9Ck0: Tapping on element:  UiElement(treeNode=TreeNode(attributes={text=, accessibilityText=Geri, hintText=, ignoreBoundsFiltering=false, resource-id=, clickable=true, bounds=[8,36][52,80], enabled=true, focused=false, checked=false, scrollable=false, selected=false, class=android.widget.Button, important-for-accessibility=true, error=}, children=[TreeNode(attributes={text=, accessibilityText=, hintText=, ignoreBoundsFiltering=false, resource-id=, clickable=false, bounds=[18,45][42,71], enabled=true, focused=false, checked=false, scrollable=false, selected=false, class=android.widget.TextView, important-for-accessibility=true, error=}, children=[], clickable=false, enabled=true, focused=false, checked=false, selected=false)], clickable=true, enabled=true, focused=false, checked=false, selected=false), bounds=Bounds(x=8, y=36, width=44, height=44))
00:16:45.492 [ INFO] maestro.Maestro.tap-HgV9Ck0: Tap aimed via settled hierarchy
00:16:45.493 [ INFO] maestro.Maestro.hierarchyBasedTap-ogj28Uc: Tapping at (30, 58) using hierarchy based logic for wait
00:16:46.476 [ INFO] maestro.Maestro.hierarchyBasedTap-ogj28Uc: Something has changed in the UI judging by view hierarchy. Proceed.
00:16:46.476 [ INFO] maestro.cli.runner.CliConsoleListener.onCommandFinished: Tap on "Geri" COMPLETED
00:16:46.476 [ INFO] maestro.cli.runner.CliConsoleListener.onCommandStart: Tap on id: tab-explore RUNNING
00:16:46.619 [ INFO] maestro.Maestro.tap-HgV9Ck0: Tapping on element:  UiElement(treeNode=TreeNode(attributes={text=, accessibilityText=Keşfet, hintText=, ignoreBoundsFiltering=false, resource-id=tab-explore, clickable=true, bounds=[24,568][78,632], enabled=true, focused=false, checked=false, scrollable=false, selected=false, class=android.view.View, important-for-accessibility=true, error=}, children=[TreeNode(attributes={text=, accessibilityText=, hintText=, ignoreBoundsFiltering=false, resource-id=, clickable=false, bounds=[39,580][63,604], enabled=true, focused=false, checked=false, scrollable=false, selected=false, class=android.widget.ImageView, important-for-accessibility=false, error=}, children=[], clickable=false, enabled=true, focused=false, checked=false, selected=false), TreeNode(attributes={text=Keşfet, accessibilityText=, hintText=, ignoreBoundsFiltering=false, resource-id=, clickable=false, bounds=[33,612][69,628], enabled=true, focused=false, checked=false, scrollable=false, selected=false, class=android.widget.TextView, important-for-accessibility=true, error=}, children=[], clickable=false, enabled=true, focused=false, checked=false, selected=false)], clickable=true, enabled=true, focused=false, checked=false, selected=false), bounds=Bounds(x=24, y=568, width=54, height=64))
00:16:47.915 [ INFO] maestro.Maestro.tap-HgV9Ck0: Tap aimed via settled hierarchy
00:16:47.915 [ INFO] maestro.Maestro.hierarchyBasedTap-ogj28Uc: Tapping at (51, 600) using hierarchy based logic for wait
00:16:49.111 [ INFO] maestro.Maestro.hierarchyBasedTap-ogj28Uc: Something has changed in the UI judging by view hierarchy. Proceed.
00:16:49.111 [ INFO] maestro.cli.runner.CliConsoleListener.onCommandFinished: Tap on id: tab-explore COMPLETED
00:16:49.111 [ INFO] maestro.cli.runner.CliConsoleListener.onCommandStart: Assert that "Liste" is visible RUNNING
00:16:49.213 [ INFO] maestro.cli.runner.CliConsoleListener.onCommandFinished: Assert that "Liste" is visible COMPLETED
00:16:49.214 [ INFO] maestro.cli.runner.CliConsoleListener.onCommandFinished: Run flows/01b-design.yaml COMPLETED
00:16:49.214 [ INFO] maestro.cli.runner.CliConsoleListener.onCommandStart: Run flows/01c-preview.yaml RUNNING
00:16:49.214 [ INFO] maestro.cli.runner.CliConsoleListener.onCommandStart: Apply configuration RUNNING
00:16:49.214 [ INFO] maestro.cli.runner.CliConsoleListener.onCommandFinished: Apply configuration COMPLETED
00:16:49.214 [ INFO] maestro.cli.runner.CliConsoleListener.onCommandStart: Tap on id: tab-profile RUNNING
00:16:49.391 [ INFO] maestro.Maestro.tap-HgV9Ck0: Tapping on element:  UiElement(treeNode=TreeNode(attributes={text=, accessibilityText=Profil, hintText=, ignoreBoundsFiltering=false, resource-id=tab-profile, clickable=true, bounds=[242,568][296,632], enabled=true, focused=false, checked=false, scrollable=false, selected=false, class=android.view.View, important-for-accessibility=true, error=}, children=[TreeNode(attributes={text=, accessibilityText=, hintText=, ignoreBoundsFiltering=false, resource-id=, clickable=false, bounds=[257,580][281,604], enabled=true, focused=false, checked=false, scrollable=false, selected=false, class=android.widget.ImageView, important-for-accessibility=false, error=}, children=[], clickable=false, enabled=true, focused=false, checked=false, selected=false), TreeNode(attributes={text=Profil, accessibilityText=, hintText=, ignoreBoundsFiltering=false, resource-id=, clickable=false, bounds=[253,612][284,628], enabled=true, focused=false, checked=false, scrollable=false, selected=false, class=android.widget.TextView, important-for-accessibility=true, error=}, children=[], clickable=false, enabled=true, focused=false, checked=false, selected=false)], clickable=true, enabled=true, focused=false, checked=false, selected=false), bounds=Bounds(x=242, y=568, width=54, height=64))
00:16:50.663 [ INFO] maestro.Maestro.tap-HgV9Ck0: Tap aimed via settled hierarchy
00:16:50.664 [ INFO] maestro.Maestro.hierarchyBasedTap-ogj28Uc: Tapping at (269, 600) using hierarchy based logic for wait
00:16:51.659 [ INFO] maestro.Maestro.hierarchyBasedTap-ogj28Uc: Something has changed in the UI judging by view hierarchy. Proceed.
00:16:51.659 [ INFO] maestro.cli.runner.CliConsoleListener.onCommandFinished: Tap on id: tab-profile COMPLETED
00:16:51.659 [ INFO] maestro.cli.runner.CliConsoleListener.onCommandStart: Tap on "Ayarlar" RUNNING
00:16:51.797 [ INFO] maestro.Maestro.tap-HgV9Ck0: Tapping on element:  UiElement(treeNode=TreeNode(attributes={text=, accessibilityText=Ayarlar, hintText=, ignoreBoundsFiltering=false, resource-id=, clickable=true, bounds=[268,36][312,80], enabled=true, focused=false, checked=false, scrollable=false, selected=false, class=android.widget.Button, important-for-accessibility=true, error=}, children=[TreeNode(attributes={text=, accessibilityText=, hintText=, ignoreBoundsFiltering=false, resource-id=, clickable=false, bounds=[278,45][302,71], enabled=true, focused=false, checked=false, scrollable=false, selected=false, class=android.widget.TextView, important-for-accessibility=true, error=}, children=[], clickable=false, enabled=true, focused=false, checked=false, selected=false)], clickable=true, enabled=true, focused=false, checked=false, selected=false), bounds=Bounds(x=268, y=36, width=44, height=44))
00:16:53.033 [ INFO] maestro.Maestro.tap-HgV9Ck0: Tap aimed via settled hierarchy
00:16:53.034 [ INFO] maestro.Maestro.hierarchyBasedTap-ogj28Uc: Tapping at (290, 58) using hierarchy based logic for wait
00:16:54.057 [ INFO] maestro.Maestro.hierarchyBasedTap-ogj28Uc: Something has changed in the UI judging by view hierarchy. Proceed.
00:16:54.057 [ INFO] maestro.cli.runner.CliConsoleListener.onCommandFinished: Tap on "Ayarlar" COMPLETED
00:16:54.058 [ INFO] maestro.cli.runner.CliConsoleListener.onCommandStart: Scrolling DOWN until id: preview-open is visible with speed 40, visibility percentage 100%, timeout 30000 ms, with centering disabled RUNNING
00:16:54.215 [ INFO] maestro.orchestra.Orchestra.scrollUntilVisible: Scrolling try count: 0, DeviceWidth: 320, DeviceWidth: 640
00:16:54.215 [ INFO] maestro.orchestra.Orchestra.scrollUntilVisible: Element bounds: Bounds(x=20, y=316, width=280, height=48)
00:16:54.215 [ INFO] maestro.orchestra.Orchestra.scrollUntilVisible: Visibility Percent: 1.0
00:16:54.215 [ INFO] maestro.orchestra.Orchestra.scrollUntilVisible: Command centerElement: ScrollUntilVisibleCommand(selector=ElementSelector(textRegex=null, idRegex=preview-open, size=null, below=null, above=null, leftOf=null, rightOf=null, containsChild=null, containsDescendants=null, traits=null, index=null, enabled=null, optional=false, selected=null, checked=null, focused=null, childOf=null, css=null), direction=DOWN, scrollDuration=601, visibilityPercentage=100, timeout=30000, waitToSettleTimeoutMs=null, centerElement=false, originalSpeedValue=40, label=null, optional=false).centerElement
00:16:54.215 [ INFO] maestro.orchestra.Orchestra.scrollUntilVisible: visibilityPercentageNormalized: 1.0
00:16:54.215 [ INFO] maestro.cli.runner.CliConsoleListener.onCommandFinished: Scrolling DOWN until id: preview-open is visible with speed 40, visibility percentage 100%, timeout 30000 ms, with centering disabled COMPLETED
00:16:54.215 [ INFO] maestro.cli.runner.CliConsoleListener.onCommandStart: Tap on id: preview-open RUNNING
00:16:54.330 [ INFO] maestro.Maestro.tap-HgV9Ck0: Tapping on element:  UiElement(treeNode=TreeNode(attributes={text=, accessibilityText=Bileşen önizlemesini aç, hintText=, ignoreBoundsFiltering=false, resource-id=preview-open, clickable=true, bounds=[20,316][300,364], enabled=true, focused=false, checked=false, scrollable=false, selected=false, class=android.widget.Button, important-for-accessibility=true, error=}, children=[TreeNode(attributes={text=, accessibilityText=, hintText=, ignoreBoundsFiltering=false, resource-id=, clickable=false, bounds=[20,316][300,364], enabled=true, focused=false, checked=false, scrollable=false, selected=false, class=android.view.ViewGroup, important-for-accessibility=false, error=}, children=[], clickable=false, enabled=true, focused=false, checked=false, selected=false), TreeNode(attributes={text=Bileşen önizlemesini aç, accessibilityText=, hintText=, ignoreBoundsFiltering=false, resource-id=, clickable=false, bounds=[74,330][246,350], enabled=true, focused=false, checked=false, scrollable=false, selected=false, class=android.widget.TextView, important-for-accessibility=true, error=}, children=[], clickable=false, enabled=true, focused=false, checked=false, selected=false)], clickable=true, enabled=true, focused=false, checked=false, selected=false), bounds=Bounds(x=20, y=316, width=280, height=48))
00:16:55.669 [ INFO] maestro.Maestro.tap-HgV9Ck0: Tap aimed via settled hierarchy
00:16:55.670 [ INFO] maestro.Maestro.hierarchyBasedTap-ogj28Uc: Tapping at (160, 340) using hierarchy based logic for wait
00:16:56.988 [ INFO] maestro.Maestro.hierarchyBasedTap-ogj28Uc: Something has changed in the UI judging by view hierarchy. Proceed.
00:16:56.988 [ INFO] maestro.cli.runner.CliConsoleListener.onCommandFinished: Tap on id: preview-open COMPLETED
00:16:56.988 [ INFO] maestro.cli.runner.CliConsoleListener.onCommandStart: Assert that id: preview-games is visible RUNNING
00:16:57.109 [ INFO] maestro.cli.runner.CliConsoleListener.onCommandFinished: Assert that id: preview-games is visible COMPLETED
00:16:57.109 [ INFO] maestro.cli.runner.CliConsoleListener.onCommandStart: Take screenshot 04c-preview-games-1 RUNNING
00:16:57.109 [ INFO] maestro.Maestro.takeScreenshot: Taking screenshot
00:16:57.110 [TRACE] maestro.utils.ScreenshotUtils.takeScreenshot: Taking screenshot to output sink
00:16:57.136 [ INFO] maestro.cli.runner.CliConsoleListener.onCommandFinished: Take screenshot 04c-preview-games-1 COMPLETED
00:16:57.136 [ INFO] maestro.cli.runner.CliConsoleListener.onCommandStart: Scrolling DOWN until id: turn-start is visible with speed 40, visibility percentage 100%, timeout 30000 ms, with centering enabled RUNNING
00:16:57.985 [ WARN] maestro.orchestra.Orchestra.scrollUntilVisible: Error: maestro.MaestroException$ElementNotFound: Element not found: Id matching regex: turn-start
00:16:57.991 [ INFO] maestro.Maestro.swipeFromCenter: Swiping UP from center
00:17:00.940 [ WARN] maestro.orchestra.Orchestra.scrollUntilVisible: Error: maestro.MaestroException$ElementNotFound: Element not found: Id matching regex: turn-start
00:17:00.947 [ INFO] maestro.Maestro.swipeFromCenter: Swiping UP from center
00:17:02.949 [ INFO] maestro.orchestra.Orchestra.scrollUntilVisible: Scrolling try count: 0, DeviceWidth: 320, DeviceWidth: 640
00:17:02.949 [ INFO] maestro.orchestra.Orchestra.scrollUntilVisible: Element bounds: Bounds(x=62, y=387, width=196, height=196)
00:17:02.949 [ INFO] maestro.orchestra.Orchestra.scrollUntilVisible: Visibility Percent: 1.0
00:17:02.949 [ INFO] maestro.orchestra.Orchestra.scrollUntilVisible: Command centerElement: ScrollUntilVisibleCommand(selector=ElementSelector(textRegex=null, idRegex=turn-start, size=null, below=null, above=null, leftOf=null, rightOf=null, containsChild=null, containsDescendants=null, traits=null, index=null, enabled=null, optional=false, selected=null, checked=null, focused=null, childOf=null, css=null), direction=DOWN, scrollDuration=601, visibilityPercentage=100, timeout=30000, waitToSettleTimeoutMs=null, centerElement=true, originalSpeedValue=40, label=null, optional=false).centerElement
00:17:02.949 [ INFO] maestro.orchestra.Orchestra.scrollUntilVisible: visibilityPercentageNormalized: 1.0
00:17:02.954 [ INFO] maestro.Maestro.swipeFromCenter: Swiping UP from center
00:17:04.924 [ INFO] maestro.orchestra.Orchestra.scrollUntilVisible: Scrolling try count: 1, DeviceWidth: 320, DeviceWidth: 640
00:17:04.924 [ INFO] maestro.orchestra.Orchestra.scrollUntilVisible: Element bounds: Bounds(x=62, y=103, width=196, height=196)
00:17:04.924 [ INFO] maestro.orchestra.Orchestra.scrollUntilVisible: Visibility Percent: 1.0
00:17:04.924 [ INFO] maestro.orchestra.Orchestra.scrollUntilVisible: Command centerElement: ScrollUntilVisibleCommand(selector=ElementSelector(textRegex=null, idRegex=turn-start, size=null, below=null, above=null, leftOf=null, rightOf=null, containsChild=null, containsDescendants=null, traits=null, index=null, enabled=null, optional=false, selected=null, checked=null, focused=null, childOf=null, css=null), direction=DOWN, scrollDuration=601, visibilityPercentage=100, timeout=30000, waitToSettleTimeoutMs=null, centerElement=true, originalSpeedValue=40, label=null, optional=false).centerElement
00:17:04.924 [ INFO] maestro.orchestra.Orchestra.scrollUntilVisible: visibilityPercentageNormalized: 1.0
00:17:04.925 [ INFO] maestro.cli.runner.CliConsoleListener.onCommandFinished: Scrolling DOWN until id: turn-start is visible with speed 40, visibility percentage 100%, timeout 30000 ms, with centering enabled COMPLETED
00:17:04.925 [ INFO] maestro.cli.runner.CliConsoleListener.onCommandStart: Take screenshot 04c-preview-games-2 RUNNING
00:17:04.925 [ INFO] maestro.Maestro.takeScreenshot: Taking screenshot
00:17:04.926 [TRACE] maestro.utils.ScreenshotUtils.takeScreenshot: Taking screenshot to output sink
00:17:04.950 [ INFO] maestro.cli.runner.CliConsoleListener.onCommandFinished: Take screenshot 04c-preview-games-2 COMPLETED
00:17:04.950 [ INFO] maestro.cli.runner.CliConsoleListener.onCommandStart: Scrolling DOWN until id: turn-countdown is visible with speed 40, visibility percentage 100%, timeout 30000 ms, with centering enabled RUNNING
00:17:05.584 [ WARN] maestro.orchestra.Orchestra.scrollUntilVisible: Error: maestro.MaestroException$ElementNotFound: Element not found: Id matching regex: turn-countdown
00:17:05.589 [ INFO] maestro.Maestro.swipeFromCenter: Swiping UP from center
00:17:07.508 [ INFO] maestro.orchestra.Orchestra.scrollUntilVisible: Scrolling try count: 0, DeviceWidth: 320, DeviceWidth: 640
00:17:07.508 [ INFO] maestro.orchestra.Orchestra.scrollUntilVisible: Element bounds: Bounds(x=84, y=372, width=152, height=152)
00:17:07.508 [ INFO] maestro.orchestra.Orchestra.scrollUntilVisible: Visibility Percent: 1.0
00:17:07.508 [ INFO] maestro.orchestra.Orchestra.scrollUntilVisible: Command centerElement: ScrollUntilVisibleCommand(selector=ElementSelector(textRegex=null, idRegex=turn-countdown, size=null, below=null, above=null, leftOf=null, rightOf=null, containsChild=null, containsDescendants=null, traits=null, index=null, enabled=null, optional=false, selected=null, checked=null, focused=null, childOf=null, css=null), direction=DOWN, scrollDuration=601, visibilityPercentage=100, timeout=30000, waitToSettleTimeoutMs=null, centerElement=true, originalSpeedValue=40, label=null, optional=false).centerElement
00:17:07.508 [ INFO] maestro.orchestra.Orchestra.scrollUntilVisible: visibilityPercentageNormalized: 1.0
00:17:07.513 [ INFO] maestro.Maestro.swipeFromCenter: Swiping UP from center
00:17:09.496 [ INFO] maestro.orchestra.Orchestra.scrollUntilVisible: Scrolling try count: 1, DeviceWidth: 320, DeviceWidth: 640
00:17:09.496 [ INFO] maestro.orchestra.Orchestra.scrollUntilVisible: Element bounds: Bounds(x=84, y=87, width=152, height=152)
00:17:09.496 [ INFO] maestro.orchestra.Orchestra.scrollUntilVisible: Visibility Percent: 1.0
00:17:09.497 [ INFO] maestro.orchestra.Orchestra.scrollUntilVisible: Command centerElement: ScrollUntilVisibleCommand(selector=ElementSelector(textRegex=null, idRegex=turn-countdown, size=null, below=null, above=null, leftOf=null, rightOf=null, containsChild=null, containsDescendants=null, traits=null, index=null, enabled=null, optional=false, selected=null, checked=null, focused=null, childOf=null, css=null), direction=DOWN, scrollDuration=601, visibilityPercentage=100, timeout=30000, waitToSettleTimeoutMs=null, centerElement=true, originalSpeedValue=40, label=null, optional=false).centerElement
00:17:09.497 [ INFO] maestro.orchestra.Orchestra.scrollUntilVisible: visibilityPercentageNormalized: 1.0
00:17:09.497 [ INFO] maestro.cli.runner.CliConsoleListener.onCommandFinished: Scrolling DOWN until id: turn-countdown is visible with speed 40, visibility percentage 100%, timeout 30000 ms, with centering enabled COMPLETED
00:17:09.497 [ INFO] maestro.cli.runner.CliConsoleListener.onCommandStart: Take screenshot 04c-preview-games-3 RUNNING
00:17:09.497 [ INFO] maestro.Maestro.takeScreenshot: Taking screenshot
00:17:09.498 [TRACE] maestro.utils.ScreenshotUtils.takeScreenshot: Taking screenshot to output sink
00:17:09.521 [ INFO] maestro.cli.runner.CliConsoleListener.onCommandFinished: Take screenshot 04c-preview-games-3 COMPLETED
00:17:09.521 [ INFO] maestro.cli.runner.CliConsoleListener.onCommandStart: Scrolling DOWN until id: time-up is visible with speed 40, visibility percentage 100%, timeout 30000 ms, with centering enabled RUNNING
00:17:09.684 [ INFO] maestro.orchestra.Orchestra.scrollUntilVisible: Scrolling try count: 0, DeviceWidth: 320, DeviceWidth: 640
00:17:09.684 [ INFO] maestro.orchestra.Orchestra.scrollUntilVisible: Element bounds: Bounds(x=33, y=559, width=254, height=81)
00:17:09.684 [ INFO] maestro.orchestra.Orchestra.scrollUntilVisible: Visibility Percent: 1.0
00:17:09.684 [ INFO] maestro.orchestra.Orchestra.scrollUntilVisible: Command centerElement: ScrollUntilVisibleCommand(selector=ElementSelector(textRegex=null, idRegex=time-up, size=null, below=null, above=null, leftOf=null, rightOf=null, containsChild=null, containsDescendants=null, traits=null, index=null, enabled=null, optional=false, selected=null, checked=null, focused=null, childOf=null, css=null), direction=DOWN, scrollDuration=601, visibilityPercentage=100, timeout=30000, waitToSettleTimeoutMs=null, centerElement=true, originalSpeedValue=40, label=null, optional=false).centerElement
00:17:09.684 [ INFO] maestro.orchestra.Orchestra.scrollUntilVisible: visibilityPercentageNormalized: 1.0
00:17:09.690 [ INFO] maestro.Maestro.swipeFromCenter: Swiping UP from center
00:17:11.630 [ INFO] maestro.orchestra.Orchestra.scrollUntilVisible: Scrolling try count: 1, DeviceWidth: 320, DeviceWidth: 640
00:17:11.631 [ INFO] maestro.orchestra.Orchestra.scrollUntilVisible: Element bounds: Bounds(x=33, y=274, width=254, height=366)
00:17:11.631 [ INFO] maestro.orchestra.Orchestra.scrollUntilVisible: Visibility Percent: 1.0
00:17:11.631 [ INFO] maestro.orchestra.Orchestra.scrollUntilVisible: Command centerElement: ScrollUntilVisibleCommand(selector=ElementSelector(textRegex=null, idRegex=time-up, size=null, below=null, above=null, leftOf=null, rightOf=null, containsChild=null, containsDescendants=null, traits=null, index=null, enabled=null, optional=false, selected=null, checked=null, focused=null, childOf=null, css=null), direction=DOWN, scrollDuration=601, visibilityPercentage=100, timeout=30000, waitToSettleTimeoutMs=null, centerElement=true, originalSpeedValue=40, label=null, optional=false).centerElement
00:17:11.631 [ INFO] maestro.orchestra.Orchestra.scrollUntilVisible: visibilityPercentageNormalized: 1.0
00:17:11.638 [ INFO] maestro.Maestro.swipeFromCenter: Swiping UP from center
00:17:13.617 [ INFO] maestro.orchestra.Orchestra.scrollUntilVisible: Scrolling try count: 2, DeviceWidth: 320, DeviceWidth: 640
00:17:13.617 [ INFO] maestro.orchestra.Orchestra.scrollUntilVisible: Element bounds: Bounds(x=33, y=24, width=254, height=364)
00:17:13.617 [ INFO] maestro.orchestra.Orchestra.scrollUntilVisible: Visibility Percent: 1.0
00:17:13.617 [ INFO] maestro.orchestra.Orchestra.scrollUntilVisible: Command centerElement: ScrollUntilVisibleCommand(selector=ElementSelector(textRegex=null, idRegex=time-up, size=null, below=null, above=null, leftOf=null, rightOf=null, containsChild=null, containsDescendants=null, traits=null, index=null, enabled=null, optional=false, selected=null, checked=null, focused=null, childOf=null, css=null), direction=DOWN, scrollDuration=601, visibilityPercentage=100, timeout=30000, waitToSettleTimeoutMs=null, centerElement=true, originalSpeedValue=40, label=null, optional=false).centerElement
00:17:13.617 [ INFO] maestro.orchestra.Orchestra.scrollUntilVisible: visibilityPercentageNormalized: 1.0
00:17:13.617 [ INFO] maestro.cli.runner.CliConsoleListener.onCommandFinished: Scrolling DOWN until id: time-up is visible with speed 40, visibility percentage 100%, timeout 30000 ms, with centering enabled COMPLETED
00:17:13.617 [ INFO] maestro.cli.runner.CliConsoleListener.onCommandStart: Take screenshot 04c-preview-games-4 RUNNING
00:17:13.618 [ INFO] maestro.Maestro.takeScreenshot: Taking screenshot
00:17:13.618 [TRACE] maestro.utils.ScreenshotUtils.takeScreenshot: Taking screenshot to output sink
00:17:13.641 [ INFO] maestro.cli.runner.CliConsoleListener.onCommandFinished: Take screenshot 04c-preview-games-4 COMPLETED
00:17:13.641 [ INFO] maestro.cli.runner.CliConsoleListener.onCommandStart: Scrolling DOWN until id: preview-intro is visible with speed 40, visibility percentage 100%, timeout 30000 ms, with centering disabled RUNNING
00:17:13.800 [ INFO] maestro.orchestra.Orchestra.scrollUntilVisible: Scrolling try count: 0, DeviceWidth: 320, DeviceWidth: 640
00:17:13.800 [ INFO] maestro.orchestra.Orchestra.scrollUntilVisible: Element bounds: Bounds(x=33, y=594, width=254, height=46)
00:17:13.800 [ INFO] maestro.orchestra.Orchestra.scrollUntilVisible: Visibility Percent: 1.0
00:17:13.800 [ INFO] maestro.orchestra.Orchestra.scrollUntilVisible: Command centerElement: ScrollUntilVisibleCommand(selector=ElementSelector(textRegex=null, idRegex=preview-intro, size=null, below=null, above=null, leftOf=null, rightOf=null, containsChild=null, containsDescendants=null, traits=null, index=null, enabled=null, optional=false, selected=null, checked=null, focused=null, childOf=null, css=null), direction=DOWN, scrollDuration=601, visibilityPercentage=100, timeout=30000, waitToSettleTimeoutMs=null, centerElement=false, originalSpeedValue=40, label=null, optional=false).centerElement
00:17:13.800 [ INFO] maestro.orchestra.Orchestra.scrollUntilVisible: visibilityPercentageNormalized: 1.0
00:17:13.800 [ INFO] maestro.cli.runner.CliConsoleListener.onCommandFinished: Scrolling DOWN until id: preview-intro is visible with speed 40, visibility percentage 100%, timeout 30000 ms, with centering disabled COMPLETED
00:17:13.800 [ INFO] maestro.cli.runner.CliConsoleListener.onCommandStart: Tap on id: preview-confirm RUNNING
00:17:13.972 [ INFO] maestro.Maestro.tap-HgV9Ck0: Tapping on element:  UiElement(treeNode=TreeNode(attributes={text=, accessibilityText=Oyunu bitir, hintText=, ignoreBoundsFiltering=false, resource-id=preview-confirm, clickable=true, bounds=[33,534][287,582], enabled=true, focused=false, checked=false, scrollable=false, selected=false, class=android.widget.Button, important-for-accessibility=true, error=}, children=[TreeNode(attributes={text=, accessibilityText=, hintText=, ignoreBoundsFiltering=false, resource-id=, clickable=false, bounds=[33,534][287,582], enabled=true, focused=false, checked=false, scrollable=false, selected=false, class=android.view.ViewGroup, important-for-accessibility=false, error=}, children=[], clickable=false, enabled=true, focused=false, checked=false, selected=false), TreeNode(attributes={text=Oyunu bitir, accessibilityText=, hintText=, ignoreBoundsFiltering=false, resource-id=, clickable=false, bounds=[118,548][202,568], enabled=true, focused=false, checked=false, scrollable=false, selected=false, class=android.widget.TextView, important-for-accessibility=true, error=}, children=[], clickable=false, enabled=true, focused=false, checked=false, selected=false)], clickable=true, enabled=true, focused=false, checked=false, selected=false), bounds=Bounds(x=33, y=534, width=254, height=48))
00:17:15.208 [ INFO] maestro.Maestro.tap-HgV9Ck0: Tap aimed via settled hierarchy
00:17:15.209 [ INFO] maestro.Maestro.hierarchyBasedTap-ogj28Uc: Tapping at (160, 558) using hierarchy based logic for wait
00:17:16.219 [ INFO] maestro.Maestro.hierarchyBasedTap-ogj28Uc: Something has changed in the UI judging by view hierarchy. Proceed.
00:17:16.220 [ INFO] maestro.cli.runner.CliConsoleListener.onCommandFinished: Tap on id: preview-confirm COMPLETED
00:17:16.220 [ INFO] maestro.cli.runner.CliConsoleListener.onCommandStart: Assert that id: preview-confirm-ok is visible RUNNING
00:17:16.287 [ INFO] maestro.cli.runner.CliConsoleListener.onCommandFinished: Assert that id: preview-confirm-ok is visible COMPLETED
00:17:16.288 [ INFO] maestro.cli.runner.CliConsoleListener.onCommandStart: Take screenshot 04c-preview-confirm RUNNING
00:17:16.288 [ INFO] maestro.Maestro.takeScreenshot: Taking screenshot
00:17:16.289 [TRACE] maestro.utils.ScreenshotUtils.takeScreenshot: Taking screenshot to output sink
00:17:16.351 [ INFO] maestro.cli.runner.CliConsoleListener.onCommandFinished: Take screenshot 04c-preview-confirm COMPLETED
00:17:16.351 [ INFO] maestro.cli.runner.CliConsoleListener.onCommandStart: Tap on id: preview-confirm-ok-cancel RUNNING
00:17:16.459 [ INFO] maestro.Maestro.tap-HgV9Ck0: Tapping on element:  UiElement(treeNode=TreeNode(attributes={text=, accessibilityText=Devam et, hintText=, ignoreBoundsFiltering=false, resource-id=preview-confirm-ok-cancel, clickable=true, bounds=[24,568][155,616], enabled=true, focused=false, checked=false, scrollable=false, selected=false, class=android.widget.Button, important-for-accessibility=true, error=}, children=[TreeNode(attributes={text=, accessibilityText=, hintText=, ignoreBoundsFiltering=false, resource-id=, clickable=false, bounds=[24,568][155,616], enabled=true, focused=false, checked=false, scrollable=false, selected=false, class=android.view.ViewGroup, important-for-accessibility=false, error=}, children=[], clickable=false, enabled=true, focused=false, checked=false, selected=false), TreeNode(attributes={text=Devam et, accessibilityText=, hintText=, ignoreBoundsFiltering=false, resource-id=, clickable=false, bounds=[54,582][125,602], enabled=true, focused=false, checked=false, scrollable=false, selected=false, class=android.widget.TextView, important-for-accessibility=true, error=}, children=[], clickable=false, enabled=true, focused=false, checked=false, selected=false)], clickable=true, enabled=true, focused=false, checked=false, selected=false), bounds=Bounds(x=24, y=568, width=131, height=48))
00:17:17.663 [ INFO] maestro.Maestro.tap-HgV9Ck0: Tap aimed via settled hierarchy
00:17:17.664 [ INFO] maestro.Maestro.hierarchyBasedTap-ogj28Uc: Tapping at (89, 592) using hierarchy based logic for wait
00:17:18.640 [ INFO] maestro.Maestro.hierarchyBasedTap-ogj28Uc: Something has changed in the UI judging by view hierarchy. Proceed.
00:17:18.640 [ INFO] maestro.cli.runner.CliConsoleListener.onCommandFinished: Tap on id: preview-confirm-ok-cancel COMPLETED
00:17:18.640 [ INFO] maestro.cli.runner.CliConsoleListener.onCommandStart: Tap on id: preview-intro RUNNING
00:17:18.761 [ INFO] maestro.Maestro.tap-HgV9Ck0: Tapping on element:  UiElement(treeNode=TreeNode(attributes={text=, accessibilityText=Sesli Tabu nasıl oynanır?, hintText=, ignoreBoundsFiltering=false, resource-id=preview-intro, clickable=true, bounds=[33,594][287,640], enabled=true, focused=false, checked=false, scrollable=false, selected=false, class=android.widget.Button, important-for-accessibility=true, error=}, children=[TreeNode(attributes={text=, accessibilityText=, hintText=, ignoreBoundsFiltering=false, resource-id=, clickable=false, bounds=[33,594][287,640], enabled=true, focused=false, checked=false, scrollable=false, selected=false, class=android.view.ViewGroup, important-for-accessibility=false, error=}, children=[], clickable=false, enabled=true, focused=false, checked=false, selected=false), TreeNode(attributes={text=Sesli Tabu nasıl oynanır?, accessibilityText=, hintText=, ignoreBoundsFiltering=false, resource-id=, clickable=false, bounds=[69,608][252,628], enabled=true, focused=false, checked=false, scrollable=false, selected=false, class=android.widget.TextView, important-for-accessibility=true, error=}, children=[], clickable=false, enabled=true, focused=false, checked=false, selected=false)], clickable=true, enabled=true, focused=false, checked=false, selected=false), bounds=Bounds(x=33, y=594, width=254, height=46))
00:17:20.000 [ INFO] maestro.Maestro.tap-HgV9Ck0: Tap aimed via settled hierarchy
00:17:20.000 [ INFO] maestro.Maestro.hierarchyBasedTap-ogj28Uc: Tapping at (160, 617) using hierarchy based logic for wait
00:17:21.352 [ INFO] maestro.Maestro.hierarchyBasedTap-ogj28Uc: Something has changed in the UI judging by view hierarchy. Proceed.
00:17:21.352 [ INFO] maestro.cli.runner.CliConsoleListener.onCommandFinished: Tap on id: preview-intro COMPLETED
00:17:21.352 [ INFO] maestro.cli.runner.CliConsoleListener.onCommandStart: Assert that id: intro-done is visible RUNNING
00:17:21.460 [ INFO] maestro.cli.runner.CliConsoleListener.onCommandFinished: Assert that id: intro-done is visible COMPLETED
00:17:21.460 [ INFO] maestro.cli.runner.CliConsoleListener.onCommandStart: Take screenshot 04c-preview-intro RUNNING
00:17:21.460 [ INFO] maestro.Maestro.takeScreenshot: Taking screenshot
00:17:21.461 [TRACE] maestro.utils.ScreenshotUtils.takeScreenshot: Taking screenshot to output sink
00:17:21.536 [ INFO] maestro.cli.runner.CliConsoleListener.onCommandFinished: Take screenshot 04c-preview-intro COMPLETED
00:17:21.536 [ INFO] maestro.cli.runner.CliConsoleListener.onCommandStart: Tap on id: intro-skip RUNNING
00:17:21.660 [ INFO] maestro.Maestro.tap-HgV9Ck0: Tapping on element:  UiElement(treeNode=TreeNode(attributes={text=, accessibilityText=Geç, hintText=, ignoreBoundsFiltering=false, resource-id=intro-skip, clickable=true, bounds=[256,44][300,88], enabled=true, focused=false, checked=false, scrollable=false, selected=false, class=android.widget.Button, important-for-accessibility=true, error=}, children=[TreeNode(attributes={text=Geç, accessibilityText=, hintText=, ignoreBoundsFiltering=false, resource-id=, clickable=false, bounds=[277,57][300,75], enabled=true, focused=false, checked=false, scrollable=false, selected=false, class=android.widget.TextView, important-for-accessibility=true, error=}, children=[], clickable=false, enabled=true, focused=false, checked=false, selected=false)], clickable=true, enabled=true, focused=false, checked=false, selected=false), bounds=Bounds(x=256, y=44, width=44, height=44))
00:17:22.892 [ INFO] maestro.Maestro.tap-HgV9Ck0: Tap aimed via settled hierarchy
00:17:22.893 [ INFO] maestro.Maestro.hierarchyBasedTap-ogj28Uc: Tapping at (278, 66) using hierarchy based logic for wait
00:17:23.832 [ INFO] maestro.Maestro.hierarchyBasedTap-ogj28Uc: Something has changed in the UI judging by view hierarchy. Proceed.
00:17:23.832 [ INFO] maestro.cli.runner.CliConsoleListener.onCommandFinished: Tap on id: intro-skip COMPLETED
00:17:23.832 [ INFO] maestro.cli.runner.CliConsoleListener.onCommandStart: Press back RUNNING
00:17:23.833 [ INFO] maestro.Maestro.backPress: Pressing back
00:17:24.685 [ INFO] maestro.cli.runner.CliConsoleListener.onCommandFinished: Press back COMPLETED
00:17:24.685 [ INFO] maestro.cli.runner.CliConsoleListener.onCommandStart: Assert that id: preview-open is visible RUNNING
00:17:24.755 [ INFO] maestro.cli.runner.CliConsoleListener.onCommandFinished: Assert that id: preview-open is visible COMPLETED
00:17:24.755 [ INFO] maestro.cli.runner.CliConsoleListener.onCommandStart: Tap on id: preview-open RUNNING
00:17:24.857 [ INFO] maestro.Maestro.tap-HgV9Ck0: Tapping on element:  UiElement(treeNode=TreeNode(attributes={text=, accessibilityText=Bileşen önizlemesini aç, hintText=, ignoreBoundsFiltering=false, resource-id=preview-open, clickable=true, bounds=[20,316][300,364], enabled=true, focused=false, checked=false, scrollable=false, selected=false, class=android.widget.Button, important-for-accessibility=true, error=}, children=[TreeNode(attributes={text=, accessibilityText=, hintText=, ignoreBoundsFiltering=false, resource-id=, clickable=false, bounds=[20,316][300,364], enabled=true, focused=false, checked=false, scrollable=false, selected=false, class=android.view.ViewGroup, important-for-accessibility=false, error=}, children=[], clickable=false, enabled=true, focused=false, checked=false, selected=false), TreeNode(attributes={text=Bileşen önizlemesini aç, accessibilityText=, hintText=, ignoreBoundsFiltering=false, resource-id=, clickable=false, bounds=[74,330][246,350], enabled=true, focused=false, checked=false, scrollable=false, selected=false, class=android.widget.TextView, important-for-accessibility=true, error=}, children=[], clickable=false, enabled=true, focused=false, checked=false, selected=false)], clickable=true, enabled=true, focused=false, checked=false, selected=false), bounds=Bounds(x=20, y=316, width=280, height=48))
00:17:26.089 [ INFO] maestro.Maestro.tap-HgV9Ck0: Tap aimed via settled hierarchy
00:17:26.089 [ INFO] maestro.Maestro.hierarchyBasedTap-ogj28Uc: Tapping at (160, 340) using hierarchy based logic for wait
00:17:27.396 [ INFO] maestro.Maestro.hierarchyBasedTap-ogj28Uc: Something has changed in the UI judging by view hierarchy. Proceed.
00:17:27.397 [ INFO] maestro.cli.runner.CliConsoleListener.onCommandFinished: Tap on id: preview-open COMPLETED
00:17:27.397 [ INFO] maestro.cli.runner.CliConsoleListener.onCommandStart: Assert that id: preview-set-sahtekar is visible RUNNING
00:17:27.515 [ INFO] maestro.cli.runner.CliConsoleListener.onCommandFinished: Assert that id: preview-set-sahtekar is visible COMPLETED
00:17:27.515 [ INFO] maestro.cli.runner.CliConsoleListener.onCommandStart: Tap on id: preview-set-sahtekar RUNNING
00:17:27.645 [ INFO] maestro.Maestro.tap-HgV9Ck0: Tapping on element:  UiElement(treeNode=TreeNode(attributes={text=, accessibilityText=Sahtekar, hintText=, ignoreBoundsFiltering=false, resource-id=preview-set-sahtekar, clickable=true, bounds=[81,140][159,184], enabled=true, focused=false, checked=false, scrollable=false, selected=false, class=android.view.View, important-for-accessibility=true, error=}, children=[TreeNode(attributes={text=Sahtekar, accessibilityText=, hintText=, ignoreBoundsFiltering=false, resource-id=, clickable=false, bounds=[93,153][147,170], enabled=true, focused=false, checked=false, scrollable=false, selected=false, class=android.widget.TextView, important-for-accessibility=true, error=}, children=[], clickable=false, enabled=true, focused=false, checked=false, selected=false)], clickable=true, enabled=true, focused=false, checked=false, selected=false), bounds=Bounds(x=81, y=140, width=78, height=44))
00:17:28.932 [ INFO] maestro.Maestro.tap-HgV9Ck0: Tap aimed via settled hierarchy
00:17:28.933 [ INFO] maestro.Maestro.hierarchyBasedTap-ogj28Uc: Tapping at (120, 162) using hierarchy based logic for wait
00:17:30.365 [ INFO] maestro.Maestro.hierarchyBasedTap-ogj28Uc: Something has changed in the UI judging by view hierarchy. Proceed.
00:17:30.365 [ INFO] maestro.cli.runner.CliConsoleListener.onCommandFinished: Tap on id: preview-set-sahtekar COMPLETED
00:17:30.365 [ INFO] maestro.cli.runner.CliConsoleListener.onCommandStart: Assert that id: sahtekar-pass is visible RUNNING
00:17:30.537 [ INFO] maestro.cli.runner.CliConsoleListener.onCommandFinished: Assert that id: sahtekar-pass is visible COMPLETED
00:17:30.537 [ INFO] maestro.cli.runner.CliConsoleListener.onCommandStart: Take screenshot 04d-sahtekar-pass RUNNING
00:17:30.538 [ INFO] maestro.Maestro.takeScreenshot: Taking screenshot
00:17:30.538 [TRACE] maestro.utils.ScreenshotUtils.takeScreenshot: Taking screenshot to output sink
00:17:30.561 [ INFO] maestro.cli.runner.CliConsoleListener.onCommandFinished: Take screenshot 04d-sahtekar-pass COMPLETED
00:17:30.561 [ INFO] maestro.cli.runner.CliConsoleListener.onCommandStart: Scrolling DOWN until id: preview-card-word is visible with speed 40, visibility percentage 100%, timeout 30000 ms, with centering enabled RUNNING
00:17:31.344 [ WARN] maestro.orchestra.Orchestra.scrollUntilVisible: Error: maestro.MaestroException$ElementNotFound: Element not found: Id matching regex: preview-card-word
00:17:31.350 [ INFO] maestro.Maestro.swipeFromCenter: Swiping UP from center
00:17:34.120 [ WARN] maestro.orchestra.Orchestra.scrollUntilVisible: Error: maestro.MaestroException$ElementNotFound: Element not found: Id matching regex: preview-card-word
00:17:34.124 [ INFO] maestro.Maestro.swipeFromCenter: Swiping UP from center
00:17:36.824 [ WARN] maestro.orchestra.Orchestra.scrollUntilVisible: Error: maestro.MaestroException$ElementNotFound: Element not found: Id matching regex: preview-card-word
00:17:36.830 [ INFO] maestro.Maestro.swipeFromCenter: Swiping UP from center
00:17:39.588 [ WARN] maestro.orchestra.Orchestra.scrollUntilVisible: Error: maestro.MaestroException$ElementNotFound: Element not found: Id matching regex: preview-card-word
00:17:39.594 [ INFO] maestro.Maestro.swipeFromCenter: Swiping UP from center
00:17:41.660 [ INFO] maestro.orchestra.Orchestra.scrollUntilVisible: Scrolling try count: 0, DeviceWidth: 320, DeviceWidth: 640
00:17:41.660 [ INFO] maestro.orchestra.Orchestra.scrollUntilVisible: Element bounds: Bounds(x=33, y=419, width=254, height=221)
00:17:41.660 [ INFO] maestro.orchestra.Orchestra.scrollUntilVisible: Visibility Percent: 1.0
00:17:41.660 [ INFO] maestro.orchestra.Orchestra.scrollUntilVisible: Command centerElement: ScrollUntilVisibleCommand(selector=ElementSelector(textRegex=null, idRegex=preview-card-word, size=null, below=null, above=null, leftOf=null, rightOf=null, containsChild=null, containsDescendants=null, traits=null, index=null, enabled=null, optional=false, selected=null, checked=null, focused=null, childOf=null, css=null), direction=DOWN, scrollDuration=601, visibilityPercentage=100, timeout=30000, waitToSettleTimeoutMs=null, centerElement=true, originalSpeedValue=40, label=null, optional=false).centerElement
00:17:41.661 [ INFO] maestro.orchestra.Orchestra.scrollUntilVisible: visibilityPercentageNormalized: 1.0
00:17:41.665 [ INFO] maestro.Maestro.swipeFromCenter: Swiping UP from center
00:17:43.720 [ INFO] maestro.orchestra.Orchestra.scrollUntilVisible: Scrolling try count: 1, DeviceWidth: 320, DeviceWidth: 640
00:17:43.720 [ INFO] maestro.orchestra.Orchestra.scrollUntilVisible: Element bounds: Bounds(x=33, y=135, width=254, height=496)
00:17:43.720 [ INFO] maestro.orchestra.Orchestra.scrollUntilVisible: Visibility Percent: 1.0
00:17:43.720 [ INFO] maestro.orchestra.Orchestra.scrollUntilVisible: Command centerElement: ScrollUntilVisibleCommand(selector=ElementSelector(textRegex=null, idRegex=preview-card-word, size=null, below=null, above=null, leftOf=null, rightOf=null, containsChild=null, containsDescendants=null, traits=null, index=null, enabled=null, optional=false, selected=null, checked=null, focused=null, childOf=null, css=null), direction=DOWN, scrollDuration=601, visibilityPercentage=100, timeout=30000, waitToSettleTimeoutMs=null, centerElement=true, originalSpeedValue=40, label=null, optional=false).centerElement
00:17:43.721 [ INFO] maestro.orchestra.Orchestra.scrollUntilVisible: visibilityPercentageNormalized: 1.0
00:17:43.721 [ INFO] maestro.cli.runner.CliConsoleListener.onCommandFinished: Scrolling DOWN until id: preview-card-word is visible with speed 40, visibility percentage 100%, timeout 30000 ms, with centering enabled COMPLETED
00:17:43.721 [ INFO] maestro.cli.runner.CliConsoleListener.onCommandStart: Take screenshot 04d-sahtekar-word RUNNING
00:17:43.721 [ INFO] maestro.Maestro.takeScreenshot: Taking screenshot
00:17:43.722 [TRACE] maestro.utils.ScreenshotUtils.takeScreenshot: Taking screenshot to output sink
00:17:43.747 [ INFO] maestro.cli.runner.CliConsoleListener.onCommandFinished: Take screenshot 04d-sahtekar-word COMPLETED
00:17:43.748 [ INFO] maestro.cli.runner.CliConsoleListener.onCommandStart: Scrolling DOWN until id: preview-card-imposter is visible with speed 40, visibility percentage 100%, timeout 30000 ms, with centering enabled RUNNING
00:17:44.576 [ WARN] maestro.orchestra.Orchestra.scrollUntilVisible: Error: maestro.MaestroException$ElementNotFound: Element not found: Id matching regex: preview-card-imposter
00:17:44.581 [ INFO] maestro.Maestro.swipeFromCenter: Swiping UP from center
00:17:46.624 [ INFO] maestro.orchestra.Orchestra.scrollUntilVisible: Scrolling try count: 0, DeviceWidth: 320, DeviceWidth: 640
00:17:46.624 [ INFO] maestro.orchestra.Orchestra.scrollUntilVisible: Element bounds: Bounds(x=33, y=415, width=254, height=225)
00:17:46.625 [ INFO] maestro.orchestra.Orchestra.scrollUntilVisible: Visibility Percent: 1.0
00:17:46.625 [ INFO] maestro.orchestra.Orchestra.scrollUntilVisible: Command centerElement: ScrollUntilVisibleCommand(selector=ElementSelector(textRegex=null, idRegex=preview-card-imposter, size=null, below=null, above=null, leftOf=null, rightOf=null, containsChild=null, containsDescendants=null, traits=null, index=null, enabled=null, optional=false, selected=null, checked=null, focused=null, childOf=null, css=null), direction=DOWN, scrollDuration=601, visibilityPercentage=100, timeout=30000, waitToSettleTimeoutMs=null, centerElement=true, originalSpeedValue=40, label=null, optional=false).centerElement
00:17:46.625 [ INFO] maestro.orchestra.Orchestra.scrollUntilVisible: visibilityPercentageNormalized: 1.0
00:17:46.629 [ INFO] maestro.Maestro.swipeFromCenter: Swiping UP from center
00:17:48.672 [ INFO] maestro.orchestra.Orchestra.scrollUntilVisible: Scrolling try count: 1, DeviceWidth: 320, DeviceWidth: 640
00:17:48.672 [ INFO] maestro.orchestra.Orchestra.scrollUntilVisible: Element bounds: Bounds(x=33, y=132, width=254, height=496)
00:17:48.672 [ INFO] maestro.orchestra.Orchestra.scrollUntilVisible: Visibility Percent: 1.0
00:17:48.672 [ INFO] maestro.orchestra.Orchestra.scrollUntilVisible: Command centerElement: ScrollUntilVisibleCommand(selector=ElementSelector(textRegex=null, idRegex=preview-card-imposter, size=null, below=null, above=null, leftOf=null, rightOf=null, containsChild=null, containsDescendants=null, traits=null, index=null, enabled=null, optional=false, selected=null, checked=null, focused=null, childOf=null, css=null), direction=DOWN, scrollDuration=601, visibilityPercentage=100, timeout=30000, waitToSettleTimeoutMs=null, centerElement=true, originalSpeedValue=40, label=null, optional=false).centerElement
00:17:48.672 [ INFO] maestro.orchestra.Orchestra.scrollUntilVisible: visibilityPercentageNormalized: 1.0
00:17:48.673 [ INFO] maestro.cli.runner.CliConsoleListener.onCommandFinished: Scrolling DOWN until id: preview-card-imposter is visible with speed 40, visibility percentage 100%, timeout 30000 ms, with centering enabled COMPLETED
00:17:48.673 [ INFO] maestro.cli.runner.CliConsoleListener.onCommandStart: Take screenshot 04d-sahtekar-imposter RUNNING
00:17:48.673 [ INFO] maestro.Maestro.takeScreenshot: Taking screenshot
00:17:48.673 [TRACE] maestro.utils.ScreenshotUtils.takeScreenshot: Taking screenshot to output sink
00:17:48.696 [ INFO] maestro.cli.runner.CliConsoleListener.onCommandFinished: Take screenshot 04d-sahtekar-imposter COMPLETED
00:17:48.696 [ INFO] maestro.cli.runner.CliConsoleListener.onCommandStart: Scrolling DOWN until id: sahtekar-clues is visible with speed 40, visibility percentage 100%, timeout 30000 ms, with centering enabled RUNNING
00:17:49.500 [ WARN] maestro.orchestra.Orchestra.scrollUntilVisible: Error: maestro.MaestroException$ElementNotFound: Element not found: Id matching regex: sahtekar-clues
00:17:49.504 [ INFO] maestro.Maestro.swipeFromCenter: Swiping UP from center
00:17:51.545 [ INFO] maestro.orchestra.Orchestra.scrollUntilVisible: Scrolling try count: 0, DeviceWidth: 320, DeviceWidth: 640
00:17:51.545 [ INFO] maestro.orchestra.Orchestra.scrollUntilVisible: Element bounds: Bounds(x=33, y=412, width=254, height=228)
00:17:51.545 [ INFO] maestro.orchestra.Orchestra.scrollUntilVisible: Visibility Percent: 1.0
00:17:51.546 [ INFO] maestro.orchestra.Orchestra.scrollUntilVisible: Command centerElement: ScrollUntilVisibleCommand(selector=ElementSelector(textRegex=null, idRegex=sahtekar-clues, size=null, below=null, above=null, leftOf=null, rightOf=null, containsChild=null, containsDescendants=null, traits=null, index=null, enabled=null, optional=false, selected=null, checked=null, focused=null, childOf=null, css=null), direction=DOWN, scrollDuration=601, visibilityPercentage=100, timeout=30000, waitToSettleTimeoutMs=null, centerElement=true, originalSpeedValue=40, label=null, optional=false).centerElement
00:17:51.546 [ INFO] maestro.orchestra.Orchestra.scrollUntilVisible: visibilityPercentageNormalized: 1.0
00:17:51.553 [ INFO] maestro.Maestro.swipeFromCenter: Swiping UP from center
00:17:53.629 [ INFO] maestro.orchestra.Orchestra.scrollUntilVisible: Scrolling try count: 1, DeviceWidth: 320, DeviceWidth: 640
00:17:53.629 [ INFO] maestro.orchestra.Orchestra.scrollUntilVisible: Element bounds: Bounds(x=33, y=119, width=254, height=521)
00:17:53.629 [ INFO] maestro.orchestra.Orchestra.scrollUntilVisible: Visibility Percent: 1.0
00:17:53.629 [ INFO] maestro.orchestra.Orchestra.scrollUntilVisible: Command centerElement: ScrollUntilVisibleCommand(selector=ElementSelector(textRegex=null, idRegex=sahtekar-clues, size=null, below=null, above=null, leftOf=null, rightOf=null, containsChild=null, containsDescendants=null, traits=null, index=null, enabled=null, optional=false, selected=null, checked=null, focused=null, childOf=null, css=null), direction=DOWN, scrollDuration=601, visibilityPercentage=100, timeout=30000, waitToSettleTimeoutMs=null, centerElement=true, originalSpeedValue=40, label=null, optional=false).centerElement
00:17:53.629 [ INFO] maestro.orchestra.Orchestra.scrollUntilVisible: visibilityPercentageNormalized: 1.0
00:17:53.629 [ INFO] maestro.cli.runner.CliConsoleListener.onCommandFinished: Scrolling DOWN until id: sahtekar-clues is visible with speed 40, visibility percentage 100%, timeout 30000 ms, with centering enabled COMPLETED
00:17:53.629 [ INFO] maestro.cli.runner.CliConsoleListener.onCommandStart: Take screenshot 04d-sahtekar-clues RUNNING
00:17:53.629 [ INFO] maestro.Maestro.takeScreenshot: Taking screenshot
00:17:53.630 [TRACE] maestro.utils.ScreenshotUtils.takeScreenshot: Taking screenshot to output sink
00:17:53.698 [ INFO] maestro.cli.runner.CliConsoleListener.onCommandFinished: Take screenshot 04d-sahtekar-clues COMPLETED
00:17:53.699 [ INFO] maestro.cli.runner.CliConsoleListener.onCommandStart: Scrolling DOWN until id: sahtekar-vote is visible with speed 40, visibility percentage 100%, timeout 30000 ms, with centering enabled RUNNING
00:17:54.531 [ WARN] maestro.orchestra.Orchestra.scrollUntilVisible: Error: maestro.MaestroException$ElementNotFound: Element not found: Id matching regex: sahtekar-vote
00:17:54.536 [ INFO] maestro.Maestro.swipeFromCenter: Swiping UP from center
00:17:56.584 [ INFO] maestro.orchestra.Orchestra.scrollUntilVisible: Scrolling try count: 0, DeviceWidth: 320, DeviceWidth: 640
00:17:56.585 [ INFO] maestro.orchestra.Orchestra.scrollUntilVisible: Element bounds: Bounds(x=33, y=465, width=254, height=175)
00:17:56.585 [ INFO] maestro.orchestra.Orchestra.scrollUntilVisible: Visibility Percent: 1.0
00:17:56.585 [ INFO] maestro.orchestra.Orchestra.scrollUntilVisible: Command centerElement: ScrollUntilVisibleCommand(selector=ElementSelector(textRegex=null, idRegex=sahtekar-vote, size=null, below=null, above=null, leftOf=null, rightOf=null, containsChild=null, containsDescendants=null, traits=null, index=null, enabled=null, optional=false, selected=null, checked=null, focused=null, childOf=null, css=null), direction=DOWN, scrollDuration=601, visibilityPercentage=100, timeout=30000, waitToSettleTimeoutMs=null, centerElement=true, originalSpeedValue=40, label=null, optional=false).centerElement
00:17:56.585 [ INFO] maestro.orchestra.Orchestra.scrollUntilVisible: visibilityPercentageNormalized: 1.0
00:17:56.589 [ INFO] maestro.Maestro.swipeFromCenter: Swiping UP from center
00:17:58.633 [ INFO] maestro.orchestra.Orchestra.scrollUntilVisible: Scrolling try count: 1, DeviceWidth: 320, DeviceWidth: 640
00:17:58.633 [ INFO] maestro.orchestra.Orchestra.scrollUntilVisible: Element bounds: Bounds(x=33, y=181, width=254, height=459)
00:17:58.633 [ INFO] maestro.orchestra.Orchestra.scrollUntilVisible: Visibility Percent: 1.0
00:17:58.633 [ INFO] maestro.orchestra.Orchestra.scrollUntilVisible: Command centerElement: ScrollUntilVisibleCommand(selector=ElementSelector(textRegex=null, idRegex=sahtekar-vote, size=null, below=null, above=null, leftOf=null, rightOf=null, containsChild=null, containsDescendants=null, traits=null, index=null, enabled=null, optional=false, selected=null, checked=null, focused=null, childOf=null, css=null), direction=DOWN, scrollDuration=601, visibilityPercentage=100, timeout=30000, waitToSettleTimeoutMs=null, centerElement=true, originalSpeedValue=40, label=null, optional=false).centerElement
00:17:58.633 [ INFO] maestro.orchestra.Orchestra.scrollUntilVisible: visibilityPercentageNormalized: 1.0
00:17:58.633 [ INFO] maestro.cli.runner.CliConsoleListener.onCommandFinished: Scrolling DOWN until id: sahtekar-vote is visible with speed 40, visibility percentage 100%, timeout 30000 ms, with centering enabled COMPLETED
00:17:58.633 [ INFO] maestro.cli.runner.CliConsoleListener.onCommandStart: Take screenshot 04d-sahtekar-vote RUNNING
00:17:58.633 [ INFO] maestro.Maestro.takeScreenshot: Taking screenshot
00:17:58.634 [TRACE] maestro.utils.ScreenshotUtils.takeScreenshot: Taking screenshot to output sink
00:17:58.665 [ INFO] maestro.cli.runner.CliConsoleListener.onCommandFinished: Take screenshot 04d-sahtekar-vote COMPLETED
00:17:58.665 [ INFO] maestro.cli.runner.CliConsoleListener.onCommandStart: Scrolling DOWN until id: sahtekar-guess is visible with speed 40, visibility percentage 100%, timeout 30000 ms, with centering enabled RUNNING
00:17:59.460 [ WARN] maestro.orchestra.Orchestra.scrollUntilVisible: Error: maestro.MaestroException$ElementNotFound: Element not found: Id matching regex: sahtekar-guess
00:17:59.465 [ INFO] maestro.Maestro.swipeFromCenter: Swiping UP from center
00:18:01.524 [ INFO] maestro.orchestra.Orchestra.scrollUntilVisible: Scrolling try count: 0, DeviceWidth: 320, DeviceWidth: 640
00:18:01.525 [ INFO] maestro.orchestra.Orchestra.scrollUntilVisible: Element bounds: Bounds(x=33, y=526, width=254, height=114)
00:18:01.525 [ INFO] maestro.orchestra.Orchestra.scrollUntilVisible: Visibility Percent: 1.0
00:18:01.525 [ INFO] maestro.orchestra.Orchestra.scrollUntilVisible: Command centerElement: ScrollUntilVisibleCommand(selector=ElementSelector(textRegex=null, idRegex=sahtekar-guess, size=null, below=null, above=null, leftOf=null, rightOf=null, containsChild=null, containsDescendants=null, traits=null, index=null, enabled=null, optional=false, selected=null, checked=null, focused=null, childOf=null, css=null), direction=DOWN, scrollDuration=601, visibilityPercentage=100, timeout=30000, waitToSettleTimeoutMs=null, centerElement=true, originalSpeedValue=40, label=null, optional=false).centerElement
00:18:01.525 [ INFO] maestro.orchestra.Orchestra.scrollUntilVisible: visibilityPercentageNormalized: 1.0
00:18:01.530 [ INFO] maestro.Maestro.swipeFromCenter: Swiping UP from center
00:18:03.554 [ INFO] maestro.orchestra.Orchestra.scrollUntilVisible: Scrolling try count: 1, DeviceWidth: 320, DeviceWidth: 640
00:18:03.554 [ INFO] maestro.orchestra.Orchestra.scrollUntilVisible: Element bounds: Bounds(x=33, y=242, width=254, height=398)
00:18:03.554 [ INFO] maestro.orchestra.Orchestra.scrollUntilVisible: Visibility Percent: 1.0
00:18:03.555 [ INFO] maestro.orchestra.Orchestra.scrollUntilVisible: Command centerElement: ScrollUntilVisibleCommand(selector=ElementSelector(textRegex=null, idRegex=sahtekar-guess, size=null, below=null, above=null, leftOf=null, rightOf=null, containsChild=null, containsDescendants=null, traits=null, index=null, enabled=null, optional=false, selected=null, checked=null, focused=null, childOf=null, css=null), direction=DOWN, scrollDuration=601, visibilityPercentage=100, timeout=30000, waitToSettleTimeoutMs=null, centerElement=true, originalSpeedValue=40, label=null, optional=false).centerElement
00:18:03.555 [ INFO] maestro.orchestra.Orchestra.scrollUntilVisible: visibilityPercentageNormalized: 1.0
00:18:03.555 [ INFO] maestro.cli.runner.CliConsoleListener.onCommandFinished: Scrolling DOWN until id: sahtekar-guess is visible with speed 40, visibility percentage 100%, timeout 30000 ms, with centering enabled COMPLETED
00:18:03.555 [ INFO] maestro.cli.runner.CliConsoleListener.onCommandStart: Take screenshot 04d-sahtekar-guess RUNNING
00:18:03.555 [ INFO] maestro.Maestro.takeScreenshot: Taking screenshot
00:18:03.556 [TRACE] maestro.utils.ScreenshotUtils.takeScreenshot: Taking screenshot to output sink
00:18:03.582 [ INFO] maestro.cli.runner.CliConsoleListener.onCommandFinished: Take screenshot 04d-sahtekar-guess COMPLETED
00:18:03.582 [ INFO] maestro.cli.runner.CliConsoleListener.onCommandStart: Scrolling DOWN until id: sahtekar-guess-wait is visible with speed 40, visibility percentage 100%, timeout 30000 ms, with centering enabled RUNNING
00:18:04.388 [ WARN] maestro.orchestra.Orchestra.scrollUntilVisible: Error: maestro.MaestroException$ElementNotFound: Element not found: Id matching regex: sahtekar-guess-wait
00:18:04.392 [ INFO] maestro.Maestro.swipeFromCenter: Swiping UP from center
00:18:06.464 [ INFO] maestro.orchestra.Orchestra.scrollUntilVisible: Scrolling try count: 0, DeviceWidth: 320, DeviceWidth: 640
00:18:06.464 [ INFO] maestro.orchestra.Orchestra.scrollUntilVisible: Element bounds: Bounds(x=33, y=581, width=254, height=59)
00:18:06.464 [ INFO] maestro.orchestra.Orchestra.scrollUntilVisible: Visibility Percent: 1.0
00:18:06.464 [ INFO] maestro.orchestra.Orchestra.scrollUntilVisible: Command centerElement: ScrollUntilVisibleCommand(selector=ElementSelector(textRegex=null, idRegex=sahtekar-guess-wait, size=null, below=null, above=null, leftOf=null, rightOf=null, containsChild=null, containsDescendants=null, traits=null, index=null, enabled=null, optional=false, selected=null, checked=null, focused=null, childOf=null, css=null), direction=DOWN, scrollDuration=601, visibilityPercentage=100, timeout=30000, waitToSettleTimeoutMs=null, centerElement=true, originalSpeedValue=40, label=null, optional=false).centerElement
00:18:06.465 [ INFO] maestro.orchestra.Orchestra.scrollUntilVisible: visibilityPercentageNormalized: 1.0
00:18:06.470 [ INFO] maestro.Maestro.swipeFromCenter: Swiping UP from center
00:18:08.504 [ INFO] maestro.orchestra.Orchestra.scrollUntilVisible: Scrolling try count: 1, DeviceWidth: 320, DeviceWidth: 640
00:18:08.504 [ INFO] maestro.orchestra.Orchestra.scrollUntilVisible: Element bounds: Bounds(x=33, y=296, width=254, height=344)
00:18:08.504 [ INFO] maestro.orchestra.Orchestra.scrollUntilVisible: Visibility Percent: 1.0
00:18:08.504 [ INFO] maestro.orchestra.Orchestra.scrollUntilVisible: Command centerElement: ScrollUntilVisibleCommand(selector=ElementSelector(textRegex=null, idRegex=sahtekar-guess-wait, size=null, below=null, above=null, leftOf=null, rightOf=null, containsChild=null, containsDescendants=null, traits=null, index=null, enabled=null, optional=false, selected=null, checked=null, focused=null, childOf=null, css=null), direction=DOWN, scrollDuration=601, visibilityPercentage=100, timeout=30000, waitToSettleTimeoutMs=null, centerElement=true, originalSpeedValue=40, label=null, optional=false).centerElement
00:18:08.504 [ INFO] maestro.orchestra.Orchestra.scrollUntilVisible: visibilityPercentageNormalized: 1.0
00:18:08.509 [ INFO] maestro.Maestro.swipeFromCenter: Swiping UP from center
00:18:10.564 [ INFO] maestro.orchestra.Orchestra.scrollUntilVisible: Scrolling try count: 2, DeviceWidth: 320, DeviceWidth: 640
00:18:10.564 [ INFO] maestro.orchestra.Orchestra.scrollUntilVisible: Element bounds: Bounds(x=33, y=24, width=254, height=475)
00:18:10.564 [ INFO] maestro.orchestra.Orchestra.scrollUntilVisible: Visibility Percent: 1.0
00:18:10.565 [ INFO] maestro.orchestra.Orchestra.scrollUntilVisible: Command centerElement: ScrollUntilVisibleCommand(selector=ElementSelector(textRegex=null, idRegex=sahtekar-guess-wait, size=null, below=null, above=null, leftOf=null, rightOf=null, containsChild=null, containsDescendants=null, traits=null, index=null, enabled=null, optional=false, selected=null, checked=null, focused=null, childOf=null, css=null), direction=DOWN, scrollDuration=601, visibilityPercentage=100, timeout=30000, waitToSettleTimeoutMs=null, centerElement=true, originalSpeedValue=40, label=null, optional=false).centerElement
00:18:10.565 [ INFO] maestro.orchestra.Orchestra.scrollUntilVisible: visibilityPercentageNormalized: 1.0
00:18:10.565 [ INFO] maestro.cli.runner.CliConsoleListener.onCommandFinished: Scrolling DOWN until id: sahtekar-guess-wait is visible with speed 40, visibility percentage 100%, timeout 30000 ms, with centering enabled COMPLETED
00:18:10.565 [ INFO] maestro.cli.runner.CliConsoleListener.onCommandStart: Take screenshot 04d-sahtekar-guess-wait RUNNING
00:18:10.565 [ INFO] maestro.Maestro.takeScreenshot: Taking screenshot
00:18:10.565 [TRACE] maestro.utils.ScreenshotUtils.takeScreenshot: Taking screenshot to output sink
00:18:10.591 [ INFO] maestro.cli.runner.CliConsoleListener.onCommandFinished: Take screenshot 04d-sahtekar-guess-wait COMPLETED
00:18:10.591 [ INFO] maestro.cli.runner.CliConsoleListener.onCommandStart: Scrolling DOWN until id: sahtekar-reveal is visible with speed 40, visibility percentage 100%, timeout 30000 ms, with centering enabled RUNNING
00:18:10.780 [ INFO] maestro.orchestra.Orchestra.scrollUntilVisible: Scrolling try count: 0, DeviceWidth: 320, DeviceWidth: 640
00:18:10.780 [ INFO] maestro.orchestra.Orchestra.scrollUntilVisible: Element bounds: Bounds(x=33, y=569, width=254, height=71)
00:18:10.780 [ INFO] maestro.orchestra.Orchestra.scrollUntilVisible: Visibility Percent: 1.0
00:18:10.780 [ INFO] maestro.orchestra.Orchestra.scrollUntilVisible: Command centerElement: ScrollUntilVisibleCommand(selector=ElementSelector(textRegex=null, idRegex=sahtekar-reveal, size=null, below=null, above=null, leftOf=null, rightOf=null, containsChild=null, containsDescendants=null, traits=null, index=null, enabled=null, optional=false, selected=null, checked=null, focused=null, childOf=null, css=null), direction=DOWN, scrollDuration=601, visibilityPercentage=100, timeout=30000, waitToSettleTimeoutMs=null, centerElement=true, originalSpeedValue=40, label=null, optional=false).centerElement
00:18:10.780 [ INFO] maestro.orchestra.Orchestra.scrollUntilVisible: visibilityPercentageNormalized: 1.0
00:18:10.785 [ INFO] maestro.Maestro.swipeFromCenter: Swiping UP from center
00:18:12.832 [ INFO] maestro.orchestra.Orchestra.scrollUntilVisible: Scrolling try count: 1, DeviceWidth: 320, DeviceWidth: 640
00:18:12.832 [ INFO] maestro.orchestra.Orchestra.scrollUntilVisible: Element bounds: Bounds(x=33, y=281, width=254, height=359)
00:18:12.832 [ INFO] maestro.orchestra.Orchestra.scrollUntilVisible: Visibility Percent: 1.0
00:18:12.832 [ INFO] maestro.orchestra.Orchestra.scrollUntilVisible: Command centerElement: ScrollUntilVisibleCommand(selector=ElementSelector(textRegex=null, idRegex=sahtekar-reveal, size=null, below=null, above=null, leftOf=null, rightOf=null, containsChild=null, containsDescendants=null, traits=null, index=null, enabled=null, optional=false, selected=null, checked=null, focused=null, childOf=null, css=null), direction=DOWN, scrollDuration=601, visibilityPercentage=100, timeout=30000, waitToSettleTimeoutMs=null, centerElement=true, originalSpeedValue=40, label=null, optional=false).centerElement
00:18:12.832 [ INFO] maestro.orchestra.Orchestra.scrollUntilVisible: visibilityPercentageNormalized: 1.0
00:18:12.837 [ INFO] maestro.Maestro.swipeFromCenter: Swiping UP from center
00:18:14.863 [ INFO] maestro.orchestra.Orchestra.scrollUntilVisible: Scrolling try count: 2, DeviceWidth: 320, DeviceWidth: 640
00:18:14.863 [ INFO] maestro.orchestra.Orchestra.scrollUntilVisible: Element bounds: Bounds(x=33, y=24, width=254, height=596)
00:18:14.863 [ INFO] maestro.orchestra.Orchestra.scrollUntilVisible: Visibility Percent: 1.0
00:18:14.863 [ INFO] maestro.orchestra.Orchestra.scrollUntilVisible: Command centerElement: ScrollUntilVisibleCommand(selector=ElementSelector(textRegex=null, idRegex=sahtekar-reveal, size=null, below=null, above=null, leftOf=null, rightOf=null, containsChild=null, containsDescendants=null, traits=null, index=null, enabled=null, optional=false, selected=null, checked=null, focused=null, childOf=null, css=null), direction=DOWN, scrollDuration=601, visibilityPercentage=100, timeout=30000, waitToSettleTimeoutMs=null, centerElement=true, originalSpeedValue=40, label=null, optional=false).centerElement
00:18:14.863 [ INFO] maestro.orchestra.Orchestra.scrollUntilVisible: visibilityPercentageNormalized: 1.0
00:18:14.863 [ INFO] maestro.cli.runner.CliConsoleListener.onCommandFinished: Scrolling DOWN until id: sahtekar-reveal is visible with speed 40, visibility percentage 100%, timeout 30000 ms, with centering enabled COMPLETED
00:18:14.863 [ INFO] maestro.cli.runner.CliConsoleListener.onCommandStart: Take screenshot 04d-sahtekar-reveal RUNNING
00:18:14.864 [ INFO] maestro.Maestro.takeScreenshot: Taking screenshot
00:18:14.864 [TRACE] maestro.utils.ScreenshotUtils.takeScreenshot: Taking screenshot to output sink
00:18:14.892 [ INFO] maestro.cli.runner.CliConsoleListener.onCommandFinished: Take screenshot 04d-sahtekar-reveal COMPLETED
00:18:14.893 [ INFO] maestro.cli.runner.CliConsoleListener.onCommandStart: Press back RUNNING
00:18:14.893 [ INFO] maestro.Maestro.backPress: Pressing back
00:18:15.726 [ INFO] maestro.cli.runner.CliConsoleListener.onCommandFinished: Press back COMPLETED
00:18:15.726 [ INFO] maestro.cli.runner.CliConsoleListener.onCommandStart: Assert that id: preview-open is visible RUNNING
00:18:15.823 [ INFO] maestro.cli.runner.CliConsoleListener.onCommandFinished: Assert that id: preview-open is visible COMPLETED
00:18:15.823 [ INFO] maestro.cli.runner.CliConsoleListener.onCommandStart: Tap on id: preview-open RUNNING
00:18:15.931 [ INFO] maestro.Maestro.tap-HgV9Ck0: Tapping on element:  UiElement(treeNode=TreeNode(attributes={text=, accessibilityText=Bileşen önizlemesini aç, hintText=, ignoreBoundsFiltering=false, resource-id=preview-open, clickable=true, bounds=[20,316][300,364], enabled=true, focused=false, checked=false, scrollable=false, selected=false, class=android.widget.Button, important-for-accessibility=true, error=}, children=[TreeNode(attributes={text=, accessibilityText=, hintText=, ignoreBoundsFiltering=false, resource-id=, clickable=false, bounds=[20,316][300,364], enabled=true, focused=false, checked=false, scrollable=false, selected=false, class=android.view.ViewGroup, important-for-accessibility=false, error=}, children=[], clickable=false, enabled=true, focused=false, checked=false, selected=false), TreeNode(attributes={text=Bileşen önizlemesini aç, accessibilityText=, hintText=, ignoreBoundsFiltering=false, resource-id=, clickable=false, bounds=[74,330][246,350], enabled=true, focused=false, checked=false, scrollable=false, selected=false, class=android.widget.TextView, important-for-accessibility=true, error=}, children=[], clickable=false, enabled=true, focused=false, checked=false, selected=false)], clickable=true, enabled=true, focused=false, checked=false, selected=false), bounds=Bounds(x=20, y=316, width=280, height=48))
00:18:17.151 [ INFO] maestro.Maestro.tap-HgV9Ck0: Tap aimed via settled hierarchy
00:18:17.152 [ INFO] maestro.Maestro.hierarchyBasedTap-ogj28Uc: Tapping at (160, 340) using hierarchy based logic for wait
00:18:18.454 [ INFO] maestro.Maestro.hierarchyBasedTap-ogj28Uc: Something has changed in the UI judging by view hierarchy. Proceed.
00:18:18.454 [ INFO] maestro.cli.runner.CliConsoleListener.onCommandFinished: Tap on id: preview-open COMPLETED
00:18:18.454 [ INFO] maestro.cli.runner.CliConsoleListener.onCommandStart: Assert that id: preview-set-say is visible RUNNING
00:18:18.576 [ INFO] maestro.cli.runner.CliConsoleListener.onCommandFinished: Assert that id: preview-set-say is visible COMPLETED
00:18:18.576 [ INFO] maestro.cli.runner.CliConsoleListener.onCommandStart: Tap on id: preview-set-say RUNNING
00:18:18.687 [ INFO] maestro.Maestro.tap-HgV9Ck0: Tapping on element:  UiElement(treeNode=TreeNode(attributes={text=, accessibilityText=Harf · Şarkı, hintText=, ignoreBoundsFiltering=false, resource-id=preview-set-say, clickable=true, bounds=[161,140][254,184], enabled=true, focused=false, checked=false, scrollable=false, selected=false, class=android.view.View, important-for-accessibility=true, error=}, children=[TreeNode(attributes={text=Harf · Şarkı, accessibilityText=, hintText=, ignoreBoundsFiltering=false, resource-id=, clickable=false, bounds=[173,153][242,170], enabled=true, focused=false, checked=false, scrollable=false, selected=false, class=android.widget.TextView, important-for-accessibility=true, error=}, children=[], clickable=false, enabled=true, focused=false, checked=false, selected=false)], clickable=true, enabled=true, focused=false, checked=false, selected=false), bounds=Bounds(x=161, y=140, width=93, height=44))
00:18:19.958 [ INFO] maestro.Maestro.tap-HgV9Ck0: Tap aimed via settled hierarchy
00:18:19.959 [ INFO] maestro.Maestro.hierarchyBasedTap-ogj28Uc: Tapping at (207, 162) using hierarchy based logic for wait
00:18:21.343 [ INFO] maestro.Maestro.hierarchyBasedTap-ogj28Uc: Something has changed in the UI judging by view hierarchy. Proceed.
00:18:21.343 [ INFO] maestro.cli.runner.CliConsoleListener.onCommandFinished: Tap on id: preview-set-say COMPLETED
00:18:21.343 [ INFO] maestro.cli.runner.CliConsoleListener.onCommandStart: Assert that id: preview-letters is visible RUNNING
00:18:21.497 [ INFO] maestro.cli.runner.CliConsoleListener.onCommandFinished: Assert that id: preview-letters is visible COMPLETED
00:18:21.497 [ INFO] maestro.cli.runner.CliConsoleListener.onCommandStart: Take screenshot 04e-say-letters RUNNING
00:18:21.497 [ INFO] maestro.Maestro.takeScreenshot: Taking screenshot
00:18:21.498 [TRACE] maestro.utils.ScreenshotUtils.takeScreenshot: Taking screenshot to output sink
00:18:21.553 [ INFO] maestro.cli.runner.CliConsoleListener.onCommandFinished: Take screenshot 04e-say-letters COMPLETED
00:18:21.553 [ INFO] maestro.cli.runner.CliConsoleListener.onCommandStart: Scrolling DOWN until id: preview-object is visible with speed 40, visibility percentage 100%, timeout 30000 ms, with centering enabled RUNNING
00:18:21.749 [ INFO] maestro.orchestra.Orchestra.scrollUntilVisible: Scrolling try count: 0, DeviceWidth: 320, DeviceWidth: 640
00:18:21.749 [ INFO] maestro.orchestra.Orchestra.scrollUntilVisible: Element bounds: Bounds(x=33, y=608, width=254, height=32)
00:18:21.749 [ INFO] maestro.orchestra.Orchestra.scrollUntilVisible: Visibility Percent: 1.0
00:18:21.749 [ INFO] maestro.orchestra.Orchestra.scrollUntilVisible: Command centerElement: ScrollUntilVisibleCommand(selector=ElementSelector(textRegex=null, idRegex=preview-object, size=null, below=null, above=null, leftOf=null, rightOf=null, containsChild=null, containsDescendants=null, traits=null, index=null, enabled=null, optional=false, selected=null, checked=null, focused=null, childOf=null, css=null), direction=DOWN, scrollDuration=601, visibilityPercentage=100, timeout=30000, waitToSettleTimeoutMs=null, centerElement=true, originalSpeedValue=40, label=null, optional=false).centerElement
00:18:21.749 [ INFO] maestro.orchestra.Orchestra.scrollUntilVisible: visibilityPercentageNormalized: 1.0
00:18:21.788 [ INFO] maestro.Maestro.swipeFromCenter: Swiping UP from center
00:18:23.654 [ INFO] maestro.orchestra.Orchestra.scrollUntilVisible: Scrolling try count: 1, DeviceWidth: 320, DeviceWidth: 640
00:18:23.654 [ INFO] maestro.orchestra.Orchestra.scrollUntilVisible: Element bounds: Bounds(x=33, y=375, width=254, height=265)
00:18:23.654 [ INFO] maestro.orchestra.Orchestra.scrollUntilVisible: Visibility Percent: 1.0
00:18:23.654 [ INFO] maestro.orchestra.Orchestra.scrollUntilVisible: Command centerElement: ScrollUntilVisibleCommand(selector=ElementSelector(textRegex=null, idRegex=preview-object, size=null, below=null, above=null, leftOf=null, rightOf=null, containsChild=null, containsDescendants=null, traits=null, index=null, enabled=null, optional=false, selected=null, checked=null, focused=null, childOf=null, css=null), direction=DOWN, scrollDuration=601, visibilityPercentage=100, timeout=30000, waitToSettleTimeoutMs=null, centerElement=true, originalSpeedValue=40, label=null, optional=false).centerElement
00:18:23.654 [ INFO] maestro.orchestra.Orchestra.scrollUntilVisible: visibilityPercentageNormalized: 1.0
00:18:23.691 [ INFO] maestro.Maestro.swipeFromCenter: Swiping UP from center
00:18:25.776 [ INFO] maestro.orchestra.Orchestra.scrollUntilVisible: Scrolling try count: 2, DeviceWidth: 320, DeviceWidth: 640
00:18:25.776 [ INFO] maestro.orchestra.Orchestra.scrollUntilVisible: Element bounds: Bounds(x=33, y=100, width=254, height=288)
00:18:25.776 [ INFO] maestro.orchestra.Orchestra.scrollUntilVisible: Visibility Percent: 1.0
00:18:25.776 [ INFO] maestro.orchestra.Orchestra.scrollUntilVisible: Command centerElement: ScrollUntilVisibleCommand(selector=ElementSelector(textRegex=null, idRegex=preview-object, size=null, below=null, above=null, leftOf=null, rightOf=null, containsChild=null, containsDescendants=null, traits=null, index=null, enabled=null, optional=false, selected=null, checked=null, focused=null, childOf=null, css=null), direction=DOWN, scrollDuration=601, visibilityPercentage=100, timeout=30000, waitToSettleTimeoutMs=null, centerElement=true, originalSpeedValue=40, label=null, optional=false).centerElement
00:18:25.776 [ INFO] maestro.orchestra.Orchestra.scrollUntilVisible: visibilityPercentageNormalized: 1.0
00:18:25.776 [ INFO] maestro.cli.runner.CliConsoleListener.onCommandFinished: Scrolling DOWN until id: preview-object is visible with speed 40, visibility percentage 100%, timeout 30000 ms, with centering enabled COMPLETED
00:18:25.776 [ INFO] maestro.cli.runner.CliConsoleListener.onCommandStart: Take screenshot 04e-say-object RUNNING
00:18:25.776 [ INFO] maestro.Maestro.takeScreenshot: Taking screenshot
00:18:25.777 [TRACE] maestro.utils.ScreenshotUtils.takeScreenshot: Taking screenshot to output sink
00:18:25.818 [ INFO] maestro.cli.runner.CliConsoleListener.onCommandFinished: Take screenshot 04e-say-object COMPLETED
00:18:25.818 [ INFO] maestro.cli.runner.CliConsoleListener.onCommandStart: Scrolling DOWN until id: objection-result is visible with speed 40, visibility percentage 100%, timeout 30000 ms, with centering enabled RUNNING
00:18:26.080 [ INFO] maestro.orchestra.Orchestra.scrollUntilVisible: Scrolling try count: 0, DeviceWidth: 320, DeviceWidth: 640
00:18:26.080 [ INFO] maestro.orchestra.Orchestra.scrollUntilVisible: Element bounds: Bounds(x=33, y=458, width=254, height=97)
00:18:26.080 [ INFO] maestro.orchestra.Orchestra.scrollUntilVisible: Visibility Percent: 1.0
00:18:26.080 [ INFO] maestro.orchestra.Orchestra.scrollUntilVisible: Command centerElement: ScrollUntilVisibleCommand(selector=ElementSelector(textRegex=null, idRegex=objection-result, size=null, below=null, above=null, leftOf=null, rightOf=null, containsChild=null, containsDescendants=null, traits=null, index=null, enabled=null, optional=false, selected=null, checked=null, focused=null, childOf=null, css=null), direction=DOWN, scrollDuration=601, visibilityPercentage=100, timeout=30000, waitToSettleTimeoutMs=null, centerElement=true, originalSpeedValue=40, label=null, optional=false).centerElement
00:18:26.081 [ INFO] maestro.orchestra.Orchestra.scrollUntilVisible: visibilityPercentageNormalized: 1.0
00:18:26.121 [ INFO] maestro.Maestro.swipeFromCenter: Swiping UP from center
00:18:28.181 [ INFO] maestro.orchestra.Orchestra.scrollUntilVisible: Scrolling try count: 1, DeviceWidth: 320, DeviceWidth: 640
00:18:28.181 [ INFO] maestro.orchestra.Orchestra.scrollUntilVisible: Element bounds: Bounds(x=33, y=172, width=254, height=97)
00:18:28.181 [ INFO] maestro.orchestra.Orchestra.scrollUntilVisible: Visibility Percent: 1.0
00:18:28.181 [ INFO] maestro.orchestra.Orchestra.scrollUntilVisible: Command centerElement: ScrollUntilVisibleCommand(selector=ElementSelector(textRegex=null, idRegex=objection-result, size=null, below=null, above=null, leftOf=null, rightOf=null, containsChild=null, containsDescendants=null, traits=null, index=null, enabled=null, optional=false, selected=null, checked=null, focused=null, childOf=null, css=null), direction=DOWN, scrollDuration=601, visibilityPercentage=100, timeout=30000, waitToSettleTimeoutMs=null, centerElement=true, originalSpeedValue=40, label=null, optional=false).centerElement
00:18:28.181 [ INFO] maestro.orchestra.Orchestra.scrollUntilVisible: visibilityPercentageNormalized: 1.0
00:18:28.181 [ INFO] maestro.cli.runner.CliConsoleListener.onCommandFinished: Scrolling DOWN until id: objection-result is visible with speed 40, visibility percentage 100%, timeout 30000 ms, with centering enabled COMPLETED
00:18:28.181 [ INFO] maestro.cli.runner.CliConsoleListener.onCommandStart: Take screenshot 04e-say-objected RUNNING
00:18:28.182 [ INFO] maestro.Maestro.takeScreenshot: Taking screenshot
00:18:28.182 [TRACE] maestro.utils.ScreenshotUtils.takeScreenshot: Taking screenshot to output sink
00:18:28.204 [ INFO] maestro.cli.runner.CliConsoleListener.onCommandFinished: Take screenshot 04e-say-objected COMPLETED
00:18:28.205 [ INFO] maestro.cli.runner.CliConsoleListener.onCommandStart: Scrolling DOWN until id: preview-song is visible with speed 40, visibility percentage 100%, timeout 30000 ms, with centering enabled RUNNING
00:18:28.396 [ INFO] maestro.orchestra.Orchestra.scrollUntilVisible: Scrolling try count: 0, DeviceWidth: 320, DeviceWidth: 640
00:18:28.396 [ INFO] maestro.orchestra.Orchestra.scrollUntilVisible: Element bounds: Bounds(x=33, y=355, width=254, height=285)
00:18:28.396 [ INFO] maestro.orchestra.Orchestra.scrollUntilVisible: Visibility Percent: 1.0
00:18:28.396 [ INFO] maestro.orchestra.Orchestra.scrollUntilVisible: Command centerElement: ScrollUntilVisibleCommand(selector=ElementSelector(textRegex=null, idRegex=preview-song, size=null, below=null, above=null, leftOf=null, rightOf=null, containsChild=null, containsDescendants=null, traits=null, index=null, enabled=null, optional=false, selected=null, checked=null, focused=null, childOf=null, css=null), direction=DOWN, scrollDuration=601, visibilityPercentage=100, timeout=30000, waitToSettleTimeoutMs=null, centerElement=true, originalSpeedValue=40, label=null, optional=false).centerElement
00:18:28.396 [ INFO] maestro.orchestra.Orchestra.scrollUntilVisible: visibilityPercentageNormalized: 1.0
00:18:28.400 [ INFO] maestro.Maestro.swipeFromCenter: Swiping UP from center
00:18:30.427 [ INFO] maestro.orchestra.Orchestra.scrollUntilVisible: Scrolling try count: 1, DeviceWidth: 320, DeviceWidth: 640
00:18:30.428 [ INFO] maestro.orchestra.Orchestra.scrollUntilVisible: Element bounds: Bounds(x=33, y=70, width=254, height=560)
00:18:30.428 [ INFO] maestro.orchestra.Orchestra.scrollUntilVisible: Visibility Percent: 1.0
00:18:30.428 [ INFO] maestro.orchestra.Orchestra.scrollUntilVisible: Command centerElement: ScrollUntilVisibleCommand(selector=ElementSelector(textRegex=null, idRegex=preview-song, size=null, below=null, above=null, leftOf=null, rightOf=null, containsChild=null, containsDescendants=null, traits=null, index=null, enabled=null, optional=false, selected=null, checked=null, focused=null, childOf=null, css=null), direction=DOWN, scrollDuration=601, visibilityPercentage=100, timeout=30000, waitToSettleTimeoutMs=null, centerElement=true, originalSpeedValue=40, label=null, optional=false).centerElement
00:18:30.428 [ INFO] maestro.orchestra.Orchestra.scrollUntilVisible: visibilityPercentageNormalized: 1.0
00:18:30.428 [ INFO] maestro.cli.runner.CliConsoleListener.onCommandFinished: Scrolling DOWN until id: preview-song is visible with speed 40, visibility percentage 100%, timeout 30000 ms, with centering enabled COMPLETED
00:18:30.428 [ INFO] maestro.cli.runner.CliConsoleListener.onCommandStart: Take screenshot 04e-say-song RUNNING
00:18:30.429 [ INFO] maestro.Maestro.takeScreenshot: Taking screenshot
00:18:30.429 [TRACE] maestro.utils.ScreenshotUtils.takeScreenshot: Taking screenshot to output sink
00:18:30.453 [ INFO] maestro.cli.runner.CliConsoleListener.onCommandFinished: Take screenshot 04e-say-song COMPLETED
00:18:30.453 [ INFO] maestro.cli.runner.CliConsoleListener.onCommandStart: Scrolling DOWN until id: preview-song-object is visible with speed 40, visibility percentage 100%, timeout 30000 ms, with centering enabled RUNNING
00:18:31.280 [ WARN] maestro.orchestra.Orchestra.scrollUntilVisible: Error: maestro.MaestroException$ElementNotFound: Element not found: Id matching regex: preview-song-object
00:18:31.285 [ INFO] maestro.Maestro.swipeFromCenter: Swiping UP from center
00:18:33.282 [ INFO] maestro.orchestra.Orchestra.scrollUntilVisible: Scrolling try count: 0, DeviceWidth: 320, DeviceWidth: 640
00:18:33.282 [ INFO] maestro.orchestra.Orchestra.scrollUntilVisible: Element bounds: Bounds(x=33, y=412, width=254, height=206)
00:18:33.282 [ INFO] maestro.orchestra.Orchestra.scrollUntilVisible: Visibility Percent: 1.0
00:18:33.282 [ INFO] maestro.orchestra.Orchestra.scrollUntilVisible: Command centerElement: ScrollUntilVisibleCommand(selector=ElementSelector(textRegex=null, idRegex=preview-song-object, size=null, below=null, above=null, leftOf=null, rightOf=null, containsChild=null, containsDescendants=null, traits=null, index=null, enabled=null, optional=false, selected=null, checked=null, focused=null, childOf=null, css=null), direction=DOWN, scrollDuration=601, visibilityPercentage=100, timeout=30000, waitToSettleTimeoutMs=null, centerElement=true, originalSpeedValue=40, label=null, optional=false).centerElement
00:18:33.282 [ INFO] maestro.orchestra.Orchestra.scrollUntilVisible: visibilityPercentageNormalized: 1.0
00:18:33.287 [ INFO] maestro.Maestro.swipeFromCenter: Swiping UP from center
00:18:34.652 [ INFO] maestro.orchestra.Orchestra.scrollUntilVisible: Scrolling try count: 1, DeviceWidth: 320, DeviceWidth: 640
00:18:34.652 [ INFO] maestro.orchestra.Orchestra.scrollUntilVisible: Element bounds: Bounds(x=33, y=389, width=254, height=206)
00:18:34.652 [ INFO] maestro.orchestra.Orchestra.scrollUntilVisible: Visibility Percent: 1.0
00:18:34.652 [ INFO] maestro.orchestra.Orchestra.scrollUntilVisible: Command centerElement: ScrollUntilVisibleCommand(selector=ElementSelector(textRegex=null, idRegex=preview-song-object, size=null, below=null, above=null, leftOf=null, rightOf=null, containsChild=null, containsDescendants=null, traits=null, index=null, enabled=null, optional=false, selected=null, checked=null, focused=null, childOf=null, css=null), direction=DOWN, scrollDuration=601, visibilityPercentage=100, timeout=30000, waitToSettleTimeoutMs=null, centerElement=true, originalSpeedValue=40, label=null, optional=false).centerElement
00:18:34.652 [ INFO] maestro.orchestra.Orchestra.scrollUntilVisible: visibilityPercentageNormalized: 1.0
00:18:34.658 [ INFO] maestro.Maestro.swipeFromCenter: Swiping UP from center
00:18:35.692 [ INFO] maestro.orchestra.Orchestra.scrollUntilVisible: Scrolling try count: 2, DeviceWidth: 320, DeviceWidth: 640
00:18:35.692 [ INFO] maestro.orchestra.Orchestra.scrollUntilVisible: Element bounds: Bounds(x=33, y=389, width=254, height=206)
00:18:35.692 [ INFO] maestro.orchestra.Orchestra.scrollUntilVisible: Visibility Percent: 1.0
00:18:35.693 [ INFO] maestro.orchestra.Orchestra.scrollUntilVisible: Command centerElement: ScrollUntilVisibleCommand(selector=ElementSelector(textRegex=null, idRegex=preview-song-object, size=null, below=null, above=null, leftOf=null, rightOf=null, containsChild=null, containsDescendants=null, traits=null, index=null, enabled=null, optional=false, selected=null, checked=null, focused=null, childOf=null, css=null), direction=DOWN, scrollDuration=601, visibilityPercentage=100, timeout=30000, waitToSettleTimeoutMs=null, centerElement=true, originalSpeedValue=40, label=null, optional=false).centerElement
00:18:35.693 [ INFO] maestro.orchestra.Orchestra.scrollUntilVisible: visibilityPercentageNormalized: 1.0
00:18:35.700 [ INFO] maestro.Maestro.swipeFromCenter: Swiping UP from center
00:18:36.756 [ INFO] maestro.orchestra.Orchestra.scrollUntilVisible: Scrolling try count: 3, DeviceWidth: 320, DeviceWidth: 640
00:18:36.756 [ INFO] maestro.orchestra.Orchestra.scrollUntilVisible: Element bounds: Bounds(x=33, y=389, width=254, height=206)
00:18:36.756 [ INFO] maestro.orchestra.Orchestra.scrollUntilVisible: Visibility Percent: 1.0
00:18:36.756 [ INFO] maestro.orchestra.Orchestra.scrollUntilVisible: Command centerElement: ScrollUntilVisibleCommand(selector=ElementSelector(textRegex=null, idRegex=preview-song-object, size=null, below=null, above=null, leftOf=null, rightOf=null, containsChild=null, containsDescendants=null, traits=null, index=null, enabled=null, optional=false, selected=null, checked=null, focused=null, childOf=null, css=null), direction=DOWN, scrollDuration=601, visibilityPercentage=100, timeout=30000, waitToSettleTimeoutMs=null, centerElement=true, originalSpeedValue=40, label=null, optional=false).centerElement
00:18:36.756 [ INFO] maestro.orchestra.Orchestra.scrollUntilVisible: visibilityPercentageNormalized: 1.0
00:18:36.761 [ INFO] maestro.Maestro.swipeFromCenter: Swiping UP from center
00:18:37.777 [ INFO] maestro.orchestra.Orchestra.scrollUntilVisible: Scrolling try count: 4, DeviceWidth: 320, DeviceWidth: 640
00:18:37.777 [ INFO] maestro.orchestra.Orchestra.scrollUntilVisible: Element bounds: Bounds(x=33, y=389, width=254, height=206)
00:18:37.777 [ INFO] maestro.orchestra.Orchestra.scrollUntilVisible: Visibility Percent: 1.0
00:18:37.777 [ INFO] maestro.orchestra.Orchestra.scrollUntilVisible: Command centerElement: ScrollUntilVisibleCommand(selector=ElementSelector(textRegex=null, idRegex=preview-song-object, size=null, below=null, above=null, leftOf=null, rightOf=null, containsChild=null, containsDescendants=null, traits=null, index=null, enabled=null, optional=false, selected=null, checked=null, focused=null, childOf=null, css=null), direction=DOWN, scrollDuration=601, visibilityPercentage=100, timeout=30000, waitToSettleTimeoutMs=null, centerElement=true, originalSpeedValue=40, label=null, optional=false).centerElement
00:18:37.777 [ INFO] maestro.orchestra.Orchestra.scrollUntilVisible: visibilityPercentageNormalized: 1.0
00:18:37.781 [ INFO] maestro.Maestro.swipeFromCenter: Swiping UP from center
00:18:38.820 [ INFO] maestro.orchestra.Orchestra.scrollUntilVisible: Scrolling try count: 5, DeviceWidth: 320, DeviceWidth: 640
00:18:38.820 [ INFO] maestro.orchestra.Orchestra.scrollUntilVisible: Element bounds: Bounds(x=33, y=389, width=254, height=206)
00:18:38.820 [ INFO] maestro.orchestra.Orchestra.scrollUntilVisible: Visibility Percent: 1.0
00:18:38.820 [ INFO] maestro.orchestra.Orchestra.scrollUntilVisible: Command centerElement: ScrollUntilVisibleCommand(selector=ElementSelector(textRegex=null, idRegex=preview-song-object, size=null, below=null, above=null, leftOf=null, rightOf=null, containsChild=null, containsDescendants=null, traits=null, index=null, enabled=null, optional=false, selected=null, checked=null, focused=null, childOf=null, css=null), direction=DOWN, scrollDuration=601, visibilityPercentage=100, timeout=30000, waitToSettleTimeoutMs=null, centerElement=true, originalSpeedValue=40, label=null, optional=false).centerElement
00:18:38.820 [ INFO] maestro.orchestra.Orchestra.scrollUntilVisible: visibilityPercentageNormalized: 1.0
00:18:38.821 [ INFO] maestro.cli.runner.CliConsoleListener.onCommandFinished: Scrolling DOWN until id: preview-song-object is visible with speed 40, visibility percentage 100%, timeout 30000 ms, with centering enabled COMPLETED
00:18:38.821 [ INFO] maestro.cli.runner.CliConsoleListener.onCommandStart: Take screenshot 04e-say-song-object RUNNING
00:18:38.821 [ INFO] maestro.Maestro.takeScreenshot: Taking screenshot
00:18:38.821 [TRACE] maestro.utils.ScreenshotUtils.takeScreenshot: Taking screenshot to output sink
00:18:38.855 [ INFO] maestro.cli.runner.CliConsoleListener.onCommandFinished: Take screenshot 04e-say-song-object COMPLETED
00:18:38.855 [ INFO] maestro.cli.runner.CliConsoleListener.onCommandStart: Press back RUNNING
00:18:38.855 [ INFO] maestro.Maestro.backPress: Pressing back
00:18:39.684 [ INFO] maestro.cli.runner.CliConsoleListener.onCommandFinished: Press back COMPLETED
00:18:39.684 [ INFO] maestro.cli.runner.CliConsoleListener.onCommandStart: Assert that id: preview-open is visible RUNNING
00:18:39.785 [ INFO] maestro.cli.runner.CliConsoleListener.onCommandFinished: Assert that id: preview-open is visible COMPLETED
00:18:39.786 [ INFO] maestro.cli.runner.CliConsoleListener.onCommandStart: Tap on id: preview-open RUNNING
00:18:39.890 [ INFO] maestro.Maestro.tap-HgV9Ck0: Tapping on element:  UiElement(treeNode=TreeNode(attributes={text=, accessibilityText=Bileşen önizlemesini aç, hintText=, ignoreBoundsFiltering=false, resource-id=preview-open, clickable=true, bounds=[20,316][300,364], enabled=true, focused=false, checked=false, scrollable=false, selected=false, class=android.widget.Button, important-for-accessibility=true, error=}, children=[TreeNode(attributes={text=, accessibilityText=, hintText=, ignoreBoundsFiltering=false, resource-id=, clickable=false, bounds=[20,316][300,364], enabled=true, focused=false, checked=false, scrollable=false, selected=false, class=android.view.ViewGroup, important-for-accessibility=false, error=}, children=[], clickable=false, enabled=true, focused=false, checked=false, selected=false), TreeNode(attributes={text=Bileşen önizlemesini aç, accessibilityText=, hintText=, ignoreBoundsFiltering=false, resource-id=, clickable=false, bounds=[74,330][246,350], enabled=true, focused=false, checked=false, scrollable=false, selected=false, class=android.widget.TextView, important-for-accessibility=true, error=}, children=[], clickable=false, enabled=true, focused=false, checked=false, selected=false)], clickable=true, enabled=true, focused=false, checked=false, selected=false), bounds=Bounds(x=20, y=316, width=280, height=48))
00:18:41.132 [ INFO] maestro.Maestro.tap-HgV9Ck0: Tap aimed via settled hierarchy
00:18:41.133 [ INFO] maestro.Maestro.hierarchyBasedTap-ogj28Uc: Tapping at (160, 340) using hierarchy based logic for wait
00:18:42.400 [ INFO] maestro.Maestro.hierarchyBasedTap-ogj28Uc: Something has changed in the UI judging by view hierarchy. Proceed.
00:18:42.400 [ INFO] maestro.cli.runner.CliConsoleListener.onCommandFinished: Tap on id: preview-open COMPLETED
00:18:42.400 [ INFO] maestro.cli.runner.CliConsoleListener.onCommandStart: Assert that id: preview-set-ibre is visible RUNNING
00:18:42.513 [ INFO] maestro.cli.runner.CliConsoleListener.onCommandFinished: Assert that id: preview-set-ibre is visible COMPLETED
00:18:42.513 [ INFO] maestro.cli.runner.CliConsoleListener.onCommandStart: Tap on id: preview-set-ibre RUNNING
00:18:42.638 [ INFO] maestro.Maestro.tap-HgV9Ck0: Tapping on element:  UiElement(treeNode=TreeNode(attributes={text=, accessibilityText=İbre, hintText=, ignoreBoundsFiltering=false, resource-id=preview-set-ibre, clickable=true, bounds=[256,140][304,184], enabled=true, focused=false, checked=false, scrollable=false, selected=false, class=android.view.View, important-for-accessibility=true, error=}, children=[TreeNode(attributes={text=İbre, accessibilityText=, hintText=, ignoreBoundsFiltering=false, resource-id=, clickable=false, bounds=[268,153][292,170], enabled=true, focused=false, checked=false, scrollable=false, selected=false, class=android.widget.TextView, important-for-accessibility=true, error=}, children=[], clickable=false, enabled=true, focused=false, checked=false, selected=false)], clickable=true, enabled=true, focused=false, checked=false, selected=false), bounds=Bounds(x=256, y=140, width=48, height=44))
00:18:43.913 [ INFO] maestro.Maestro.tap-HgV9Ck0: Tap aimed via settled hierarchy
00:18:43.913 [ INFO] maestro.Maestro.hierarchyBasedTap-ogj28Uc: Tapping at (280, 162) using hierarchy based logic for wait
00:18:45.020 [ INFO] maestro.Maestro.hierarchyBasedTap-ogj28Uc: Something has changed in the UI judging by view hierarchy. Proceed.
00:18:45.020 [ INFO] maestro.cli.runner.CliConsoleListener.onCommandFinished: Tap on id: preview-set-ibre COMPLETED
00:18:45.021 [ INFO] maestro.cli.runner.CliConsoleListener.onCommandStart: Assert that id: ibre-hold is visible RUNNING
00:18:45.129 [ INFO] maestro.cli.runner.CliConsoleListener.onCommandFinished: Assert that id: ibre-hold is visible COMPLETED
00:18:45.129 [ INFO] maestro.cli.runner.CliConsoleListener.onCommandStart: Take screenshot 04f-ibre-hold RUNNING
00:18:45.130 [ INFO] maestro.Maestro.takeScreenshot: Taking screenshot
00:18:45.130 [TRACE] maestro.utils.ScreenshotUtils.takeScreenshot: Taking screenshot to output sink
00:18:45.154 [ INFO] maestro.cli.runner.CliConsoleListener.onCommandFinished: Take screenshot 04f-ibre-hold COMPLETED
00:18:45.154 [ INFO] maestro.cli.runner.CliConsoleListener.onCommandStart: Scrolling DOWN until id: preview-needle is visible with speed 40, visibility percentage 100%, timeout 30000 ms, with centering enabled RUNNING
00:18:45.301 [ INFO] maestro.orchestra.Orchestra.scrollUntilVisible: Scrolling try count: 0, DeviceWidth: 320, DeviceWidth: 640
00:18:45.301 [ INFO] maestro.orchestra.Orchestra.scrollUntilVisible: Element bounds: Bounds(x=33, y=485, width=254, height=155)
00:18:45.301 [ INFO] maestro.orchestra.Orchestra.scrollUntilVisible: Visibility Percent: 1.0
00:18:45.301 [ INFO] maestro.orchestra.Orchestra.scrollUntilVisible: Command centerElement: ScrollUntilVisibleCommand(selector=ElementSelector(textRegex=null, idRegex=preview-needle, size=null, below=null, above=null, leftOf=null, rightOf=null, containsChild=null, containsDescendants=null, traits=null, index=null, enabled=null, optional=false, selected=null, checked=null, focused=null, childOf=null, css=null), direction=DOWN, scrollDuration=601, visibilityPercentage=100, timeout=30000, waitToSettleTimeoutMs=null, centerElement=true, originalSpeedValue=40, label=null, optional=false).centerElement
00:18:45.301 [ INFO] maestro.orchestra.Orchestra.scrollUntilVisible: visibilityPercentageNormalized: 1.0
00:18:45.307 [ INFO] maestro.Maestro.swipeFromCenter: Swiping UP from center
00:18:47.213 [ INFO] maestro.orchestra.Orchestra.scrollUntilVisible: Scrolling try count: 1, DeviceWidth: 320, DeviceWidth: 640
00:18:47.213 [ INFO] maestro.orchestra.Orchestra.scrollUntilVisible: Element bounds: Bounds(x=33, y=200, width=254, height=228)
00:18:47.213 [ INFO] maestro.orchestra.Orchestra.scrollUntilVisible: Visibility Percent: 1.0
00:18:47.213 [ INFO] maestro.orchestra.Orchestra.scrollUntilVisible: Command centerElement: ScrollUntilVisibleCommand(selector=ElementSelector(textRegex=null, idRegex=preview-needle, size=null, below=null, above=null, leftOf=null, rightOf=null, containsChild=null, containsDescendants=null, traits=null, index=null, enabled=null, optional=false, selected=null, checked=null, focused=null, childOf=null, css=null), direction=DOWN, scrollDuration=601, visibilityPercentage=100, timeout=30000, waitToSettleTimeoutMs=null, centerElement=true, originalSpeedValue=40, label=null, optional=false).centerElement
00:18:47.213 [ INFO] maestro.orchestra.Orchestra.scrollUntilVisible: visibilityPercentageNormalized: 1.0
00:18:47.214 [ INFO] maestro.cli.runner.CliConsoleListener.onCommandFinished: Scrolling DOWN until id: preview-needle is visible with speed 40, visibility percentage 100%, timeout 30000 ms, with centering enabled COMPLETED
00:18:47.214 [ INFO] maestro.cli.runner.CliConsoleListener.onCommandStart: Tap on id: ibre-plus RUNNING
00:18:47.321 [ INFO] maestro.Maestro.tap-HgV9Ck0: Tapping on element:  UiElement(treeNode=TreeNode(attributes={text=, accessibilityText=İbreyi sağa al, hintText=, ignoreBoundsFiltering=false, resource-id=ibre-plus, clickable=true, bounds=[191,380][239,428], enabled=true, focused=false, checked=false, scrollable=false, selected=false, class=android.widget.Button, important-for-accessibility=true, error=}, children=[TreeNode(attributes={text=, accessibilityText=, hintText=, ignoreBoundsFiltering=false, resource-id=, clickable=false, bounds=[191,380][239,428], enabled=true, focused=false, checked=false, scrollable=false, selected=false, class=android.view.ViewGroup, important-for-accessibility=false, error=}, children=[], clickable=false, enabled=true, focused=false, checked=false, selected=false), TreeNode(attributes={text=+, accessibilityText=, hintText=, ignoreBoundsFiltering=false, resource-id=, clickable=false, bounds=[208,390][221,418], enabled=true, focused=false, checked=false, scrollable=false, selected=false, class=android.widget.TextView, important-for-accessibility=true, error=}, children=[], clickable=false, enabled=true, focused=false, checked=false, selected=false)], clickable=true, enabled=true, focused=false, checked=false, selected=false), bounds=Bounds(x=191, y=380, width=48, height=48))
00:18:48.584 [ INFO] maestro.Maestro.tap-HgV9Ck0: Tap aimed via settled hierarchy
00:18:48.585 [ INFO] maestro.Maestro.hierarchyBasedTap-ogj28Uc: Tapping at (215, 404) using hierarchy based logic for wait
00:18:49.511 [ INFO] maestro.Maestro.hierarchyBasedTap-ogj28Uc: Something has changed in the UI judging by view hierarchy. Proceed.
00:18:49.511 [ INFO] maestro.cli.runner.CliConsoleListener.onCommandFinished: Tap on id: ibre-plus COMPLETED
00:18:49.511 [ INFO] maestro.cli.runner.CliConsoleListener.onCommandStart: Take screenshot 04f-ibre-needle RUNNING
00:18:49.511 [ INFO] maestro.Maestro.takeScreenshot: Taking screenshot
00:18:49.512 [TRACE] maestro.utils.ScreenshotUtils.takeScreenshot: Taking screenshot to output sink
00:18:49.535 [ INFO] maestro.cli.runner.CliConsoleListener.onCommandFinished: Take screenshot 04f-ibre-needle COMPLETED
00:18:49.535 [ INFO] maestro.cli.runner.CliConsoleListener.onCommandStart: Scrolling DOWN until id: preview-side is visible with speed 40, visibility percentage 100%, timeout 30000 ms, with centering enabled RUNNING
00:18:49.688 [ INFO] maestro.orchestra.Orchestra.scrollUntilVisible: Scrolling try count: 0, DeviceWidth: 320, DeviceWidth: 640
00:18:49.688 [ INFO] maestro.orchestra.Orchestra.scrollUntilVisible: Element bounds: Bounds(x=33, y=498, width=254, height=142)
00:18:49.689 [ INFO] maestro.orchestra.Orchestra.scrollUntilVisible: Visibility Percent: 1.0
00:18:49.689 [ INFO] maestro.orchestra.Orchestra.scrollUntilVisible: Command centerElement: ScrollUntilVisibleCommand(selector=ElementSelector(textRegex=null, idRegex=preview-side, size=null, below=null, above=null, leftOf=null, rightOf=null, containsChild=null, containsDescendants=null, traits=null, index=null, enabled=null, optional=false, selected=null, checked=null, focused=null, childOf=null, css=null), direction=DOWN, scrollDuration=601, visibilityPercentage=100, timeout=30000, waitToSettleTimeoutMs=null, centerElement=true, originalSpeedValue=40, label=null, optional=false).centerElement
00:18:49.689 [ INFO] maestro.orchestra.Orchestra.scrollUntilVisible: visibilityPercentageNormalized: 1.0
00:18:49.693 [ INFO] maestro.Maestro.swipeFromCenter: Swiping UP from center
00:18:51.650 [ INFO] maestro.orchestra.Orchestra.scrollUntilVisible: Scrolling try count: 1, DeviceWidth: 320, DeviceWidth: 640
00:18:51.650 [ INFO] maestro.orchestra.Orchestra.scrollUntilVisible: Element bounds: Bounds(x=33, y=206, width=254, height=304)
00:18:51.650 [ INFO] maestro.orchestra.Orchestra.scrollUntilVisible: Visibility Percent: 1.0
00:18:51.650 [ INFO] maestro.orchestra.Orchestra.scrollUntilVisible: Command centerElement: ScrollUntilVisibleCommand(selector=ElementSelector(textRegex=null, idRegex=preview-side, size=null, below=null, above=null, leftOf=null, rightOf=null, containsChild=null, containsDescendants=null, traits=null, index=null, enabled=null, optional=false, selected=null, checked=null, focused=null, childOf=null, css=null), direction=DOWN, scrollDuration=601, visibilityPercentage=100, timeout=30000, waitToSettleTimeoutMs=null, centerElement=true, originalSpeedValue=40, label=null, optional=false).centerElement
00:18:51.650 [ INFO] maestro.orchestra.Orchestra.scrollUntilVisible: visibilityPercentageNormalized: 1.0
00:18:51.650 [ INFO] maestro.cli.runner.CliConsoleListener.onCommandFinished: Scrolling DOWN until id: preview-side is visible with speed 40, visibility percentage 100%, timeout 30000 ms, with centering enabled COMPLETED
00:18:51.650 [ INFO] maestro.cli.runner.CliConsoleListener.onCommandStart: Take screenshot 04f-ibre-side RUNNING
00:18:51.651 [ INFO] maestro.Maestro.takeScreenshot: Taking screenshot
00:18:51.651 [TRACE] maestro.utils.ScreenshotUtils.takeScreenshot: Taking screenshot to output sink
00:18:51.675 [ INFO] maestro.cli.runner.CliConsoleListener.onCommandFinished: Take screenshot 04f-ibre-side COMPLETED
00:18:51.675 [ INFO] maestro.cli.runner.CliConsoleListener.onCommandStart: Scrolling DOWN until id: ibre-reveal is visible with speed 40, visibility percentage 100%, timeout 30000 ms, with centering enabled RUNNING
00:18:51.819 [ INFO] maestro.orchestra.Orchestra.scrollUntilVisible: Scrolling try count: 0, DeviceWidth: 320, DeviceWidth: 640
00:18:51.819 [ INFO] maestro.orchestra.Orchestra.scrollUntilVisible: Element bounds: Bounds(x=33, y=580, width=254, height=60)
00:18:51.819 [ INFO] maestro.orchestra.Orchestra.scrollUntilVisible: Visibility Percent: 1.0
00:18:51.819 [ INFO] maestro.orchestra.Orchestra.scrollUntilVisible: Command centerElement: ScrollUntilVisibleCommand(selector=ElementSelector(textRegex=null, idRegex=ibre-reveal, size=null, below=null, above=null, leftOf=null, rightOf=null, containsChild=null, containsDescendants=null, traits=null, index=null, enabled=null, optional=false, selected=null, checked=null, focused=null, childOf=null, css=null), direction=DOWN, scrollDuration=601, visibilityPercentage=100, timeout=30000, waitToSettleTimeoutMs=null, centerElement=true, originalSpeedValue=40, label=null, optional=false).centerElement
00:18:51.819 [ INFO] maestro.orchestra.Orchestra.scrollUntilVisible: visibilityPercentageNormalized: 1.0
00:18:51.860 [ INFO] maestro.Maestro.swipeFromCenter: Swiping UP from center
00:18:53.773 [ INFO] maestro.orchestra.Orchestra.scrollUntilVisible: Scrolling try count: 1, DeviceWidth: 320, DeviceWidth: 640
00:18:53.774 [ INFO] maestro.orchestra.Orchestra.scrollUntilVisible: Element bounds: Bounds(x=33, y=294, width=254, height=342)
00:18:53.774 [ INFO] maestro.orchestra.Orchestra.scrollUntilVisible: Visibility Percent: 1.0
00:18:53.774 [ INFO] maestro.orchestra.Orchestra.scrollUntilVisible: Command centerElement: ScrollUntilVisibleCommand(selector=ElementSelector(textRegex=null, idRegex=ibre-reveal, size=null, below=null, above=null, leftOf=null, rightOf=null, containsChild=null, containsDescendants=null, traits=null, index=null, enabled=null, optional=false, selected=null, checked=null, focused=null, childOf=null, css=null), direction=DOWN, scrollDuration=601, visibilityPercentage=100, timeout=30000, waitToSettleTimeoutMs=null, centerElement=true, originalSpeedValue=40, label=null, optional=false).centerElement
00:18:53.774 [ INFO] maestro.orchestra.Orchestra.scrollUntilVisible: visibilityPercentageNormalized: 1.0
00:18:53.778 [ INFO] maestro.Maestro.swipeFromCenter: Swiping UP from center
00:18:54.770 [ INFO] maestro.orchestra.Orchestra.scrollUntilVisible: Scrolling try count: 2, DeviceWidth: 320, DeviceWidth: 640
00:18:54.770 [ INFO] maestro.orchestra.Orchestra.scrollUntilVisible: Element bounds: Bounds(x=33, y=253, width=254, height=342)
00:18:54.770 [ INFO] maestro.orchestra.Orchestra.scrollUntilVisible: Visibility Percent: 1.0
00:18:54.770 [ INFO] maestro.orchestra.Orchestra.scrollUntilVisible: Command centerElement: ScrollUntilVisibleCommand(selector=ElementSelector(textRegex=null, idRegex=ibre-reveal, size=null, below=null, above=null, leftOf=null, rightOf=null, containsChild=null, containsDescendants=null, traits=null, index=null, enabled=null, optional=false, selected=null, checked=null, focused=null, childOf=null, css=null), direction=DOWN, scrollDuration=601, visibilityPercentage=100, timeout=30000, waitToSettleTimeoutMs=null, centerElement=true, originalSpeedValue=40, label=null, optional=false).centerElement
00:18:54.771 [ INFO] maestro.orchestra.Orchestra.scrollUntilVisible: visibilityPercentageNormalized: 1.0
00:18:54.771 [ INFO] maestro.cli.runner.CliConsoleListener.onCommandFinished: Scrolling DOWN until id: ibre-reveal is visible with speed 40, visibility percentage 100%, timeout 30000 ms, with centering enabled COMPLETED
00:18:54.771 [ INFO] maestro.cli.runner.CliConsoleListener.onCommandStart: Take screenshot 04f-ibre-reveal RUNNING
00:18:54.771 [ INFO] maestro.Maestro.takeScreenshot: Taking screenshot
00:18:54.772 [TRACE] maestro.utils.ScreenshotUtils.takeScreenshot: Taking screenshot to output sink
00:18:54.839 [ INFO] maestro.cli.runner.CliConsoleListener.onCommandFinished: Take screenshot 04f-ibre-reveal COMPLETED
00:18:54.839 [ INFO] maestro.cli.runner.CliConsoleListener.onCommandStart: Press back RUNNING
00:18:54.839 [ INFO] maestro.Maestro.backPress: Pressing back
00:18:55.668 [ INFO] maestro.cli.runner.CliConsoleListener.onCommandFinished: Press back COMPLETED
00:18:55.668 [ INFO] maestro.cli.runner.CliConsoleListener.onCommandStart: Assert that id: preview-open is visible RUNNING
00:18:55.774 [ INFO] maestro.cli.runner.CliConsoleListener.onCommandFinished: Assert that id: preview-open is visible COMPLETED
00:18:55.774 [ INFO] maestro.cli.runner.CliConsoleListener.onCommandStart: Press back RUNNING
00:18:55.775 [ INFO] maestro.Maestro.backPress: Pressing back
00:18:56.622 [ INFO] maestro.cli.runner.CliConsoleListener.onCommandFinished: Press back COMPLETED
00:18:56.623 [ INFO] maestro.cli.runner.CliConsoleListener.onCommandStart: Tap on id: tab-explore RUNNING
00:18:56.750 [ INFO] maestro.Maestro.tap-HgV9Ck0: Tapping on element:  UiElement(treeNode=TreeNode(attributes={text=, accessibilityText=Keşfet, hintText=, ignoreBoundsFiltering=false, resource-id=tab-explore, clickable=true, bounds=[24,568][78,632], enabled=true, focused=false, checked=false, scrollable=false, selected=false, class=android.view.View, important-for-accessibility=true, error=}, children=[TreeNode(attributes={text=, accessibilityText=, hintText=, ignoreBoundsFiltering=false, resource-id=, clickable=false, bounds=[39,580][63,604], enabled=true, focused=false, checked=false, scrollable=false, selected=false, class=android.widget.ImageView, important-for-accessibility=false, error=}, children=[], clickable=false, enabled=true, focused=false, checked=false, selected=false), TreeNode(attributes={text=Keşfet, accessibilityText=, hintText=, ignoreBoundsFiltering=false, resource-id=, clickable=false, bounds=[33,612][69,628], enabled=true, focused=false, checked=false, scrollable=false, selected=false, class=android.widget.TextView, important-for-accessibility=true, error=}, children=[], clickable=false, enabled=true, focused=false, checked=false, selected=false)], clickable=true, enabled=true, focused=false, checked=false, selected=false), bounds=Bounds(x=24, y=568, width=54, height=64))
00:18:58.038 [ INFO] maestro.Maestro.tap-HgV9Ck0: Tap aimed via settled hierarchy
00:18:58.039 [ INFO] maestro.Maestro.hierarchyBasedTap-ogj28Uc: Tapping at (51, 600) using hierarchy based logic for wait
00:18:58.915 [ INFO] maestro.Maestro.hierarchyBasedTap-ogj28Uc: Something has changed in the UI judging by view hierarchy. Proceed.
00:18:58.915 [ INFO] maestro.cli.runner.CliConsoleListener.onCommandFinished: Tap on id: tab-explore COMPLETED
00:18:58.915 [ INFO] maestro.cli.runner.CliConsoleListener.onCommandStart: Assert that "Liste" is visible RUNNING
00:18:59.047 [ INFO] maestro.cli.runner.CliConsoleListener.onCommandFinished: Assert that "Liste" is visible COMPLETED
00:18:59.047 [ INFO] maestro.cli.runner.CliConsoleListener.onCommandFinished: Run flows/01c-preview.yaml COMPLETED
00:18:59.047 [ INFO] maestro.cli.runner.CliConsoleListener.onCommandStart: Run flows/02-checkin.yaml RUNNING
00:18:59.047 [ INFO] maestro.cli.runner.CliConsoleListener.onCommandStart: Apply configuration RUNNING
00:18:59.047 [ INFO] maestro.cli.runner.CliConsoleListener.onCommandFinished: Apply configuration COMPLETED
00:18:59.047 [ INFO] maestro.cli.runner.CliConsoleListener.onCommandStart: Scrolling DOWN until "E2E Kafe" is visible with speed 40, visibility percentage 100%, timeout 30000 ms, with centering disabled RUNNING
00:18:59.140 [ INFO] maestro.orchestra.Orchestra.scrollUntilVisible: Scrolling try count: 0, DeviceWidth: 320, DeviceWidth: 640
00:18:59.140 [ INFO] maestro.orchestra.Orchestra.scrollUntilVisible: Element bounds: Bounds(x=102, y=175, width=118, height=23)
00:18:59.140 [ INFO] maestro.orchestra.Orchestra.scrollUntilVisible: Visibility Percent: 1.0
00:18:59.140 [ INFO] maestro.orchestra.Orchestra.scrollUntilVisible: Command centerElement: ScrollUntilVisibleCommand(selector=ElementSelector(textRegex=E2E Kafe, idRegex=null, size=null, below=null, above=null, leftOf=null, rightOf=null, containsChild=null, containsDescendants=null, traits=null, index=null, enabled=null, optional=false, selected=null, checked=null, focused=null, childOf=null, css=null), direction=DOWN, scrollDuration=601, visibilityPercentage=100, timeout=30000, waitToSettleTimeoutMs=null, centerElement=false, originalSpeedValue=40, label=null, optional=false).centerElement
00:18:59.140 [ INFO] maestro.orchestra.Orchestra.scrollUntilVisible: visibilityPercentageNormalized: 1.0
00:18:59.140 [ INFO] maestro.cli.runner.CliConsoleListener.onCommandFinished: Scrolling DOWN until "E2E Kafe" is visible with speed 40, visibility percentage 100%, timeout 30000 ms, with centering disabled COMPLETED
00:18:59.141 [ INFO] maestro.cli.runner.CliConsoleListener.onCommandStart: Take screenshot 05-explore-list RUNNING
00:18:59.141 [ INFO] maestro.Maestro.takeScreenshot: Taking screenshot
00:18:59.141 [TRACE] maestro.utils.ScreenshotUtils.takeScreenshot: Taking screenshot to output sink
00:18:59.202 [ INFO] maestro.cli.runner.CliConsoleListener.onCommandFinished: Take screenshot 05-explore-list COMPLETED
00:18:59.202 [ INFO] maestro.cli.runner.CliConsoleListener.onCommandStart: Tap on "Harita" RUNNING
00:18:59.345 [ INFO] maestro.Maestro.tap-HgV9Ck0: Tapping on element:  UiElement(treeNode=TreeNode(attributes={text=Harita, accessibilityText=, hintText=, ignoreBoundsFiltering=false, resource-id=, clickable=false, bounds=[196,61][234,78], enabled=true, focused=false, checked=false, scrollable=false, selected=false, class=android.widget.TextView, important-for-accessibility=true, error=}, children=[], clickable=false, enabled=true, focused=false, checked=false, selected=false), bounds=Bounds(x=196, y=61, width=38, height=17))
00:19:01.590 [ INFO] maestro.Maestro.tap-HgV9Ck0: Tap aimed via settled hierarchy
00:19:01.592 [ INFO] maestro.Maestro.hierarchyBasedTap-ogj28Uc: Tapping at (215, 69) using hierarchy based logic for wait
00:19:02.597 [ INFO] maestro.Maestro.hierarchyBasedTap-ogj28Uc: Something has changed in the UI judging by view hierarchy. Proceed.
00:19:02.597 [ INFO] maestro.cli.runner.CliConsoleListener.onCommandFinished: Tap on "Harita" COMPLETED
00:19:02.597 [ INFO] maestro.cli.runner.CliConsoleListener.onCommandStart: Assert that id: explore-map-ready is visible RUNNING
00:19:05.265 [ INFO] maestro.cli.runner.CliConsoleListener.onCommandFinished: Assert that id: explore-map-ready is visible COMPLETED
00:19:05.265 [ INFO] maestro.cli.runner.CliConsoleListener.onCommandStart: Assert that "Keşfet" is visible RUNNING
00:19:05.349 [ INFO] maestro.cli.runner.CliConsoleListener.onCommandFinished: Assert that "Keşfet" is visible COMPLETED
00:19:05.349 [ INFO] maestro.cli.runner.CliConsoleListener.onCommandStart: Assert that "Liste" is visible RUNNING
00:19:05.478 [ INFO] maestro.cli.runner.CliConsoleListener.onCommandFinished: Assert that "Liste" is visible COMPLETED
00:19:05.478 [ INFO] maestro.cli.runner.CliConsoleListener.onCommandStart: Take screenshot 05b-explore-map RUNNING
00:19:05.478 [ INFO] maestro.Maestro.takeScreenshot: Taking screenshot
00:19:05.479 [TRACE] maestro.utils.ScreenshotUtils.takeScreenshot: Taking screenshot to output sink
00:19:05.589 [ INFO] maestro.cli.runner.CliConsoleListener.onCommandFinished: Take screenshot 05b-explore-map COMPLETED
00:19:05.589 [ INFO] maestro.cli.runner.CliConsoleListener.onCommandStart: Run ${const end = Date.now() + 4000; while (Date.now() < end) {} } RUNNING
00:19:09.608 [ INFO] maestro.cli.runner.CliConsoleListener.onCommandFinished: Run ${const end = Date.now() + 4000; while (Date.now() < end) {} } COMPLETED
00:19:09.608 [ INFO] maestro.cli.runner.CliConsoleListener.onCommandStart: Take screenshot 05c-explore-map-settled RUNNING
00:19:09.609 [ INFO] maestro.Maestro.takeScreenshot: Taking screenshot
00:19:09.609 [TRACE] maestro.utils.ScreenshotUtils.takeScreenshot: Taking screenshot to output sink
00:19:09.653 [ INFO] maestro.cli.runner.CliConsoleListener.onCommandFinished: Take screenshot 05c-explore-map-settled COMPLETED
00:19:09.653 [ INFO] maestro.cli.runner.CliConsoleListener.onCommandStart: Tap on "Liste" RUNNING
00:19:09.774 [ INFO] maestro.Maestro.tap-HgV9Ck0: Tapping on element:  UiElement(treeNode=TreeNode(attributes={text=Liste, accessibilityText=, hintText=, ignoreBoundsFiltering=false, resource-id=, clickable=false, bounds=[121,61][150,78], enabled=true, focused=false, checked=false, scrollable=false, selected=false, class=android.widget.TextView, important-for-accessibility=true, error=}, children=[], clickable=false, enabled=true, focused=false, checked=false, selected=false), bounds=Bounds(x=121, y=61, width=29, height=17))
00:19:11.008 [ INFO] maestro.Maestro.tap-HgV9Ck0: Tap aimed via settled hierarchy
00:19:11.008 [ INFO] maestro.Maestro.hierarchyBasedTap-ogj28Uc: Tapping at (135, 69) using hierarchy based logic for wait
00:19:12.208 [ INFO] maestro.Maestro.hierarchyBasedTap-ogj28Uc: Something has changed in the UI judging by view hierarchy. Proceed.
00:19:12.208 [ INFO] maestro.cli.runner.CliConsoleListener.onCommandFinished: Tap on "Liste" COMPLETED
00:19:12.208 [ INFO] maestro.cli.runner.CliConsoleListener.onCommandStart: Scrolling DOWN until "E2E Kafe" is visible with speed 40, visibility percentage 100%, timeout 30000 ms, with centering disabled RUNNING
00:19:12.343 [ INFO] maestro.orchestra.Orchestra.scrollUntilVisible: Scrolling try count: 0, DeviceWidth: 320, DeviceWidth: 640
00:19:12.343 [ INFO] maestro.orchestra.Orchestra.scrollUntilVisible: Element bounds: Bounds(x=102, y=175, width=118, height=23)
00:19:12.343 [ INFO] maestro.orchestra.Orchestra.scrollUntilVisible: Visibility Percent: 1.0
00:19:12.343 [ INFO] maestro.orchestra.Orchestra.scrollUntilVisible: Command centerElement: ScrollUntilVisibleCommand(selector=ElementSelector(textRegex=E2E Kafe, idRegex=null, size=null, below=null, above=null, leftOf=null, rightOf=null, containsChild=null, containsDescendants=null, traits=null, index=null, enabled=null, optional=false, selected=null, checked=null, focused=null, childOf=null, css=null), direction=DOWN, scrollDuration=601, visibilityPercentage=100, timeout=30000, waitToSettleTimeoutMs=null, centerElement=false, originalSpeedValue=40, label=null, optional=false).centerElement
00:19:12.343 [ INFO] maestro.orchestra.Orchestra.scrollUntilVisible: visibilityPercentageNormalized: 1.0
00:19:12.343 [ INFO] maestro.cli.runner.CliConsoleListener.onCommandFinished: Scrolling DOWN until "E2E Kafe" is visible with speed 40, visibility percentage 100%, timeout 30000 ms, with centering disabled COMPLETED
00:19:12.343 [ INFO] maestro.cli.runner.CliConsoleListener.onCommandStart: Tap on "E2E Kafe" RUNNING
00:19:12.436 [ INFO] maestro.Maestro.tap-HgV9Ck0: Tapping on element:  UiElement(treeNode=TreeNode(attributes={text=E2E Kafe, accessibilityText=, hintText=, ignoreBoundsFiltering=false, resource-id=, clickable=false, bounds=[102,175][220,198], enabled=true, focused=false, checked=false, scrollable=false, selected=false, class=android.widget.TextView, important-for-accessibility=true, error=}, children=[], clickable=false, enabled=true, focused=false, checked=false, selected=false), bounds=Bounds(x=102, y=175, width=118, height=23))
00:19:13.693 [ INFO] maestro.Maestro.tap-HgV9Ck0: Tap aimed via settled hierarchy
00:19:13.694 [ INFO] maestro.Maestro.hierarchyBasedTap-ogj28Uc: Tapping at (161, 186) using hierarchy based logic for wait
00:19:14.850 [ INFO] maestro.Maestro.hierarchyBasedTap-ogj28Uc: Something has changed in the UI judging by view hierarchy. Proceed.
00:19:14.851 [ INFO] maestro.cli.runner.CliConsoleListener.onCommandFinished: Tap on "E2E Kafe" COMPLETED
00:19:14.851 [ INFO] maestro.cli.runner.CliConsoleListener.onCommandStart: Assert that "Buraya giriş yap" is visible RUNNING
00:19:15.010 [ INFO] maestro.cli.runner.CliConsoleListener.onCommandFinished: Assert that "Buraya giriş yap" is visible COMPLETED
00:19:15.010 [ INFO] maestro.cli.runner.CliConsoleListener.onCommandStart: Take screenshot 06-venue-detail RUNNING
00:19:15.010 [ INFO] maestro.Maestro.takeScreenshot: Taking screenshot
00:19:15.011 [TRACE] maestro.utils.ScreenshotUtils.takeScreenshot: Taking screenshot to output sink
00:19:15.070 [ INFO] maestro.cli.runner.CliConsoleListener.onCommandFinished: Take screenshot 06-venue-detail COMPLETED
00:19:15.070 [ INFO] maestro.cli.runner.CliConsoleListener.onCommandStart: Press back RUNNING
00:19:15.070 [ INFO] maestro.Maestro.backPress: Pressing back
00:19:15.886 [ INFO] maestro.cli.runner.CliConsoleListener.onCommandFinished: Press back COMPLETED
00:19:15.887 [ INFO] maestro.cli.runner.CliConsoleListener.onCommandStart: Run ../scripts/bot.js RUNNING
00:19:16.009 [ INFO] maestro.cli.runner.CliConsoleListener.onCommandFinished: Run ../scripts/bot.js COMPLETED
00:19:16.010 [ INFO] maestro.cli.runner.CliConsoleListener.onCommandStart: Launch app "app.kabuk.mobile" RUNNING
00:19:16.619 [DEBUG] maestro.Maestro.setPermissionInternal: Failed to set permission android.permission.READ_EXTERNAL_STORAGE for app app.kabuk.mobile: shell command failed (exit -1): 
Exception occurred while executing 'grant':
java.lang.SecurityException: Package app.kabuk.mobile has not requested permission android.permission.READ_EXTERNAL_STORAGE
	at com.android.server.pm.permission.PermissionManagerServiceImpl.grantRuntimePermissionInternal(PermissionManagerServiceImpl.java:1423)
	at com.android.server.pm.permission.PermissionManagerServiceImpl.grantRuntimePermission(PermissionManagerServiceImpl.java:1337)
	at com.android.server.pm.permission.PermissionManagerService.grantRuntimePermission(PermissionManagerService.java:551)
	at android.permission.PermissionManager.grantRuntimePermission(PermissionManager.java:609)
	at com.android.server.pm.PackageManagerShellCommand.runGrantRevokePermission(PackageManagerShellCommand.java:2672)
	at com.android.server.pm.PackageManagerShellCommand.onCommand(PackageManagerShellCommand.java:291)
	at com.android.modules.utils.BasicShellCommandHandler.exec(BasicShellCommandHandler.java:97)
	at android.os.ShellCommand.exec(ShellCommand.java:38)
	at com.android.server.pm.PackageManagerService$IPackageManagerImpl.onShellCommand(PackageManagerService.java:6350)
	at android.os.Binder.shellCommand(Binder.java:1068)
	at android.os.Binder.onTransact(Binder.java:888)
	at android.content.pm.IPackageManager$Stub.onTransact(IPackageManager.java:4352)
	at com.android.server.pm.PackageManagerService$IPackageManagerImpl.onTransact(PackageManagerService.java:6334)
	at android.os.Binder.execTransactInternal(Binder.java:1344)
	at android.os.Binder.execTransact(Binder.java:1275)

00:19:16.676 [DEBUG] maestro.Maestro.setPermissionInternal: Failed to set permission android.permission.WRITE_EXTERNAL_STORAGE for app app.kabuk.mobile: shell command failed (exit -1): 
Exception occurred while executing 'grant':
java.lang.SecurityException: Package app.kabuk.mobile has not requested permission android.permission.WRITE_EXTERNAL_STORAGE
	at com.android.server.pm.permission.PermissionManagerServiceImpl.grantRuntimePermissionInternal(PermissionManagerServiceImpl.java:1423)
	at com.android.server.pm.permission.PermissionManagerServiceImpl.grantRuntimePermission(PermissionManagerServiceImpl.java:1337)
	at com.android.server.pm.permission.PermissionManagerService.grantRuntimePermission(PermissionManagerService.java:551)
	at android.permission.PermissionManager.grantRuntimePermission(PermissionManager.java:609)
	at com.android.server.pm.PackageManagerShellCommand.runGrantRevokePermission(PackageManagerShellCommand.java:2672)
	at com.android.server.pm.PackageManagerShellCommand.onCommand(PackageManagerShellCommand.java:291)
	at com.android.modules.utils.BasicShellCommandHandler.exec(BasicShellCommandHandler.java:97)
	at android.os.ShellCommand.exec(ShellCommand.java:38)
	at com.android.server.pm.PackageManagerService$IPackageManagerImpl.onShellCommand(PackageManagerService.java:6350)
	at android.os.Binder.shellCommand(Binder.java:1068)
	at android.os.Binder.onTransact(Binder.java:888)
	at android.content.pm.IPackageManager$Stub.onTransact(IPackageManager.java:4352)
	at com.android.server.pm.PackageManagerService$IPackageManagerImpl.onTransact(PackageManagerService.java:6334)
	at android.os.Binder.execTransactInternal(Binder.java:1344)
	at android.os.Binder.execTransact(Binder.java:1275)

00:19:16.920 [DEBUG] maestro.Maestro.setPermissionInternal: Failed to set permission com.google.android.finsky.permission.BIND_GET_INSTALL_REFERRER_SERVICE for app app.kabuk.mobile: shell command failed (exit -1): 
Exception occurred while executing 'grant':
java.lang.IllegalArgumentException: Unknown permission: com.google.android.finsky.permission.BIND_GET_INSTALL_REFERRER_SERVICE
	at com.android.server.pm.permission.PermissionManagerServiceImpl.grantRuntimePermissionInternal(PermissionManagerServiceImpl.java:1380)
	at com.android.server.pm.permission.PermissionManagerServiceImpl.grantRuntimePermission(PermissionManagerServiceImpl.java:1337)
	at com.android.server.pm.permission.PermissionManagerService.grantRuntimePermission(PermissionManagerService.java:551)
	at android.permission.PermissionManager.grantRuntimePermission(PermissionManager.java:609)
	at com.android.server.pm.PackageManagerShellCommand.runGrantRevokePermission(PackageManagerShellCommand.java:2672)
	at com.android.server.pm.PackageManagerShellCommand.onCommand(PackageManagerShellCommand.java:291)
	at com.android.modules.utils.BasicShellCommandHandler.exec(BasicShellCommandHandler.java:97)
	at android.os.ShellCommand.exec(ShellCommand.java:38)
	at com.android.server.pm.PackageManagerService$IPackageManagerImpl.onShellCommand(PackageManagerService.java:6350)
	at android.os.Binder.shellCommand(Binder.java:1068)
	at android.os.Binder.onTransact(Binder.java:888)
	at android.content.pm.IPackageManager$Stub.onTransact(IPackageManager.java:4352)
	at com.android.server.pm.PackageManagerService$IPackageManagerImpl.onTransact(PackageManagerService.java:6334)
	at android.os.Binder.execTransactInternal(Binder.java:1344)
	at android.os.Binder.execTransact(Binder.java:1275)

00:19:16.952 [DEBUG] maestro.Maestro.setPermissionInternal: Failed to set permission com.sec.android.provider.badge.permission.READ for app app.kabuk.mobile: shell command failed (exit -1): 
Exception occurred while executing 'grant':
java.lang.IllegalArgumentException: Unknown permission: com.sec.android.provider.badge.permission.READ
	at com.android.server.pm.permission.PermissionManagerServiceImpl.grantRuntimePermissionInternal(PermissionManagerServiceImpl.java:1380)
	at com.android.server.pm.permission.PermissionManagerServiceImpl.grantRuntimePermission(PermissionManagerServiceImpl.java:1337)
	at com.android.server.pm.permission.PermissionManagerService.grantRuntimePermission(PermissionManagerService.java:551)
	at android.permission.PermissionManager.grantRuntimePermission(PermissionManager.java:609)
	at com.android.server.pm.PackageManagerShellCommand.runGrantRevokePermission(PackageManagerShellCommand.java:2672)
	at com.android.server.pm.PackageManagerShellCommand.onCommand(PackageManagerShellCommand.java:291)
	at com.android.modules.utils.BasicShellCommandHandler.exec(BasicShellCommandHandler.java:97)
	at android.os.ShellCommand.exec(ShellCommand.java:38)
	at com.android.server.pm.PackageManagerService$IPackageManagerImpl.onShellCommand(PackageManagerService.java:6350)
	at android.os.Binder.shellCommand(Binder.java:1068)
	at android.os.Binder.onTransact(Binder.java:888)
	at android.content.pm.IPackageManager$Stub.onTransact(IPackageManager.java:4352)
	at com.android.server.pm.PackageManagerService$IPackageManagerImpl.onTransact(PackageManagerService.java:6334)
	at android.os.Binder.execTransactInternal(Binder.java:1344)
	at android.os.Binder.execTransact(Binder.java:1275)

00:19:16.977 [DEBUG] maestro.Maestro.setPermissionInternal: Failed to set permission com.sec.android.provider.badge.permission.WRITE for app app.kabuk.mobile: shell command failed (exit -1): 
Exception occurred while executing 'grant':
java.lang.IllegalArgumentException: Unknown permission: com.sec.android.provider.badge.permission.WRITE
	at com.android.server.pm.permission.PermissionManagerServiceImpl.grantRuntimePermissionInternal(PermissionManagerServiceImpl.java:1380)
	at com.android.server.pm.permission.PermissionManagerServiceImpl.grantRuntimePermission(PermissionManagerServiceImpl.java:1337)
	at com.android.server.pm.permission.PermissionManagerService.grantRuntimePermission(PermissionManagerService.java:551)
	at android.permission.PermissionManager.grantRuntimePermission(PermissionManager.java:609)
	at com.android.server.pm.PackageManagerShellCommand.runGrantRevokePermission(PackageManagerShellCommand.java:2672)
	at com.android.server.pm.PackageManagerShellCommand.onCommand(PackageManagerShellCommand.java:291)
	at com.android.modules.utils.BasicShellCommandHandler.exec(BasicShellCommandHandler.java:97)
	at android.os.ShellCommand.exec(ShellCommand.java:38)
	at com.android.server.pm.PackageManagerService$IPackageManagerImpl.onShellCommand(PackageManagerService.java:6350)
	at android.os.Binder.shellCommand(Binder.java:1068)
	at android.os.Binder.onTransact(Binder.java:888)
	at android.content.pm.IPackageManager$Stub.onTransact(IPackageManager.java:4352)
	at com.android.server.pm.PackageManagerService$IPackageManagerImpl.onTransact(PackageManagerService.java:6334)
	at android.os.Binder.execTransactInternal(Binder.java:1344)
	at android.os.Binder.execTransact(Binder.java:1275)

00:19:17.005 [DEBUG] maestro.Maestro.setPermissionInternal: Failed to set permission com.htc.launcher.permission.READ_SETTINGS for app app.kabuk.mobile: shell command failed (exit -1): 
Exception occurred while executing 'grant':
java.lang.IllegalArgumentException: Unknown permission: com.htc.launcher.permission.READ_SETTINGS
	at com.android.server.pm.permission.PermissionManagerServiceImpl.grantRuntimePermissionInternal(PermissionManagerServiceImpl.java:1380)
	at com.android.server.pm.permission.PermissionManagerServiceImpl.grantRuntimePermission(PermissionManagerServiceImpl.java:1337)
	at com.android.server.pm.permission.PermissionManagerService.grantRuntimePermission(PermissionManagerService.java:551)
	at android.permission.PermissionManager.grantRuntimePermission(PermissionManager.java:609)
	at com.android.server.pm.PackageManagerShellCommand.runGrantRevokePermission(PackageManagerShellCommand.java:2672)
	at com.android.server.pm.PackageManagerShellCommand.onCommand(PackageManagerShellCommand.java:291)
	at com.android.modules.utils.BasicShellCommandHandler.exec(BasicShellCommandHandler.java:97)
	at android.os.ShellCommand.exec(ShellCommand.java:38)
	at com.android.server.pm.PackageManagerService$IPackageManagerImpl.onShellCommand(PackageManagerService.java:6350)
	at android.os.Binder.shellCommand(Binder.java:1068)
	at android.os.Binder.onTransact(Binder.java:888)
	at android.content.pm.IPackageManager$Stub.onTransact(IPackageManager.java:4352)
	at com.android.server.pm.PackageManagerService$IPackageManagerImpl.onTransact(PackageManagerService.java:6334)
	at android.os.Binder.execTransactInternal(Binder.java:1344)
	at android.os.Binder.execTransact(Binder.java:1275)

00:19:17.027 [DEBUG] maestro.Maestro.setPermissionInternal: Failed to set permission com.htc.launcher.permission.UPDATE_SHORTCUT for app app.kabuk.mobile: shell command failed (exit -1): 
Exception occurred while executing 'grant':
java.lang.IllegalArgumentException: Unknown permission: com.htc.launcher.permission.UPDATE_SHORTCUT
	at com.android.server.pm.permission.PermissionManagerServiceImpl.grantRuntimePermissionInternal(PermissionManagerServiceImpl.java:1380)
	at com.android.server.pm.permission.PermissionManagerServiceImpl.grantRuntimePermission(PermissionManagerServiceImpl.java:1337)
	at com.android.server.pm.permission.PermissionManagerService.grantRuntimePermission(PermissionManagerService.java:551)
	at android.permission.PermissionManager.grantRuntimePermission(PermissionManager.java:609)
	at com.android.server.pm.PackageManagerShellCommand.runGrantRevokePermission(PackageManagerShellCommand.java:2672)
	at com.android.server.pm.PackageManagerShellCommand.onCommand(PackageManagerShellCommand.java:291)
	at com.android.modules.utils.BasicShellCommandHandler.exec(BasicShellCommandHandler.java:97)
	at android.os.ShellCommand.exec(ShellCommand.java:38)
	at com.android.server.pm.PackageManagerService$IPackageManagerImpl.onShellCommand(PackageManagerService.java:6350)
	at android.os.Binder.shellCommand(Binder.java:1068)
	at android.os.Binder.onTransact(Binder.java:888)
	at android.content.pm.IPackageManager$Stub.onTransact(IPackageManager.java:4352)
	at com.android.server.pm.PackageManagerService$IPackageManagerImpl.onTransact(PackageManagerService.java:6334)
	at android.os.Binder.execTransactInternal(Binder.java:1344)
	at android.os.Binder.execTransact(Binder.java:1275)

00:19:17.045 [DEBUG] maestro.Maestro.setPermissionInternal: Failed to set permission com.sonyericsson.home.permission.BROADCAST_BADGE for app app.kabuk.mobile: shell command failed (exit -1): 
Exception occurred while executing 'grant':
java.lang.IllegalArgumentException: Unknown permission: com.sonyericsson.home.permission.BROADCAST_BADGE
	at com.android.server.pm.permission.PermissionManagerServiceImpl.grantRuntimePermissionInternal(PermissionManagerServiceImpl.java:1380)
	at com.android.server.pm.permission.PermissionManagerServiceImpl.grantRuntimePermission(PermissionManagerServiceImpl.java:1337)
	at com.android.server.pm.permission.PermissionManagerService.grantRuntimePermission(PermissionManagerService.java:551)
	at android.permission.PermissionManager.grantRuntimePermission(PermissionManager.java:609)
	at com.android.server.pm.PackageManagerShellCommand.runGrantRevokePermission(PackageManagerShellCommand.java:2672)
	at com.android.server.pm.PackageManagerShellCommand.onCommand(PackageManagerShellCommand.java:291)
	at com.android.modules.utils.BasicShellCommandHandler.exec(BasicShellCommandHandler.java:97)
	at android.os.ShellCommand.exec(ShellCommand.java:38)
	at com.android.server.pm.PackageManagerService$IPackageManagerImpl.onShellCommand(PackageManagerService.java:6350)
	at android.os.Binder.shellCommand(Binder.java:1068)
	at android.os.Binder.onTransact(Binder.java:888)
	at android.content.pm.IPackageManager$Stub.onTransact(IPackageManager.java:4352)
	at com.android.server.pm.PackageManagerService$IPackageManagerImpl.onTransact(PackageManagerService.java:6334)
	at android.os.Binder.execTransactInternal(Binder.java:1344)
	at android.os.Binder.execTransact(Binder.java:1275)

00:19:17.065 [DEBUG] maestro.Maestro.setPermissionInternal: Failed to set permission com.sonymobile.home.permission.PROVIDER_INSERT_BADGE for app app.kabuk.mobile: shell command failed (exit -1): 
Exception occurred while executing 'grant':
java.lang.IllegalArgumentException: Unknown permission: com.sonymobile.home.permission.PROVIDER_INSERT_BADGE
	at com.android.server.pm.permission.PermissionManagerServiceImpl.grantRuntimePermissionInternal(PermissionManagerServiceImpl.java:1380)
	at com.android.server.pm.permission.PermissionManagerServiceImpl.grantRuntimePermission(PermissionManagerServiceImpl.java:1337)
	at com.android.server.pm.permission.PermissionManagerService.grantRuntimePermission(PermissionManagerService.java:551)
	at android.permission.PermissionManager.grantRuntimePermission(PermissionManager.java:609)
	at com.android.server.pm.PackageManagerShellCommand.runGrantRevokePermission(PackageManagerShellCommand.java:2672)
	at com.android.server.pm.PackageManagerShellCommand.onCommand(PackageManagerShellCommand.java:291)
	at com.android.modules.utils.BasicShellCommandHandler.exec(BasicShellCommandHandler.java:97)
	at android.os.ShellCommand.exec(ShellCommand.java:38)
	at com.android.server.pm.PackageManagerService$IPackageManagerImpl.onShellCommand(PackageManagerService.java:6350)
	at android.os.Binder.shellCommand(Binder.java:1068)
	at android.os.Binder.onTransact(Binder.java:888)
	at android.content.pm.IPackageManager$Stub.onTransact(IPackageManager.java:4352)
	at com.android.server.pm.PackageManagerService$IPackageManagerImpl.onTransact(PackageManagerService.java:6334)
	at android.os.Binder.execTransactInternal(Binder.java:1344)
	at android.os.Binder.execTransact(Binder.java:1275)

00:19:17.085 [DEBUG] maestro.Maestro.setPermissionInternal: Failed to set permission com.anddoes.launcher.permission.UPDATE_COUNT for app app.kabuk.mobile: shell command failed (exit -1): 
Exception occurred while executing 'grant':
java.lang.IllegalArgumentException: Unknown permission: com.anddoes.launcher.permission.UPDATE_COUNT
	at com.android.server.pm.permission.PermissionManagerServiceImpl.grantRuntimePermissionInternal(PermissionManagerServiceImpl.java:1380)
	at com.android.server.pm.permission.PermissionManagerServiceImpl.grantRuntimePermission(PermissionManagerServiceImpl.java:1337)
	at com.android.server.pm.permission.PermissionManagerService.grantRuntimePermission(PermissionManagerService.java:551)
	at android.permission.PermissionManager.grantRuntimePermission(PermissionManager.java:609)
	at com.android.server.pm.PackageManagerShellCommand.runGrantRevokePermission(PackageManagerShellCommand.java:2672)
	at com.android.server.pm.PackageManagerShellCommand.onCommand(PackageManagerShellCommand.java:291)
	at com.android.modules.utils.BasicShellCommandHandler.exec(BasicShellCommandHandler.java:97)
	at android.os.ShellCommand.exec(ShellCommand.java:38)
	at com.android.server.pm.PackageManagerService$IPackageManagerImpl.onShellCommand(PackageManagerService.java:6350)
	at android.os.Binder.shellCommand(Binder.java:1068)
	at android.os.Binder.onTransact(Binder.java:888)
	at android.content.pm.IPackageManager$Stub.onTransact(IPackageManager.java:4352)
	at com.android.server.pm.PackageManagerService$IPackageManagerImpl.onTransact(PackageManagerService.java:6334)
	at android.os.Binder.execTransactInternal(Binder.java:1344)
	at android.os.Binder.execTransact(Binder.java:1275)

00:19:17.104 [DEBUG] maestro.Maestro.setPermissionInternal: Failed to set permission com.majeur.launcher.permission.UPDATE_BADGE for app app.kabuk.mobile: shell command failed (exit -1): 
Exception occurred while executing 'grant':
java.lang.IllegalArgumentException: Unknown permission: com.majeur.launcher.permission.UPDATE_BADGE
	at com.android.server.pm.permission.PermissionManagerServiceImpl.grantRuntimePermissionInternal(PermissionManagerServiceImpl.java:1380)
	at com.android.server.pm.permission.PermissionManagerServiceImpl.grantRuntimePermission(PermissionManagerServiceImpl.java:1337)
	at com.android.server.pm.permission.PermissionManagerService.grantRuntimePermission(PermissionManagerService.java:551)
	at android.permission.PermissionManager.grantRuntimePermission(PermissionManager.java:609)
	at com.android.server.pm.PackageManagerShellCommand.runGrantRevokePermission(PackageManagerShellCommand.java:2672)
	at com.android.server.pm.PackageManagerShellCommand.onCommand(PackageManagerShellCommand.java:291)
	at com.android.modules.utils.BasicShellCommandHandler.exec(BasicShellCommandHandler.java:97)
	at android.os.ShellCommand.exec(ShellCommand.java:38)
	at com.android.server.pm.PackageManagerService$IPackageManagerImpl.onShellCommand(PackageManagerService.java:6350)
	at android.os.Binder.shellCommand(Binder.java:1068)
	at android.os.Binder.onTransact(Binder.java:888)
	at android.content.pm.IPackageManager$Stub.onTransact(IPackageManager.java:4352)
	at com.android.server.pm.PackageManagerService$IPackageManagerImpl.onTransact(PackageManagerService.java:6334)
	at android.os.Binder.execTransactInternal(Binder.java:1344)
	at android.os.Binder.execTransact(Binder.java:1275)

00:19:17.121 [DEBUG] maestro.Maestro.setPermissionInternal: Failed to set permission com.huawei.android.launcher.permission.CHANGE_BADGE for app app.kabuk.mobile: shell command failed (exit -1): 
Exception occurred while executing 'grant':
java.lang.IllegalArgumentException: Unknown permission: com.huawei.android.launcher.permission.CHANGE_BADGE
	at com.android.server.pm.permission.PermissionManagerServiceImpl.grantRuntimePermissionInternal(PermissionManagerServiceImpl.java:1380)
	at com.android.server.pm.permission.PermissionManagerServiceImpl.grantRuntimePermission(PermissionManagerServiceImpl.java:1337)
	at com.android.server.pm.permission.PermissionManagerService.grantRuntimePermission(PermissionManagerService.java:551)
	at android.permission.PermissionManager.grantRuntimePermission(PermissionManager.java:609)
	at com.android.server.pm.PackageManagerShellCommand.runGrantRevokePermission(PackageManagerShellCommand.java:2672)
	at com.android.server.pm.PackageManagerShellCommand.onCommand(PackageManagerShellCommand.java:291)
	at com.android.modules.utils.BasicShellCommandHandler.exec(BasicShellCommandHandler.java:97)
	at android.os.ShellCommand.exec(ShellCommand.java:38)
	at com.android.server.pm.PackageManagerService$IPackageManagerImpl.onShellCommand(PackageManagerService.java:6350)
	at android.os.Binder.shellCommand(Binder.java:1068)
	at android.os.Binder.onTransact(Binder.java:888)
	at android.content.pm.IPackageManager$Stub.onTransact(IPackageManager.java:4352)
	at com.android.server.pm.PackageManagerService$IPackageManagerImpl.onTransact(PackageManagerService.java:6334)
	at android.os.Binder.execTransactInternal(Binder.java:1344)
	at android.os.Binder.execTransact(Binder.java:1275)

00:19:17.140 [DEBUG] maestro.Maestro.setPermissionInternal: Failed to set permission com.huawei.android.launcher.permission.READ_SETTINGS for app app.kabuk.mobile: shell command failed (exit -1): 
Exception occurred while executing 'grant':
java.lang.IllegalArgumentException: Unknown permission: com.huawei.android.launcher.permission.READ_SETTINGS
	at com.android.server.pm.permission.PermissionManagerServiceImpl.grantRuntimePermissionInternal(PermissionManagerServiceImpl.java:1380)
	at com.android.server.pm.permission.PermissionManagerServiceImpl.grantRuntimePermission(PermissionManagerServiceImpl.java:1337)
	at com.android.server.pm.permission.PermissionManagerService.grantRuntimePermission(PermissionManagerService.java:551)
	at android.permission.PermissionManager.grantRuntimePermission(PermissionManager.java:609)
	at com.android.server.pm.PackageManagerShellCommand.runGrantRevokePermission(PackageManagerShellCommand.java:2672)
	at com.android.server.pm.PackageManagerShellCommand.onCommand(PackageManagerShellCommand.java:291)
	at com.android.modules.utils.BasicShellCommandHandler.exec(BasicShellCommandHandler.java:97)
	at android.os.ShellCommand.exec(ShellCommand.java:38)
	at com.android.server.pm.PackageManagerService$IPackageManagerImpl.onShellCommand(PackageManagerService.java:6350)
	at android.os.Binder.shellCommand(Binder.java:1068)
	at android.os.Binder.onTransact(Binder.java:888)
	at android.content.pm.IPackageManager$Stub.onTransact(IPackageManager.java:4352)
	at com.android.server.pm.PackageManagerService$IPackageManagerImpl.onTransact(PackageManagerService.java:6334)
	at android.os.Binder.execTransactInternal(Binder.java:1344)
	at android.os.Binder.execTransact(Binder.java:1275)

00:19:17.158 [DEBUG] maestro.Maestro.setPermissionInternal: Failed to set permission com.huawei.android.launcher.permission.WRITE_SETTINGS for app app.kabuk.mobile: shell command failed (exit -1): 
Exception occurred while executing 'grant':
java.lang.IllegalArgumentException: Unknown permission: com.huawei.android.launcher.permission.WRITE_SETTINGS
	at com.android.server.pm.permission.PermissionManagerServiceImpl.grantRuntimePermissionInternal(PermissionManagerServiceImpl.java:1380)
	at com.android.server.pm.permission.PermissionManagerServiceImpl.grantRuntimePermission(PermissionManagerServiceImpl.java:1337)
	at com.android.server.pm.permission.PermissionManagerService.grantRuntimePermission(PermissionManagerService.java:551)
	at android.permission.PermissionManager.grantRuntimePermission(PermissionManager.java:609)
	at com.android.server.pm.PackageManagerShellCommand.runGrantRevokePermission(PackageManagerShellCommand.java:2672)
	at com.android.server.pm.PackageManagerShellCommand.onCommand(PackageManagerShellCommand.java:291)
	at com.android.modules.utils.BasicShellCommandHandler.exec(BasicShellCommandHandler.java:97)
	at android.os.ShellCommand.exec(ShellCommand.java:38)
	at com.android.server.pm.PackageManagerService$IPackageManagerImpl.onShellCommand(PackageManagerService.java:6350)
	at android.os.Binder.shellCommand(Binder.java:1068)
	at android.os.Binder.onTransact(Binder.java:888)
	at android.content.pm.IPackageManager$Stub.onTransact(IPackageManager.java:4352)
	at com.android.server.pm.PackageManagerService$IPackageManagerImpl.onTransact(PackageManagerService.java:6334)
	at android.os.Binder.execTransactInternal(Binder.java:1344)
	at android.os.Binder.execTransact(Binder.java:1275)

00:19:17.178 [DEBUG] maestro.Maestro.setPermissionInternal: Failed to set permission android.permission.READ_APP_BADGE for app app.kabuk.mobile: shell command failed (exit -1): 
Exception occurred while executing 'grant':
java.lang.IllegalArgumentException: Unknown permission: android.permission.READ_APP_BADGE
	at com.android.server.pm.permission.PermissionManagerServiceImpl.grantRuntimePermissionInternal(PermissionManagerServiceImpl.java:1380)
	at com.android.server.pm.permission.PermissionManagerServiceImpl.grantRuntimePermission(PermissionManagerServiceImpl.java:1337)
	at com.android.server.pm.permission.PermissionManagerService.grantRuntimePermission(PermissionManagerService.java:551)
	at android.permission.PermissionManager.grantRuntimePermission(PermissionManager.java:609)
	at com.android.server.pm.PackageManagerShellCommand.runGrantRevokePermission(PackageManagerShellCommand.java:2672)
	at com.android.server.pm.PackageManagerShellCommand.onCommand(PackageManagerShellCommand.java:291)
	at com.android.modules.utils.BasicShellCommandHandler.exec(BasicShellCommandHandler.java:97)
	at android.os.ShellCommand.exec(ShellCommand.java:38)
	at com.android.server.pm.PackageManagerService$IPackageManagerImpl.onShellCommand(PackageManagerService.java:6350)
	at android.os.Binder.shellCommand(Binder.java:1068)
	at android.os.Binder.onTransact(Binder.java:888)
	at android.content.pm.IPackageManager$Stub.onTransact(IPackageManager.java:4352)
	at com.android.server.pm.PackageManagerService$IPackageManagerImpl.onTransact(PackageManagerService.java:6334)
	at android.os.Binder.execTransactInternal(Binder.java:1344)
	at android.os.Binder.execTransact(Binder.java:1275)

00:19:17.198 [DEBUG] maestro.Maestro.setPermissionInternal: Failed to set permission com.oppo.launcher.permission.READ_SETTINGS for app app.kabuk.mobile: shell command failed (exit -1): 
Exception occurred while executing 'grant':
java.lang.IllegalArgumentException: Unknown permission: com.oppo.launcher.permission.READ_SETTINGS
	at com.android.server.pm.permission.PermissionManagerServiceImpl.grantRuntimePermissionInternal(PermissionManagerServiceImpl.java:1380)
	at com.android.server.pm.permission.PermissionManagerServiceImpl.grantRuntimePermission(PermissionManagerServiceImpl.java:1337)
	at com.android.server.pm.permission.PermissionManagerService.grantRuntimePermission(PermissionManagerService.java:551)
	at android.permission.PermissionManager.grantRuntimePermission(PermissionManager.java:609)
	at com.android.server.pm.PackageManagerShellCommand.runGrantRevokePermission(PackageManagerShellCommand.java:2672)
	at com.android.server.pm.PackageManagerShellCommand.onCommand(PackageManagerShellCommand.java:291)
	at com.android.modules.utils.BasicShellCommandHandler.exec(BasicShellCommandHandler.java:97)
	at android.os.ShellCommand.exec(ShellCommand.java:38)
	at com.android.server.pm.PackageManagerService$IPackageManagerImpl.onShellCommand(PackageManagerService.java:6350)
	at android.os.Binder.shellCommand(Binder.java:1068)
	at android.os.Binder.onTransact(Binder.java:888)
	at android.content.pm.IPackageManager$Stub.onTransact(IPackageManager.java:4352)
	at com.android.server.pm.PackageManagerService$IPackageManagerImpl.onTransact(PackageManagerService.java:6334)
	at android.os.Binder.execTransactInternal(Binder.java:1344)
	at android.os.Binder.execTransact(Binder.java:1275)

00:19:17.216 [DEBUG] maestro.Maestro.setPermissionInternal: Failed to set permission com.oppo.launcher.permission.WRITE_SETTINGS for app app.kabuk.mobile: shell command failed (exit -1): 
Exception occurred while executing 'grant':
java.lang.IllegalArgumentException: Unknown permission: com.oppo.launcher.permission.WRITE_SETTINGS
	at com.android.server.pm.permission.PermissionManagerServiceImpl.grantRuntimePermissionInternal(PermissionManagerServiceImpl.java:1380)
	at com.android.server.pm.permission.PermissionManagerServiceImpl.grantRuntimePermission(PermissionManagerServiceImpl.java:1337)
	at com.android.server.pm.permission.PermissionManagerService.grantRuntimePermission(PermissionManagerService.java:551)
	at android.permission.PermissionManager.grantRuntimePermission(PermissionManager.java:609)
	at com.android.server.pm.PackageManagerShellCommand.runGrantRevokePermission(PackageManagerShellCommand.java:2672)
	at com.android.server.pm.PackageManagerShellCommand.onCommand(PackageManagerShellCommand.java:291)
	at com.android.modules.utils.BasicShellCommandHandler.exec(BasicShellCommandHandler.java:97)
	at android.os.ShellCommand.exec(ShellCommand.java:38)
	at com.android.server.pm.PackageManagerService$IPackageManagerImpl.onShellCommand(PackageManagerService.java:6350)
	at android.os.Binder.shellCommand(Binder.java:1068)
	at android.os.Binder.onTransact(Binder.java:888)
	at android.content.pm.IPackageManager$Stub.onTransact(IPackageManager.java:4352)
	at com.android.server.pm.PackageManagerService$IPackageManagerImpl.onTransact(PackageManagerService.java:6334)
	at android.os.Binder.execTransactInternal(Binder.java:1344)
	at android.os.Binder.execTransact(Binder.java:1275)

00:19:17.236 [DEBUG] maestro.Maestro.setPermissionInternal: Failed to set permission me.everything.badger.permission.BADGE_COUNT_READ for app app.kabuk.mobile: shell command failed (exit -1): 
Exception occurred while executing 'grant':
java.lang.IllegalArgumentException: Unknown permission: me.everything.badger.permission.BADGE_COUNT_READ
	at com.android.server.pm.permission.PermissionManagerServiceImpl.grantRuntimePermissionInternal(PermissionManagerServiceImpl.java:1380)
	at com.android.server.pm.permission.PermissionManagerServiceImpl.grantRuntimePermission(PermissionManagerServiceImpl.java:1337)
	at com.android.server.pm.permission.PermissionManagerService.grantRuntimePermission(PermissionManagerService.java:551)
	at android.permission.PermissionManager.grantRuntimePermission(PermissionManager.java:609)
	at com.android.server.pm.PackageManagerShellCommand.runGrantRevokePermission(PackageManagerShellCommand.java:2672)
	at com.android.server.pm.PackageManagerShellCommand.onCommand(PackageManagerShellCommand.java:291)
	at com.android.modules.utils.BasicShellCommandHandler.exec(BasicShellCommandHandler.java:97)
	at android.os.ShellCommand.exec(ShellCommand.java:38)
	at com.android.server.pm.PackageManagerService$IPackageManagerImpl.onShellCommand(PackageManagerService.java:6350)
	at android.os.Binder.shellCommand(Binder.java:1068)
	at android.os.Binder.onTransact(Binder.java:888)
	at android.content.pm.IPackageManager$Stub.onTransact(IPackageManager.java:4352)
	at com.android.server.pm.PackageManagerService$IPackageManagerImpl.onTransact(PackageManagerService.java:6334)
	at android.os.Binder.execTransactInternal(Binder.java:1344)
	at android.os.Binder.execTransact(Binder.java:1275)

00:19:17.254 [DEBUG] maestro.Maestro.setPermissionInternal: Failed to set permission me.everything.badger.permission.BADGE_COUNT_WRITE for app app.kabuk.mobile: shell command failed (exit -1): 
Exception occurred while executing 'grant':
java.lang.IllegalArgumentException: Unknown permission: me.everything.badger.permission.BADGE_COUNT_WRITE
	at com.android.server.pm.permission.PermissionManagerServiceImpl.grantRuntimePermissionInternal(PermissionManagerServiceImpl.java:1380)
	at com.android.server.pm.permission.PermissionManagerServiceImpl.grantRuntimePermission(PermissionManagerServiceImpl.java:1337)
	at com.android.server.pm.permission.PermissionManagerService.grantRuntimePermission(PermissionManagerService.java:551)
	at android.permission.PermissionManager.grantRuntimePermission(PermissionManager.java:609)
	at com.android.server.pm.PackageManagerShellCommand.runGrantRevokePermission(PackageManagerShellCommand.java:2672)
	at com.android.server.pm.PackageManagerShellCommand.onCommand(PackageManagerShellCommand.java:291)
	at com.android.modules.utils.BasicShellCommandHandler.exec(BasicShellCommandHandler.java:97)
	at android.os.ShellCommand.exec(ShellCommand.java:38)
	at com.android.server.pm.PackageManagerService$IPackageManagerImpl.onShellCommand(PackageManagerService.java:6350)
	at android.os.Binder.shellCommand(Binder.java:1068)
	at android.os.Binder.onTransact(Binder.java:888)
	at android.content.pm.IPackageManager$Stub.onTransact(IPackageManager.java:4352)
	at com.android.server.pm.PackageManagerService$IPackageManagerImpl.onTransact(PackageManagerService.java:6334)
	at android.os.Binder.execTransactInternal(Binder.java:1344)
	at android.os.Binder.execTransact(Binder.java:1275)

00:19:17.254 [ INFO] maestro.Maestro.launchApp$lambda$5: Launching app app.kabuk.mobile
00:19:17.254 [ INFO] maestro.Maestro.launchApp$lambda$5: Stopping app.kabuk.mobile app during launch
00:19:17.400 [ INFO] maestro.cli.runner.CliConsoleListener.onCommandFinished: Launch app "app.kabuk.mobile" COMPLETED
00:19:17.400 [ INFO] maestro.cli.runner.CliConsoleListener.onCommandStart: Assert that "Yeni mekanlar yakında." is visible RUNNING
00:19:20.649 [ INFO] maestro.cli.runner.CliConsoleListener.onCommandFinished: Assert that "Yeni mekanlar yakında." is visible COMPLETED
00:19:20.649 [ INFO] maestro.cli.runner.CliConsoleListener.onCommandStart: Assert that "E2E Kafe" is visible RUNNING
00:19:21.066 [ INFO] maestro.cli.runner.CliConsoleListener.onCommandFinished: Assert that "E2E Kafe" is visible COMPLETED
00:19:21.067 [ INFO] maestro.cli.runner.CliConsoleListener.onCommandStart: Assert that "Liste" is not visible RUNNING
00:19:21.716 [ INFO] maestro.cli.runner.CliConsoleListener.onCommandFinished: Assert that "Liste" is not visible COMPLETED
00:19:21.716 [ INFO] maestro.cli.runner.CliConsoleListener.onCommandStart: Take screenshot 06b-explore-single RUNNING
00:19:21.717 [ INFO] maestro.Maestro.takeScreenshot: Taking screenshot
00:19:21.717 [TRACE] maestro.utils.ScreenshotUtils.takeScreenshot: Taking screenshot to output sink
00:19:21.790 [ INFO] maestro.cli.runner.CliConsoleListener.onCommandFinished: Take screenshot 06b-explore-single COMPLETED
00:19:21.790 [ INFO] maestro.cli.runner.CliConsoleListener.onCommandStart: Tap on "Buraya giriş yap" RUNNING
00:19:22.101 [ INFO] maestro.Maestro.tap-HgV9Ck0: Tapping on element:  UiElement(treeNode=TreeNode(attributes={text=Buraya giriş yap, accessibilityText=, hintText=, ignoreBoundsFiltering=false, resource-id=, clickable=false, bounds=[93,374][228,396], enabled=true, focused=false, checked=false, scrollable=false, selected=false, class=android.widget.TextView, important-for-accessibility=true, error=}, children=[], clickable=false, enabled=true, focused=false, checked=false, selected=false), bounds=Bounds(x=93, y=374, width=135, height=22))
00:19:23.356 [ INFO] maestro.Maestro.tap-HgV9Ck0: Tap aimed via settled hierarchy
00:19:23.357 [ INFO] maestro.Maestro.hierarchyBasedTap-ogj28Uc: Tapping at (160, 385) using hierarchy based logic for wait
00:19:24.671 [ INFO] maestro.Maestro.hierarchyBasedTap-ogj28Uc: Something has changed in the UI judging by view hierarchy. Proceed.
00:19:24.671 [ INFO] maestro.cli.runner.CliConsoleListener.onCommandFinished: Tap on "Buraya giriş yap" COMPLETED
00:19:24.672 [ INFO] maestro.cli.runner.CliConsoleListener.onCommandStart: Assert that "Konumumu kullan" is visible RUNNING
00:19:24.740 [ INFO] maestro.cli.runner.CliConsoleListener.onCommandFinished: Assert that "Konumumu kullan" is visible COMPLETED
00:19:24.741 [ INFO] maestro.cli.runner.CliConsoleListener.onCommandStart: Tap on "Konumumun bu amaçla kullanılmasına açık rıza veriyorum." RUNNING
00:19:24.848 [ INFO] maestro.Maestro.tap-HgV9Ck0: Tapping on element:  UiElement(treeNode=TreeNode(attributes={text=Konumumun bu amaçla kullanılmasına açık rıza veriyorum., accessibilityText=, hintText=, ignoreBoundsFiltering=false, resource-id=, clickable=false, bounds=[58,358][300,427], enabled=true, focused=false, checked=false, scrollable=false, selected=false, class=android.widget.TextView, important-for-accessibility=true, error=}, children=[], clickable=false, enabled=true, focused=false, checked=false, selected=false), bounds=Bounds(x=58, y=358, width=242, height=69))
00:19:26.085 [ INFO] maestro.Maestro.tap-HgV9Ck0: Tap aimed via settled hierarchy
00:19:26.085 [ INFO] maestro.Maestro.hierarchyBasedTap-ogj28Uc: Tapping at (179, 392) using hierarchy based logic for wait
00:19:27.176 [ INFO] maestro.Maestro.hierarchyBasedTap-ogj28Uc: Something has changed in the UI judging by view hierarchy. Proceed.
00:19:27.176 [ INFO] maestro.cli.runner.CliConsoleListener.onCommandFinished: Tap on "Konumumun bu amaçla kullanılmasına açık rıza veriyorum." COMPLETED
00:19:27.176 [ INFO] maestro.cli.runner.CliConsoleListener.onCommandStart: Take screenshot 07-location-consent RUNNING
00:19:27.176 [ INFO] maestro.Maestro.takeScreenshot: Taking screenshot
00:19:27.177 [TRACE] maestro.utils.ScreenshotUtils.takeScreenshot: Taking screenshot to output sink
00:19:27.201 [ INFO] maestro.cli.runner.CliConsoleListener.onCommandFinished: Take screenshot 07-location-consent COMPLETED
00:19:27.201 [ INFO] maestro.cli.runner.CliConsoleListener.onCommandStart: Set location (${OUTSIDE_LAT}, ${OUTSIDE_LNG}) RUNNING
00:19:27.209 [ INFO] maestro.Maestro.setLocation$lambda$50: Setting location: (40.9999999410393, 28.643693994615862)
00:19:27.212 [ INFO] maestro.drivers.AndroidDriver.setLocation$lambda$50: [Start] Setting up for mocking location 40.9999999410393, 28.643693994615862
00:19:27.434 [ INFO] maestro.drivers.AndroidDriver.setLocation$lambda$50: [Done] Setting up for mocking location 40.9999999410393, 28.643693994615862
00:19:27.446 [ INFO] maestro.cli.runner.CliConsoleListener.onCommandFinished: Set location (${OUTSIDE_LAT}, ${OUTSIDE_LNG}) COMPLETED
00:19:27.446 [ INFO] maestro.cli.runner.CliConsoleListener.onCommandStart: Tap on "Konumumu kullan" RUNNING
00:19:27.597 [ INFO] maestro.Maestro.tap-HgV9Ck0: Tapping on element:  UiElement(treeNode=TreeNode(attributes={text=Konumumu kullan, accessibilityText=, hintText=, ignoreBoundsFiltering=false, resource-id=, clickable=false, bounds=[92,574][228,594], enabled=true, focused=false, checked=false, scrollable=false, selected=false, class=android.widget.TextView, important-for-accessibility=true, error=}, children=[], clickable=false, enabled=true, focused=false, checked=false, selected=false), bounds=Bounds(x=92, y=574, width=136, height=20))
00:19:28.847 [ INFO] maestro.Maestro.tap-HgV9Ck0: Tap aimed via settled hierarchy
00:19:28.848 [ INFO] maestro.Maestro.hierarchyBasedTap-ogj28Uc: Tapping at (160, 584) using hierarchy based logic for wait
00:19:30.052 [ INFO] maestro.Maestro.hierarchyBasedTap-ogj28Uc: Something has changed in the UI judging by view hierarchy. Proceed.
00:19:30.052 [ INFO] maestro.cli.runner.CliConsoleListener.onCommandFinished: Tap on "Konumumu kullan" COMPLETED
00:19:30.052 [ INFO] maestro.cli.runner.CliConsoleListener.onCommandStart: Assert that "Kampüsün içinde görünmüyorsun. Kampüse girince tekrar dene." is visible RUNNING
00:19:30.130 [ INFO] maestro.cli.runner.CliConsoleListener.onCommandFinished: Assert that "Kampüsün içinde görünmüyorsun. Kampüse girince tekrar dene." is visible COMPLETED
00:19:30.130 [ INFO] maestro.cli.runner.CliConsoleListener.onCommandStart: Take screenshot 08-too-far RUNNING
00:19:30.131 [ INFO] maestro.Maestro.takeScreenshot: Taking screenshot
00:19:30.131 [TRACE] maestro.utils.ScreenshotUtils.takeScreenshot: Taking screenshot to output sink
00:19:30.197 [ INFO] maestro.cli.runner.CliConsoleListener.onCommandFinished: Take screenshot 08-too-far COMPLETED
00:19:30.197 [ INFO] maestro.cli.runner.CliConsoleListener.onCommandStart: Set location (${INSIDE_LAT}, ${INSIDE_LNG}) RUNNING
00:19:30.203 [ INFO] maestro.Maestro.setLocation$lambda$50: Setting location: (41, 28.64)
00:19:30.286 [ INFO] maestro.cli.runner.CliConsoleListener.onCommandFinished: Set location (${INSIDE_LAT}, ${INSIDE_LNG}) COMPLETED
00:19:30.287 [ INFO] maestro.cli.runner.CliConsoleListener.onCommandStart: Tap on "Konumumu kullan" RUNNING
00:19:30.361 [ INFO] maestro.Maestro.tap-HgV9Ck0: Tapping on element:  UiElement(treeNode=TreeNode(attributes={text=Konumumu kullan, accessibilityText=, hintText=, ignoreBoundsFiltering=false, resource-id=, clickable=false, bounds=[92,574][228,594], enabled=true, focused=false, checked=false, scrollable=false, selected=false, class=android.widget.TextView, important-for-accessibility=true, error=}, children=[], clickable=false, enabled=true, focused=false, checked=false, selected=false), bounds=Bounds(x=92, y=574, width=136, height=20))
00:19:31.948 [ INFO] maestro.Maestro.tap-HgV9Ck0: Tap aimed via settled hierarchy
00:19:31.949 [ INFO] maestro.Maestro.hierarchyBasedTap-ogj28Uc: Tapping at (160, 584) using hierarchy based logic for wait
00:19:33.016 [ INFO] maestro.Maestro.hierarchyBasedTap-ogj28Uc: Something has changed in the UI judging by view hierarchy. Proceed.
00:19:33.016 [ INFO] maestro.cli.runner.CliConsoleListener.onCommandFinished: Tap on "Konumumu kullan" COMPLETED
00:19:33.016 [ INFO] maestro.cli.runner.CliConsoleListener.onCommandStart: Assert that "Neredesin\?" is visible RUNNING
00:19:33.048 [ INFO] maestro.cli.runner.CliConsoleListener.onCommandFinished: Assert that "Neredesin\?" is visible COMPLETED
00:19:33.048 [ INFO] maestro.cli.runner.CliConsoleListener.onCommandStart: Take screenshot 08b-spot RUNNING
00:19:33.048 [ INFO] maestro.Maestro.takeScreenshot: Taking screenshot
00:19:33.049 [TRACE] maestro.utils.ScreenshotUtils.takeScreenshot: Taking screenshot to output sink
00:19:33.150 [ INFO] maestro.cli.runner.CliConsoleListener.onCommandFinished: Take screenshot 08b-spot COMPLETED
00:19:33.151 [ INFO] maestro.cli.runner.CliConsoleListener.onCommandStart: Tap on id: spot-kantin RUNNING
00:19:33.268 [ INFO] maestro.Maestro.tap-HgV9Ck0: Tapping on element:  UiElement(treeNode=TreeNode(attributes={text=, accessibilityText=Kantin, hintText=, ignoreBoundsFiltering=false, resource-id=spot-kantin, clickable=true, bounds=[20,216][300,272], enabled=true, focused=false, checked=false, scrollable=false, selected=false, class=android.widget.RadioButton, important-for-accessibility=true, error=}, children=[TreeNode(attributes={text=, accessibilityText=, hintText=, ignoreBoundsFiltering=false, resource-id=, clickable=false, bounds=[38,232][62,256], enabled=true, focused=false, checked=false, scrollable=false, selected=false, class=android.view.ViewGroup, important-for-accessibility=false, error=}, children=[], clickable=false, enabled=true, focused=false, checked=false, selected=false), TreeNode(attributes={text=Kantin, accessibilityText=, hintText=, ignoreBoundsFiltering=false, resource-id=, clickable=false, bounds=[74,233][282,256], enabled=true, focused=false, checked=false, scrollable=false, selected=false, class=android.widget.TextView, important-for-accessibility=true, error=}, children=[], clickable=false, enabled=true, focused=false, checked=false, selected=false)], clickable=true, enabled=true, focused=false, checked=false, selected=false), bounds=Bounds(x=20, y=216, width=280, height=56))
00:19:34.520 [ INFO] maestro.Maestro.tap-HgV9Ck0: Tap aimed via settled hierarchy
00:19:34.521 [ INFO] maestro.Maestro.hierarchyBasedTap-ogj28Uc: Tapping at (160, 244) using hierarchy based logic for wait
00:19:35.440 [ INFO] maestro.Maestro.hierarchyBasedTap-ogj28Uc: Something has changed in the UI judging by view hierarchy. Proceed.
00:19:35.440 [ INFO] maestro.cli.runner.CliConsoleListener.onCommandFinished: Tap on id: spot-kantin COMPLETED
00:19:35.440 [ INFO] maestro.cli.runner.CliConsoleListener.onCommandStart: Tap on "Devam" RUNNING
00:19:35.513 [ INFO] maestro.Maestro.tap-HgV9Ck0: Tapping on element:  UiElement(treeNode=TreeNode(attributes={text=Devam, accessibilityText=, hintText=, ignoreBoundsFiltering=false, resource-id=, clickable=false, bounds=[134,574][186,594], enabled=true, focused=false, checked=false, scrollable=false, selected=false, class=android.widget.TextView, important-for-accessibility=true, error=}, children=[], clickable=false, enabled=true, focused=false, checked=false, selected=false), bounds=Bounds(x=134, y=574, width=52, height=20))
00:19:36.744 [ INFO] maestro.Maestro.tap-HgV9Ck0: Tap aimed via settled hierarchy
00:19:36.744 [ INFO] maestro.Maestro.hierarchyBasedTap-ogj28Uc: Tapping at (160, 584) using hierarchy based logic for wait
00:19:37.668 [ INFO] maestro.Maestro.hierarchyBasedTap-ogj28Uc: Something has changed in the UI judging by view hierarchy. Proceed.
00:19:37.668 [ INFO] maestro.cli.runner.CliConsoleListener.onCommandFinished: Tap on "Devam" COMPLETED
00:19:37.668 [ INFO] maestro.cli.runner.CliConsoleListener.onCommandStart: Assert that "Masada kaç kişisiniz\?" is visible RUNNING
00:19:37.788 [ INFO] maestro.cli.runner.CliConsoleListener.onCommandFinished: Assert that "Masada kaç kişisiniz\?" is visible COMPLETED
00:19:37.789 [ INFO] maestro.cli.runner.CliConsoleListener.onCommandStart: Assert that "Profille katılmak için önce Profil sekmesinden bir ad seç." is not visible RUNNING
00:19:38.491 [ INFO] maestro.cli.runner.CliConsoleListener.onCommandFinished: Assert that "Profille katılmak için önce Profil sekmesinden bir ad seç." is not visible COMPLETED
00:19:38.492 [ INFO] maestro.cli.runner.CliConsoleListener.onCommandStart: Take screenshot 09-headcount RUNNING
00:19:38.492 [ INFO] maestro.Maestro.takeScreenshot: Taking screenshot
00:19:38.492 [TRACE] maestro.utils.ScreenshotUtils.takeScreenshot: Taking screenshot to output sink
00:19:38.516 [ INFO] maestro.cli.runner.CliConsoleListener.onCommandFinished: Take screenshot 09-headcount COMPLETED
00:19:38.517 [ INFO] maestro.cli.runner.CliConsoleListener.onCommandStart: Tap on id: headcount-2 RUNNING
00:19:38.652 [ INFO] maestro.Maestro.tap-HgV9Ck0: Tapping on element:  UiElement(treeNode=TreeNode(attributes={text=, accessibilityText=2, hintText=, ignoreBoundsFiltering=false, resource-id=headcount-2, clickable=true, bounds=[88,250][144,306], enabled=true, focused=false, checked=false, scrollable=false, selected=false, class=android.widget.RadioButton, important-for-accessibility=true, error=}, children=[TreeNode(attributes={text=2, accessibilityText=, hintText=, ignoreBoundsFiltering=false, resource-id=, clickable=false, bounds=[109,266][122,290], enabled=true, focused=false, checked=false, scrollable=false, selected=false, class=android.widget.TextView, important-for-accessibility=true, error=}, children=[], clickable=false, enabled=true, focused=false, checked=false, selected=false)], clickable=true, enabled=true, focused=false, checked=false, selected=false), bounds=Bounds(x=88, y=250, width=56, height=56))
00:19:39.892 [ INFO] maestro.Maestro.tap-HgV9Ck0: Tap aimed via settled hierarchy
00:19:39.893 [ INFO] maestro.Maestro.hierarchyBasedTap-ogj28Uc: Tapping at (116, 278) using hierarchy based logic for wait
00:19:40.796 [ INFO] maestro.Maestro.hierarchyBasedTap-ogj28Uc: Something has changed in the UI judging by view hierarchy. Proceed.
00:19:40.796 [ INFO] maestro.cli.runner.CliConsoleListener.onCommandFinished: Tap on id: headcount-2 COMPLETED
00:19:40.796 [ INFO] maestro.cli.runner.CliConsoleListener.onCommandStart: Tap on "Masayı aç" RUNNING
00:19:40.902 [ INFO] maestro.Maestro.tap-HgV9Ck0: Tapping on element:  UiElement(treeNode=TreeNode(attributes={text=Masayı aç, accessibilityText=, hintText=, ignoreBoundsFiltering=false, resource-id=, clickable=false, bounds=[124,574][197,594], enabled=true, focused=false, checked=false, scrollable=false, selected=false, class=android.widget.TextView, important-for-accessibility=true, error=}, children=[], clickable=false, enabled=true, focused=false, checked=false, selected=false), bounds=Bounds(x=124, y=574, width=73, height=20))
00:19:42.136 [ INFO] maestro.Maestro.tap-HgV9Ck0: Tap aimed via settled hierarchy
00:19:42.136 [ INFO] maestro.Maestro.hierarchyBasedTap-ogj28Uc: Tapping at (160, 584) using hierarchy based logic for wait
00:19:43.303 [ INFO] maestro.Maestro.hierarchyBasedTap-ogj28Uc: Something has changed in the UI judging by view hierarchy. Proceed.
00:19:43.304 [ INFO] maestro.cli.runner.CliConsoleListener.onCommandFinished: Tap on "Masayı aç" COMPLETED
00:19:43.304 [ INFO] maestro.cli.runner.CliConsoleListener.onCommandStart: Assert that "Masan hazır" is visible RUNNING
00:19:43.373 [ INFO] maestro.cli.runner.CliConsoleListener.onCommandFinished: Assert that "Masan hazır" is visible COMPLETED
00:19:43.373 [ INFO] maestro.cli.runner.CliConsoleListener.onCommandStart: Take screenshot 10-table-ready RUNNING
00:19:43.374 [ INFO] maestro.Maestro.takeScreenshot: Taking screenshot
00:19:43.374 [TRACE] maestro.utils.ScreenshotUtils.takeScreenshot: Taking screenshot to output sink
00:19:43.434 [ INFO] maestro.cli.runner.CliConsoleListener.onCommandFinished: Take screenshot 10-table-ready COMPLETED
00:19:43.434 [ INFO] maestro.cli.runner.CliConsoleListener.onCommandStart: Tap on "Devam" RUNNING
00:19:43.504 [ INFO] maestro.Maestro.tap-HgV9Ck0: Tapping on element:  UiElement(treeNode=TreeNode(attributes={text=Devam, accessibilityText=, hintText=, ignoreBoundsFiltering=false, resource-id=, clickable=false, bounds=[134,574][186,594], enabled=true, focused=false, checked=false, scrollable=false, selected=false, class=android.widget.TextView, important-for-accessibility=true, error=}, children=[], clickable=false, enabled=true, focused=false, checked=false, selected=false), bounds=Bounds(x=134, y=574, width=52, height=20))
00:19:44.687 [ INFO] maestro.Maestro.tap-HgV9Ck0: Tap aimed via settled hierarchy
00:19:44.688 [ INFO] maestro.Maestro.hierarchyBasedTap-ogj28Uc: Tapping at (160, 584) using hierarchy based logic for wait
00:19:45.723 [ INFO] maestro.Maestro.hierarchyBasedTap-ogj28Uc: Something has changed in the UI judging by view hierarchy. Proceed.
00:19:45.723 [ INFO] maestro.cli.runner.CliConsoleListener.onCommandFinished: Tap on "Devam" COMPLETED
00:19:45.723 [ INFO] maestro.cli.runner.CliConsoleListener.onCommandStart: Assert that "Oda kur" is visible RUNNING
00:19:45.858 [ INFO] maestro.cli.runner.CliConsoleListener.onCommandFinished: Assert that "Oda kur" is visible COMPLETED
00:19:45.858 [ INFO] maestro.cli.runner.CliConsoleListener.onCommandStart: Assert that "Noktan: Kantin" is visible RUNNING
00:19:45.953 [ INFO] maestro.cli.runner.CliConsoleListener.onCommandFinished: Assert that "Noktan: Kantin" is visible COMPLETED
00:19:45.953 [ INFO] maestro.cli.runner.CliConsoleListener.onCommandStart: Take screenshot 11-venue RUNNING
00:19:45.954 [ INFO] maestro.Maestro.takeScreenshot: Taking screenshot
00:19:45.954 [TRACE] maestro.utils.ScreenshotUtils.takeScreenshot: Taking screenshot to output sink
00:19:46.016 [ INFO] maestro.cli.runner.CliConsoleListener.onCommandFinished: Take screenshot 11-venue COMPLETED
00:19:46.016 [ INFO] maestro.cli.runner.CliConsoleListener.onCommandFinished: Run flows/02-checkin.yaml COMPLETED
00:19:46.016 [ INFO] maestro.cli.runner.CliConsoleListener.onCommandStart: Run flows/03-name.yaml RUNNING
00:19:46.016 [ INFO] maestro.cli.runner.CliConsoleListener.onCommandStart: Apply configuration RUNNING
00:19:46.016 [ INFO] maestro.cli.runner.CliConsoleListener.onCommandFinished: Apply configuration COMPLETED
00:19:46.016 [ INFO] maestro.cli.runner.CliConsoleListener.onCommandStart: Tap on id: tab-profile RUNNING
00:19:46.167 [ INFO] maestro.Maestro.tap-HgV9Ck0: Tapping on element:  UiElement(treeNode=TreeNode(attributes={text=, accessibilityText=Profil, hintText=, ignoreBoundsFiltering=false, resource-id=tab-profile, clickable=true, bounds=[242,568][296,632], enabled=true, focused=false, checked=false, scrollable=false, selected=false, class=android.view.View, important-for-accessibility=true, error=}, children=[TreeNode(attributes={text=, accessibilityText=, hintText=, ignoreBoundsFiltering=false, resource-id=, clickable=false, bounds=[257,580][281,604], enabled=true, focused=false, checked=false, scrollable=false, selected=false, class=android.widget.ImageView, important-for-accessibility=false, error=}, children=[], clickable=false, enabled=true, focused=false, checked=false, selected=false), TreeNode(attributes={text=Profil, accessibilityText=, hintText=, ignoreBoundsFiltering=false, resource-id=, clickable=false, bounds=[253,612][284,628], enabled=true, focused=false, checked=false, scrollable=false, selected=false, class=android.widget.TextView, important-for-accessibility=true, error=}, children=[], clickable=false, enabled=true, focused=false, checked=false, selected=false)], clickable=true, enabled=true, focused=false, checked=false, selected=false), bounds=Bounds(x=242, y=568, width=54, height=64))
00:19:47.428 [ INFO] maestro.Maestro.tap-HgV9Ck0: Tap aimed via settled hierarchy
00:19:47.429 [ INFO] maestro.Maestro.hierarchyBasedTap-ogj28Uc: Tapping at (269, 600) using hierarchy based logic for wait
00:19:48.894 [ INFO] maestro.Maestro.hierarchyBasedTap-ogj28Uc: Something has changed in the UI judging by view hierarchy. Proceed.
00:19:48.894 [ INFO] maestro.cli.runner.CliConsoleListener.onCommandFinished: Tap on id: tab-profile COMPLETED
00:19:48.894 [ INFO] maestro.cli.runner.CliConsoleListener.onCommandStart: Assert that "Cihaz Masa, \d+" is visible RUNNING
00:19:49.033 [ INFO] maestro.cli.runner.CliConsoleListener.onCommandFinished: Assert that "Cihaz Masa, \d+" is visible COMPLETED
00:19:49.033 [ INFO] maestro.cli.runner.CliConsoleListener.onCommandStart: Assert that ".*2000.*" is not visible RUNNING
00:19:49.676 [ INFO] maestro.cli.runner.CliConsoleListener.onCommandFinished: Assert that ".*2000.*" is not visible COMPLETED
00:19:49.676 [ INFO] maestro.cli.runner.CliConsoleListener.onCommandStart: Take screenshot 12-profile RUNNING
00:19:49.677 [ INFO] maestro.Maestro.takeScreenshot: Taking screenshot
00:19:49.677 [TRACE] maestro.utils.ScreenshotUtils.takeScreenshot: Taking screenshot to output sink
00:19:49.701 [ INFO] maestro.cli.runner.CliConsoleListener.onCommandFinished: Take screenshot 12-profile COMPLETED
00:19:49.701 [ INFO] maestro.cli.runner.CliConsoleListener.onCommandFinished: Run flows/03-name.yaml COMPLETED
00:19:49.701 [ INFO] maestro.cli.runner.CliConsoleListener.onCommandStart: Run flows/04-room-tabu.yaml RUNNING
00:19:49.701 [ INFO] maestro.cli.runner.CliConsoleListener.onCommandStart: Apply configuration RUNNING
00:19:49.701 [ INFO] maestro.cli.runner.CliConsoleListener.onCommandFinished: Apply configuration COMPLETED
00:19:49.701 [ INFO] maestro.cli.runner.CliConsoleListener.onCommandStart: Run ../scripts/bot.js RUNNING
00:19:50.334 [ INFO] maestro.cli.runner.CliConsoleListener.onCommandFinished: Run ../scripts/bot.js COMPLETED
00:19:50.334 [ INFO] maestro.cli.runner.CliConsoleListener.onCommandStart: Run ../scripts/bot.js RUNNING
00:19:50.452 [ INFO] maestro.cli.runner.CliConsoleListener.onCommandFinished: Run ../scripts/bot.js COMPLETED
00:19:50.452 [ INFO] maestro.cli.runner.CliConsoleListener.onCommandStart: Run ../scripts/bot.js RUNNING
00:19:50.747 [ INFO] maestro.cli.runner.CliConsoleListener.onCommandFinished: Run ../scripts/bot.js COMPLETED
00:19:50.747 [ INFO] maestro.cli.runner.CliConsoleListener.onCommandStart: Tap on id: tab-venue RUNNING
00:19:50.868 [ INFO] maestro.Maestro.tap-HgV9Ck0: Tapping on element:  UiElement(treeNode=TreeNode(attributes={text=, accessibilityText=Mekan, hintText=, ignoreBoundsFiltering=false, resource-id=tab-venue, clickable=true, bounds=[133,568][187,632], enabled=true, focused=false, checked=false, scrollable=false, selected=false, class=android.view.View, important-for-accessibility=true, error=}, children=[TreeNode(attributes={text=, accessibilityText=, hintText=, ignoreBoundsFiltering=false, resource-id=, clickable=false, bounds=[140,572][180,612], enabled=true, focused=false, checked=false, scrollable=false, selected=false, class=android.view.ViewGroup, important-for-accessibility=false, error=}, children=[], clickable=false, enabled=true, focused=false, checked=false, selected=false), TreeNode(attributes={text=, accessibilityText=, hintText=, ignoreBoundsFiltering=false, resource-id=, clickable=false, bounds=[148,580][172,604], enabled=true, focused=false, checked=false, scrollable=false, selected=false, class=android.widget.ImageView, important-for-accessibility=false, error=}, children=[], clickable=false, enabled=true, focused=false, checked=false, selected=false), TreeNode(attributes={text=Mekan, accessibilityText=, hintText=, ignoreBoundsFiltering=false, resource-id=, clickable=false, bounds=[141,612][178,628], enabled=true, focused=false, checked=false, scrollable=false, selected=false, class=android.widget.TextView, important-for-accessibility=true, error=}, children=[], clickable=false, enabled=true, focused=false, checked=false, selected=false)], clickable=true, enabled=true, focused=false, checked=false, selected=false), bounds=Bounds(x=133, y=568, width=54, height=64))
00:19:52.200 [ INFO] maestro.Maestro.tap-HgV9Ck0: Tap aimed via settled hierarchy
00:19:52.201 [ INFO] maestro.Maestro.hierarchyBasedTap-ogj28Uc: Tapping at (160, 600) using hierarchy based logic for wait
00:19:53.233 [ INFO] maestro.Maestro.hierarchyBasedTap-ogj28Uc: Something has changed in the UI judging by view hierarchy. Proceed.
00:19:53.233 [ INFO] maestro.cli.runner.CliConsoleListener.onCommandFinished: Tap on id: tab-venue COMPLETED
00:19:53.233 [ INFO] maestro.cli.runner.CliConsoleListener.onCommandStart: Tap on id: reroll-alias RUNNING
00:19:53.335 [ INFO] maestro.Maestro.tap-HgV9Ck0: Tapping on element:  UiElement(treeNode=TreeNode(attributes={text=, accessibilityText=Adı değiştir, hintText=, ignoreBoundsFiltering=false, resource-id=reroll-alias, clickable=true, bounds=[155,299][282,347], enabled=true, focused=false, checked=false, scrollable=false, selected=false, class=android.widget.Button, important-for-accessibility=true, error=}, children=[TreeNode(attributes={text=, accessibilityText=, hintText=, ignoreBoundsFiltering=false, resource-id=, clickable=false, bounds=[155,299][282,347], enabled=true, focused=false, checked=false, scrollable=false, selected=false, class=android.view.ViewGroup, important-for-accessibility=false, error=}, children=[], clickable=false, enabled=true, focused=false, checked=false, selected=false), TreeNode(attributes={text=Adı değiştir, accessibilityText=, hintText=, ignoreBoundsFiltering=false, resource-id=, clickable=false, bounds=[175,313][262,333], enabled=true, focused=false, checked=false, scrollable=false, selected=false, class=android.widget.TextView, important-for-accessibility=true, error=}, children=[], clickable=false, enabled=true, focused=false, checked=false, selected=false)], clickable=true, enabled=true, focused=false, checked=false, selected=false), bounds=Bounds(x=155, y=299, width=127, height=48))
00:19:54.640 [ INFO] maestro.Maestro.tap-HgV9Ck0: Tap aimed via settled hierarchy
00:19:54.641 [ INFO] maestro.Maestro.hierarchyBasedTap-ogj28Uc: Tapping at (218, 323) using hierarchy based logic for wait
00:19:55.717 [ INFO] maestro.Maestro.hierarchyBasedTap-ogj28Uc: Something has changed in the UI judging by view hierarchy. Proceed.
00:19:55.717 [ INFO] maestro.cli.runner.CliConsoleListener.onCommandFinished: Tap on id: reroll-alias COMPLETED
00:19:55.717 [ INFO] maestro.cli.runner.CliConsoleListener.onCommandStart: Assert that "2 hakkın kaldı" is visible RUNNING
00:19:55.829 [ INFO] maestro.cli.runner.CliConsoleListener.onCommandFinished: Assert that "2 hakkın kaldı" is visible COMPLETED
00:19:55.829 [ INFO] maestro.cli.runner.CliConsoleListener.onCommandStart: Take screenshot 11b-alias-rerolled RUNNING
00:19:55.829 [ INFO] maestro.Maestro.takeScreenshot: Taking screenshot
00:19:55.829 [TRACE] maestro.utils.ScreenshotUtils.takeScreenshot: Taking screenshot to output sink
00:19:55.890 [ INFO] maestro.cli.runner.CliConsoleListener.onCommandFinished: Take screenshot 11b-alias-rerolled COMPLETED
00:19:55.890 [ INFO] maestro.cli.runner.CliConsoleListener.onCommandStart: Scrolling DOWN until id: spot-here is visible with speed 40, visibility percentage 100%, timeout 20000 ms, with centering disabled RUNNING
00:19:56.744 [ WARN] maestro.orchestra.Orchestra.scrollUntilVisible: Error: maestro.MaestroException$ElementNotFound: Element not found: Id matching regex: spot-here
00:19:56.748 [ INFO] maestro.Maestro.swipeFromCenter: Swiping UP from center
00:19:58.683 [ INFO] maestro.orchestra.Orchestra.scrollUntilVisible: Scrolling try count: 0, DeviceWidth: 320, DeviceWidth: 640
00:19:58.684 [ INFO] maestro.orchestra.Orchestra.scrollUntilVisible: Element bounds: Bounds(x=36, y=430, width=248, height=48)
00:19:58.684 [ INFO] maestro.orchestra.Orchestra.scrollUntilVisible: Visibility Percent: 1.0
00:19:58.684 [ INFO] maestro.orchestra.Orchestra.scrollUntilVisible: Command centerElement: ScrollUntilVisibleCommand(selector=ElementSelector(textRegex=null, idRegex=spot-here, size=null, below=null, above=null, leftOf=null, rightOf=null, containsChild=null, containsDescendants=null, traits=null, index=null, enabled=null, optional=false, selected=null, checked=null, focused=null, childOf=null, css=null), direction=DOWN, scrollDuration=601, visibilityPercentage=100, timeout=20000, waitToSettleTimeoutMs=null, centerElement=false, originalSpeedValue=40, label=null, optional=false).centerElement
00:19:58.684 [ INFO] maestro.orchestra.Orchestra.scrollUntilVisible: visibilityPercentageNormalized: 1.0
00:19:58.684 [ INFO] maestro.cli.runner.CliConsoleListener.onCommandFinished: Scrolling DOWN until id: spot-here is visible with speed 40, visibility percentage 100%, timeout 20000 ms, with centering disabled COMPLETED
00:19:58.684 [ INFO] maestro.cli.runner.CliConsoleListener.onCommandStart: Assert that "Kütüphane" is visible RUNNING
00:19:58.824 [ INFO] maestro.cli.runner.CliConsoleListener.onCommandFinished: Assert that "Kütüphane" is visible COMPLETED
00:19:58.825 [ INFO] maestro.cli.runner.CliConsoleListener.onCommandStart: Assert that "Katılmak istiyorum" is not visible RUNNING
00:19:59.475 [ INFO] maestro.cli.runner.CliConsoleListener.onCommandFinished: Assert that "Katılmak istiyorum" is not visible COMPLETED
00:19:59.475 [ INFO] maestro.cli.runner.CliConsoleListener.onCommandStart: Take screenshot 12b-lobby-other-spot RUNNING
00:19:59.476 [ INFO] maestro.Maestro.takeScreenshot: Taking screenshot
00:19:59.476 [TRACE] maestro.utils.ScreenshotUtils.takeScreenshot: Taking screenshot to output sink
00:19:59.506 [ INFO] maestro.cli.runner.CliConsoleListener.onCommandFinished: Take screenshot 12b-lobby-other-spot COMPLETED
00:19:59.506 [ INFO] maestro.cli.runner.CliConsoleListener.onCommandStart: Tap on id: spot-here RUNNING
00:19:59.637 [ INFO] maestro.Maestro.tap-HgV9Ck0: Tapping on element:  UiElement(treeNode=TreeNode(attributes={text=, accessibilityText=Bu noktadayım, hintText=, ignoreBoundsFiltering=false, resource-id=spot-here, clickable=true, bounds=[36,430][284,478], enabled=true, focused=false, checked=false, scrollable=false, selected=false, class=android.widget.Button, important-for-accessibility=true, error=}, children=[TreeNode(attributes={text=, accessibilityText=, hintText=, ignoreBoundsFiltering=false, resource-id=, clickable=false, bounds=[36,430][284,478], enabled=true, focused=false, checked=false, scrollable=false, selected=false, class=android.view.ViewGroup, important-for-accessibility=false, error=}, children=[], clickable=false, enabled=true, focused=false, checked=false, selected=false), TreeNode(attributes={text=, accessibilityText=, hintText=, ignoreBoundsFiltering=false, resource-id=, clickable=false, bounds=[90,443][110,464], enabled=true, focused=false, checked=false, scrollable=false, selected=false, class=android.widget.TextView, important-for-accessibility=true, error=}, children=[], clickable=false, enabled=true, focused=false, checked=false, selected=false), TreeNode(attributes={text=Bu noktadayım, accessibilityText=, hintText=, ignoreBoundsFiltering=false, resource-id=, clickable=false, bounds=[118,444][230,464], enabled=true, focused=false, checked=false, scrollable=false, selected=false, class=android.widget.TextView, important-for-accessibility=true, error=}, children=[], clickable=false, enabled=true, focused=false, checked=false, selected=false)], clickable=true, enabled=true, focused=false, checked=false, selected=false), bounds=Bounds(x=36, y=430, width=248, height=48))
00:20:01.272 [ INFO] maestro.Maestro.tap-HgV9Ck0: Tap aimed via settled hierarchy
00:20:01.273 [ INFO] maestro.Maestro.hierarchyBasedTap-ogj28Uc: Tapping at (160, 454) using hierarchy based logic for wait
00:20:02.313 [ INFO] maestro.Maestro.hierarchyBasedTap-ogj28Uc: Something has changed in the UI judging by view hierarchy. Proceed.
00:20:02.313 [ INFO] maestro.cli.runner.CliConsoleListener.onCommandFinished: Tap on id: spot-here COMPLETED
00:20:02.313 [ INFO] maestro.cli.runner.CliConsoleListener.onCommandStart: Scrolling DOWN until "Katılmak istiyorum" is visible with speed 40, visibility percentage 100%, timeout 15000 ms, with centering disabled RUNNING
00:20:02.414 [ INFO] maestro.orchestra.Orchestra.scrollUntilVisible: Scrolling try count: 0, DeviceWidth: 320, DeviceWidth: 640
00:20:02.414 [ INFO] maestro.orchestra.Orchestra.scrollUntilVisible: Element bounds: Bounds(x=90, y=444, width=140, height=20)
00:20:02.414 [ INFO] maestro.orchestra.Orchestra.scrollUntilVisible: Visibility Percent: 1.0
00:20:02.414 [ INFO] maestro.orchestra.Orchestra.scrollUntilVisible: Command centerElement: ScrollUntilVisibleCommand(selector=ElementSelector(textRegex=Katılmak istiyorum, idRegex=null, size=null, below=null, above=null, leftOf=null, rightOf=null, containsChild=null, containsDescendants=null, traits=null, index=null, enabled=null, optional=false, selected=null, checked=null, focused=null, childOf=null, css=null), direction=DOWN, scrollDuration=601, visibilityPercentage=100, timeout=15000, waitToSettleTimeoutMs=null, centerElement=false, originalSpeedValue=40, label=null, optional=false).centerElement
00:20:02.414 [ INFO] maestro.orchestra.Orchestra.scrollUntilVisible: visibilityPercentageNormalized: 1.0
00:20:02.414 [ INFO] maestro.cli.runner.CliConsoleListener.onCommandFinished: Scrolling DOWN until "Katılmak istiyorum" is visible with speed 40, visibility percentage 100%, timeout 15000 ms, with centering disabled COMPLETED
00:20:02.414 [ INFO] maestro.cli.runner.CliConsoleListener.onCommandStart: Take screenshot 12c-lobby-same-spot RUNNING
00:20:02.415 [ INFO] maestro.Maestro.takeScreenshot: Taking screenshot
00:20:02.415 [TRACE] maestro.utils.ScreenshotUtils.takeScreenshot: Taking screenshot to output sink
00:20:02.440 [ INFO] maestro.cli.runner.CliConsoleListener.onCommandFinished: Take screenshot 12c-lobby-same-spot COMPLETED
00:20:02.440 [ INFO] maestro.cli.runner.CliConsoleListener.onCommandStart: Run ../scripts/bot.js RUNNING
00:20:02.510 [ INFO] maestro.cli.runner.CliConsoleListener.onCommandFinished: Run ../scripts/bot.js COMPLETED
00:20:02.510 [ INFO] maestro.cli.runner.CliConsoleListener.onCommandStart: Assert that "Katılmak istiyorum" is not visible RUNNING
00:20:03.345 [ INFO] maestro.cli.runner.CliConsoleListener.onCommandFinished: Assert that "Katılmak istiyorum" is not visible COMPLETED
00:20:03.345 [ INFO] maestro.cli.runner.CliConsoleListener.onCommandStart: Scrolling UP until "Noktan: Kütüphane" is visible with speed 40, visibility percentage 100%, timeout 10000 ms, with centering disabled RUNNING
00:20:04.041 [ WARN] maestro.orchestra.Orchestra.scrollUntilVisible: Error: maestro.MaestroException$ElementNotFound: Element not found: Text matching regex: Noktan: Kütüphane
00:20:04.086 [ INFO] maestro.Maestro.swipeFromCenter: Swiping DOWN from center
00:20:05.955 [ INFO] maestro.orchestra.Orchestra.scrollUntilVisible: Scrolling try count: 0, DeviceWidth: 320, DeviceWidth: 640
00:20:05.955 [ INFO] maestro.orchestra.Orchestra.scrollUntilVisible: Element bounds: Bounds(x=66, y=252, width=108, height=46)
00:20:05.956 [ INFO] maestro.orchestra.Orchestra.scrollUntilVisible: Visibility Percent: 1.0
00:20:05.956 [ INFO] maestro.orchestra.Orchestra.scrollUntilVisible: Command centerElement: ScrollUntilVisibleCommand(selector=ElementSelector(textRegex=Noktan: Kütüphane, idRegex=null, size=null, below=null, above=null, leftOf=null, rightOf=null, containsChild=null, containsDescendants=null, traits=null, index=null, enabled=null, optional=false, selected=null, checked=null, focused=null, childOf=null, css=null), direction=UP, scrollDuration=601, visibilityPercentage=100, timeout=10000, waitToSettleTimeoutMs=null, centerElement=false, originalSpeedValue=40, label=null, optional=false).centerElement
00:20:05.956 [ INFO] maestro.orchestra.Orchestra.scrollUntilVisible: visibilityPercentageNormalized: 1.0
00:20:05.956 [ INFO] maestro.cli.runner.CliConsoleListener.onCommandFinished: Scrolling UP until "Noktan: Kütüphane" is visible with speed 40, visibility percentage 100%, timeout 10000 ms, with centering disabled COMPLETED
00:20:05.956 [ INFO] maestro.cli.runner.CliConsoleListener.onCommandStart: Assert that "Oda kur" is visible RUNNING
00:20:06.094 [ INFO] maestro.cli.runner.CliConsoleListener.onCommandFinished: Assert that "Oda kur" is visible COMPLETED
00:20:06.094 [ INFO] maestro.cli.runner.CliConsoleListener.onCommandStart: Tap on "Oda kur" RUNNING
00:20:06.196 [ INFO] maestro.Maestro.tap-HgV9Ck0: Tapping on element:  UiElement(treeNode=TreeNode(attributes={text=Oda kur, accessibilityText=, hintText=, ignoreBoundsFiltering=false, resource-id=, clickable=false, bounds=[57,399][117,419], enabled=true, focused=false, checked=false, scrollable=false, selected=false, class=android.widget.TextView, important-for-accessibility=true, error=}, children=[], clickable=false, enabled=true, focused=false, checked=false, selected=false), bounds=Bounds(x=57, y=399, width=60, height=20))
00:20:07.485 [ INFO] maestro.Maestro.tap-HgV9Ck0: Tap aimed via settled hierarchy
00:20:07.486 [ INFO] maestro.Maestro.hierarchyBasedTap-ogj28Uc: Tapping at (87, 409) using hierarchy based logic for wait
00:20:08.732 [ INFO] maestro.Maestro.hierarchyBasedTap-ogj28Uc: Something has changed in the UI judging by view hierarchy. Proceed.
00:20:08.732 [ INFO] maestro.cli.runner.CliConsoleListener.onCommandFinished: Tap on "Oda kur" COMPLETED
00:20:08.732 [ INFO] maestro.cli.runner.CliConsoleListener.onCommandStart: Assert that id: intent-none is visible RUNNING
00:20:08.809 [ INFO] maestro.cli.runner.CliConsoleListener.onCommandFinished: Assert that id: intent-none is visible COMPLETED
00:20:08.809 [ INFO] maestro.cli.runner.CliConsoleListener.onCommandStart: Tap on id: intent-game RUNNING
00:20:08.925 [ INFO] maestro.Maestro.tap-HgV9Ck0: Tapping on element:  UiElement(treeNode=TreeNode(attributes={text=, accessibilityText=Oyun, hintText=, ignoreBoundsFiltering=false, resource-id=intent-game, clickable=true, bounds=[116,236][204,284], enabled=true, focused=false, checked=false, scrollable=false, selected=false, class=android.widget.RadioButton, important-for-accessibility=true, error=}, children=[TreeNode(attributes={text=, accessibilityText=, hintText=, ignoreBoundsFiltering=false, resource-id=, clickable=false, bounds=[116,236][204,284], enabled=true, focused=false, checked=false, scrollable=false, selected=false, class=android.view.ViewGroup, important-for-accessibility=false, error=}, children=[], clickable=false, enabled=true, focused=false, checked=false, selected=false), TreeNode(attributes={text=Oyun, accessibilityText=, hintText=, ignoreBoundsFiltering=false, resource-id=, clickable=false, bounds=[140,250][180,270], enabled=true, focused=false, checked=false, scrollable=false, selected=false, class=android.widget.TextView, important-for-accessibility=true, error=}, children=[], clickable=false, enabled=true, focused=false, checked=false, selected=false)], clickable=true, enabled=true, focused=false, checked=false, selected=false), bounds=Bounds(x=116, y=236, width=88, height=48))
00:20:10.212 [ INFO] maestro.Maestro.tap-HgV9Ck0: Tap aimed via settled hierarchy
00:20:10.213 [ INFO] maestro.Maestro.hierarchyBasedTap-ogj28Uc: Tapping at (160, 260) using hierarchy based logic for wait
00:20:11.080 [ INFO] maestro.Maestro.hierarchyBasedTap-ogj28Uc: Something has changed in the UI judging by view hierarchy. Proceed.
00:20:11.080 [ INFO] maestro.cli.runner.CliConsoleListener.onCommandFinished: Tap on id: intent-game COMPLETED
00:20:11.080 [ INFO] maestro.cli.runner.CliConsoleListener.onCommandStart: Take screenshot 13-new-room RUNNING
00:20:11.081 [ INFO] maestro.Maestro.takeScreenshot: Taking screenshot
00:20:11.081 [TRACE] maestro.utils.ScreenshotUtils.takeScreenshot: Taking screenshot to output sink
00:20:11.107 [ INFO] maestro.cli.runner.CliConsoleListener.onCommandFinished: Take screenshot 13-new-room COMPLETED
00:20:11.107 [ INFO] maestro.cli.runner.CliConsoleListener.onCommandStart: Scrolling DOWN until "Odayı kur" is visible with speed 40, visibility percentage 100%, timeout 10000 ms, with centering disabled RUNNING
00:20:11.145 [ INFO] maestro.orchestra.Orchestra.scrollUntilVisible: Scrolling try count: 0, DeviceWidth: 320, DeviceWidth: 640
00:20:11.145 [ INFO] maestro.orchestra.Orchestra.scrollUntilVisible: Element bounds: Bounds(x=120, y=576, width=81, height=22)
00:20:11.145 [ INFO] maestro.orchestra.Orchestra.scrollUntilVisible: Visibility Percent: 1.0
00:20:11.145 [ INFO] maestro.orchestra.Orchestra.scrollUntilVisible: Command centerElement: ScrollUntilVisibleCommand(selector=ElementSelector(textRegex=Odayı kur, idRegex=null, size=null, below=null, above=null, leftOf=null, rightOf=null, containsChild=null, containsDescendants=null, traits=null, index=null, enabled=null, optional=false, selected=null, checked=null, focused=null, childOf=null, css=null), direction=DOWN, scrollDuration=601, visibilityPercentage=100, timeout=10000, waitToSettleTimeoutMs=null, centerElement=false, originalSpeedValue=40, label=null, optional=false).centerElement
00:20:11.145 [ INFO] maestro.orchestra.Orchestra.scrollUntilVisible: visibilityPercentageNormalized: 1.0
00:20:11.145 [ INFO] maestro.cli.runner.CliConsoleListener.onCommandFinished: Scrolling DOWN until "Odayı kur" is visible with speed 40, visibility percentage 100%, timeout 10000 ms, with centering disabled COMPLETED
00:20:11.146 [ INFO] maestro.cli.runner.CliConsoleListener.onCommandStart: Assert that id: participation-anonymous is visible RUNNING
00:20:11.217 [ INFO] maestro.cli.runner.CliConsoleListener.onCommandFinished: Assert that id: participation-anonymous is visible COMPLETED
00:20:11.217 [ INFO] maestro.cli.runner.CliConsoleListener.onCommandStart: Take screenshot 13b-new-room-bottom RUNNING
00:20:11.217 [ INFO] maestro.Maestro.takeScreenshot: Taking screenshot
00:20:11.217 [TRACE] maestro.utils.ScreenshotUtils.takeScreenshot: Taking screenshot to output sink
00:20:11.320 [ INFO] maestro.cli.runner.CliConsoleListener.onCommandFinished: Take screenshot 13b-new-room-bottom COMPLETED
00:20:11.320 [ INFO] maestro.cli.runner.CliConsoleListener.onCommandStart: Tap on "Odayı kur" RUNNING
00:20:11.390 [ INFO] maestro.Maestro.tap-HgV9Ck0: Tapping on element:  UiElement(treeNode=TreeNode(attributes={text=Odayı kur, accessibilityText=, hintText=, ignoreBoundsFiltering=false, resource-id=, clickable=false, bounds=[120,576][201,598], enabled=true, focused=false, checked=false, scrollable=false, selected=false, class=android.widget.TextView, important-for-accessibility=true, error=}, children=[], clickable=false, enabled=true, focused=false, checked=false, selected=false), bounds=Bounds(x=120, y=576, width=81, height=22))
00:20:12.617 [ INFO] maestro.Maestro.tap-HgV9Ck0: Tap aimed via settled hierarchy
00:20:12.618 [ INFO] maestro.Maestro.hierarchyBasedTap-ogj28Uc: Tapping at (160, 587) using hierarchy based logic for wait
00:20:13.908 [ INFO] maestro.Maestro.hierarchyBasedTap-ogj28Uc: Something has changed in the UI judging by view hierarchy. Proceed.
00:20:13.908 [ INFO] maestro.cli.runner.CliConsoleListener.onCommandFinished: Tap on "Odayı kur" COMPLETED
00:20:13.908 [ INFO] maestro.cli.runner.CliConsoleListener.onCommandStart: Assert that id: solo-tabu is visible RUNNING
00:20:14.032 [ INFO] maestro.cli.runner.CliConsoleListener.onCommandFinished: Assert that id: solo-tabu is visible COMPLETED
00:20:14.032 [ INFO] maestro.cli.runner.CliConsoleListener.onCommandStart: Take screenshot 14-room-waiting RUNNING
00:20:14.033 [ INFO] maestro.Maestro.takeScreenshot: Taking screenshot
00:20:14.033 [TRACE] maestro.utils.ScreenshotUtils.takeScreenshot: Taking screenshot to output sink
00:20:14.093 [ INFO] maestro.cli.runner.CliConsoleListener.onCommandFinished: Take screenshot 14-room-waiting COMPLETED
00:20:14.093 [ INFO] maestro.cli.runner.CliConsoleListener.onCommandStart: Run ../scripts/bot.js RUNNING
00:20:14.173 [ INFO] maestro.cli.runner.CliConsoleListener.onCommandFinished: Run ../scripts/bot.js COMPLETED
00:20:14.173 [ INFO] maestro.cli.runner.CliConsoleListener.onCommandStart: Assert that "Katılma isteği" is visible RUNNING
00:20:15.072 [ INFO] maestro.cli.runner.CliConsoleListener.onCommandFinished: Assert that "Katılma isteği" is visible COMPLETED
00:20:15.072 [ INFO] maestro.cli.runner.CliConsoleListener.onCommandStart: Take screenshot 15-join-request RUNNING
00:20:15.072 [ INFO] maestro.Maestro.takeScreenshot: Taking screenshot
00:20:15.073 [TRACE] maestro.utils.ScreenshotUtils.takeScreenshot: Taking screenshot to output sink
00:20:15.142 [ INFO] maestro.cli.runner.CliConsoleListener.onCommandFinished: Take screenshot 15-join-request COMPLETED
00:20:15.143 [ INFO] maestro.cli.runner.CliConsoleListener.onCommandStart: Tap on id: join-accept RUNNING
00:20:15.756 [ INFO] maestro.Maestro.tap-HgV9Ck0: Tapping on element:  UiElement(treeNode=TreeNode(attributes={text=, accessibilityText=Kabul, hintText=, ignoreBoundsFiltering=false, resource-id=join-accept, clickable=true, bounds=[165,502][296,550], enabled=true, focused=false, checked=false, scrollable=false, selected=false, class=android.widget.Button, important-for-accessibility=true, error=}, children=[TreeNode(attributes={text=, accessibilityText=, hintText=, ignoreBoundsFiltering=false, resource-id=, clickable=false, bounds=[165,502][296,550], enabled=true, focused=false, checked=false, scrollable=false, selected=false, class=android.view.ViewGroup, important-for-accessibility=false, error=}, children=[], clickable=false, enabled=true, focused=false, checked=false, selected=false), TreeNode(attributes={text=Kabul, accessibilityText=, hintText=, ignoreBoundsFiltering=false, resource-id=, clickable=false, bounds=[209,516][253,536], enabled=true, focused=false, checked=false, scrollable=false, selected=false, class=android.widget.TextView, important-for-accessibility=true, error=}, children=[], clickable=false, enabled=true, focused=false, checked=false, selected=false)], clickable=true, enabled=true, focused=false, checked=false, selected=false), bounds=Bounds(x=165, y=502, width=131, height=48))
00:20:17.035 [ INFO] maestro.Maestro.tap-HgV9Ck0: Tap aimed via settled hierarchy
00:20:17.036 [ INFO] maestro.Maestro.hierarchyBasedTap-ogj28Uc: Tapping at (230, 526) using hierarchy based logic for wait
00:20:18.173 [ INFO] maestro.Maestro.hierarchyBasedTap-ogj28Uc: Something has changed in the UI judging by view hierarchy. Proceed.
00:20:18.173 [ INFO] maestro.cli.runner.CliConsoleListener.onCommandFinished: Tap on id: join-accept COMPLETED
00:20:18.173 [ INFO] maestro.cli.runner.CliConsoleListener.onCommandStart: Assert that id: propose-tabu is visible RUNNING
00:20:18.309 [ INFO] maestro.cli.runner.CliConsoleListener.onCommandFinished: Assert that id: propose-tabu is visible COMPLETED
00:20:18.309 [ INFO] maestro.cli.runner.CliConsoleListener.onCommandStart: Take screenshot 16-room-two-tables RUNNING
00:20:18.309 [ INFO] maestro.Maestro.takeScreenshot: Taking screenshot
00:20:18.310 [TRACE] maestro.utils.ScreenshotUtils.takeScreenshot: Taking screenshot to output sink
00:20:18.411 [ INFO] maestro.cli.runner.CliConsoleListener.onCommandFinished: Take screenshot 16-room-two-tables COMPLETED
00:20:18.411 [ INFO] maestro.cli.runner.CliConsoleListener.onCommandStart: Run ../scripts/bot.js RUNNING
00:20:18.489 [ INFO] maestro.cli.runner.CliConsoleListener.onCommandFinished: Run ../scripts/bot.js COMPLETED
00:20:18.489 [ INFO] maestro.cli.runner.CliConsoleListener.onCommandStart: Assert that id: proposal-accept is visible RUNNING
00:20:19.384 [ INFO] maestro.cli.runner.CliConsoleListener.onCommandFinished: Assert that id: proposal-accept is visible COMPLETED
00:20:19.385 [ INFO] maestro.cli.runner.CliConsoleListener.onCommandStart: Take screenshot 16b-proposal RUNNING
00:20:19.385 [ INFO] maestro.Maestro.takeScreenshot: Taking screenshot
00:20:19.385 [TRACE] maestro.utils.ScreenshotUtils.takeScreenshot: Taking screenshot to output sink
00:20:19.408 [ INFO] maestro.cli.runner.CliConsoleListener.onCommandFinished: Take screenshot 16b-proposal COMPLETED
00:20:19.408 [ INFO] maestro.cli.runner.CliConsoleListener.onCommandStart: Tap on id: proposal-accept RUNNING
00:20:19.526 [ INFO] maestro.Maestro.tap-HgV9Ck0: Tapping on element:  UiElement(treeNode=TreeNode(attributes={text=, accessibilityText=Oynayalım, hintText=, ignoreBoundsFiltering=false, resource-id=proposal-accept, clickable=true, bounds=[165,215][286,263], enabled=true, focused=false, checked=false, scrollable=false, selected=false, class=android.widget.Button, important-for-accessibility=true, error=}, children=[TreeNode(attributes={text=, accessibilityText=, hintText=, ignoreBoundsFiltering=false, resource-id=, clickable=false, bounds=[165,215][286,263], enabled=true, focused=false, checked=false, scrollable=false, selected=false, class=android.view.ViewGroup, important-for-accessibility=false, error=}, children=[], clickable=false, enabled=true, focused=false, checked=false, selected=false), TreeNode(attributes={text=Oynayalım, accessibilityText=, hintText=, ignoreBoundsFiltering=false, resource-id=, clickable=false, bounds=[188,229][263,249], enabled=true, focused=false, checked=false, scrollable=false, selected=false, class=android.widget.TextView, important-for-accessibility=true, error=}, children=[], clickable=false, enabled=true, focused=false, checked=false, selected=false)], clickable=true, enabled=true, focused=false, checked=false, selected=false), bounds=Bounds(x=165, y=215, width=121, height=48))
00:20:20.792 [ INFO] maestro.Maestro.tap-HgV9Ck0: Tap aimed via settled hierarchy
00:20:20.792 [ INFO] maestro.Maestro.hierarchyBasedTap-ogj28Uc: Tapping at (225, 239) using hierarchy based logic for wait
00:20:22.400 [ INFO] maestro.Maestro.hierarchyBasedTap-ogj28Uc: Something has changed in the UI judging by view hierarchy. Proceed.
00:20:22.402 [ INFO] maestro.cli.runner.CliConsoleListener.onCommandFinished: Tap on id: proposal-accept COMPLETED
00:20:22.402 [ INFO] maestro.cli.runner.CliConsoleListener.onCommandStart: Assert that id: first-game-intro is visible RUNNING
00:20:22.508 [ INFO] maestro.cli.runner.CliConsoleListener.onCommandFinished: Assert that id: first-game-intro is visible COMPLETED
00:20:22.508 [ INFO] maestro.cli.runner.CliConsoleListener.onCommandStart: Take screenshot 16c-first-game-intro RUNNING
00:20:22.508 [ INFO] maestro.Maestro.takeScreenshot: Taking screenshot
00:20:22.509 [TRACE] maestro.utils.ScreenshotUtils.takeScreenshot: Taking screenshot to output sink
00:20:22.537 [ INFO] maestro.cli.runner.CliConsoleListener.onCommandFinished: Take screenshot 16c-first-game-intro COMPLETED
00:20:22.537 [ INFO] maestro.cli.runner.CliConsoleListener.onCommandStart: Tap on id: intro-done RUNNING
00:20:22.688 [ INFO] maestro.Maestro.tap-HgV9Ck0: Tapping on element:  UiElement(treeNode=TreeNode(attributes={text=, accessibilityText=Anladım, başlayalım, hintText=, ignoreBoundsFiltering=false, resource-id=intro-done, clickable=true, bounds=[20,572][300,620], enabled=true, focused=false, checked=false, scrollable=false, selected=false, class=android.widget.Button, important-for-accessibility=true, error=}, children=[TreeNode(attributes={text=, accessibilityText=, hintText=, ignoreBoundsFiltering=false, resource-id=, clickable=false, bounds=[20,572][300,620], enabled=true, focused=false, checked=false, scrollable=false, selected=false, class=android.view.ViewGroup, important-for-accessibility=false, error=}, children=[], clickable=false, enabled=true, focused=false, checked=false, selected=false), TreeNode(attributes={text=Anladım, başlayalım, accessibilityText=, hintText=, ignoreBoundsFiltering=false, resource-id=, clickable=false, bounds=[84,586][236,606], enabled=true, focused=false, checked=false, scrollable=false, selected=false, class=android.widget.TextView, important-for-accessibility=true, error=}, children=[], clickable=false, enabled=true, focused=false, checked=false, selected=false)], clickable=true, enabled=true, focused=false, checked=false, selected=false), bounds=Bounds(x=20, y=572, width=280, height=48))
00:20:23.983 [ INFO] maestro.Maestro.tap-HgV9Ck0: Tap aimed via settled hierarchy
00:20:23.984 [ INFO] maestro.Maestro.hierarchyBasedTap-ogj28Uc: Tapping at (160, 596) using hierarchy based logic for wait
00:20:24.835 [ INFO] maestro.Maestro.hierarchyBasedTap-ogj28Uc: Something has changed in the UI judging by view hierarchy. Proceed.
00:20:24.835 [ INFO] maestro.cli.runner.CliConsoleListener.onCommandFinished: Tap on id: intro-done COMPLETED
00:20:24.836 [ INFO] maestro.cli.runner.CliConsoleListener.onCommandStart: Assert that id: turn-start is visible RUNNING
00:20:24.944 [ INFO] maestro.cli.runner.CliConsoleListener.onCommandFinished: Assert that id: turn-start is visible COMPLETED
00:20:24.944 [ INFO] maestro.cli.runner.CliConsoleListener.onCommandStart: Take screenshot 16d-turn-ready RUNNING
00:20:24.944 [ INFO] maestro.Maestro.takeScreenshot: Taking screenshot
00:20:24.945 [TRACE] maestro.utils.ScreenshotUtils.takeScreenshot: Taking screenshot to output sink
00:20:25.006 [ INFO] maestro.cli.runner.CliConsoleListener.onCommandFinished: Take screenshot 16d-turn-ready COMPLETED
00:20:25.006 [ INFO] maestro.cli.runner.CliConsoleListener.onCommandStart: Tap on id: turn-start RUNNING
00:20:25.076 [ INFO] maestro.Maestro.tap-HgV9Ck0: Tapping on element:  UiElement(treeNode=TreeNode(attributes={text=, accessibilityText=Turu başlat, hintText=, ignoreBoundsFiltering=false, resource-id=turn-start, clickable=true, bounds=[62,80][258,170], enabled=true, focused=false, checked=false, scrollable=false, selected=false, class=android.widget.Button, important-for-accessibility=true, error=}, children=[TreeNode(attributes={text=, accessibilityText=, hintText=, ignoreBoundsFiltering=false, resource-id=, clickable=false, bounds=[62,80][258,170], enabled=true, focused=false, checked=false, scrollable=false, selected=false, class=android.view.ViewGroup, important-for-accessibility=false, error=}, children=[TreeNode(attributes={text=Başla, accessibilityText=, hintText=, ignoreBoundsFiltering=false, resource-id=, clickable=false, bounds=[89,80][231,101], enabled=true, focused=false, checked=false, scrollable=false, selected=false, class=android.widget.TextView, important-for-accessibility=true, error=}, children=[], clickable=false, enabled=true, focused=false, checked=false, selected=false)], clickable=false, enabled=true, focused=false, checked=false, selected=false)], clickable=true, enabled=true, focused=false, checked=false, selected=false), bounds=Bounds(x=62, y=80, width=196, height=90))
00:20:26.303 [ INFO] maestro.Maestro.tap-HgV9Ck0: Tap aimed via settled hierarchy
00:20:26.304 [ INFO] maestro.Maestro.hierarchyBasedTap-ogj28Uc: Tapping at (160, 125) using hierarchy based logic for wait
00:20:26.599 [ INFO] maestro.cli.runner.CliConsoleListener.onCommandFinished: Tap on id: turn-start COMPLETED
00:20:26.599 [ INFO] maestro.cli.runner.CliConsoleListener.onCommandStart: Assert that "Kartı görmek için dokun" is visible RUNNING
00:20:37.134 [ INFO] maestro.cli.runner.CliConsoleListener.onCommandFinished: Assert that "Kartı görmek için dokun" is visible COMPLETED
00:20:37.134 [ INFO] maestro.cli.runner.CliConsoleListener.onCommandStart: Take screenshot 17-card-covered RUNNING
00:20:37.134 [ INFO] maestro.Maestro.takeScreenshot: Taking screenshot
00:20:37.135 [TRACE] maestro.utils.ScreenshotUtils.takeScreenshot: Taking screenshot to output sink
00:20:37.157 [ INFO] maestro.cli.runner.CliConsoleListener.onCommandFinished: Take screenshot 17-card-covered COMPLETED
00:20:37.157 [ INFO] maestro.cli.runner.CliConsoleListener.onCommandStart: Tap on "Kartı görmek için dokun" RUNNING
00:20:37.737 [ INFO] maestro.Maestro.tap-HgV9Ck0: Tapping on element:  UiElement(treeNode=TreeNode(attributes={text=Kartı görmek için dokun, accessibilityText=, hintText=, ignoreBoundsFiltering=false, resource-id=, clickable=false, bounds=[40,409][280,465], enabled=true, focused=false, checked=false, scrollable=false, selected=false, class=android.widget.TextView, important-for-accessibility=true, error=}, children=[], clickable=false, enabled=true, focused=false, checked=false, selected=false), bounds=Bounds(x=40, y=409, width=240, height=56))
00:20:39.092 [ INFO] maestro.Maestro.tap-HgV9Ck0: Tap aimed via settled hierarchy
00:20:39.092 [ INFO] maestro.Maestro.hierarchyBasedTap-ogj28Uc: Tapping at (160, 437) using hierarchy based logic for wait
00:20:39.948 [ INFO] maestro.Maestro.hierarchyBasedTap-ogj28Uc: Something has changed in the UI judging by view hierarchy. Proceed.
00:20:39.948 [ INFO] maestro.cli.runner.CliConsoleListener.onCommandFinished: Tap on "Kartı görmek için dokun" COMPLETED
00:20:39.948 [ INFO] maestro.cli.runner.CliConsoleListener.onCommandStart: Assert that id: tabu-card is visible RUNNING
00:20:40.069 [ INFO] maestro.cli.runner.CliConsoleListener.onCommandFinished: Assert that id: tabu-card is visible COMPLETED
00:20:40.069 [ INFO] maestro.cli.runner.CliConsoleListener.onCommandStart: Take screenshot 18-card-open RUNNING
00:20:40.069 [ INFO] maestro.Maestro.takeScreenshot: Taking screenshot
00:20:40.069 [TRACE] maestro.utils.ScreenshotUtils.takeScreenshot: Taking screenshot to output sink
00:20:40.130 [ INFO] maestro.cli.runner.CliConsoleListener.onCommandFinished: Take screenshot 18-card-open COMPLETED
00:20:40.130 [ INFO] maestro.cli.runner.CliConsoleListener.onCommandStart: Tap on id: game-chat RUNNING
00:20:40.681 [ INFO] maestro.Maestro.tap-HgV9Ck0: Tapping on element:  UiElement(treeNode=TreeNode(attributes={text=, accessibilityText=Sohbet, hintText=, ignoreBoundsFiltering=false, resource-id=game-chat, clickable=true, bounds=[260,30][304,74], enabled=true, focused=false, checked=false, scrollable=false, selected=false, class=android.widget.Button, important-for-accessibility=true, error=}, children=[TreeNode(attributes={text=, accessibilityText=, hintText=, ignoreBoundsFiltering=false, resource-id=, clickable=false, bounds=[260,30][304,74], enabled=true, focused=false, checked=false, scrollable=false, selected=false, class=android.view.ViewGroup, important-for-accessibility=false, error=}, children=[], clickable=false, enabled=true, focused=false, checked=false, selected=false), TreeNode(attributes={text=, accessibilityText=, hintText=, ignoreBoundsFiltering=false, resource-id=, clickable=false, bounds=[272,41][292,62], enabled=true, focused=false, checked=false, scrollable=false, selected=false, class=android.widget.TextView, important-for-accessibility=true, error=}, children=[], clickable=false, enabled=true, focused=false, checked=false, selected=false)], clickable=true, enabled=true, focused=false, checked=false, selected=false), bounds=Bounds(x=260, y=30, width=44, height=44))
00:20:42.008 [ INFO] maestro.Maestro.tap-HgV9Ck0: Tap aimed via settled hierarchy
00:20:42.008 [ INFO] maestro.Maestro.hierarchyBasedTap-ogj28Uc: Tapping at (282, 52) using hierarchy based logic for wait
00:20:43.010 [ INFO] maestro.Maestro.hierarchyBasedTap-ogj28Uc: Something has changed in the UI judging by view hierarchy. Proceed.
00:20:43.010 [ INFO] maestro.cli.runner.CliConsoleListener.onCommandFinished: Tap on id: game-chat COMPLETED
00:20:43.010 [ INFO] maestro.cli.runner.CliConsoleListener.onCommandStart: Assert that id: game-chat-panel is visible RUNNING
00:20:43.138 [ INFO] maestro.cli.runner.CliConsoleListener.onCommandFinished: Assert that id: game-chat-panel is visible COMPLETED
00:20:43.138 [ INFO] maestro.cli.runner.CliConsoleListener.onCommandStart: Take screenshot 18b-game-chat RUNNING
00:20:43.139 [ INFO] maestro.Maestro.takeScreenshot: Taking screenshot
00:20:43.139 [TRACE] maestro.utils.ScreenshotUtils.takeScreenshot: Taking screenshot to output sink
00:20:43.244 [ INFO] maestro.cli.runner.CliConsoleListener.onCommandFinished: Take screenshot 18b-game-chat COMPLETED
00:20:43.244 [ INFO] maestro.cli.runner.CliConsoleListener.onCommandStart: Tap on id: chat-back RUNNING
00:20:44.206 [ INFO] maestro.Maestro.tap-HgV9Ck0: Tapping on element:  UiElement(treeNode=TreeNode(attributes={text=, accessibilityText=Geri, hintText=, ignoreBoundsFiltering=false, resource-id=chat-back, clickable=true, bounds=[4,149][48,193], enabled=true, focused=false, checked=false, scrollable=false, selected=false, class=android.widget.Button, important-for-accessibility=true, error=}, children=[TreeNode(attributes={text=, accessibilityText=, hintText=, ignoreBoundsFiltering=false, resource-id=, clickable=false, bounds=[14,158][38,184], enabled=true, focused=false, checked=false, scrollable=false, selected=false, class=android.widget.TextView, important-for-accessibility=true, error=}, children=[], clickable=false, enabled=true, focused=false, checked=false, selected=false)], clickable=true, enabled=true, focused=false, checked=false, selected=false), bounds=Bounds(x=4, y=149, width=44, height=44))
00:20:46.044 [ INFO] maestro.Maestro.tap-HgV9Ck0: Tap aimed via settled hierarchy
00:20:46.045 [ INFO] maestro.Maestro.hierarchyBasedTap-ogj28Uc: Tapping at (26, 171) using hierarchy based logic for wait
00:20:46.857 [ INFO] maestro.Maestro.hierarchyBasedTap-ogj28Uc: Something has changed in the UI judging by view hierarchy. Proceed.
00:20:46.857 [ INFO] maestro.cli.runner.CliConsoleListener.onCommandFinished: Tap on id: chat-back COMPLETED
00:20:46.857 [ INFO] maestro.cli.runner.CliConsoleListener.onCommandStart: Scrolling DOWN until id: tabu-pass is visible with speed 40, visibility percentage 100%, timeout 10000 ms, with centering enabled RUNNING
00:20:46.982 [ INFO] maestro.orchestra.Orchestra.scrollUntilVisible: Scrolling try count: 0, DeviceWidth: 320, DeviceWidth: 640
00:20:46.983 [ INFO] maestro.orchestra.Orchestra.scrollUntilVisible: Element bounds: Bounds(x=165, y=611, width=139, height=29)
00:20:46.983 [ INFO] maestro.orchestra.Orchestra.scrollUntilVisible: Visibility Percent: 1.0
00:20:46.983 [ INFO] maestro.orchestra.Orchestra.scrollUntilVisible: Command centerElement: ScrollUntilVisibleCommand(selector=ElementSelector(textRegex=null, idRegex=tabu-pass, size=null, below=null, above=null, leftOf=null, rightOf=null, containsChild=null, containsDescendants=null, traits=null, index=null, enabled=null, optional=false, selected=null, checked=null, focused=null, childOf=null, css=null), direction=DOWN, scrollDuration=601, visibilityPercentage=100, timeout=10000, waitToSettleTimeoutMs=null, centerElement=true, originalSpeedValue=40, label=null, optional=false).centerElement
00:20:46.983 [ INFO] maestro.orchestra.Orchestra.scrollUntilVisible: visibilityPercentageNormalized: 1.0
00:20:47.024 [ INFO] maestro.Maestro.swipeFromCenter: Swiping UP from center
00:20:48.857 [ INFO] maestro.orchestra.Orchestra.scrollUntilVisible: Scrolling try count: 1, DeviceWidth: 320, DeviceWidth: 640
00:20:48.857 [ INFO] maestro.orchestra.Orchestra.scrollUntilVisible: Element bounds: Bounds(x=165, y=468, width=139, height=64)
00:20:48.857 [ INFO] maestro.orchestra.Orchestra.scrollUntilVisible: Visibility Percent: 1.0
00:20:48.857 [ INFO] maestro.orchestra.Orchestra.scrollUntilVisible: Command centerElement: ScrollUntilVisibleCommand(selector=ElementSelector(textRegex=null, idRegex=tabu-pass, size=null, below=null, above=null, leftOf=null, rightOf=null, containsChild=null, containsDescendants=null, traits=null, index=null, enabled=null, optional=false, selected=null, checked=null, focused=null, childOf=null, css=null), direction=DOWN, scrollDuration=601, visibilityPercentage=100, timeout=10000, waitToSettleTimeoutMs=null, centerElement=true, originalSpeedValue=40, label=null, optional=false).centerElement
00:20:48.857 [ INFO] maestro.orchestra.Orchestra.scrollUntilVisible: visibilityPercentageNormalized: 1.0
00:20:48.898 [ INFO] maestro.Maestro.swipeFromCenter: Swiping UP from center
00:20:49.955 [ INFO] maestro.orchestra.Orchestra.scrollUntilVisible: Scrolling try count: 2, DeviceWidth: 320, DeviceWidth: 640
00:20:49.955 [ INFO] maestro.orchestra.Orchestra.scrollUntilVisible: Element bounds: Bounds(x=165, y=468, width=139, height=64)
00:20:49.955 [ INFO] maestro.orchestra.Orchestra.scrollUntilVisible: Visibility Percent: 1.0
00:20:49.955 [ INFO] maestro.orchestra.Orchestra.scrollUntilVisible: Command centerElement: ScrollUntilVisibleCommand(selector=ElementSelector(textRegex=null, idRegex=tabu-pass, size=null, below=null, above=null, leftOf=null, rightOf=null, containsChild=null, containsDescendants=null, traits=null, index=null, enabled=null, optional=false, selected=null, checked=null, focused=null, childOf=null, css=null), direction=DOWN, scrollDuration=601, visibilityPercentage=100, timeout=10000, waitToSettleTimeoutMs=null, centerElement=true, originalSpeedValue=40, label=null, optional=false).centerElement
00:20:49.956 [ INFO] maestro.orchestra.Orchestra.scrollUntilVisible: visibilityPercentageNormalized: 1.0
00:20:50.038 [ INFO] maestro.Maestro.swipeFromCenter: Swiping UP from center
00:20:51.000 [ INFO] maestro.orchestra.Orchestra.scrollUntilVisible: Scrolling try count: 3, DeviceWidth: 320, DeviceWidth: 640
00:20:51.000 [ INFO] maestro.orchestra.Orchestra.scrollUntilVisible: Element bounds: Bounds(x=165, y=468, width=139, height=64)
00:20:51.001 [ INFO] maestro.orchestra.Orchestra.scrollUntilVisible: Visibility Percent: 1.0
00:20:51.001 [ INFO] maestro.orchestra.Orchestra.scrollUntilVisible: Command centerElement: ScrollUntilVisibleCommand(selector=ElementSelector(textRegex=null, idRegex=tabu-pass, size=null, below=null, above=null, leftOf=null, rightOf=null, containsChild=null, containsDescendants=null, traits=null, index=null, enabled=null, optional=false, selected=null, checked=null, focused=null, childOf=null, css=null), direction=DOWN, scrollDuration=601, visibilityPercentage=100, timeout=10000, waitToSettleTimeoutMs=null, centerElement=true, originalSpeedValue=40, label=null, optional=false).centerElement
00:20:51.001 [ INFO] maestro.orchestra.Orchestra.scrollUntilVisible: visibilityPercentageNormalized: 1.0
00:20:51.042 [ INFO] maestro.Maestro.swipeFromCenter: Swiping UP from center
00:20:52.678 [ INFO] maestro.orchestra.Orchestra.scrollUntilVisible: Scrolling try count: 4, DeviceWidth: 320, DeviceWidth: 640
00:20:52.679 [ INFO] maestro.orchestra.Orchestra.scrollUntilVisible: Element bounds: Bounds(x=165, y=468, width=139, height=64)
00:20:52.679 [ INFO] maestro.orchestra.Orchestra.scrollUntilVisible: Visibility Percent: 1.0
00:20:52.679 [ INFO] maestro.orchestra.Orchestra.scrollUntilVisible: Command centerElement: ScrollUntilVisibleCommand(selector=ElementSelector(textRegex=null, idRegex=tabu-pass, size=null, below=null, above=null, leftOf=null, rightOf=null, containsChild=null, containsDescendants=null, traits=null, index=null, enabled=null, optional=false, selected=null, checked=null, focused=null, childOf=null, css=null), direction=DOWN, scrollDuration=601, visibilityPercentage=100, timeout=10000, waitToSettleTimeoutMs=null, centerElement=true, originalSpeedValue=40, label=null, optional=false).centerElement
00:20:52.679 [ INFO] maestro.orchestra.Orchestra.scrollUntilVisible: visibilityPercentageNormalized: 1.0
00:20:52.682 [ INFO] maestro.Maestro.swipeFromCenter: Swiping UP from center
00:20:54.045 [ INFO] maestro.orchestra.Orchestra.scrollUntilVisible: Scrolling try count: 5, DeviceWidth: 320, DeviceWidth: 640
00:20:54.045 [ INFO] maestro.orchestra.Orchestra.scrollUntilVisible: Element bounds: Bounds(x=165, y=468, width=139, height=64)
00:20:54.045 [ INFO] maestro.orchestra.Orchestra.scrollUntilVisible: Visibility Percent: 1.0
00:20:54.045 [ INFO] maestro.orchestra.Orchestra.scrollUntilVisible: Command centerElement: ScrollUntilVisibleCommand(selector=ElementSelector(textRegex=null, idRegex=tabu-pass, size=null, below=null, above=null, leftOf=null, rightOf=null, containsChild=null, containsDescendants=null, traits=null, index=null, enabled=null, optional=false, selected=null, checked=null, focused=null, childOf=null, css=null), direction=DOWN, scrollDuration=601, visibilityPercentage=100, timeout=10000, waitToSettleTimeoutMs=null, centerElement=true, originalSpeedValue=40, label=null, optional=false).centerElement
00:20:54.045 [ INFO] maestro.orchestra.Orchestra.scrollUntilVisible: visibilityPercentageNormalized: 1.0
00:20:54.045 [ INFO] maestro.cli.runner.CliConsoleListener.onCommandFinished: Scrolling DOWN until id: tabu-pass is visible with speed 40, visibility percentage 100%, timeout 10000 ms, with centering enabled COMPLETED
00:20:54.046 [ INFO] maestro.cli.runner.CliConsoleListener.onCommandStart: Assert that "3 hak" is visible RUNNING
00:20:54.125 [ INFO] maestro.cli.runner.CliConsoleListener.onCommandFinished: Assert that "3 hak" is visible COMPLETED
00:20:54.125 [ INFO] maestro.cli.runner.CliConsoleListener.onCommandStart: Tap on id: tabu-pass RUNNING
00:20:54.804 [ INFO] maestro.Maestro.tap-HgV9Ck0: Tapping on element:  UiElement(treeNode=TreeNode(attributes={text=, accessibilityText=Pas, 3 pas hakkı, hintText=, ignoreBoundsFiltering=false, resource-id=tabu-pass, clickable=true, bounds=[165,468][304,532], enabled=true, focused=false, checked=false, scrollable=false, selected=false, class=android.widget.Button, important-for-accessibility=true, error=}, children=[TreeNode(attributes={text=, accessibilityText=, hintText=, ignoreBoundsFiltering=false, resource-id=, clickable=false, bounds=[165,468][304,532], enabled=true, focused=false, checked=false, scrollable=false, selected=false, class=android.view.ViewGroup, important-for-accessibility=false, error=}, children=[], clickable=false, enabled=true, focused=false, checked=false, selected=false), TreeNode(attributes={text=, accessibilityText=, hintText=, ignoreBoundsFiltering=false, resource-id=, clickable=false, bounds=[184,489][204,510], enabled=true, focused=false, checked=false, scrollable=false, selected=false, class=android.widget.TextView, important-for-accessibility=true, error=}, children=[], clickable=false, enabled=true, focused=false, checked=false, selected=false), TreeNode(attributes={text=Pas, accessibilityText=, hintText=, ignoreBoundsFiltering=false, resource-id=, clickable=false, bounds=[211,489][241,511], enabled=true, focused=false, checked=false, scrollable=false, selected=false, class=android.widget.TextView, important-for-accessibility=true, error=}, children=[], clickable=false, enabled=true, focused=false, checked=false, selected=false), TreeNode(attributes={text=3 hak, accessibilityText=, hintText=, ignoreBoundsFiltering=false, resource-id=, clickable=false, bounds=[245,491][285,511], enabled=true, focused=false, checked=false, scrollable=false, selected=false, class=android.widget.TextView, important-for-accessibility=true, error=}, children=[], clickable=false, enabled=true, focused=false, checked=false, selected=false)], clickable=true, enabled=true, focused=false, checked=false, selected=false), bounds=Bounds(x=165, y=468, width=139, height=64))
00:20:55.872 [ INFO] maestro.Maestro.tap-HgV9Ck0: Tap aimed via settled hierarchy
00:20:55.872 [ INFO] maestro.Maestro.hierarchyBasedTap-ogj28Uc: Tapping at (234, 500) using hierarchy based logic for wait
00:20:57.753 [ INFO] maestro.Maestro.hierarchyBasedTap-ogj28Uc: Something has changed in the UI judging by view hierarchy. Proceed.
00:20:57.753 [ INFO] maestro.cli.runner.CliConsoleListener.onCommandFinished: Tap on id: tabu-pass COMPLETED
00:20:57.753 [ INFO] maestro.cli.runner.CliConsoleListener.onCommandStart: Scrolling DOWN until "2 hak" is visible with speed 40, visibility percentage 100%, timeout 10000 ms, with centering enabled RUNNING
00:20:57.881 [ INFO] maestro.orchestra.Orchestra.scrollUntilVisible: Scrolling try count: 0, DeviceWidth: 320, DeviceWidth: 640
00:20:57.881 [ INFO] maestro.orchestra.Orchestra.scrollUntilVisible: Element bounds: Bounds(x=245, y=491, width=40, height=20)
00:20:57.881 [ INFO] maestro.orchestra.Orchestra.scrollUntilVisible: Visibility Percent: 1.0
00:20:57.881 [ INFO] maestro.orchestra.Orchestra.scrollUntilVisible: Command centerElement: ScrollUntilVisibleCommand(selector=ElementSelector(textRegex=2 hak, idRegex=null, size=null, below=null, above=null, leftOf=null, rightOf=null, containsChild=null, containsDescendants=null, traits=null, index=null, enabled=null, optional=false, selected=null, checked=null, focused=null, childOf=null, css=null), direction=DOWN, scrollDuration=601, visibilityPercentage=100, timeout=10000, waitToSettleTimeoutMs=null, centerElement=true, originalSpeedValue=40, label=null, optional=false).centerElement
00:20:57.881 [ INFO] maestro.orchestra.Orchestra.scrollUntilVisible: visibilityPercentageNormalized: 1.0
00:20:57.923 [ INFO] maestro.Maestro.swipeFromCenter: Swiping UP from center
00:20:59.268 [ INFO] maestro.orchestra.Orchestra.scrollUntilVisible: Scrolling try count: 1, DeviceWidth: 320, DeviceWidth: 640
00:20:59.268 [ INFO] maestro.orchestra.Orchestra.scrollUntilVisible: Element bounds: Bounds(x=245, y=491, width=40, height=20)
00:20:59.269 [ INFO] maestro.orchestra.Orchestra.scrollUntilVisible: Visibility Percent: 1.0
00:20:59.269 [ INFO] maestro.orchestra.Orchestra.scrollUntilVisible: Command centerElement: ScrollUntilVisibleCommand(selector=ElementSelector(textRegex=2 hak, idRegex=null, size=null, below=null, above=null, leftOf=null, rightOf=null, containsChild=null, containsDescendants=null, traits=null, index=null, enabled=null, optional=false, selected=null, checked=null, focused=null, childOf=null, css=null), direction=DOWN, scrollDuration=601, visibilityPercentage=100, timeout=10000, waitToSettleTimeoutMs=null, centerElement=true, originalSpeedValue=40, label=null, optional=false).centerElement
00:20:59.269 [ INFO] maestro.orchestra.Orchestra.scrollUntilVisible: visibilityPercentageNormalized: 1.0
00:20:59.273 [ INFO] maestro.Maestro.swipeFromCenter: Swiping UP from center
00:21:01.813 [ INFO] maestro.orchestra.Orchestra.scrollUntilVisible: Scrolling try count: 2, DeviceWidth: 320, DeviceWidth: 640
00:21:01.813 [ INFO] maestro.orchestra.Orchestra.scrollUntilVisible: Element bounds: Bounds(x=245, y=491, width=40, height=20)
00:21:01.813 [ INFO] maestro.orchestra.Orchestra.scrollUntilVisible: Visibility Percent: 1.0
00:21:01.813 [ INFO] maestro.orchestra.Orchestra.scrollUntilVisible: Command centerElement: ScrollUntilVisibleCommand(selector=ElementSelector(textRegex=2 hak, idRegex=null, size=null, below=null, above=null, leftOf=null, rightOf=null, containsChild=null, containsDescendants=null, traits=null, index=null, enabled=null, optional=false, selected=null, checked=null, focused=null, childOf=null, css=null), direction=DOWN, scrollDuration=601, visibilityPercentage=100, timeout=10000, waitToSettleTimeoutMs=null, centerElement=true, originalSpeedValue=40, label=null, optional=false).centerElement
00:21:01.813 [ INFO] maestro.orchestra.Orchestra.scrollUntilVisible: visibilityPercentageNormalized: 1.0
00:21:01.854 [ INFO] maestro.Maestro.swipeFromCenter: Swiping UP from center
00:21:03.214 [ INFO] maestro.orchestra.Orchestra.scrollUntilVisible: Scrolling try count: 3, DeviceWidth: 320, DeviceWidth: 640
00:21:03.214 [ INFO] maestro.orchestra.Orchestra.scrollUntilVisible: Element bounds: Bounds(x=245, y=491, width=40, height=20)
00:21:03.214 [ INFO] maestro.orchestra.Orchestra.scrollUntilVisible: Visibility Percent: 1.0
00:21:03.214 [ INFO] maestro.orchestra.Orchestra.scrollUntilVisible: Command centerElement: ScrollUntilVisibleCommand(selector=ElementSelector(textRegex=2 hak, idRegex=null, size=null, below=null, above=null, leftOf=null, rightOf=null, containsChild=null, containsDescendants=null, traits=null, index=null, enabled=null, optional=false, selected=null, checked=null, focused=null, childOf=null, css=null), direction=DOWN, scrollDuration=601, visibilityPercentage=100, timeout=10000, waitToSettleTimeoutMs=null, centerElement=true, originalSpeedValue=40, label=null, optional=false).centerElement
00:21:03.214 [ INFO] maestro.orchestra.Orchestra.scrollUntilVisible: visibilityPercentageNormalized: 1.0
00:21:03.217 [ INFO] maestro.Maestro.swipeFromCenter: Swiping UP from center
00:21:04.668 [ INFO] maestro.orchestra.Orchestra.scrollUntilVisible: Scrolling try count: 4, DeviceWidth: 320, DeviceWidth: 640
00:21:04.669 [ INFO] maestro.orchestra.Orchestra.scrollUntilVisible: Element bounds: Bounds(x=245, y=491, width=40, height=20)
00:21:04.669 [ INFO] maestro.orchestra.Orchestra.scrollUntilVisible: Visibility Percent: 1.0
00:21:04.669 [ INFO] maestro.orchestra.Orchestra.scrollUntilVisible: Command centerElement: ScrollUntilVisibleCommand(selector=ElementSelector(textRegex=2 hak, idRegex=null, size=null, below=null, above=null, leftOf=null, rightOf=null, containsChild=null, containsDescendants=null, traits=null, index=null, enabled=null, optional=false, selected=null, checked=null, focused=null, childOf=null, css=null), direction=DOWN, scrollDuration=601, visibilityPercentage=100, timeout=10000, waitToSettleTimeoutMs=null, centerElement=true, originalSpeedValue=40, label=null, optional=false).centerElement
00:21:04.669 [ INFO] maestro.orchestra.Orchestra.scrollUntilVisible: visibilityPercentageNormalized: 1.0
00:21:04.674 [ INFO] maestro.Maestro.swipeFromCenter: Swiping UP from center
00:21:06.093 [ INFO] maestro.orchestra.Orchestra.scrollUntilVisible: Scrolling try count: 5, DeviceWidth: 320, DeviceWidth: 640
00:21:06.093 [ INFO] maestro.orchestra.Orchestra.scrollUntilVisible: Element bounds: Bounds(x=245, y=491, width=40, height=20)
00:21:06.093 [ INFO] maestro.orchestra.Orchestra.scrollUntilVisible: Visibility Percent: 1.0
00:21:06.093 [ INFO] maestro.orchestra.Orchestra.scrollUntilVisible: Command centerElement: ScrollUntilVisibleCommand(selector=ElementSelector(textRegex=2 hak, idRegex=null, size=null, below=null, above=null, leftOf=null, rightOf=null, containsChild=null, containsDescendants=null, traits=null, index=null, enabled=null, optional=false, selected=null, checked=null, focused=null, childOf=null, css=null), direction=DOWN, scrollDuration=601, visibilityPercentage=100, timeout=10000, waitToSettleTimeoutMs=null, centerElement=true, originalSpeedValue=40, label=null, optional=false).centerElement
00:21:06.093 [ INFO] maestro.orchestra.Orchestra.scrollUntilVisible: visibilityPercentageNormalized: 1.0
00:21:06.093 [ INFO] maestro.cli.runner.CliConsoleListener.onCommandFinished: Scrolling DOWN until "2 hak" is visible with speed 40, visibility percentage 100%, timeout 10000 ms, with centering enabled COMPLETED
00:21:06.093 [ INFO] maestro.cli.runner.CliConsoleListener.onCommandStart: Run ../scripts/bot.js RUNNING
00:21:06.182 [ INFO] maestro.cli.runner.CliConsoleListener.onCommandFinished: Run ../scripts/bot.js COMPLETED
00:21:06.182 [ INFO] maestro.cli.runner.CliConsoleListener.onCommandStart: Take screenshot 19-after-marks RUNNING
00:21:06.183 [ INFO] maestro.Maestro.takeScreenshot: Taking screenshot
00:21:06.183 [TRACE] maestro.utils.ScreenshotUtils.takeScreenshot: Taking screenshot to output sink
00:21:06.208 [ INFO] maestro.cli.runner.CliConsoleListener.onCommandFinished: Take screenshot 19-after-marks COMPLETED
00:21:06.208 [ INFO] maestro.cli.runner.CliConsoleListener.onCommandStart: Run ../scripts/bot.js RUNNING
00:21:06.298 [ INFO] maestro.cli.runner.CliConsoleListener.onCommandFinished: Run ../scripts/bot.js COMPLETED
00:21:06.298 [ INFO] maestro.cli.runner.CliConsoleListener.onCommandStart: Assert that id: turn-countdown is visible RUNNING
00:21:07.068 [ INFO] maestro.cli.runner.CliConsoleListener.onCommandFinished: Assert that id: turn-countdown is visible COMPLETED
00:21:07.068 [ INFO] maestro.cli.runner.CliConsoleListener.onCommandStart: Take screenshot 19b-turn-ready-waiting RUNNING
00:21:07.069 [ INFO] maestro.Maestro.takeScreenshot: Taking screenshot
00:21:07.069 [TRACE] maestro.utils.ScreenshotUtils.takeScreenshot: Taking screenshot to output sink
00:21:07.130 [ INFO] maestro.cli.runner.CliConsoleListener.onCommandFinished: Take screenshot 19b-turn-ready-waiting COMPLETED
00:21:07.130 [ INFO] maestro.cli.runner.CliConsoleListener.onCommandStart: Run ../scripts/bot.js RUNNING
00:21:07.193 [ INFO] maestro.cli.runner.CliConsoleListener.onCommandFinished: Run ../scripts/bot.js COMPLETED
00:21:07.193 [ INFO] maestro.cli.runner.CliConsoleListener.onCommandStart: Scrolling UP until ".*Tur 2/6" is visible with speed 40, visibility percentage 100%, timeout 20000 ms, with centering disabled RUNNING
00:21:08.233 [ INFO] maestro.orchestra.Orchestra.scrollUntilVisible: Scrolling try count: 0, DeviceWidth: 320, DeviceWidth: 640
00:21:08.234 [ INFO] maestro.orchestra.Orchestra.scrollUntilVisible: Element bounds: Bounds(x=16, y=96, width=88, height=20)
00:21:08.234 [ INFO] maestro.orchestra.Orchestra.scrollUntilVisible: Visibility Percent: 1.0
00:21:08.234 [ INFO] maestro.orchestra.Orchestra.scrollUntilVisible: Command centerElement: ScrollUntilVisibleCommand(selector=ElementSelector(textRegex=.*Tur 2/6, idRegex=null, size=null, below=null, above=null, leftOf=null, rightOf=null, containsChild=null, containsDescendants=null, traits=null, index=null, enabled=null, optional=false, selected=null, checked=null, focused=null, childOf=null, css=null), direction=UP, scrollDuration=601, visibilityPercentage=100, timeout=20000, waitToSettleTimeoutMs=null, centerElement=false, originalSpeedValue=40, label=null, optional=false).centerElement
00:21:08.234 [ INFO] maestro.orchestra.Orchestra.scrollUntilVisible: visibilityPercentageNormalized: 1.0
00:21:08.234 [ INFO] maestro.cli.runner.CliConsoleListener.onCommandFinished: Scrolling UP until ".*Tur 2/6" is visible with speed 40, visibility percentage 100%, timeout 20000 ms, with centering disabled COMPLETED
00:21:08.234 [ INFO] maestro.cli.runner.CliConsoleListener.onCommandStart: Scrolling DOWN until id: tabu-taboo is visible with speed 40, visibility percentage 100%, timeout 20000 ms, with centering enabled RUNNING
00:21:08.316 [ INFO] maestro.orchestra.Orchestra.scrollUntilVisible: Scrolling try count: 0, DeviceWidth: 320, DeviceWidth: 640
00:21:08.317 [ INFO] maestro.orchestra.Orchestra.scrollUntilVisible: Element bounds: Bounds(x=165, y=588, width=139, height=52)
00:21:08.317 [ INFO] maestro.orchestra.Orchestra.scrollUntilVisible: Visibility Percent: 1.0
00:21:08.317 [ INFO] maestro.orchestra.Orchestra.scrollUntilVisible: Command centerElement: ScrollUntilVisibleCommand(selector=ElementSelector(textRegex=null, idRegex=tabu-taboo, size=null, below=null, above=null, leftOf=null, rightOf=null, containsChild=null, containsDescendants=null, traits=null, index=null, enabled=null, optional=false, selected=null, checked=null, focused=null, childOf=null, css=null), direction=DOWN, scrollDuration=601, visibilityPercentage=100, timeout=20000, waitToSettleTimeoutMs=null, centerElement=true, originalSpeedValue=40, label=null, optional=false).centerElement
00:21:08.317 [ INFO] maestro.orchestra.Orchestra.scrollUntilVisible: visibilityPercentageNormalized: 1.0
00:21:08.358 [ INFO] maestro.Maestro.swipeFromCenter: Swiping UP from center
00:21:09.677 [ INFO] maestro.orchestra.Orchestra.scrollUntilVisible: Scrolling try count: 1, DeviceWidth: 320, DeviceWidth: 640
00:21:09.677 [ INFO] maestro.orchestra.Orchestra.scrollUntilVisible: Element bounds: Bounds(x=165, y=468, width=139, height=64)
00:21:09.677 [ INFO] maestro.orchestra.Orchestra.scrollUntilVisible: Visibility Percent: 1.0
00:21:09.677 [ INFO] maestro.orchestra.Orchestra.scrollUntilVisible: Command centerElement: ScrollUntilVisibleCommand(selector=ElementSelector(textRegex=null, idRegex=tabu-taboo, size=null, below=null, above=null, leftOf=null, rightOf=null, containsChild=null, containsDescendants=null, traits=null, index=null, enabled=null, optional=false, selected=null, checked=null, focused=null, childOf=null, css=null), direction=DOWN, scrollDuration=601, visibilityPercentage=100, timeout=20000, waitToSettleTimeoutMs=null, centerElement=true, originalSpeedValue=40, label=null, optional=false).centerElement
00:21:09.677 [ INFO] maestro.orchestra.Orchestra.scrollUntilVisible: visibilityPercentageNormalized: 1.0
00:21:09.683 [ INFO] maestro.Maestro.swipeFromCenter: Swiping UP from center
00:21:11.301 [ INFO] maestro.orchestra.Orchestra.scrollUntilVisible: Scrolling try count: 2, DeviceWidth: 320, DeviceWidth: 640
00:21:11.301 [ INFO] maestro.orchestra.Orchestra.scrollUntilVisible: Element bounds: Bounds(x=165, y=468, width=139, height=64)
00:21:11.301 [ INFO] maestro.orchestra.Orchestra.scrollUntilVisible: Visibility Percent: 1.0
00:21:11.301 [ INFO] maestro.orchestra.Orchestra.scrollUntilVisible: Command centerElement: ScrollUntilVisibleCommand(selector=ElementSelector(textRegex=null, idRegex=tabu-taboo, size=null, below=null, above=null, leftOf=null, rightOf=null, containsChild=null, containsDescendants=null, traits=null, index=null, enabled=null, optional=false, selected=null, checked=null, focused=null, childOf=null, css=null), direction=DOWN, scrollDuration=601, visibilityPercentage=100, timeout=20000, waitToSettleTimeoutMs=null, centerElement=true, originalSpeedValue=40, label=null, optional=false).centerElement
00:21:11.301 [ INFO] maestro.orchestra.Orchestra.scrollUntilVisible: visibilityPercentageNormalized: 1.0
00:21:11.305 [ INFO] maestro.Maestro.swipeFromCenter: Swiping UP from center
00:21:12.661 [ INFO] maestro.orchestra.Orchestra.scrollUntilVisible: Scrolling try count: 3, DeviceWidth: 320, DeviceWidth: 640
00:21:12.661 [ INFO] maestro.orchestra.Orchestra.scrollUntilVisible: Element bounds: Bounds(x=165, y=468, width=139, height=64)
00:21:12.661 [ INFO] maestro.orchestra.Orchestra.scrollUntilVisible: Visibility Percent: 1.0
00:21:12.661 [ INFO] maestro.orchestra.Orchestra.scrollUntilVisible: Command centerElement: ScrollUntilVisibleCommand(selector=ElementSelector(textRegex=null, idRegex=tabu-taboo, size=null, below=null, above=null, leftOf=null, rightOf=null, containsChild=null, containsDescendants=null, traits=null, index=null, enabled=null, optional=false, selected=null, checked=null, focused=null, childOf=null, css=null), direction=DOWN, scrollDuration=601, visibilityPercentage=100, timeout=20000, waitToSettleTimeoutMs=null, centerElement=true, originalSpeedValue=40, label=null, optional=false).centerElement
00:21:12.661 [ INFO] maestro.orchestra.Orchestra.scrollUntilVisible: visibilityPercentageNormalized: 1.0
00:21:12.665 [ INFO] maestro.Maestro.swipeFromCenter: Swiping UP from center
00:21:14.113 [ INFO] maestro.orchestra.Orchestra.scrollUntilVisible: Scrolling try count: 4, DeviceWidth: 320, DeviceWidth: 640
00:21:14.113 [ INFO] maestro.orchestra.Orchestra.scrollUntilVisible: Element bounds: Bounds(x=165, y=468, width=139, height=64)
00:21:14.113 [ INFO] maestro.orchestra.Orchestra.scrollUntilVisible: Visibility Percent: 1.0
00:21:14.113 [ INFO] maestro.orchestra.Orchestra.scrollUntilVisible: Command centerElement: ScrollUntilVisibleCommand(selector=ElementSelector(textRegex=null, idRegex=tabu-taboo, size=null, below=null, above=null, leftOf=null, rightOf=null, containsChild=null, containsDescendants=null, traits=null, index=null, enabled=null, optional=false, selected=null, checked=null, focused=null, childOf=null, css=null), direction=DOWN, scrollDuration=601, visibilityPercentage=100, timeout=20000, waitToSettleTimeoutMs=null, centerElement=true, originalSpeedValue=40, label=null, optional=false).centerElement
00:21:14.113 [ INFO] maestro.orchestra.Orchestra.scrollUntilVisible: visibilityPercentageNormalized: 1.0
00:21:14.117 [ INFO] maestro.Maestro.swipeFromCenter: Swiping UP from center
00:21:15.537 [ INFO] maestro.orchestra.Orchestra.scrollUntilVisible: Scrolling try count: 5, DeviceWidth: 320, DeviceWidth: 640
00:21:15.537 [ INFO] maestro.orchestra.Orchestra.scrollUntilVisible: Element bounds: Bounds(x=165, y=468, width=139, height=64)
00:21:15.537 [ INFO] maestro.orchestra.Orchestra.scrollUntilVisible: Visibility Percent: 1.0
00:21:15.537 [ INFO] maestro.orchestra.Orchestra.scrollUntilVisible: Command centerElement: ScrollUntilVisibleCommand(selector=ElementSelector(textRegex=null, idRegex=tabu-taboo, size=null, below=null, above=null, leftOf=null, rightOf=null, containsChild=null, containsDescendants=null, traits=null, index=null, enabled=null, optional=false, selected=null, checked=null, focused=null, childOf=null, css=null), direction=DOWN, scrollDuration=601, visibilityPercentage=100, timeout=20000, waitToSettleTimeoutMs=null, centerElement=true, originalSpeedValue=40, label=null, optional=false).centerElement
00:21:15.537 [ INFO] maestro.orchestra.Orchestra.scrollUntilVisible: visibilityPercentageNormalized: 1.0
00:21:15.537 [ INFO] maestro.cli.runner.CliConsoleListener.onCommandFinished: Scrolling DOWN until id: tabu-taboo is visible with speed 40, visibility percentage 100%, timeout 20000 ms, with centering enabled COMPLETED
00:21:15.537 [ INFO] maestro.cli.runner.CliConsoleListener.onCommandStart: Take screenshot 20-judge RUNNING
00:21:15.537 [ INFO] maestro.Maestro.takeScreenshot: Taking screenshot
00:21:15.538 [TRACE] maestro.utils.ScreenshotUtils.takeScreenshot: Taking screenshot to output sink
00:21:15.601 [ INFO] maestro.cli.runner.CliConsoleListener.onCommandFinished: Take screenshot 20-judge COMPLETED
00:21:15.601 [ INFO] maestro.cli.runner.CliConsoleListener.onCommandStart: Tap on id: tabu-correct RUNNING
00:21:16.225 [ INFO] maestro.Maestro.tap-HgV9Ck0: Tapping on element:  UiElement(treeNode=TreeNode(attributes={text=, accessibilityText=Doğru +1, hintText=, ignoreBoundsFiltering=false, resource-id=tabu-correct, clickable=true, bounds=[16,468][155,532], enabled=true, focused=false, checked=false, scrollable=false, selected=false, class=android.widget.Button, important-for-accessibility=true, error=}, children=[TreeNode(attributes={text=, accessibilityText=, hintText=, ignoreBoundsFiltering=false, resource-id=, clickable=false, bounds=[16,468][155,532], enabled=true, focused=false, checked=false, scrollable=false, selected=false, class=android.view.ViewGroup, important-for-accessibility=false, error=}, children=[], clickable=false, enabled=true, focused=false, checked=false, selected=false), TreeNode(attributes={text=, accessibilityText=, hintText=, ignoreBoundsFiltering=false, resource-id=, clickable=false, bounds=[34,489][54,510], enabled=true, focused=false, checked=false, scrollable=false, selected=false, class=android.widget.TextView, important-for-accessibility=true, error=}, children=[], clickable=false, enabled=true, focused=false, checked=false, selected=false), TreeNode(attributes={text=Doğru, accessibilityText=, hintText=, ignoreBoundsFiltering=false, resource-id=, clickable=false, bounds=[60,489][113,511], enabled=true, focused=false, checked=false, scrollable=false, selected=false, class=android.widget.TextView, important-for-accessibility=true, error=}, children=[], clickable=false, enabled=true, focused=false, checked=false, selected=false), TreeNode(attributes={text=+1, accessibilityText=, hintText=, ignoreBoundsFiltering=false, resource-id=, clickable=false, bounds=[117,491][137,511], enabled=true, focused=false, checked=false, scrollable=false, selected=false, class=android.widget.TextView, important-for-accessibility=true, error=}, children=[], clickable=false, enabled=true, focused=false, checked=false, selected=false)], clickable=true, enabled=true, focused=false, checked=false, selected=false), bounds=Bounds(x=16, y=468, width=139, height=64))
00:21:17.304 [ INFO] maestro.Maestro.tap-HgV9Ck0: Tap aimed via settled hierarchy
00:21:17.304 [ INFO] maestro.Maestro.hierarchyBasedTap-ogj28Uc: Tapping at (85, 500) using hierarchy based logic for wait
00:21:19.168 [ INFO] maestro.Maestro.hierarchyBasedTap-ogj28Uc: Something has changed in the UI judging by view hierarchy. Proceed.
00:21:19.168 [ INFO] maestro.cli.runner.CliConsoleListener.onCommandFinished: Tap on id: tabu-correct COMPLETED
00:21:19.168 [ INFO] maestro.cli.runner.CliConsoleListener.onCommandStart: Scrolling DOWN until id: end-game is visible with speed 40, visibility percentage 100%, timeout 10000 ms, with centering enabled RUNNING
00:21:19.248 [ INFO] maestro.orchestra.Orchestra.scrollUntilVisible: Scrolling try count: 0, DeviceWidth: 320, DeviceWidth: 640
00:21:19.249 [ INFO] maestro.orchestra.Orchestra.scrollUntilVisible: Element bounds: Bounds(x=16, y=30, width=44, height=44)
00:21:19.249 [ INFO] maestro.orchestra.Orchestra.scrollUntilVisible: Visibility Percent: 1.0
00:21:19.249 [ INFO] maestro.orchestra.Orchestra.scrollUntilVisible: Command centerElement: ScrollUntilVisibleCommand(selector=ElementSelector(textRegex=null, idRegex=end-game, size=null, below=null, above=null, leftOf=null, rightOf=null, containsChild=null, containsDescendants=null, traits=null, index=null, enabled=null, optional=false, selected=null, checked=null, focused=null, childOf=null, css=null), direction=DOWN, scrollDuration=601, visibilityPercentage=100, timeout=10000, waitToSettleTimeoutMs=null, centerElement=true, originalSpeedValue=40, label=null, optional=false).centerElement
00:21:19.249 [ INFO] maestro.orchestra.Orchestra.scrollUntilVisible: visibilityPercentageNormalized: 1.0
00:21:19.249 [ INFO] maestro.cli.runner.CliConsoleListener.onCommandFinished: Scrolling DOWN until id: end-game is visible with speed 40, visibility percentage 100%, timeout 10000 ms, with centering enabled COMPLETED
00:21:19.249 [ INFO] maestro.cli.runner.CliConsoleListener.onCommandStart: Tap on id: end-game RUNNING
00:21:19.365 [ INFO] maestro.Maestro.tap-HgV9Ck0: Tapping on element:  UiElement(treeNode=TreeNode(attributes={text=, accessibilityText=Oyunu bitir, hintText=, ignoreBoundsFiltering=false, resource-id=end-game, clickable=true, bounds=[16,30][60,74], enabled=true, focused=false, checked=false, scrollable=false, selected=false, class=android.widget.Button, important-for-accessibility=true, error=}, children=[TreeNode(attributes={text=, accessibilityText=, hintText=, ignoreBoundsFiltering=false, resource-id=, clickable=false, bounds=[16,30][60,74], enabled=true, focused=false, checked=false, scrollable=false, selected=false, class=android.view.ViewGroup, important-for-accessibility=false, error=}, children=[], clickable=false, enabled=true, focused=false, checked=false, selected=false), TreeNode(attributes={text=, accessibilityText=, hintText=, ignoreBoundsFiltering=false, resource-id=, clickable=false, bounds=[28,41][48,62], enabled=true, focused=false, checked=false, scrollable=false, selected=false, class=android.widget.TextView, important-for-accessibility=true, error=}, children=[], clickable=false, enabled=true, focused=false, checked=false, selected=false)], clickable=true, enabled=true, focused=false, checked=false, selected=false), bounds=Bounds(x=16, y=30, width=44, height=44))
00:21:20.232 [ INFO] maestro.Maestro.tap-HgV9Ck0: Tap aimed via settled hierarchy
00:21:20.233 [ INFO] maestro.Maestro.hierarchyBasedTap-ogj28Uc: Tapping at (38, 52) using hierarchy based logic for wait
00:21:21.259 [ INFO] maestro.Maestro.hierarchyBasedTap-ogj28Uc: Something has changed in the UI judging by view hierarchy. Proceed.
00:21:21.259 [ INFO] maestro.cli.runner.CliConsoleListener.onCommandFinished: Tap on id: end-game COMPLETED
00:21:21.259 [ INFO] maestro.cli.runner.CliConsoleListener.onCommandStart: Assert that id: end-game-confirm is visible RUNNING
00:21:21.400 [ INFO] maestro.cli.runner.CliConsoleListener.onCommandFinished: Assert that id: end-game-confirm is visible COMPLETED
00:21:21.400 [ INFO] maestro.cli.runner.CliConsoleListener.onCommandStart: Take screenshot 20a-end-confirm RUNNING
00:21:21.400 [ INFO] maestro.Maestro.takeScreenshot: Taking screenshot
00:21:21.400 [TRACE] maestro.utils.ScreenshotUtils.takeScreenshot: Taking screenshot to output sink
00:21:21.429 [ INFO] maestro.cli.runner.CliConsoleListener.onCommandFinished: Take screenshot 20a-end-confirm COMPLETED
00:21:21.430 [ INFO] maestro.cli.runner.CliConsoleListener.onCommandStart: Tap on id: end-game-confirm RUNNING
00:21:21.489 [ INFO] maestro.Maestro.tap-HgV9Ck0: Tapping on element:  UiElement(treeNode=TreeNode(attributes={text=, accessibilityText=Bitir, hintText=, ignoreBoundsFiltering=false, resource-id=end-game-confirm, clickable=true, bounds=[165,568][296,616], enabled=true, focused=false, checked=false, scrollable=false, selected=false, class=android.widget.Button, important-for-accessibility=true, error=}, children=[TreeNode(attributes={text=, accessibilityText=, hintText=, ignoreBoundsFiltering=false, resource-id=, clickable=false, bounds=[165,568][296,616], enabled=true, focused=false, checked=false, scrollable=false, selected=false, class=android.view.ViewGroup, important-for-accessibility=false, error=}, children=[], clickable=false, enabled=true, focused=false, checked=false, selected=false), TreeNode(attributes={text=Bitir, accessibilityText=, hintText=, ignoreBoundsFiltering=false, resource-id=, clickable=false, bounds=[215,582][247,602], enabled=true, focused=false, checked=false, scrollable=false, selected=false, class=android.widget.TextView, important-for-accessibility=true, error=}, children=[], clickable=false, enabled=true, focused=false, checked=false, selected=false)], clickable=true, enabled=true, focused=false, checked=false, selected=false), bounds=Bounds(x=165, y=568, width=131, height=48))
00:21:22.711 [ INFO] maestro.Maestro.tap-HgV9Ck0: Tap aimed via settled hierarchy
00:21:22.712 [ INFO] maestro.Maestro.hierarchyBasedTap-ogj28Uc: Tapping at (230, 592) using hierarchy based logic for wait
00:21:23.734 [ INFO] maestro.Maestro.hierarchyBasedTap-ogj28Uc: Something has changed in the UI judging by view hierarchy. Proceed.
00:21:23.734 [ INFO] maestro.cli.runner.CliConsoleListener.onCommandFinished: Tap on id: end-game-confirm COMPLETED
00:21:23.734 [ INFO] maestro.cli.runner.CliConsoleListener.onCommandStart: Scrolling UP until id: last-game is visible with speed 40, visibility percentage 100%, timeout 15000 ms, with centering disabled RUNNING
00:21:23.822 [ INFO] maestro.orchestra.Orchestra.scrollUntilVisible: Scrolling try count: 0, DeviceWidth: 320, DeviceWidth: 640
00:21:23.822 [ INFO] maestro.orchestra.Orchestra.scrollUntilVisible: Element bounds: Bounds(x=16, y=133, width=288, height=38)
00:21:23.822 [ INFO] maestro.orchestra.Orchestra.scrollUntilVisible: Visibility Percent: 1.0
00:21:23.822 [ INFO] maestro.orchestra.Orchestra.scrollUntilVisible: Command centerElement: ScrollUntilVisibleCommand(selector=ElementSelector(textRegex=null, idRegex=last-game, size=null, below=null, above=null, leftOf=null, rightOf=null, containsChild=null, containsDescendants=null, traits=null, index=null, enabled=null, optional=false, selected=null, checked=null, focused=null, childOf=null, css=null), direction=UP, scrollDuration=601, visibilityPercentage=100, timeout=15000, waitToSettleTimeoutMs=null, centerElement=false, originalSpeedValue=40, label=null, optional=false).centerElement
00:21:23.822 [ INFO] maestro.orchestra.Orchestra.scrollUntilVisible: visibilityPercentageNormalized: 1.0
00:21:23.822 [ INFO] maestro.cli.runner.CliConsoleListener.onCommandFinished: Scrolling UP until id: last-game is visible with speed 40, visibility percentage 100%, timeout 15000 ms, with centering disabled COMPLETED
00:21:23.822 [ INFO] maestro.cli.runner.CliConsoleListener.onCommandStart: Assert that id: propose-sohbet is visible RUNNING
00:21:23.942 [ INFO] maestro.cli.runner.CliConsoleListener.onCommandFinished: Assert that id: propose-sohbet is visible COMPLETED
00:21:23.943 [ INFO] maestro.cli.runner.CliConsoleListener.onCommandStart: Take screenshot 20b-back-to-chat RUNNING
00:21:23.943 [ INFO] maestro.Maestro.takeScreenshot: Taking screenshot
00:21:23.943 [TRACE] maestro.utils.ScreenshotUtils.takeScreenshot: Taking screenshot to output sink
00:21:23.971 [ INFO] maestro.cli.runner.CliConsoleListener.onCommandFinished: Take screenshot 20b-back-to-chat COMPLETED
00:21:23.971 [ INFO] maestro.cli.runner.CliConsoleListener.onCommandStart: Tap on id: propose-sohbet RUNNING
00:21:24.106 [ INFO] maestro.Maestro.tap-HgV9Ck0: Tapping on element:  UiElement(treeNode=TreeNode(attributes={text=, accessibilityText=Sohbet kartları öner, hintText=, ignoreBoundsFiltering=false, resource-id=propose-sohbet, clickable=true, bounds=[121,261][199,371], enabled=true, focused=false, checked=false, scrollable=false, selected=false, class=android.widget.Button, important-for-accessibility=true, error=}, children=[TreeNode(attributes={text=, accessibilityText=, hintText=, ignoreBoundsFiltering=false, resource-id=, clickable=false, bounds=[121,261][199,371], enabled=true, focused=false, checked=false, scrollable=false, selected=false, class=android.view.ViewGroup, important-for-accessibility=false, error=}, children=[], clickable=false, enabled=true, focused=false, checked=false, selected=false), TreeNode(attributes={text=, accessibilityText=, hintText=, ignoreBoundsFiltering=false, resource-id=, clickable=false, bounds=[135,275][159,299], enabled=true, focused=false, checked=false, scrollable=false, selected=false, class=android.widget.ImageView, important-for-accessibility=false, error=}, children=[], clickable=false, enabled=true, focused=false, checked=false, selected=false), TreeNode(attributes={text=Sohbet kartları, accessibilityText=, hintText=, ignoreBoundsFiltering=false, resource-id=, clickable=false, bounds=[135,309][185,357], enabled=true, focused=false, checked=false, scrollable=false, selected=false, class=android.widget.TextView, important-for-accessibility=true, error=}, children=[], clickable=false, enabled=true, focused=false, checked=false, selected=false)], clickable=true, enabled=true, focused=false, checked=false, selected=false), bounds=Bounds(x=121, y=261, width=78, height=110))
00:21:25.362 [ INFO] maestro.Maestro.tap-HgV9Ck0: Tap aimed via settled hierarchy
00:21:25.362 [ INFO] maestro.Maestro.hierarchyBasedTap-ogj28Uc: Tapping at (160, 316) using hierarchy based logic for wait
00:21:26.668 [ INFO] maestro.Maestro.hierarchyBasedTap-ogj28Uc: Something has changed in the UI judging by view hierarchy. Proceed.
00:21:26.669 [ INFO] maestro.cli.runner.CliConsoleListener.onCommandFinished: Tap on id: propose-sohbet COMPLETED
00:21:26.669 [ INFO] maestro.cli.runner.CliConsoleListener.onCommandStart: Assert that "Sohbet kartları önerdin.*" is visible RUNNING
00:21:26.777 [ INFO] maestro.cli.runner.CliConsoleListener.onCommandFinished: Assert that "Sohbet kartları önerdin.*" is visible COMPLETED
00:21:26.777 [ INFO] maestro.cli.runner.CliConsoleListener.onCommandStart: Run ../scripts/bot.js RUNNING
00:21:26.847 [ INFO] maestro.cli.runner.CliConsoleListener.onCommandFinished: Run ../scripts/bot.js COMPLETED
00:21:26.848 [ INFO] maestro.cli.runner.CliConsoleListener.onCommandStart: Assert that id: proposal-not-accepted is visible RUNNING
00:21:27.785 [ INFO] maestro.cli.runner.CliConsoleListener.onCommandFinished: Assert that id: proposal-not-accepted is visible COMPLETED
00:21:27.785 [ INFO] maestro.cli.runner.CliConsoleListener.onCommandStart: Take screenshot 20c-not-accepted RUNNING
00:21:27.785 [ INFO] maestro.Maestro.takeScreenshot: Taking screenshot
00:21:27.786 [TRACE] maestro.utils.ScreenshotUtils.takeScreenshot: Taking screenshot to output sink
00:21:27.809 [ INFO] maestro.cli.runner.CliConsoleListener.onCommandFinished: Take screenshot 20c-not-accepted COMPLETED
00:21:27.810 [ INFO] maestro.cli.runner.CliConsoleListener.onCommandFinished: Run flows/04-room-tabu.yaml COMPLETED
00:21:27.810 [ INFO] maestro.cli.runner.CliConsoleListener.onCommandStart: Run flows/05-reveal-friend-dm.yaml RUNNING
00:21:27.810 [ INFO] maestro.cli.runner.CliConsoleListener.onCommandStart: Apply configuration RUNNING
00:21:27.810 [ INFO] maestro.cli.runner.CliConsoleListener.onCommandFinished: Apply configuration COMPLETED
00:21:27.810 [ INFO] maestro.cli.runner.CliConsoleListener.onCommandStart: Run ../scripts/bot.js RUNNING
00:21:27.839 [ INFO] maestro.cli.runner.CliConsoleListener.onCommandFinished: Run ../scripts/bot.js COMPLETED
00:21:27.839 [ INFO] maestro.cli.runner.CliConsoleListener.onCommandStart: Scrolling DOWN until "Odayı bitir" is visible with speed 40, visibility percentage 100%, timeout 20000 ms, with centering disabled RUNNING
00:21:27.963 [ INFO] maestro.orchestra.Orchestra.scrollUntilVisible: Scrolling try count: 0, DeviceWidth: 320, DeviceWidth: 640
00:21:27.963 [ INFO] maestro.orchestra.Orchestra.scrollUntilVisible: Element bounds: Bounds(x=185, y=44, width=79, height=20)
00:21:27.963 [ INFO] maestro.orchestra.Orchestra.scrollUntilVisible: Visibility Percent: 1.0
00:21:27.963 [ INFO] maestro.orchestra.Orchestra.scrollUntilVisible: Command centerElement: ScrollUntilVisibleCommand(selector=ElementSelector(textRegex=Odayı bitir, idRegex=null, size=null, below=null, above=null, leftOf=null, rightOf=null, containsChild=null, containsDescendants=null, traits=null, index=null, enabled=null, optional=false, selected=null, checked=null, focused=null, childOf=null, css=null), direction=DOWN, scrollDuration=601, visibilityPercentage=100, timeout=20000, waitToSettleTimeoutMs=null, centerElement=false, originalSpeedValue=40, label=null, optional=false).centerElement
00:21:27.963 [ INFO] maestro.orchestra.Orchestra.scrollUntilVisible: visibilityPercentageNormalized: 1.0
00:21:27.963 [ INFO] maestro.cli.runner.CliConsoleListener.onCommandFinished: Scrolling DOWN until "Odayı bitir" is visible with speed 40, visibility percentage 100%, timeout 20000 ms, with centering disabled COMPLETED
00:21:27.963 [ INFO] maestro.cli.runner.CliConsoleListener.onCommandStart: Tap on "Odayı bitir" RUNNING
00:21:28.100 [ INFO] maestro.Maestro.tap-HgV9Ck0: Tapping on element:  UiElement(treeNode=TreeNode(attributes={text=Odayı bitir, accessibilityText=, hintText=, ignoreBoundsFiltering=false, resource-id=, clickable=false, bounds=[185,44][264,64], enabled=true, focused=false, checked=false, scrollable=false, selected=false, class=android.widget.TextView, important-for-accessibility=true, error=}, children=[], clickable=false, enabled=true, focused=false, checked=false, selected=false), bounds=Bounds(x=185, y=44, width=79, height=20))
00:21:29.377 [ INFO] maestro.Maestro.tap-HgV9Ck0: Tap aimed via settled hierarchy
00:21:29.378 [ INFO] maestro.Maestro.hierarchyBasedTap-ogj28Uc: Tapping at (224, 54) using hierarchy based logic for wait
00:21:30.628 [ INFO] maestro.Maestro.hierarchyBasedTap-ogj28Uc: Something has changed in the UI judging by view hierarchy. Proceed.
00:21:30.628 [ INFO] maestro.cli.runner.CliConsoleListener.onCommandFinished: Tap on "Odayı bitir" COMPLETED
00:21:30.628 [ INFO] maestro.cli.runner.CliConsoleListener.onCommandStart: Assert that "Tanışalım mı\?" is visible RUNNING
00:21:30.696 [ INFO] maestro.cli.runner.CliConsoleListener.onCommandFinished: Assert that "Tanışalım mı\?" is visible COMPLETED
00:21:30.696 [ INFO] maestro.cli.runner.CliConsoleListener.onCommandStart: Take screenshot 21-reveal-question RUNNING
00:21:30.697 [ INFO] maestro.Maestro.takeScreenshot: Taking screenshot
00:21:30.697 [TRACE] maestro.utils.ScreenshotUtils.takeScreenshot: Taking screenshot to output sink
00:21:30.719 [ INFO] maestro.cli.runner.CliConsoleListener.onCommandFinished: Take screenshot 21-reveal-question COMPLETED
00:21:30.719 [ INFO] maestro.cli.runner.CliConsoleListener.onCommandStart: Tap on id: reveal-yes RUNNING
00:21:30.832 [ INFO] maestro.Maestro.tap-HgV9Ck0: Tapping on element:  UiElement(treeNode=TreeNode(attributes={text=, accessibilityText=Evet, hintText=, ignoreBoundsFiltering=false, resource-id=reveal-yes, clickable=true, bounds=[165,313][283,361], enabled=true, focused=false, checked=false, scrollable=false, selected=false, class=android.widget.Button, important-for-accessibility=true, error=}, children=[TreeNode(attributes={text=, accessibilityText=, hintText=, ignoreBoundsFiltering=false, resource-id=, clickable=false, bounds=[165,313][283,361], enabled=true, focused=false, checked=false, scrollable=false, selected=false, class=android.view.ViewGroup, important-for-accessibility=false, error=}, children=[], clickable=false, enabled=true, focused=false, checked=false, selected=false), TreeNode(attributes={text=Evet, accessibilityText=, hintText=, ignoreBoundsFiltering=false, resource-id=, clickable=false, bounds=[208,327][241,347], enabled=true, focused=false, checked=false, scrollable=false, selected=false, class=android.widget.TextView, important-for-accessibility=true, error=}, children=[], clickable=false, enabled=true, focused=false, checked=false, selected=false)], clickable=true, enabled=true, focused=false, checked=false, selected=false), bounds=Bounds(x=165, y=313, width=118, height=48))
00:21:32.764 [ INFO] maestro.Maestro.tap-HgV9Ck0: Tap aimed via settled hierarchy
00:21:32.764 [ INFO] maestro.Maestro.hierarchyBasedTap-ogj28Uc: Tapping at (224, 337) using hierarchy based logic for wait
00:21:33.975 [ INFO] maestro.Maestro.hierarchyBasedTap-ogj28Uc: Something has changed in the UI judging by view hierarchy. Proceed.
00:21:33.975 [ INFO] maestro.cli.runner.CliConsoleListener.onCommandFinished: Tap on id: reveal-yes COMPLETED
00:21:33.975 [ INFO] maestro.cli.runner.CliConsoleListener.onCommandStart: Assert that "Cevabın alındı. Sonuç birazdan." is visible RUNNING
00:21:34.620 [ INFO] maestro.cli.runner.CliConsoleListener.onCommandFinished: Assert that "Cevabın alındı. Sonuç birazdan." is visible COMPLETED
00:21:34.620 [ INFO] maestro.cli.runner.CliConsoleListener.onCommandStart: Take screenshot 22-reveal-answered RUNNING
00:21:34.621 [ INFO] maestro.Maestro.takeScreenshot: Taking screenshot
00:21:34.621 [TRACE] maestro.utils.ScreenshotUtils.takeScreenshot: Taking screenshot to output sink
00:21:34.643 [ INFO] maestro.cli.runner.CliConsoleListener.onCommandFinished: Take screenshot 22-reveal-answered COMPLETED
00:21:34.643 [ INFO] maestro.cli.runner.CliConsoleListener.onCommandStart: Run ../scripts/bot.js RUNNING
00:21:34.734 [ INFO] maestro.cli.runner.CliConsoleListener.onCommandFinished: Run ../scripts/bot.js COMPLETED
00:21:34.734 [ INFO] maestro.cli.runner.CliConsoleListener.onCommandStart: Assert that "Ekranını kaldır, birbirinizi bulun." is visible RUNNING
00:21:36.032 [ INFO] maestro.cli.runner.CliConsoleListener.onCommandFinished: Assert that "Ekranını kaldır, birbirinizi bulun." is visible COMPLETED
00:21:36.032 [ INFO] maestro.cli.runner.CliConsoleListener.onCommandStart: Take screenshot 23-reveal-mutual RUNNING
00:21:36.032 [ INFO] maestro.Maestro.takeScreenshot: Taking screenshot
00:21:36.033 [TRACE] maestro.utils.ScreenshotUtils.takeScreenshot: Taking screenshot to output sink
00:21:36.058 [ INFO] maestro.cli.runner.CliConsoleListener.onCommandFinished: Take screenshot 23-reveal-mutual COMPLETED
00:21:36.058 [ INFO] maestro.cli.runner.CliConsoleListener.onCommandStart: Tap on "Arkadaş ekle" RUNNING
00:21:36.124 [ INFO] maestro.Maestro.tap-HgV9Ck0: Tapping on element:  UiElement(treeNode=TreeNode(attributes={text=Arkadaş ekle, accessibilityText=, hintText=, ignoreBoundsFiltering=false, resource-id=, clickable=false, bounds=[112,455][209,475], enabled=true, focused=false, checked=false, scrollable=false, selected=false, class=android.widget.TextView, important-for-accessibility=true, error=}, children=[], clickable=false, enabled=true, focused=false, checked=false, selected=false), bounds=Bounds(x=112, y=455, width=97, height=20))
00:21:37.431 [ INFO] maestro.Maestro.tap-HgV9Ck0: Tap aimed via settled hierarchy
00:21:37.432 [ INFO] maestro.Maestro.hierarchyBasedTap-ogj28Uc: Tapping at (160, 465) using hierarchy based logic for wait
00:21:38.727 [ INFO] maestro.Maestro.hierarchyBasedTap-ogj28Uc: Something has changed in the UI judging by view hierarchy. Proceed.
00:21:38.728 [ INFO] maestro.cli.runner.CliConsoleListener.onCommandFinished: Tap on "Arkadaş ekle" COMPLETED
00:21:38.728 [ INFO] maestro.cli.runner.CliConsoleListener.onCommandStart: Assert that "Eklendi. İkiniz de basarsanız arkadaş olursunuz." is visible RUNNING
00:21:38.832 [ INFO] maestro.cli.runner.CliConsoleListener.onCommandFinished: Assert that "Eklendi. İkiniz de basarsanız arkadaş olursunuz." is visible COMPLETED
00:21:38.832 [ INFO] maestro.cli.runner.CliConsoleListener.onCommandStart: Take screenshot 24-add-friend-done RUNNING
00:21:38.832 [ INFO] maestro.Maestro.takeScreenshot: Taking screenshot
00:21:38.833 [TRACE] maestro.utils.ScreenshotUtils.takeScreenshot: Taking screenshot to output sink
00:21:38.862 [ INFO] maestro.cli.runner.CliConsoleListener.onCommandFinished: Take screenshot 24-add-friend-done COMPLETED
00:21:38.862 [ INFO] maestro.cli.runner.CliConsoleListener.onCommandStart: Run ../scripts/bot.js RUNNING
00:21:38.935 [ INFO] maestro.cli.runner.CliConsoleListener.onCommandFinished: Run ../scripts/bot.js COMPLETED
00:21:38.935 [ INFO] maestro.cli.runner.CliConsoleListener.onCommandStart: Tap on "Mekana dön" RUNNING
00:21:39.050 [ INFO] maestro.Maestro.tap-HgV9Ck0: Tapping on element:  UiElement(treeNode=TreeNode(attributes={text=Mekana dön, accessibilityText=, hintText=, ignoreBoundsFiltering=false, resource-id=, clickable=false, bounds=[115,512][206,532], enabled=true, focused=false, checked=false, scrollable=false, selected=false, class=android.widget.TextView, important-for-accessibility=true, error=}, children=[], clickable=false, enabled=true, focused=false, checked=false, selected=false), bounds=Bounds(x=115, y=512, width=91, height=20))
00:21:40.323 [ INFO] maestro.Maestro.tap-HgV9Ck0: Tap aimed via settled hierarchy
00:21:40.324 [ INFO] maestro.Maestro.hierarchyBasedTap-ogj28Uc: Tapping at (160, 522) using hierarchy based logic for wait
00:21:41.638 [ INFO] maestro.Maestro.hierarchyBasedTap-ogj28Uc: Something has changed in the UI judging by view hierarchy. Proceed.
00:21:41.638 [ INFO] maestro.cli.runner.CliConsoleListener.onCommandFinished: Tap on "Mekana dön" COMPLETED
00:21:41.638 [ INFO] maestro.cli.runner.CliConsoleListener.onCommandStart: Tap on id: tab-messages RUNNING
00:21:41.769 [ INFO] maestro.Maestro.tap-HgV9Ck0: Tapping on element:  UiElement(treeNode=TreeNode(attributes={text=, accessibilityText=Mesajlar, hintText=, ignoreBoundsFiltering=false, resource-id=tab-messages, clickable=true, bounds=[187,568][242,632], enabled=true, focused=false, checked=false, scrollable=false, selected=false, class=android.view.View, important-for-accessibility=true, error=}, children=[TreeNode(attributes={text=, accessibilityText=, hintText=, ignoreBoundsFiltering=false, resource-id=, clickable=false, bounds=[202,580][226,604], enabled=true, focused=false, checked=false, scrollable=false, selected=false, class=android.widget.ImageView, important-for-accessibility=false, error=}, children=[], clickable=false, enabled=true, focused=false, checked=false, selected=false), TreeNode(attributes={text=Mesajlar, accessibilityText=, hintText=, ignoreBoundsFiltering=false, resource-id=, clickable=false, bounds=[190,612][238,628], enabled=true, focused=false, checked=false, scrollable=false, selected=false, class=android.widget.TextView, important-for-accessibility=true, error=}, children=[], clickable=false, enabled=true, focused=false, checked=false, selected=false)], clickable=true, enabled=true, focused=false, checked=false, selected=false), bounds=Bounds(x=187, y=568, width=55, height=64))
00:21:42.998 [ INFO] maestro.Maestro.tap-HgV9Ck0: Tap aimed via settled hierarchy
00:21:42.999 [ INFO] maestro.Maestro.hierarchyBasedTap-ogj28Uc: Tapping at (214, 600) using hierarchy based logic for wait
00:21:43.952 [ INFO] maestro.Maestro.hierarchyBasedTap-ogj28Uc: Something has changed in the UI judging by view hierarchy. Proceed.
00:21:43.952 [ INFO] maestro.cli.runner.CliConsoleListener.onCommandFinished: Tap on id: tab-messages COMPLETED
00:21:43.952 [ INFO] maestro.cli.runner.CliConsoleListener.onCommandStart: Assert that "Henüz mesaj yok" is visible RUNNING
00:21:44.073 [ INFO] maestro.cli.runner.CliConsoleListener.onCommandFinished: Assert that "Henüz mesaj yok" is visible COMPLETED
00:21:44.073 [ INFO] maestro.cli.runner.CliConsoleListener.onCommandStart: Take screenshot 25-messages RUNNING
00:21:44.073 [ INFO] maestro.Maestro.takeScreenshot: Taking screenshot
00:21:44.074 [TRACE] maestro.utils.ScreenshotUtils.takeScreenshot: Taking screenshot to output sink
00:21:44.135 [ INFO] maestro.cli.runner.CliConsoleListener.onCommandFinished: Take screenshot 25-messages COMPLETED
00:21:44.135 [ INFO] maestro.cli.runner.CliConsoleListener.onCommandStart: Tap on id: inbox-Bot Masa RUNNING
00:21:44.211 [ INFO] maestro.Maestro.tap-HgV9Ck0: Tapping on element:  UiElement(treeNode=TreeNode(attributes={text=, accessibilityText=Bot Masa, Henüz mesaj yok, hintText=, ignoreBoundsFiltering=false, resource-id=inbox-Bot Masa, clickable=true, bounds=[20,100][300,180], enabled=true, focused=false, checked=false, scrollable=false, selected=false, class=android.widget.Button, important-for-accessibility=true, error=}, children=[TreeNode(attributes={text=, accessibilityText=, hintText=, ignoreBoundsFiltering=false, resource-id=, clickable=false, bounds=[20,100][300,180], enabled=true, focused=false, checked=false, scrollable=false, selected=false, class=android.view.ViewGroup, important-for-accessibility=false, error=}, children=[], clickable=false, enabled=true, focused=false, checked=false, selected=false), TreeNode(attributes={text=, accessibilityText=Bot Masa, hintText=, ignoreBoundsFiltering=false, resource-id=, clickable=false, bounds=[32,112][88,168], enabled=true, focused=false, checked=false, scrollable=false, selected=false, class=android.view.ViewGroup, important-for-accessibility=true, error=}, children=[TreeNode(attributes={text=, accessibilityText=, hintText=, ignoreBoundsFiltering=false, resource-id=, clickable=false, bounds=[32,112][88,168], enabled=true, focused=false, checked=false, scrollable=false, selected=false, class=android.view.ViewGroup, important-for-accessibility=false, error=}, children=[TreeNode(attributes={text=BM, accessibilityText=, hintText=, ignoreBoundsFiltering=false, resource-id=, clickable=false, bounds=[45,128][75,152], enabled=true, focused=false, checked=false, scrollable=false, selected=false, class=android.widget.TextView, important-for-accessibility=true, error=}, children=[], clickable=false, enabled=true, focused=false, checked=false, selected=false)], clickable=false, enabled=true, focused=false, checked=false, selected=false)], clickable=false, enabled=true, focused=false, checked=false, selected=false), TreeNode(attributes={text=Bot Masa, accessibilityText=, hintText=, ignoreBoundsFiltering=false, resource-id=, clickable=false, bounds=[102,119][274,142], enabled=true, focused=false, checked=false, scrollable=false, selected=false, class=android.widget.TextView, important-for-accessibility=true, error=}, children=[], clickable=false, enabled=true, focused=false, checked=false, selected=false), TreeNode(attributes={text=Henüz mesaj yok, accessibilityText=, hintText=, ignoreBoundsFiltering=false, resource-id=, clickable=false, bounds=[102,144][274,162], enabled=true, focused=false, checked=false, scrollable=false, selected=false, class=android.widget.TextView, important-for-accessibility=true, error=}, children=[], clickable=false, enabled=true, focused=false, checked=false, selected=false)], clickable=true, enabled=true, focused=false, checked=false, selected=false), bounds=Bounds(x=20, y=100, width=280, height=80))
00:21:45.468 [ INFO] maestro.Maestro.tap-HgV9Ck0: Tap aimed via settled hierarchy
00:21:45.468 [ INFO] maestro.Maestro.hierarchyBasedTap-ogj28Uc: Tapping at (160, 140) using hierarchy based logic for wait
00:21:46.664 [ INFO] maestro.Maestro.hierarchyBasedTap-ogj28Uc: Something has changed in the UI judging by view hierarchy. Proceed.
00:21:46.664 [ INFO] maestro.cli.runner.CliConsoleListener.onCommandFinished: Tap on id: inbox-Bot Masa COMPLETED
00:21:46.664 [ INFO] maestro.cli.runner.CliConsoleListener.onCommandStart: Assert that "Henüz mesaj yok. İlk mesajı sen yaz." is visible RUNNING
00:21:46.769 [ INFO] maestro.cli.runner.CliConsoleListener.onCommandFinished: Assert that "Henüz mesaj yok. İlk mesajı sen yaz." is visible COMPLETED
00:21:46.769 [ INFO] maestro.cli.runner.CliConsoleListener.onCommandStart: Take screenshot 26-dm-empty RUNNING
00:21:46.769 [ INFO] maestro.Maestro.takeScreenshot: Taking screenshot
00:21:46.769 [TRACE] maestro.utils.ScreenshotUtils.takeScreenshot: Taking screenshot to output sink
00:21:46.826 [ INFO] maestro.cli.runner.CliConsoleListener.onCommandFinished: Take screenshot 26-dm-empty COMPLETED
00:21:46.826 [ INFO] maestro.cli.runner.CliConsoleListener.onCommandStart: Tap on id: dm-input RUNNING
00:21:46.936 [ INFO] maestro.Maestro.tap-HgV9Ck0: Tapping on element:  UiElement(treeNode=TreeNode(attributes={text=, accessibilityText=, hintText=Mesaj yaz…, ignoreBoundsFiltering=false, resource-id=dm-input, clickable=true, bounds=[33,584][229,627], enabled=true, focused=false, checked=false, scrollable=false, selected=false, class=android.widget.EditText, important-for-accessibility=true, error=}, children=[], clickable=true, enabled=true, focused=false, checked=false, selected=false), bounds=Bounds(x=33, y=584, width=196, height=43))
00:21:48.261 [ INFO] maestro.Maestro.tap-HgV9Ck0: Tap aimed via settled hierarchy
00:21:48.261 [ INFO] maestro.Maestro.hierarchyBasedTap-ogj28Uc: Tapping at (131, 605) using hierarchy based logic for wait
00:21:49.385 [ INFO] maestro.Maestro.hierarchyBasedTap-ogj28Uc: Something has changed in the UI judging by view hierarchy. Proceed.
00:21:49.385 [ INFO] maestro.cli.runner.CliConsoleListener.onCommandFinished: Tap on id: dm-input COMPLETED
00:21:49.385 [ INFO] maestro.cli.runner.CliConsoleListener.onCommandStart: Input text Merhaba bot RUNNING
00:21:49.385 [ INFO] maestro.Maestro.inputText: Inputting text: Merhaba bot
00:21:52.325 [ INFO] maestro.cli.runner.CliConsoleListener.onCommandFinished: Input text Merhaba bot COMPLETED
00:21:52.325 [ INFO] maestro.cli.runner.CliConsoleListener.onCommandStart: Take screenshot 26b-dm-keyboard RUNNING
00:21:52.325 [ INFO] maestro.Maestro.takeScreenshot: Taking screenshot
00:21:52.326 [TRACE] maestro.utils.ScreenshotUtils.takeScreenshot: Taking screenshot to output sink
00:21:52.407 [ INFO] maestro.cli.runner.CliConsoleListener.onCommandFinished: Take screenshot 26b-dm-keyboard COMPLETED
00:21:52.407 [ INFO] maestro.cli.runner.CliConsoleListener.onCommandStart: Hide Keyboard RUNNING
00:21:52.408 [ INFO] maestro.Maestro.hideKeyboard$lambda$12: Hiding Keyboard
00:21:53.488 [ INFO] maestro.cli.runner.CliConsoleListener.onCommandFinished: Hide Keyboard COMPLETED
00:21:53.488 [ INFO] maestro.cli.runner.CliConsoleListener.onCommandStart: Tap on id: dm-send RUNNING
00:21:53.589 [ INFO] maestro.Maestro.tap-HgV9Ck0: Tapping on element:  UiElement(treeNode=TreeNode(attributes={text=, accessibilityText=Gönder, hintText=, ignoreBoundsFiltering=false, resource-id=dm-send, clickable=true, bounds=[256,582][304,630], enabled=true, focused=false, checked=false, scrollable=false, selected=false, class=android.widget.Button, important-for-accessibility=true, error=}, children=[TreeNode(attributes={text=, accessibilityText=, hintText=, ignoreBoundsFiltering=false, resource-id=, clickable=false, bounds=[256,582][304,630], enabled=true, focused=false, checked=false, scrollable=false, selected=false, class=android.view.ViewGroup, important-for-accessibility=false, error=}, children=[], clickable=false, enabled=true, focused=false, checked=false, selected=false), TreeNode(attributes={text=, accessibilityText=, hintText=, ignoreBoundsFiltering=false, resource-id=, clickable=false, bounds=[270,595][290,616], enabled=true, focused=false, checked=false, scrollable=false, selected=false, class=android.widget.TextView, important-for-accessibility=true, error=}, children=[], clickable=false, enabled=true, focused=false, checked=false, selected=false)], clickable=true, enabled=true, focused=false, checked=false, selected=false), bounds=Bounds(x=256, y=582, width=48, height=48))
00:21:54.812 [ INFO] maestro.Maestro.tap-HgV9Ck0: Tap aimed via settled hierarchy
00:21:54.812 [ INFO] maestro.Maestro.hierarchyBasedTap-ogj28Uc: Tapping at (280, 606) using hierarchy based logic for wait
00:21:56.076 [ INFO] maestro.Maestro.hierarchyBasedTap-ogj28Uc: Something has changed in the UI judging by view hierarchy. Proceed.
00:21:56.076 [ INFO] maestro.cli.runner.CliConsoleListener.onCommandFinished: Tap on id: dm-send COMPLETED
00:21:56.076 [ INFO] maestro.cli.runner.CliConsoleListener.onCommandStart: Assert that "Merhaba bot" is visible RUNNING
00:21:56.198 [ INFO] maestro.cli.runner.CliConsoleListener.onCommandFinished: Assert that "Merhaba bot" is visible COMPLETED
00:21:56.198 [ INFO] maestro.cli.runner.CliConsoleListener.onCommandStart: Run ../scripts/bot.js RUNNING
00:21:56.269 [ INFO] maestro.cli.runner.CliConsoleListener.onCommandFinished: Run ../scripts/bot.js COMPLETED
00:21:56.269 [ INFO] maestro.cli.runner.CliConsoleListener.onCommandStart: Run ../scripts/bot.js RUNNING
00:21:56.387 [ INFO] maestro.cli.runner.CliConsoleListener.onCommandFinished: Run ../scripts/bot.js COMPLETED
00:21:56.387 [ INFO] maestro.cli.runner.CliConsoleListener.onCommandStart: Assert that "Selam cihaz" is visible RUNNING
00:21:57.333 [ INFO] maestro.cli.runner.CliConsoleListener.onCommandFinished: Assert that "Selam cihaz" is visible COMPLETED
00:21:57.333 [ INFO] maestro.cli.runner.CliConsoleListener.onCommandStart: Take screenshot 27-dm RUNNING
00:21:57.333 [ INFO] maestro.Maestro.takeScreenshot: Taking screenshot
00:21:57.334 [TRACE] maestro.utils.ScreenshotUtils.takeScreenshot: Taking screenshot to output sink
00:21:57.355 [ INFO] maestro.cli.runner.CliConsoleListener.onCommandFinished: Take screenshot 27-dm COMPLETED
00:21:57.356 [ INFO] maestro.cli.runner.CliConsoleListener.onCommandStart: Hide Keyboard RUNNING
00:21:57.356 [ INFO] maestro.Maestro.hideKeyboard$lambda$12: Hiding Keyboard
00:21:58.377 [ INFO] maestro.cli.runner.CliConsoleListener.onCommandFinished: Hide Keyboard COMPLETED
00:21:58.377 [ INFO] maestro.cli.runner.CliConsoleListener.onCommandStart: Tap on (Optional) id: chat-back RUNNING
00:22:05.616 [ INFO] maestro.orchestra.Orchestra.executeSubflowCommands: [Command execution subflow] CommandWarned: Element not found: Id matching regex: chat-back
00:22:05.751 [ INFO] maestro.Maestro.takeScreenshot: Taking screenshot
00:22:05.751 [TRACE] maestro.utils.ScreenshotUtils.takeScreenshot: Taking screenshot to output sink
00:22:05.797 [ INFO] maestro.cli.runner.CliConsoleListener.onCommandFinished: Tap on (Optional) id: chat-back WARNED
00:22:05.798 [ INFO] maestro.cli.runner.CliConsoleListener.onCommandStart: Assert that id: tab-messages is visible RUNNING
00:22:05.879 [ INFO] maestro.cli.runner.CliConsoleListener.onCommandFinished: Assert that id: tab-messages is visible COMPLETED
00:22:05.879 [ INFO] maestro.cli.runner.CliConsoleListener.onCommandFinished: Run flows/05-reveal-friend-dm.yaml COMPLETED
00:22:05.879 [ INFO] maestro.cli.runner.CliConsoleListener.onCommandStart: Run flows/05b-dm-ticks-typing.yaml RUNNING
00:22:05.879 [ INFO] maestro.cli.runner.CliConsoleListener.onCommandStart: Apply configuration RUNNING
00:22:05.879 [ INFO] maestro.cli.runner.CliConsoleListener.onCommandFinished: Apply configuration COMPLETED
00:22:05.879 [ INFO] maestro.cli.runner.CliConsoleListener.onCommandStart: Tap on id: inbox-Bot Masa RUNNING
00:22:05.997 [ INFO] maestro.Maestro.tap-HgV9Ck0: Tapping on element:  UiElement(treeNode=TreeNode(attributes={text=, accessibilityText=Bot Masa, Selam cihaz, 00:21, hintText=, ignoreBoundsFiltering=false, resource-id=inbox-Bot Masa, clickable=true, bounds=[20,100][300,180], enabled=true, focused=false, checked=false, scrollable=false, selected=false, class=android.widget.Button, important-for-accessibility=true, error=}, children=[TreeNode(attributes={text=, accessibilityText=, hintText=, ignoreBoundsFiltering=false, resource-id=, clickable=false, bounds=[20,100][300,180], enabled=true, focused=false, checked=false, scrollable=false, selected=false, class=android.view.ViewGroup, important-for-accessibility=false, error=}, children=[], clickable=false, enabled=true, focused=false, checked=false, selected=false), TreeNode(attributes={text=, accessibilityText=Bot Masa, hintText=, ignoreBoundsFiltering=false, resource-id=, clickable=false, bounds=[32,112][88,168], enabled=true, focused=false, checked=false, scrollable=false, selected=false, class=android.view.ViewGroup, important-for-accessibility=true, error=}, children=[TreeNode(attributes={text=, accessibilityText=, hintText=, ignoreBoundsFiltering=false, resource-id=, clickable=false, bounds=[32,112][88,168], enabled=true, focused=false, checked=false, scrollable=false, selected=false, class=android.view.ViewGroup, important-for-accessibility=false, error=}, children=[TreeNode(attributes={text=BM, accessibilityText=, hintText=, ignoreBoundsFiltering=false, resource-id=, clickable=false, bounds=[45,128][75,152], enabled=true, focused=false, checked=false, scrollable=false, selected=false, class=android.widget.TextView, important-for-accessibility=true, error=}, children=[], clickable=false, enabled=true, focused=false, checked=false, selected=false)], clickable=false, enabled=true, focused=false, checked=false, selected=false)], clickable=false, enabled=true, focused=false, checked=false, selected=false), TreeNode(attributes={text=Bot Masa, accessibilityText=, hintText=, ignoreBoundsFiltering=false, resource-id=, clickable=false, bounds=[102,119][239,142], enabled=true, focused=false, checked=false, scrollable=false, selected=false, class=android.widget.TextView, important-for-accessibility=true, error=}, children=[], clickable=false, enabled=true, focused=false, checked=false, selected=false), TreeNode(attributes={text=Selam cihaz, accessibilityText=, hintText=, ignoreBoundsFiltering=false, resource-id=, clickable=false, bounds=[102,144][239,162], enabled=true, focused=false, checked=false, scrollable=false, selected=false, class=android.widget.TextView, important-for-accessibility=true, error=}, children=[], clickable=false, enabled=true, focused=false, checked=false, selected=false), TreeNode(attributes={text=00:21, accessibilityText=, hintText=, ignoreBoundsFiltering=false, resource-id=, clickable=false, bounds=[253,131][288,149], enabled=true, focused=false, checked=false, scrollable=false, selected=false, class=android.widget.TextView, important-for-accessibility=true, error=}, children=[], clickable=false, enabled=true, focused=false, checked=false, selected=false)], clickable=true, enabled=true, focused=false, checked=false, selected=false), bounds=Bounds(x=20, y=100, width=280, height=80))
00:22:07.224 [ INFO] maestro.Maestro.tap-HgV9Ck0: Tap aimed via settled hierarchy
00:22:07.225 [ INFO] maestro.Maestro.hierarchyBasedTap-ogj28Uc: Tapping at (160, 140) using hierarchy based logic for wait
00:22:08.492 [ INFO] maestro.Maestro.hierarchyBasedTap-ogj28Uc: Something has changed in the UI judging by view hierarchy. Proceed.
00:22:08.492 [ INFO] maestro.cli.runner.CliConsoleListener.onCommandFinished: Tap on id: inbox-Bot Masa COMPLETED
00:22:08.493 [ INFO] maestro.cli.runner.CliConsoleListener.onCommandStart: Assert that "Selam cihaz" is visible RUNNING
00:22:08.605 [ INFO] maestro.cli.runner.CliConsoleListener.onCommandFinished: Assert that "Selam cihaz" is visible COMPLETED
00:22:08.605 [ INFO] maestro.cli.runner.CliConsoleListener.onCommandStart: Tap on id: dm-input RUNNING
00:22:08.726 [ INFO] maestro.Maestro.tap-HgV9Ck0: Tapping on element:  UiElement(treeNode=TreeNode(attributes={text=, accessibilityText=, hintText=Mesaj yaz…, ignoreBoundsFiltering=false, resource-id=dm-input, clickable=true, bounds=[33,584][229,627], enabled=true, focused=false, checked=false, scrollable=false, selected=false, class=android.widget.EditText, important-for-accessibility=true, error=}, children=[], clickable=true, enabled=true, focused=false, checked=false, selected=false), bounds=Bounds(x=33, y=584, width=196, height=43))
00:22:10.013 [ INFO] maestro.Maestro.tap-HgV9Ck0: Tap aimed via settled hierarchy
00:22:10.013 [ INFO] maestro.Maestro.hierarchyBasedTap-ogj28Uc: Tapping at (131, 605) using hierarchy based logic for wait
00:22:11.103 [ INFO] maestro.Maestro.hierarchyBasedTap-ogj28Uc: Something has changed in the UI judging by view hierarchy. Proceed.
00:22:11.103 [ INFO] maestro.cli.runner.CliConsoleListener.onCommandFinished: Tap on id: dm-input COMPLETED
00:22:11.103 [ INFO] maestro.cli.runner.CliConsoleListener.onCommandStart: Input text Okudun mu? RUNNING
00:22:11.103 [ INFO] maestro.Maestro.inputText: Inputting text: Okudun mu?
00:22:13.877 [ INFO] maestro.cli.runner.CliConsoleListener.onCommandFinished: Input text Okudun mu? COMPLETED
00:22:13.877 [ INFO] maestro.cli.runner.CliConsoleListener.onCommandStart: Hide Keyboard RUNNING
00:22:13.877 [ INFO] maestro.Maestro.hideKeyboard$lambda$12: Hiding Keyboard
00:22:14.867 [ INFO] maestro.cli.runner.CliConsoleListener.onCommandFinished: Hide Keyboard COMPLETED
00:22:14.867 [ INFO] maestro.cli.runner.CliConsoleListener.onCommandStart: Tap on id: dm-send RUNNING
00:22:14.953 [ INFO] maestro.Maestro.tap-HgV9Ck0: Tapping on element:  UiElement(treeNode=TreeNode(attributes={text=, accessibilityText=Gönder, hintText=, ignoreBoundsFiltering=false, resource-id=dm-send, clickable=true, bounds=[256,582][304,630], enabled=true, focused=false, checked=false, scrollable=false, selected=false, class=android.widget.Button, important-for-accessibility=true, error=}, children=[TreeNode(attributes={text=, accessibilityText=, hintText=, ignoreBoundsFiltering=false, resource-id=, clickable=false, bounds=[256,582][304,630], enabled=true, focused=false, checked=false, scrollable=false, selected=false, class=android.view.ViewGroup, important-for-accessibility=false, error=}, children=[], clickable=false, enabled=true, focused=false, checked=false, selected=false), TreeNode(attributes={text=, accessibilityText=, hintText=, ignoreBoundsFiltering=false, resource-id=, clickable=false, bounds=[270,595][290,616], enabled=true, focused=false, checked=false, scrollable=false, selected=false, class=android.widget.TextView, important-for-accessibility=true, error=}, children=[], clickable=false, enabled=true, focused=false, checked=false, selected=false)], clickable=true, enabled=true, focused=false, checked=false, selected=false), bounds=Bounds(x=256, y=582, width=48, height=48))
00:22:16.232 [ INFO] maestro.Maestro.tap-HgV9Ck0: Tap aimed via settled hierarchy
00:22:16.233 [ INFO] maestro.Maestro.hierarchyBasedTap-ogj28Uc: Tapping at (280, 606) using hierarchy based logic for wait
00:22:17.529 [ INFO] maestro.Maestro.hierarchyBasedTap-ogj28Uc: Something has changed in the UI judging by view hierarchy. Proceed.
00:22:17.529 [ INFO] maestro.cli.runner.CliConsoleListener.onCommandFinished: Tap on id: dm-send COMPLETED
00:22:17.529 [ INFO] maestro.cli.runner.CliConsoleListener.onCommandStart: Assert that "Okudun mu\?" is visible RUNNING
00:22:17.646 [ INFO] maestro.cli.runner.CliConsoleListener.onCommandFinished: Assert that "Okudun mu\?" is visible COMPLETED
00:22:17.646 [ INFO] maestro.cli.runner.CliConsoleListener.onCommandStart: Run ../scripts/bot.js RUNNING
00:22:17.716 [ INFO] maestro.cli.runner.CliConsoleListener.onCommandFinished: Run ../scripts/bot.js COMPLETED
00:22:17.716 [ INFO] maestro.cli.runner.CliConsoleListener.onCommandStart: Run ../scripts/bot.js RUNNING
00:22:17.820 [ INFO] maestro.cli.runner.CliConsoleListener.onCommandFinished: Run ../scripts/bot.js COMPLETED
00:22:17.820 [ INFO] maestro.cli.runner.CliConsoleListener.onCommandStart: Assert that id: tick-read is visible RUNNING
00:22:17.913 [ INFO] maestro.cli.runner.CliConsoleListener.onCommandFinished: Assert that id: tick-read is visible COMPLETED
00:22:17.913 [ INFO] maestro.cli.runner.CliConsoleListener.onCommandStart: Take screenshot 27b-dm-read RUNNING
00:22:17.914 [ INFO] maestro.Maestro.takeScreenshot: Taking screenshot
00:22:17.914 [TRACE] maestro.utils.ScreenshotUtils.takeScreenshot: Taking screenshot to output sink
00:22:17.979 [ INFO] maestro.cli.runner.CliConsoleListener.onCommandFinished: Take screenshot 27b-dm-read COMPLETED
00:22:17.979 [ INFO] maestro.cli.runner.CliConsoleListener.onCommandStart: Run ../scripts/bot.js RUNNING
00:22:18.036 [ INFO] maestro.cli.runner.CliConsoleListener.onCommandFinished: Run ../scripts/bot.js COMPLETED
00:22:18.036 [ INFO] maestro.cli.runner.CliConsoleListener.onCommandStart: Assert that id: dm-typing is visible RUNNING
00:22:18.750 [ INFO] maestro.cli.runner.CliConsoleListener.onCommandFinished: Assert that id: dm-typing is visible COMPLETED
00:22:18.750 [ INFO] maestro.cli.runner.CliConsoleListener.onCommandStart: Take screenshot 27c-dm-typing RUNNING
00:22:18.750 [ INFO] maestro.Maestro.takeScreenshot: Taking screenshot
00:22:18.751 [TRACE] maestro.utils.ScreenshotUtils.takeScreenshot: Taking screenshot to output sink
00:22:18.774 [ INFO] maestro.cli.runner.CliConsoleListener.onCommandFinished: Take screenshot 27c-dm-typing COMPLETED
00:22:18.774 [ INFO] maestro.cli.runner.CliConsoleListener.onCommandStart: Run ../scripts/bot.js RUNNING
00:22:19.600 [ INFO] maestro.cli.runner.CliConsoleListener.onCommandFinished: Run ../scripts/bot.js COMPLETED
00:22:19.600 [ INFO] maestro.cli.runner.CliConsoleListener.onCommandStart: Assert that "Okudum" is visible RUNNING
00:22:20.606 [ INFO] maestro.cli.runner.CliConsoleListener.onCommandFinished: Assert that "Okudum" is visible COMPLETED
00:22:20.606 [ INFO] maestro.cli.runner.CliConsoleListener.onCommandStart: Assert that id: dm-typing is not visible RUNNING
00:22:21.329 [ INFO] maestro.cli.runner.CliConsoleListener.onCommandFinished: Assert that id: dm-typing is not visible COMPLETED
00:22:21.329 [ INFO] maestro.cli.runner.CliConsoleListener.onCommandStart: Take screenshot 27d-dm-answer RUNNING
00:22:21.329 [ INFO] maestro.Maestro.takeScreenshot: Taking screenshot
00:22:21.329 [TRACE] maestro.utils.ScreenshotUtils.takeScreenshot: Taking screenshot to output sink
00:22:21.391 [ INFO] maestro.cli.runner.CliConsoleListener.onCommandFinished: Take screenshot 27d-dm-answer COMPLETED
00:22:21.392 [ INFO] maestro.cli.runner.CliConsoleListener.onCommandStart: Tap on (Optional) id: chat-back RUNNING
00:22:21.521 [ INFO] maestro.Maestro.tap-HgV9Ck0: Tapping on element:  UiElement(treeNode=TreeNode(attributes={text=, accessibilityText=Geri, hintText=, ignoreBoundsFiltering=false, resource-id=chat-back, clickable=true, bounds=[4,30][48,74], enabled=true, focused=false, checked=false, scrollable=false, selected=false, class=android.widget.Button, important-for-accessibility=true, error=}, children=[TreeNode(attributes={text=, accessibilityText=, hintText=, ignoreBoundsFiltering=false, resource-id=, clickable=false, bounds=[14,39][38,65], enabled=true, focused=false, checked=false, scrollable=false, selected=false, class=android.widget.TextView, important-for-accessibility=true, error=}, children=[], clickable=false, enabled=true, focused=false, checked=false, selected=false)], clickable=true, enabled=true, focused=false, checked=false, selected=false), bounds=Bounds(x=4, y=30, width=44, height=44))
00:22:22.712 [ INFO] maestro.Maestro.tap-HgV9Ck0: Tap aimed via settled hierarchy
00:22:22.713 [ INFO] maestro.Maestro.hierarchyBasedTap-ogj28Uc: Tapping at (26, 52) using hierarchy based logic for wait
00:22:23.648 [ INFO] maestro.Maestro.hierarchyBasedTap-ogj28Uc: Something has changed in the UI judging by view hierarchy. Proceed.
00:22:23.648 [ INFO] maestro.cli.runner.CliConsoleListener.onCommandFinished: Tap on (Optional) id: chat-back COMPLETED
00:22:23.648 [ INFO] maestro.cli.runner.CliConsoleListener.onCommandStart: Assert that id: tab-messages is visible RUNNING
00:22:23.769 [ INFO] maestro.cli.runner.CliConsoleListener.onCommandFinished: Assert that id: tab-messages is visible COMPLETED
00:22:23.769 [ INFO] maestro.cli.runner.CliConsoleListener.onCommandFinished: Run flows/05b-dm-ticks-typing.yaml COMPLETED
00:22:23.769 [ INFO] maestro.cli.runner.CliConsoleListener.onCommandStart: Run flows/06-white-screen.yaml RUNNING
00:22:23.770 [ INFO] maestro.cli.runner.CliConsoleListener.onCommandStart: Apply configuration RUNNING
00:22:23.770 [ INFO] maestro.cli.runner.CliConsoleListener.onCommandFinished: Apply configuration COMPLETED
00:22:23.770 [ INFO] maestro.cli.runner.CliConsoleListener.onCommandStart: Tap on id: tab-venue RUNNING
00:22:23.885 [ INFO] maestro.Maestro.tap-HgV9Ck0: Tapping on element:  UiElement(treeNode=TreeNode(attributes={text=, accessibilityText=Mekan, hintText=, ignoreBoundsFiltering=false, resource-id=tab-venue, clickable=true, bounds=[133,568][187,632], enabled=true, focused=false, checked=false, scrollable=false, selected=false, class=android.view.View, important-for-accessibility=true, error=}, children=[TreeNode(attributes={text=, accessibilityText=, hintText=, ignoreBoundsFiltering=false, resource-id=, clickable=false, bounds=[140,572][180,612], enabled=true, focused=false, checked=false, scrollable=false, selected=false, class=android.view.ViewGroup, important-for-accessibility=false, error=}, children=[], clickable=false, enabled=true, focused=false, checked=false, selected=false), TreeNode(attributes={text=, accessibilityText=, hintText=, ignoreBoundsFiltering=false, resource-id=, clickable=false, bounds=[148,580][172,604], enabled=true, focused=false, checked=false, scrollable=false, selected=false, class=android.widget.ImageView, important-for-accessibility=false, error=}, children=[], clickable=false, enabled=true, focused=false, checked=false, selected=false), TreeNode(attributes={text=Mekan, accessibilityText=, hintText=, ignoreBoundsFiltering=false, resource-id=, clickable=false, bounds=[141,612][178,628], enabled=true, focused=false, checked=false, scrollable=false, selected=false, class=android.widget.TextView, important-for-accessibility=true, error=}, children=[], clickable=false, enabled=true, focused=false, checked=false, selected=false)], clickable=true, enabled=true, focused=false, checked=false, selected=false), bounds=Bounds(x=133, y=568, width=54, height=64))
00:22:25.164 [ INFO] maestro.Maestro.tap-HgV9Ck0: Tap aimed via settled hierarchy
00:22:25.164 [ INFO] maestro.Maestro.hierarchyBasedTap-ogj28Uc: Tapping at (160, 600) using hierarchy based logic for wait
00:22:26.335 [ INFO] maestro.Maestro.hierarchyBasedTap-ogj28Uc: Something has changed in the UI judging by view hierarchy. Proceed.
00:22:26.335 [ INFO] maestro.cli.runner.CliConsoleListener.onCommandFinished: Tap on id: tab-venue COMPLETED
00:22:26.335 [ INFO] maestro.cli.runner.CliConsoleListener.onCommandStart: Assert that "Oda kur" is visible RUNNING
00:22:26.507 [ INFO] maestro.cli.runner.CliConsoleListener.onCommandFinished: Assert that "Oda kur" is visible COMPLETED
00:22:26.507 [ INFO] maestro.cli.runner.CliConsoleListener.onCommandStart: Tap on "Oda kur" RUNNING
00:22:26.647 [ INFO] maestro.Maestro.tap-HgV9Ck0: Tapping on element:  UiElement(treeNode=TreeNode(attributes={text=Oda kur, accessibilityText=, hintText=, ignoreBoundsFiltering=false, resource-id=, clickable=false, bounds=[57,431][117,451], enabled=true, focused=false, checked=false, scrollable=false, selected=false, class=android.widget.TextView, important-for-accessibility=true, error=}, children=[], clickable=false, enabled=true, focused=false, checked=false, selected=false), bounds=Bounds(x=57, y=431, width=60, height=20))
00:22:27.897 [ INFO] maestro.Maestro.tap-HgV9Ck0: Tap aimed via settled hierarchy
00:22:27.897 [ INFO] maestro.Maestro.hierarchyBasedTap-ogj28Uc: Tapping at (87, 441) using hierarchy based logic for wait
00:22:29.144 [ INFO] maestro.Maestro.hierarchyBasedTap-ogj28Uc: Something has changed in the UI judging by view hierarchy. Proceed.
00:22:29.144 [ INFO] maestro.cli.runner.CliConsoleListener.onCommandFinished: Tap on "Oda kur" COMPLETED
00:22:29.144 [ INFO] maestro.cli.runner.CliConsoleListener.onCommandStart: Assert that id: intent-none is visible RUNNING
00:22:29.213 [ INFO] maestro.cli.runner.CliConsoleListener.onCommandFinished: Assert that id: intent-none is visible COMPLETED
00:22:29.213 [ INFO] maestro.cli.runner.CliConsoleListener.onCommandStart: Scrolling DOWN until "Odayı kur" is visible with speed 40, visibility percentage 100%, timeout 10000 ms, with centering disabled RUNNING
00:22:29.337 [ INFO] maestro.orchestra.Orchestra.scrollUntilVisible: Scrolling try count: 0, DeviceWidth: 320, DeviceWidth: 640
00:22:29.337 [ INFO] maestro.orchestra.Orchestra.scrollUntilVisible: Element bounds: Bounds(x=120, y=565, width=81, height=22)
00:22:29.337 [ INFO] maestro.orchestra.Orchestra.scrollUntilVisible: Visibility Percent: 1.0
00:22:29.337 [ INFO] maestro.orchestra.Orchestra.scrollUntilVisible: Command centerElement: ScrollUntilVisibleCommand(selector=ElementSelector(textRegex=Odayı kur, idRegex=null, size=null, below=null, above=null, leftOf=null, rightOf=null, containsChild=null, containsDescendants=null, traits=null, index=null, enabled=null, optional=false, selected=null, checked=null, focused=null, childOf=null, css=null), direction=DOWN, scrollDuration=601, visibilityPercentage=100, timeout=10000, waitToSettleTimeoutMs=null, centerElement=false, originalSpeedValue=40, label=null, optional=false).centerElement
00:22:29.337 [ INFO] maestro.orchestra.Orchestra.scrollUntilVisible: visibilityPercentageNormalized: 1.0
00:22:29.337 [ INFO] maestro.cli.runner.CliConsoleListener.onCommandFinished: Scrolling DOWN until "Odayı kur" is visible with speed 40, visibility percentage 100%, timeout 10000 ms, with centering disabled COMPLETED
00:22:29.337 [ INFO] maestro.cli.runner.CliConsoleListener.onCommandStart: Tap on "Odayı kur" RUNNING
00:22:29.441 [ INFO] maestro.Maestro.tap-HgV9Ck0: Tapping on element:  UiElement(treeNode=TreeNode(attributes={text=Odayı kur, accessibilityText=, hintText=, ignoreBoundsFiltering=false, resource-id=, clickable=false, bounds=[120,565][201,587], enabled=true, focused=false, checked=false, scrollable=false, selected=false, class=android.widget.TextView, important-for-accessibility=true, error=}, children=[], clickable=false, enabled=true, focused=false, checked=false, selected=false), bounds=Bounds(x=120, y=565, width=81, height=22))
00:22:30.724 [ INFO] maestro.Maestro.tap-HgV9Ck0: Tap aimed via settled hierarchy
00:22:30.724 [ INFO] maestro.Maestro.hierarchyBasedTap-ogj28Uc: Tapping at (160, 576) using hierarchy based logic for wait
00:22:31.944 [ INFO] maestro.Maestro.hierarchyBasedTap-ogj28Uc: Something has changed in the UI judging by view hierarchy. Proceed.
00:22:31.944 [ INFO] maestro.cli.runner.CliConsoleListener.onCommandFinished: Tap on "Odayı kur" COMPLETED
00:22:31.944 [ INFO] maestro.cli.runner.CliConsoleListener.onCommandStart: Assert that id: solo-tabu is visible RUNNING
00:22:32.097 [ INFO] maestro.cli.runner.CliConsoleListener.onCommandFinished: Assert that id: solo-tabu is visible COMPLETED
00:22:32.097 [ INFO] maestro.cli.runner.CliConsoleListener.onCommandStart: Run ../scripts/bot.js RUNNING
00:22:32.168 [ INFO] maestro.cli.runner.CliConsoleListener.onCommandFinished: Run ../scripts/bot.js COMPLETED
00:22:32.168 [ INFO] maestro.cli.runner.CliConsoleListener.onCommandStart: Assert that "Katılma isteği" is visible RUNNING
00:22:32.969 [ INFO] maestro.cli.runner.CliConsoleListener.onCommandFinished: Assert that "Katılma isteği" is visible COMPLETED
00:22:32.970 [ INFO] maestro.cli.runner.CliConsoleListener.onCommandStart: Tap on id: join-accept RUNNING
00:22:33.084 [ INFO] maestro.Maestro.tap-HgV9Ck0: Tapping on element:  UiElement(treeNode=TreeNode(attributes={text=, accessibilityText=Kabul, hintText=, ignoreBoundsFiltering=false, resource-id=join-accept, clickable=true, bounds=[165,502][296,550], enabled=true, focused=false, checked=false, scrollable=false, selected=false, class=android.widget.Button, important-for-accessibility=true, error=}, children=[TreeNode(attributes={text=, accessibilityText=, hintText=, ignoreBoundsFiltering=false, resource-id=, clickable=false, bounds=[165,502][296,550], enabled=true, focused=false, checked=false, scrollable=false, selected=false, class=android.view.ViewGroup, important-for-accessibility=false, error=}, children=[], clickable=false, enabled=true, focused=false, checked=false, selected=false), TreeNode(attributes={text=Kabul, accessibilityText=, hintText=, ignoreBoundsFiltering=false, resource-id=, clickable=false, bounds=[209,516][253,536], enabled=true, focused=false, checked=false, scrollable=false, selected=false, class=android.widget.TextView, important-for-accessibility=true, error=}, children=[], clickable=false, enabled=true, focused=false, checked=false, selected=false)], clickable=true, enabled=true, focused=false, checked=false, selected=false), bounds=Bounds(x=165, y=502, width=131, height=48))
00:22:34.093 [ INFO] maestro.Maestro.tap-HgV9Ck0: Tap aimed via settled hierarchy
00:22:34.093 [ INFO] maestro.Maestro.hierarchyBasedTap-ogj28Uc: Tapping at (230, 526) using hierarchy based logic for wait
00:22:35.038 [ INFO] maestro.Maestro.hierarchyBasedTap-ogj28Uc: Something has changed in the UI judging by view hierarchy. Proceed.
00:22:35.038 [ INFO] maestro.cli.runner.CliConsoleListener.onCommandFinished: Tap on id: join-accept COMPLETED
00:22:35.038 [ INFO] maestro.cli.runner.CliConsoleListener.onCommandStart: Assert that id: propose-tabu is visible RUNNING
00:22:35.163 [ INFO] maestro.cli.runner.CliConsoleListener.onCommandFinished: Assert that id: propose-tabu is visible COMPLETED
00:22:35.163 [ INFO] maestro.cli.runner.CliConsoleListener.onCommandStart: Tap on id: propose-tabu RUNNING
00:22:35.287 [ INFO] maestro.Maestro.tap-HgV9Ck0: Tapping on element:  UiElement(treeNode=TreeNode(attributes={text=, accessibilityText=Sesli Tabu öner, hintText=, ignoreBoundsFiltering=false, resource-id=propose-tabu, clickable=true, bounds=[34,211][111,321], enabled=true, focused=false, checked=false, scrollable=false, selected=false, class=android.widget.Button, important-for-accessibility=true, error=}, children=[TreeNode(attributes={text=, accessibilityText=, hintText=, ignoreBoundsFiltering=false, resource-id=, clickable=false, bounds=[34,211][111,321], enabled=true, focused=false, checked=false, scrollable=false, selected=false, class=android.view.ViewGroup, important-for-accessibility=false, error=}, children=[], clickable=false, enabled=true, focused=false, checked=false, selected=false), TreeNode(attributes={text=, accessibilityText=, hintText=, ignoreBoundsFiltering=false, resource-id=, clickable=false, bounds=[48,225][72,249], enabled=true, focused=false, checked=false, scrollable=false, selected=false, class=android.widget.ImageView, important-for-accessibility=false, error=}, children=[], clickable=false, enabled=true, focused=false, checked=false, selected=false), TreeNode(attributes={text=Sesli Tabu, accessibilityText=, hintText=, ignoreBoundsFiltering=false, resource-id=, clickable=false, bounds=[48,259][98,307], enabled=true, focused=false, checked=false, scrollable=false, selected=false, class=android.widget.TextView, important-for-accessibility=true, error=}, children=[], clickable=false, enabled=true, focused=false, checked=false, selected=false)], clickable=true, enabled=true, focused=false, checked=false, selected=false), bounds=Bounds(x=34, y=211, width=77, height=110))
00:22:36.557 [ INFO] maestro.Maestro.tap-HgV9Ck0: Tap aimed via settled hierarchy
00:22:36.558 [ INFO] maestro.Maestro.hierarchyBasedTap-ogj28Uc: Tapping at (72, 266) using hierarchy based logic for wait
00:22:38.256 [ INFO] maestro.Maestro.hierarchyBasedTap-ogj28Uc: Something has changed in the UI judging by view hierarchy. Proceed.
00:22:38.256 [ INFO] maestro.cli.runner.CliConsoleListener.onCommandFinished: Tap on id: propose-tabu COMPLETED
00:22:38.256 [ INFO] maestro.cli.runner.CliConsoleListener.onCommandStart: Run ../scripts/bot.js RUNNING
00:22:38.324 [ INFO] maestro.cli.runner.CliConsoleListener.onCommandFinished: Run ../scripts/bot.js COMPLETED
00:22:38.324 [ INFO] maestro.cli.runner.CliConsoleListener.onCommandStart: Assert that id: turn-start is visible RUNNING
00:22:39.256 [ INFO] maestro.cli.runner.CliConsoleListener.onCommandFinished: Assert that id: turn-start is visible COMPLETED
00:22:39.256 [ INFO] maestro.cli.runner.CliConsoleListener.onCommandStart: Tap on id: turn-start RUNNING
00:22:39.328 [ INFO] maestro.Maestro.tap-HgV9Ck0: Tapping on element:  UiElement(treeNode=TreeNode(attributes={text=, accessibilityText=Turu başlat, hintText=, ignoreBoundsFiltering=false, resource-id=turn-start, clickable=true, bounds=[62,80][258,170], enabled=true, focused=false, checked=false, scrollable=false, selected=false, class=android.widget.Button, important-for-accessibility=true, error=}, children=[TreeNode(attributes={text=, accessibilityText=, hintText=, ignoreBoundsFiltering=false, resource-id=, clickable=false, bounds=[62,80][258,170], enabled=true, focused=false, checked=false, scrollable=false, selected=false, class=android.view.ViewGroup, important-for-accessibility=false, error=}, children=[TreeNode(attributes={text=Başla, accessibilityText=, hintText=, ignoreBoundsFiltering=false, resource-id=, clickable=false, bounds=[89,80][231,101], enabled=true, focused=false, checked=false, scrollable=false, selected=false, class=android.widget.TextView, important-for-accessibility=true, error=}, children=[], clickable=false, enabled=true, focused=false, checked=false, selected=false)], clickable=false, enabled=true, focused=false, checked=false, selected=false)], clickable=true, enabled=true, focused=false, checked=false, selected=false), bounds=Bounds(x=62, y=80, width=196, height=90))
00:22:40.552 [ INFO] maestro.Maestro.tap-HgV9Ck0: Tap aimed via settled hierarchy
00:22:40.552 [ INFO] maestro.Maestro.hierarchyBasedTap-ogj28Uc: Tapping at (160, 125) using hierarchy based logic for wait
00:22:40.887 [ INFO] maestro.cli.runner.CliConsoleListener.onCommandFinished: Tap on id: turn-start COMPLETED
00:22:40.888 [ INFO] maestro.cli.runner.CliConsoleListener.onCommandStart: Assert that "Kartı görmek için dokun" is visible RUNNING
00:22:54.853 [ INFO] maestro.cli.runner.CliConsoleListener.onCommandFinished: Assert that "Kartı görmek için dokun" is visible COMPLETED
00:22:54.853 [ INFO] maestro.cli.runner.CliConsoleListener.onCommandStart: Run ../scripts/bot.js RUNNING
00:22:54.911 [ INFO] maestro.cli.runner.CliConsoleListener.onCommandFinished: Run ../scripts/bot.js COMPLETED
00:22:54.911 [ INFO] maestro.cli.runner.CliConsoleListener.onCommandStart: Assert that "Tanışalım mı\?" is visible RUNNING
00:22:55.932 [ INFO] maestro.cli.runner.CliConsoleListener.onCommandFinished: Assert that "Tanışalım mı\?" is visible COMPLETED
00:22:55.932 [ INFO] maestro.cli.runner.CliConsoleListener.onCommandStart: Assert that "Bir şeyler ters gitti" is not visible RUNNING
00:22:57.843 [ INFO] maestro.cli.runner.CliConsoleListener.onCommandFinished: Assert that "Bir şeyler ters gitti" is not visible COMPLETED
00:22:57.844 [ INFO] maestro.cli.runner.CliConsoleListener.onCommandStart: Take screenshot 28-ended-by-bot RUNNING
00:22:57.844 [ INFO] maestro.Maestro.takeScreenshot: Taking screenshot
00:22:57.844 [TRACE] maestro.utils.ScreenshotUtils.takeScreenshot: Taking screenshot to output sink
00:22:57.866 [ INFO] maestro.cli.runner.CliConsoleListener.onCommandFinished: Take screenshot 28-ended-by-bot COMPLETED
00:22:57.866 [ INFO] maestro.cli.runner.CliConsoleListener.onCommandStart: Tap on id: reveal-no RUNNING
00:22:57.976 [ INFO] maestro.Maestro.tap-HgV9Ck0: Tapping on element:  UiElement(treeNode=TreeNode(attributes={text=, accessibilityText=Hayır, hintText=, ignoreBoundsFiltering=false, resource-id=reveal-no, clickable=true, bounds=[37,313][155,361], enabled=true, focused=false, checked=false, scrollable=false, selected=false, class=android.widget.Button, important-for-accessibility=true, error=}, children=[TreeNode(attributes={text=, accessibilityText=, hintText=, ignoreBoundsFiltering=false, resource-id=, clickable=false, bounds=[37,313][155,361], enabled=true, focused=false, checked=false, scrollable=false, selected=false, class=android.view.ViewGroup, important-for-accessibility=false, error=}, children=[], clickable=false, enabled=true, focused=false, checked=false, selected=false), TreeNode(attributes={text=Hayır, accessibilityText=, hintText=, ignoreBoundsFiltering=false, resource-id=, clickable=false, bounds=[76,327][116,347], enabled=true, focused=false, checked=false, scrollable=false, selected=false, class=android.widget.TextView, important-for-accessibility=true, error=}, children=[], clickable=false, enabled=true, focused=false, checked=false, selected=false)], clickable=true, enabled=true, focused=false, checked=false, selected=false), bounds=Bounds(x=37, y=313, width=118, height=48))
00:22:59.176 [ INFO] maestro.Maestro.tap-HgV9Ck0: Tap aimed via settled hierarchy
00:22:59.176 [ INFO] maestro.Maestro.hierarchyBasedTap-ogj28Uc: Tapping at (96, 337) using hierarchy based logic for wait
00:23:00.148 [ INFO] maestro.Maestro.hierarchyBasedTap-ogj28Uc: Something has changed in the UI judging by view hierarchy. Proceed.
00:23:00.148 [ INFO] maestro.cli.runner.CliConsoleListener.onCommandFinished: Tap on id: reveal-no COMPLETED
00:23:00.148 [ INFO] maestro.cli.runner.CliConsoleListener.onCommandStart: Assert that "Güzel oyundu.*" is visible RUNNING
00:23:00.253 [ INFO] maestro.cli.runner.CliConsoleListener.onCommandFinished: Assert that "Güzel oyundu.*" is visible COMPLETED
00:23:00.253 [ INFO] maestro.cli.runner.CliConsoleListener.onCommandStart: Run ../scripts/bot.js RUNNING
00:23:00.330 [ INFO] maestro.cli.runner.CliConsoleListener.onCommandFinished: Run ../scripts/bot.js COMPLETED
00:23:00.330 [ INFO] maestro.cli.runner.CliConsoleListener.onCommandStart: Assert that "Bir şeyler ters gitti" is not visible RUNNING
00:23:00.971 [ INFO] maestro.cli.runner.CliConsoleListener.onCommandFinished: Assert that "Bir şeyler ters gitti" is not visible COMPLETED
00:23:00.971 [ INFO] maestro.cli.runner.CliConsoleListener.onCommandStart: Take screenshot 29-good-game RUNNING
00:23:00.972 [ INFO] maestro.Maestro.takeScreenshot: Taking screenshot
00:23:00.972 [TRACE] maestro.utils.ScreenshotUtils.takeScreenshot: Taking screenshot to output sink
00:23:00.994 [ INFO] maestro.cli.runner.CliConsoleListener.onCommandFinished: Take screenshot 29-good-game COMPLETED
00:23:00.995 [ INFO] maestro.cli.runner.CliConsoleListener.onCommandStart: Tap on "Mekana dön" RUNNING
00:23:01.140 [ INFO] maestro.Maestro.tap-HgV9Ck0: Tapping on element:  UiElement(treeNode=TreeNode(attributes={text=Mekana dön, accessibilityText=, hintText=, ignoreBoundsFiltering=false, resource-id=, clickable=false, bounds=[115,229][206,249], enabled=true, focused=false, checked=false, scrollable=false, selected=false, class=android.widget.TextView, important-for-accessibility=true, error=}, children=[], clickable=false, enabled=true, focused=false, checked=false, selected=false), bounds=Bounds(x=115, y=229, width=91, height=20))
00:23:02.319 [ INFO] maestro.Maestro.tap-HgV9Ck0: Tap aimed via settled hierarchy
00:23:02.320 [ INFO] maestro.Maestro.hierarchyBasedTap-ogj28Uc: Tapping at (160, 239) using hierarchy based logic for wait
00:23:03.270 [ INFO] maestro.Maestro.hierarchyBasedTap-ogj28Uc: Something has changed in the UI judging by view hierarchy. Proceed.
00:23:03.270 [ INFO] maestro.cli.runner.CliConsoleListener.onCommandFinished: Tap on "Mekana dön" COMPLETED
00:23:03.270 [ INFO] maestro.cli.runner.CliConsoleListener.onCommandStart: Assert that "Oda kur" is visible RUNNING
00:23:03.410 [ INFO] maestro.cli.runner.CliConsoleListener.onCommandFinished: Assert that "Oda kur" is visible COMPLETED
00:23:03.410 [ INFO] maestro.cli.runner.CliConsoleListener.onCommandStart: Tap on id: play-with-table RUNNING
00:23:03.503 [ INFO] maestro.Maestro.tap-HgV9Ck0: Tapping on element:  UiElement(treeNode=TreeNode(attributes={text=, accessibilityText=Masanla oyna, hintText=, ignoreBoundsFiltering=false, resource-id=play-with-table, clickable=true, bounds=[166,417][300,465], enabled=true, focused=false, checked=false, scrollable=false, selected=false, class=android.widget.Button, important-for-accessibility=true, error=}, children=[TreeNode(attributes={text=, accessibilityText=, hintText=, ignoreBoundsFiltering=false, resource-id=, clickable=false, bounds=[166,417][300,465], enabled=true, focused=false, checked=false, scrollable=false, selected=false, class=android.view.ViewGroup, important-for-accessibility=false, error=}, children=[], clickable=false, enabled=true, focused=false, checked=false, selected=false), TreeNode(attributes={text=Masanla oyna, accessibilityText=, hintText=, ignoreBoundsFiltering=false, resource-id=, clickable=false, bounds=[182,431][285,451], enabled=true, focused=false, checked=false, scrollable=false, selected=false, class=android.widget.TextView, important-for-accessibility=true, error=}, children=[], clickable=false, enabled=true, focused=false, checked=false, selected=false)], clickable=true, enabled=true, focused=false, checked=false, selected=false), bounds=Bounds(x=166, y=417, width=134, height=48))
00:23:04.797 [ INFO] maestro.Maestro.tap-HgV9Ck0: Tap aimed via settled hierarchy
00:23:04.797 [ INFO] maestro.Maestro.hierarchyBasedTap-ogj28Uc: Tapping at (233, 441) using hierarchy based logic for wait
00:23:06.100 [ INFO] maestro.Maestro.hierarchyBasedTap-ogj28Uc: Something has changed in the UI judging by view hierarchy. Proceed.
00:23:06.100 [ INFO] maestro.cli.runner.CliConsoleListener.onCommandFinished: Tap on id: play-with-table COMPLETED
00:23:06.101 [ INFO] maestro.cli.runner.CliConsoleListener.onCommandStart: Assert that id: solo-tabu is visible RUNNING
00:23:06.181 [ INFO] maestro.cli.runner.CliConsoleListener.onCommandFinished: Assert that id: solo-tabu is visible COMPLETED
00:23:06.181 [ INFO] maestro.cli.runner.CliConsoleListener.onCommandStart: Take screenshot 29b-solo-room RUNNING
00:23:06.181 [ INFO] maestro.Maestro.takeScreenshot: Taking screenshot
00:23:06.182 [TRACE] maestro.utils.ScreenshotUtils.takeScreenshot: Taking screenshot to output sink
00:23:06.241 [ INFO] maestro.cli.runner.CliConsoleListener.onCommandFinished: Take screenshot 29b-solo-room COMPLETED
00:23:06.242 [ INFO] maestro.cli.runner.CliConsoleListener.onCommandStart: Tap on id: solo-tabu RUNNING
00:23:06.377 [ INFO] maestro.Maestro.tap-HgV9Ck0: Tapping on element:  UiElement(treeNode=TreeNode(attributes={text=, accessibilityText=Sesli Tabu başlat, hintText=, ignoreBoundsFiltering=false, resource-id=solo-tabu, clickable=true, bounds=[32,227][288,275], enabled=true, focused=false, checked=false, scrollable=false, selected=false, class=android.widget.Button, important-for-accessibility=true, error=}, children=[TreeNode(attributes={text=, accessibilityText=, hintText=, ignoreBoundsFiltering=false, resource-id=, clickable=false, bounds=[32,227][288,275], enabled=true, focused=false, checked=false, scrollable=false, selected=false, class=android.view.ViewGroup, important-for-accessibility=false, error=}, children=[], clickable=false, enabled=true, focused=false, checked=false, selected=false), TreeNode(attributes={text=Sesli Tabu başlat, accessibilityText=, hintText=, ignoreBoundsFiltering=false, resource-id=, clickable=false, bounds=[97,241][224,261], enabled=true, focused=false, checked=false, scrollable=false, selected=false, class=android.widget.TextView, important-for-accessibility=true, error=}, children=[], clickable=false, enabled=true, focused=false, checked=false, selected=false)], clickable=true, enabled=true, focused=false, checked=false, selected=false), bounds=Bounds(x=32, y=227, width=256, height=48))
00:23:07.624 [ INFO] maestro.Maestro.tap-HgV9Ck0: Tap aimed via settled hierarchy
00:23:07.625 [ INFO] maestro.Maestro.hierarchyBasedTap-ogj28Uc: Tapping at (160, 251) using hierarchy based logic for wait
00:23:08.549 [ INFO] maestro.Maestro.hierarchyBasedTap-ogj28Uc: Something has changed in the UI judging by view hierarchy. Proceed.
00:23:08.549 [ INFO] maestro.cli.runner.CliConsoleListener.onCommandFinished: Tap on id: solo-tabu COMPLETED
00:23:08.549 [ INFO] maestro.cli.runner.CliConsoleListener.onCommandStart: Assert that "Takım . başlasın" is visible RUNNING
00:23:08.697 [ INFO] maestro.cli.runner.CliConsoleListener.onCommandFinished: Assert that "Takım . başlasın" is visible COMPLETED
00:23:08.697 [ INFO] maestro.cli.runner.CliConsoleListener.onCommandStart: Take screenshot 29c-solo-tabu RUNNING
00:23:08.697 [ INFO] maestro.Maestro.takeScreenshot: Taking screenshot
00:23:08.697 [TRACE] maestro.utils.ScreenshotUtils.takeScreenshot: Taking screenshot to output sink
00:23:08.718 [ INFO] maestro.cli.runner.CliConsoleListener.onCommandFinished: Take screenshot 29c-solo-tabu COMPLETED
00:23:08.718 [ INFO] maestro.cli.runner.CliConsoleListener.onCommandStart: Scrolling DOWN until id: end-game is visible with speed 40, visibility percentage 100%, timeout 10000 ms, with centering disabled RUNNING
00:23:08.878 [ INFO] maestro.orchestra.Orchestra.scrollUntilVisible: Scrolling try count: 0, DeviceWidth: 320, DeviceWidth: 640
00:23:08.878 [ INFO] maestro.orchestra.Orchestra.scrollUntilVisible: Element bounds: Bounds(x=16, y=30, width=44, height=44)
00:23:08.878 [ INFO] maestro.orchestra.Orchestra.scrollUntilVisible: Visibility Percent: 1.0
00:23:08.878 [ INFO] maestro.orchestra.Orchestra.scrollUntilVisible: Command centerElement: ScrollUntilVisibleCommand(selector=ElementSelector(textRegex=null, idRegex=end-game, size=null, below=null, above=null, leftOf=null, rightOf=null, containsChild=null, containsDescendants=null, traits=null, index=null, enabled=null, optional=false, selected=null, checked=null, focused=null, childOf=null, css=null), direction=DOWN, scrollDuration=601, visibilityPercentage=100, timeout=10000, waitToSettleTimeoutMs=null, centerElement=false, originalSpeedValue=40, label=null, optional=false).centerElement
00:23:08.878 [ INFO] maestro.orchestra.Orchestra.scrollUntilVisible: visibilityPercentageNormalized: 1.0
00:23:08.878 [ INFO] maestro.cli.runner.CliConsoleListener.onCommandFinished: Scrolling DOWN until id: end-game is visible with speed 40, visibility percentage 100%, timeout 10000 ms, with centering disabled COMPLETED
00:23:08.878 [ INFO] maestro.cli.runner.CliConsoleListener.onCommandStart: Tap on id: end-game RUNNING
00:23:09.024 [ INFO] maestro.Maestro.tap-HgV9Ck0: Tapping on element:  UiElement(treeNode=TreeNode(attributes={text=, accessibilityText=Oyunu bitir, hintText=, ignoreBoundsFiltering=false, resource-id=end-game, clickable=true, bounds=[16,30][60,74], enabled=true, focused=false, checked=false, scrollable=false, selected=false, class=android.widget.Button, important-for-accessibility=true, error=}, children=[TreeNode(attributes={text=, accessibilityText=, hintText=, ignoreBoundsFiltering=false, resource-id=, clickable=false, bounds=[16,30][60,74], enabled=true, focused=false, checked=false, scrollable=false, selected=false, class=android.view.ViewGroup, important-for-accessibility=false, error=}, children=[], clickable=false, enabled=true, focused=false, checked=false, selected=false), TreeNode(attributes={text=, accessibilityText=, hintText=, ignoreBoundsFiltering=false, resource-id=, clickable=false, bounds=[28,41][48,62], enabled=true, focused=false, checked=false, scrollable=false, selected=false, class=android.widget.TextView, important-for-accessibility=true, error=}, children=[], clickable=false, enabled=true, focused=false, checked=false, selected=false)], clickable=true, enabled=true, focused=false, checked=false, selected=false), bounds=Bounds(x=16, y=30, width=44, height=44))
00:23:10.220 [ INFO] maestro.Maestro.tap-HgV9Ck0: Tap aimed via settled hierarchy
00:23:10.220 [ INFO] maestro.Maestro.hierarchyBasedTap-ogj28Uc: Tapping at (38, 52) using hierarchy based logic for wait
00:23:11.087 [ INFO] maestro.Maestro.hierarchyBasedTap-ogj28Uc: Something has changed in the UI judging by view hierarchy. Proceed.
00:23:11.087 [ INFO] maestro.cli.runner.CliConsoleListener.onCommandFinished: Tap on id: end-game COMPLETED
00:23:11.087 [ INFO] maestro.cli.runner.CliConsoleListener.onCommandStart: Tap on id: end-game-confirm RUNNING
00:23:11.151 [ INFO] maestro.Maestro.tap-HgV9Ck0: Tapping on element:  UiElement(treeNode=TreeNode(attributes={text=, accessibilityText=Bitir, hintText=, ignoreBoundsFiltering=false, resource-id=end-game-confirm, clickable=true, bounds=[165,568][296,616], enabled=true, focused=false, checked=false, scrollable=false, selected=false, class=android.widget.Button, important-for-accessibility=true, error=}, children=[TreeNode(attributes={text=, accessibilityText=, hintText=, ignoreBoundsFiltering=false, resource-id=, clickable=false, bounds=[165,568][296,616], enabled=true, focused=false, checked=false, scrollable=false, selected=false, class=android.view.ViewGroup, important-for-accessibility=false, error=}, children=[], clickable=false, enabled=true, focused=false, checked=false, selected=false), TreeNode(attributes={text=Bitir, accessibilityText=, hintText=, ignoreBoundsFiltering=false, resource-id=, clickable=false, bounds=[215,582][247,602], enabled=true, focused=false, checked=false, scrollable=false, selected=false, class=android.widget.TextView, important-for-accessibility=true, error=}, children=[], clickable=false, enabled=true, focused=false, checked=false, selected=false)], clickable=true, enabled=true, focused=false, checked=false, selected=false), bounds=Bounds(x=165, y=568, width=131, height=48))
00:23:12.431 [ INFO] maestro.Maestro.tap-HgV9Ck0: Tap aimed via settled hierarchy
00:23:12.432 [ INFO] maestro.Maestro.hierarchyBasedTap-ogj28Uc: Tapping at (230, 592) using hierarchy based logic for wait
00:23:13.656 [ INFO] maestro.Maestro.hierarchyBasedTap-ogj28Uc: Something has changed in the UI judging by view hierarchy. Proceed.
00:23:13.656 [ INFO] maestro.cli.runner.CliConsoleListener.onCommandFinished: Tap on id: end-game-confirm COMPLETED
00:23:13.656 [ INFO] maestro.cli.runner.CliConsoleListener.onCommandStart: Scrolling UP until id: solo-tabu is visible with speed 40, visibility percentage 100%, timeout 15000 ms, with centering disabled RUNNING
00:23:13.772 [ INFO] maestro.orchestra.Orchestra.scrollUntilVisible: Scrolling try count: 0, DeviceWidth: 320, DeviceWidth: 640
00:23:13.772 [ INFO] maestro.orchestra.Orchestra.scrollUntilVisible: Element bounds: Bounds(x=32, y=277, width=256, height=48)
00:23:13.773 [ INFO] maestro.orchestra.Orchestra.scrollUntilVisible: Visibility Percent: 1.0
00:23:13.773 [ INFO] maestro.orchestra.Orchestra.scrollUntilVisible: Command centerElement: ScrollUntilVisibleCommand(selector=ElementSelector(textRegex=null, idRegex=solo-tabu, size=null, below=null, above=null, leftOf=null, rightOf=null, containsChild=null, containsDescendants=null, traits=null, index=null, enabled=null, optional=false, selected=null, checked=null, focused=null, childOf=null, css=null), direction=UP, scrollDuration=601, visibilityPercentage=100, timeout=15000, waitToSettleTimeoutMs=null, centerElement=false, originalSpeedValue=40, label=null, optional=false).centerElement
00:23:13.773 [ INFO] maestro.orchestra.Orchestra.scrollUntilVisible: visibilityPercentageNormalized: 1.0
00:23:13.773 [ INFO] maestro.cli.runner.CliConsoleListener.onCommandFinished: Scrolling UP until id: solo-tabu is visible with speed 40, visibility percentage 100%, timeout 15000 ms, with centering disabled COMPLETED
00:23:13.773 [ INFO] maestro.cli.runner.CliConsoleListener.onCommandStart: Scrolling DOWN until id: solo-sohbet is visible with speed 40, visibility percentage 100%, timeout 15000 ms, with centering disabled RUNNING
00:23:14.456 [ WARN] maestro.orchestra.Orchestra.scrollUntilVisible: Error: maestro.MaestroException$ElementNotFound: Element not found: Id matching regex: solo-sohbet
00:23:14.503 [ INFO] maestro.Maestro.swipeFromCenter: Swiping UP from center
00:23:15.849 [ INFO] maestro.orchestra.Orchestra.scrollUntilVisible: Scrolling try count: 0, DeviceWidth: 320, DeviceWidth: 640
00:23:15.849 [ INFO] maestro.orchestra.Orchestra.scrollUntilVisible: Element bounds: Bounds(x=32, y=457, width=256, height=48)
00:23:15.849 [ INFO] maestro.orchestra.Orchestra.scrollUntilVisible: Visibility Percent: 1.0
00:23:15.849 [ INFO] maestro.orchestra.Orchestra.scrollUntilVisible: Command centerElement: ScrollUntilVisibleCommand(selector=ElementSelector(textRegex=null, idRegex=solo-sohbet, size=null, below=null, above=null, leftOf=null, rightOf=null, containsChild=null, containsDescendants=null, traits=null, index=null, enabled=null, optional=false, selected=null, checked=null, focused=null, childOf=null, css=null), direction=DOWN, scrollDuration=601, visibilityPercentage=100, timeout=15000, waitToSettleTimeoutMs=null, centerElement=false, originalSpeedValue=40, label=null, optional=false).centerElement
00:23:15.849 [ INFO] maestro.orchestra.Orchestra.scrollUntilVisible: visibilityPercentageNormalized: 1.0
00:23:15.849 [ INFO] maestro.cli.runner.CliConsoleListener.onCommandFinished: Scrolling DOWN until id: solo-sohbet is visible with speed 40, visibility percentage 100%, timeout 15000 ms, with centering disabled COMPLETED
00:23:15.849 [ INFO] maestro.cli.runner.CliConsoleListener.onCommandStart: Scrolling DOWN until id: end-room is visible with speed 40, visibility percentage 100%, timeout 10000 ms, with centering disabled RUNNING
00:23:15.937 [ INFO] maestro.orchestra.Orchestra.scrollUntilVisible: Scrolling try count: 0, DeviceWidth: 320, DeviceWidth: 640
00:23:15.937 [ INFO] maestro.orchestra.Orchestra.scrollUntilVisible: Element bounds: Bounds(x=185, y=30, width=79, height=48)
00:23:15.937 [ INFO] maestro.orchestra.Orchestra.scrollUntilVisible: Visibility Percent: 1.0
00:23:15.937 [ INFO] maestro.orchestra.Orchestra.scrollUntilVisible: Command centerElement: ScrollUntilVisibleCommand(selector=ElementSelector(textRegex=null, idRegex=end-room, size=null, below=null, above=null, leftOf=null, rightOf=null, containsChild=null, containsDescendants=null, traits=null, index=null, enabled=null, optional=false, selected=null, checked=null, focused=null, childOf=null, css=null), direction=DOWN, scrollDuration=601, visibilityPercentage=100, timeout=10000, waitToSettleTimeoutMs=null, centerElement=false, originalSpeedValue=40, label=null, optional=false).centerElement
00:23:15.937 [ INFO] maestro.orchestra.Orchestra.scrollUntilVisible: visibilityPercentageNormalized: 1.0
00:23:15.937 [ INFO] maestro.cli.runner.CliConsoleListener.onCommandFinished: Scrolling DOWN until id: end-room is visible with speed 40, visibility percentage 100%, timeout 10000 ms, with centering disabled COMPLETED
00:23:15.937 [ INFO] maestro.cli.runner.CliConsoleListener.onCommandStart: Tap on id: end-room RUNNING
00:23:16.117 [ INFO] maestro.Maestro.tap-HgV9Ck0: Tapping on element:  UiElement(treeNode=TreeNode(attributes={text=, accessibilityText=Odayı bitir, hintText=, ignoreBoundsFiltering=false, resource-id=end-room, clickable=true, bounds=[185,30][264,78], enabled=true, focused=false, checked=false, scrollable=false, selected=false, class=android.widget.Button, important-for-accessibility=true, error=}, children=[TreeNode(attributes={text=, accessibilityText=, hintText=, ignoreBoundsFiltering=false, resource-id=, clickable=false, bounds=[185,30][264,78], enabled=true, focused=false, checked=false, scrollable=false, selected=false, class=android.view.ViewGroup, important-for-accessibility=false, error=}, children=[], clickable=false, enabled=true, focused=false, checked=false, selected=false), TreeNode(attributes={text=Odayı bitir, accessibilityText=, hintText=, ignoreBoundsFiltering=false, resource-id=, clickable=false, bounds=[185,44][264,64], enabled=true, focused=false, checked=false, scrollable=false, selected=false, class=android.widget.TextView, important-for-accessibility=true, error=}, children=[], clickable=false, enabled=true, focused=false, checked=false, selected=false)], clickable=true, enabled=true, focused=false, checked=false, selected=false), bounds=Bounds(x=185, y=30, width=79, height=48))
00:23:17.304 [ INFO] maestro.Maestro.tap-HgV9Ck0: Tap aimed via settled hierarchy
00:23:17.305 [ INFO] maestro.Maestro.hierarchyBasedTap-ogj28Uc: Tapping at (224, 54) using hierarchy based logic for wait
00:23:18.641 [ INFO] maestro.Maestro.hierarchyBasedTap-ogj28Uc: Something has changed in the UI judging by view hierarchy. Proceed.
00:23:18.641 [ INFO] maestro.cli.runner.CliConsoleListener.onCommandFinished: Tap on id: end-room COMPLETED
00:23:18.641 [ INFO] maestro.cli.runner.CliConsoleListener.onCommandStart: Assert that "Oda kur" is visible RUNNING
00:23:18.773 [ INFO] maestro.cli.runner.CliConsoleListener.onCommandFinished: Assert that "Oda kur" is visible COMPLETED
00:23:18.774 [ INFO] maestro.cli.runner.CliConsoleListener.onCommandFinished: Run flows/06-white-screen.yaml COMPLETED
00:23:18.774 [ INFO] maestro.cli.runner.CliConsoleListener.onCommandStart: Run flows/06b-tabu-coop.yaml RUNNING
00:23:18.774 [ INFO] maestro.cli.runner.CliConsoleListener.onCommandStart: Apply configuration RUNNING
00:23:18.774 [ INFO] maestro.cli.runner.CliConsoleListener.onCommandFinished: Apply configuration COMPLETED
00:23:18.774 [ INFO] maestro.cli.runner.CliConsoleListener.onCommandStart: Run ../scripts/bot.js RUNNING
00:23:19.057 [ INFO] maestro.cli.runner.CliConsoleListener.onCommandFinished: Run ../scripts/bot.js COMPLETED
00:23:19.057 [ INFO] maestro.cli.runner.CliConsoleListener.onCommandStart: Run ../scripts/bot.js RUNNING
00:23:19.190 [ INFO] maestro.cli.runner.CliConsoleListener.onCommandFinished: Run ../scripts/bot.js COMPLETED
00:23:19.190 [ INFO] maestro.cli.runner.CliConsoleListener.onCommandStart: Tap on id: tab-venue RUNNING
00:23:19.315 [ INFO] maestro.Maestro.tap-HgV9Ck0: Tapping on element:  UiElement(treeNode=TreeNode(attributes={text=, accessibilityText=Mekan, hintText=, ignoreBoundsFiltering=false, resource-id=tab-venue, clickable=true, bounds=[133,568][187,632], enabled=true, focused=false, checked=false, scrollable=false, selected=true, class=android.view.View, important-for-accessibility=true, error=}, children=[TreeNode(attributes={text=, accessibilityText=, hintText=, ignoreBoundsFiltering=false, resource-id=, clickable=false, bounds=[140,572][180,612], enabled=true, focused=false, checked=false, scrollable=false, selected=false, class=android.view.ViewGroup, important-for-accessibility=false, error=}, children=[], clickable=false, enabled=true, focused=false, checked=false, selected=false), TreeNode(attributes={text=, accessibilityText=, hintText=, ignoreBoundsFiltering=false, resource-id=, clickable=false, bounds=[150,583][170,601], enabled=true, focused=false, checked=false, scrollable=false, selected=false, class=android.widget.ImageView, important-for-accessibility=false, error=}, children=[], clickable=false, enabled=true, focused=false, checked=false, selected=false), TreeNode(attributes={text=Mekan, accessibilityText=, hintText=, ignoreBoundsFiltering=false, resource-id=, clickable=false, bounds=[141,612][178,628], enabled=true, focused=false, checked=false, scrollable=false, selected=false, class=android.widget.TextView, important-for-accessibility=true, error=}, children=[], clickable=false, enabled=true, focused=false, checked=false, selected=false)], clickable=true, enabled=true, focused=false, checked=false, selected=true), bounds=Bounds(x=133, y=568, width=54, height=64))
00:23:20.558 [ INFO] maestro.Maestro.tap-HgV9Ck0: Tap aimed via settled hierarchy
00:23:20.558 [ INFO] maestro.Maestro.hierarchyBasedTap-ogj28Uc: Tapping at (160, 600) using hierarchy based logic for wait
00:23:21.402 [ INFO] maestro.Maestro.hierarchyBasedTap-ogj28Uc: Something has changed in the UI judging by view hierarchy. Proceed.
00:23:21.402 [ INFO] maestro.cli.runner.CliConsoleListener.onCommandFinished: Tap on id: tab-venue COMPLETED
00:23:21.402 [ INFO] maestro.cli.runner.CliConsoleListener.onCommandStart: Assert that "Oda kur" is visible RUNNING
00:23:21.538 [ INFO] maestro.cli.runner.CliConsoleListener.onCommandFinished: Assert that "Oda kur" is visible COMPLETED
00:23:21.538 [ INFO] maestro.cli.runner.CliConsoleListener.onCommandStart: Tap on "Oda kur" RUNNING
00:23:21.663 [ INFO] maestro.Maestro.tap-HgV9Ck0: Tapping on element:  UiElement(treeNode=TreeNode(attributes={text=Oda kur, accessibilityText=, hintText=, ignoreBoundsFiltering=false, resource-id=, clickable=false, bounds=[57,431][117,451], enabled=true, focused=false, checked=false, scrollable=false, selected=false, class=android.widget.TextView, important-for-accessibility=true, error=}, children=[], clickable=false, enabled=true, focused=false, checked=false, selected=false), bounds=Bounds(x=57, y=431, width=60, height=20))
00:23:22.984 [ INFO] maestro.Maestro.tap-HgV9Ck0: Tap aimed via settled hierarchy
00:23:22.985 [ INFO] maestro.Maestro.hierarchyBasedTap-ogj28Uc: Tapping at (87, 441) using hierarchy based logic for wait
00:23:24.284 [ INFO] maestro.Maestro.hierarchyBasedTap-ogj28Uc: Something has changed in the UI judging by view hierarchy. Proceed.
00:23:24.284 [ INFO] maestro.cli.runner.CliConsoleListener.onCommandFinished: Tap on "Oda kur" COMPLETED
00:23:24.284 [ INFO] maestro.cli.runner.CliConsoleListener.onCommandStart: Assert that id: intent-none is visible RUNNING
00:23:24.396 [ INFO] maestro.cli.runner.CliConsoleListener.onCommandFinished: Assert that id: intent-none is visible COMPLETED
00:23:24.397 [ INFO] maestro.cli.runner.CliConsoleListener.onCommandStart: Scrolling DOWN until "Odayı kur" is visible with speed 40, visibility percentage 100%, timeout 10000 ms, with centering disabled RUNNING
00:23:24.509 [ INFO] maestro.orchestra.Orchestra.scrollUntilVisible: Scrolling try count: 0, DeviceWidth: 320, DeviceWidth: 640
00:23:24.509 [ INFO] maestro.orchestra.Orchestra.scrollUntilVisible: Element bounds: Bounds(x=120, y=565, width=81, height=22)
00:23:24.509 [ INFO] maestro.orchestra.Orchestra.scrollUntilVisible: Visibility Percent: 1.0
00:23:24.509 [ INFO] maestro.orchestra.Orchestra.scrollUntilVisible: Command centerElement: ScrollUntilVisibleCommand(selector=ElementSelector(textRegex=Odayı kur, idRegex=null, size=null, below=null, above=null, leftOf=null, rightOf=null, containsChild=null, containsDescendants=null, traits=null, index=null, enabled=null, optional=false, selected=null, checked=null, focused=null, childOf=null, css=null), direction=DOWN, scrollDuration=601, visibilityPercentage=100, timeout=10000, waitToSettleTimeoutMs=null, centerElement=false, originalSpeedValue=40, label=null, optional=false).centerElement
00:23:24.509 [ INFO] maestro.orchestra.Orchestra.scrollUntilVisible: visibilityPercentageNormalized: 1.0
00:23:24.509 [ INFO] maestro.cli.runner.CliConsoleListener.onCommandFinished: Scrolling DOWN until "Odayı kur" is visible with speed 40, visibility percentage 100%, timeout 10000 ms, with centering disabled COMPLETED
00:23:24.509 [ INFO] maestro.cli.runner.CliConsoleListener.onCommandStart: Tap on "Odayı kur" RUNNING
00:23:24.621 [ INFO] maestro.Maestro.tap-HgV9Ck0: Tapping on element:  UiElement(treeNode=TreeNode(attributes={text=Odayı kur, accessibilityText=, hintText=, ignoreBoundsFiltering=false, resource-id=, clickable=false, bounds=[120,565][201,587], enabled=true, focused=false, checked=false, scrollable=false, selected=false, class=android.widget.TextView, important-for-accessibility=true, error=}, children=[], clickable=false, enabled=true, focused=false, checked=false, selected=false), bounds=Bounds(x=120, y=565, width=81, height=22))
00:23:25.852 [ INFO] maestro.Maestro.tap-HgV9Ck0: Tap aimed via settled hierarchy
00:23:25.852 [ INFO] maestro.Maestro.hierarchyBasedTap-ogj28Uc: Tapping at (160, 576) using hierarchy based logic for wait
00:23:27.096 [ INFO] maestro.Maestro.hierarchyBasedTap-ogj28Uc: Something has changed in the UI judging by view hierarchy. Proceed.
00:23:27.096 [ INFO] maestro.cli.runner.CliConsoleListener.onCommandFinished: Tap on "Odayı kur" COMPLETED
00:23:27.096 [ INFO] maestro.cli.runner.CliConsoleListener.onCommandStart: Assert that id: solo-tabu is visible RUNNING
00:23:27.216 [ INFO] maestro.cli.runner.CliConsoleListener.onCommandFinished: Assert that id: solo-tabu is visible COMPLETED
00:23:27.217 [ INFO] maestro.cli.runner.CliConsoleListener.onCommandStart: Run ../scripts/bot.js RUNNING
00:23:27.291 [ INFO] maestro.cli.runner.CliConsoleListener.onCommandFinished: Run ../scripts/bot.js COMPLETED
00:23:27.291 [ INFO] maestro.cli.runner.CliConsoleListener.onCommandStart: Assert that "Katılma isteği" is visible RUNNING
00:23:27.952 [ INFO] maestro.cli.runner.CliConsoleListener.onCommandFinished: Assert that "Katılma isteği" is visible COMPLETED
00:23:27.952 [ INFO] maestro.cli.runner.CliConsoleListener.onCommandStart: Tap on id: join-accept RUNNING
00:23:28.239 [ INFO] maestro.Maestro.tap-HgV9Ck0: Tapping on element:  UiElement(treeNode=TreeNode(attributes={text=, accessibilityText=Kabul, hintText=, ignoreBoundsFiltering=false, resource-id=join-accept, clickable=true, bounds=[165,502][296,550], enabled=true, focused=false, checked=false, scrollable=false, selected=false, class=android.widget.Button, important-for-accessibility=true, error=}, children=[TreeNode(attributes={text=, accessibilityText=, hintText=, ignoreBoundsFiltering=false, resource-id=, clickable=false, bounds=[165,502][296,550], enabled=true, focused=false, checked=false, scrollable=false, selected=false, class=android.view.ViewGroup, important-for-accessibility=false, error=}, children=[], clickable=false, enabled=true, focused=false, checked=false, selected=false), TreeNode(attributes={text=Kabul, accessibilityText=, hintText=, ignoreBoundsFiltering=false, resource-id=, clickable=false, bounds=[209,516][253,536], enabled=true, focused=false, checked=false, scrollable=false, selected=false, class=android.widget.TextView, important-for-accessibility=true, error=}, children=[], clickable=false, enabled=true, focused=false, checked=false, selected=false)], clickable=true, enabled=true, focused=false, checked=false, selected=false), bounds=Bounds(x=165, y=502, width=131, height=48))
00:23:29.359 [ INFO] maestro.Maestro.tap-HgV9Ck0: Tap aimed via settled hierarchy
00:23:29.360 [ INFO] maestro.Maestro.hierarchyBasedTap-ogj28Uc: Tapping at (230, 526) using hierarchy based logic for wait
00:23:30.314 [ INFO] maestro.Maestro.hierarchyBasedTap-ogj28Uc: Something has changed in the UI judging by view hierarchy. Proceed.
00:23:30.314 [ INFO] maestro.cli.runner.CliConsoleListener.onCommandFinished: Tap on id: join-accept COMPLETED
00:23:30.314 [ INFO] maestro.cli.runner.CliConsoleListener.onCommandStart: Assert that id: propose-tabu is visible RUNNING
00:23:30.418 [ INFO] maestro.cli.runner.CliConsoleListener.onCommandFinished: Assert that id: propose-tabu is visible COMPLETED
00:23:30.418 [ INFO] maestro.cli.runner.CliConsoleListener.onCommandStart: Tap on id: propose-tabu RUNNING
00:23:30.498 [ INFO] maestro.Maestro.tap-HgV9Ck0: Tapping on element:  UiElement(treeNode=TreeNode(attributes={text=, accessibilityText=Sesli Tabu öner, hintText=, ignoreBoundsFiltering=false, resource-id=propose-tabu, clickable=true, bounds=[34,211][111,321], enabled=true, focused=false, checked=false, scrollable=false, selected=false, class=android.widget.Button, important-for-accessibility=true, error=}, children=[TreeNode(attributes={text=, accessibilityText=, hintText=, ignoreBoundsFiltering=false, resource-id=, clickable=false, bounds=[34,211][111,321], enabled=true, focused=false, checked=false, scrollable=false, selected=false, class=android.view.ViewGroup, important-for-accessibility=false, error=}, children=[], clickable=false, enabled=true, focused=false, checked=false, selected=false), TreeNode(attributes={text=, accessibilityText=, hintText=, ignoreBoundsFiltering=false, resource-id=, clickable=false, bounds=[48,225][72,249], enabled=true, focused=false, checked=false, scrollable=false, selected=false, class=android.widget.ImageView, important-for-accessibility=false, error=}, children=[], clickable=false, enabled=true, focused=false, checked=false, selected=false), TreeNode(attributes={text=Sesli Tabu, accessibilityText=, hintText=, ignoreBoundsFiltering=false, resource-id=, clickable=false, bounds=[48,259][98,307], enabled=true, focused=false, checked=false, scrollable=false, selected=false, class=android.widget.TextView, important-for-accessibility=true, error=}, children=[], clickable=false, enabled=true, focused=false, checked=false, selected=false)], clickable=true, enabled=true, focused=false, checked=false, selected=false), bounds=Bounds(x=34, y=211, width=77, height=110))
00:23:31.734 [ INFO] maestro.Maestro.tap-HgV9Ck0: Tap aimed via settled hierarchy
00:23:31.734 [ INFO] maestro.Maestro.hierarchyBasedTap-ogj28Uc: Tapping at (72, 266) using hierarchy based logic for wait
00:23:33.500 [ INFO] maestro.Maestro.hierarchyBasedTap-ogj28Uc: Something has changed in the UI judging by view hierarchy. Proceed.
00:23:33.500 [ INFO] maestro.cli.runner.CliConsoleListener.onCommandFinished: Tap on id: propose-tabu COMPLETED
00:23:33.500 [ INFO] maestro.cli.runner.CliConsoleListener.onCommandStart: Run ../scripts/bot.js RUNNING
00:23:33.570 [ INFO] maestro.cli.runner.CliConsoleListener.onCommandFinished: Run ../scripts/bot.js COMPLETED
00:23:33.571 [ INFO] maestro.cli.runner.CliConsoleListener.onCommandStart: Assert that id: turn-start is visible RUNNING
00:23:34.536 [ INFO] maestro.cli.runner.CliConsoleListener.onCommandFinished: Assert that id: turn-start is visible COMPLETED
00:23:34.536 [ INFO] maestro.cli.runner.CliConsoleListener.onCommandStart: Tap on id: turn-start RUNNING
00:23:34.596 [ INFO] maestro.Maestro.tap-HgV9Ck0: Tapping on element:  UiElement(treeNode=TreeNode(attributes={text=, accessibilityText=Turu başlat, hintText=, ignoreBoundsFiltering=false, resource-id=turn-start, clickable=true, bounds=[62,80][258,170], enabled=true, focused=false, checked=false, scrollable=false, selected=false, class=android.widget.Button, important-for-accessibility=true, error=}, children=[TreeNode(attributes={text=, accessibilityText=, hintText=, ignoreBoundsFiltering=false, resource-id=, clickable=false, bounds=[62,80][258,170], enabled=true, focused=false, checked=false, scrollable=false, selected=false, class=android.view.ViewGroup, important-for-accessibility=false, error=}, children=[TreeNode(attributes={text=Başla, accessibilityText=, hintText=, ignoreBoundsFiltering=false, resource-id=, clickable=false, bounds=[89,80][231,101], enabled=true, focused=false, checked=false, scrollable=false, selected=false, class=android.widget.TextView, important-for-accessibility=true, error=}, children=[], clickable=false, enabled=true, focused=false, checked=false, selected=false)], clickable=false, enabled=true, focused=false, checked=false, selected=false)], clickable=true, enabled=true, focused=false, checked=false, selected=false), bounds=Bounds(x=62, y=80, width=196, height=90))
00:23:35.856 [ INFO] maestro.Maestro.tap-HgV9Ck0: Tap aimed via settled hierarchy
00:23:35.856 [ INFO] maestro.Maestro.hierarchyBasedTap-ogj28Uc: Tapping at (160, 125) using hierarchy based logic for wait
00:23:36.196 [ INFO] maestro.cli.runner.CliConsoleListener.onCommandFinished: Tap on id: turn-start COMPLETED
00:23:36.196 [ INFO] maestro.cli.runner.CliConsoleListener.onCommandStart: Assert that "Kartı görmek için dokun" is visible RUNNING
00:23:49.841 [ INFO] maestro.cli.runner.CliConsoleListener.onCommandFinished: Assert that "Kartı görmek için dokun" is visible COMPLETED
00:23:49.841 [ INFO] maestro.cli.runner.CliConsoleListener.onCommandStart: Assert that "Ortak skor" is visible RUNNING
00:23:49.957 [ INFO] maestro.cli.runner.CliConsoleListener.onCommandFinished: Assert that "Ortak skor" is visible COMPLETED
00:23:49.957 [ INFO] maestro.cli.runner.CliConsoleListener.onCommandStart: Tap on "Kartı görmek için dokun" RUNNING
00:23:50.070 [ INFO] maestro.Maestro.tap-HgV9Ck0: Tapping on element:  UiElement(treeNode=TreeNode(attributes={text=Kartı görmek için dokun, accessibilityText=, hintText=, ignoreBoundsFiltering=false, resource-id=, clickable=false, bounds=[40,409][280,465], enabled=true, focused=false, checked=false, scrollable=false, selected=false, class=android.widget.TextView, important-for-accessibility=true, error=}, children=[], clickable=false, enabled=true, focused=false, checked=false, selected=false), bounds=Bounds(x=40, y=409, width=240, height=56))
00:23:53.112 [ INFO] maestro.Maestro.tap-HgV9Ck0: Tap aimed via settled hierarchy
00:23:53.113 [ INFO] maestro.Maestro.hierarchyBasedTap-ogj28Uc: Tapping at (160, 437) using hierarchy based logic for wait
00:23:53.929 [ INFO] maestro.Maestro.hierarchyBasedTap-ogj28Uc: Something has changed in the UI judging by view hierarchy. Proceed.
00:23:53.929 [ INFO] maestro.cli.runner.CliConsoleListener.onCommandFinished: Tap on "Kartı görmek için dokun" COMPLETED
00:23:53.929 [ INFO] maestro.cli.runner.CliConsoleListener.onCommandStart: Assert that id: tabu-card is visible RUNNING
00:23:54.041 [ INFO] maestro.cli.runner.CliConsoleListener.onCommandFinished: Assert that id: tabu-card is visible COMPLETED
00:23:54.041 [ INFO] maestro.cli.runner.CliConsoleListener.onCommandStart: Scrolling DOWN until id: tabu-taboo is visible with speed 40, visibility percentage 100%, timeout 10000 ms, with centering enabled RUNNING
00:23:54.126 [ INFO] maestro.orchestra.Orchestra.scrollUntilVisible: Scrolling try count: 0, DeviceWidth: 320, DeviceWidth: 640
00:23:54.126 [ INFO] maestro.orchestra.Orchestra.scrollUntilVisible: Element bounds: Bounds(x=213, y=611, width=91, height=29)
00:23:54.126 [ INFO] maestro.orchestra.Orchestra.scrollUntilVisible: Visibility Percent: 1.0
00:23:54.126 [ INFO] maestro.orchestra.Orchestra.scrollUntilVisible: Command centerElement: ScrollUntilVisibleCommand(selector=ElementSelector(textRegex=null, idRegex=tabu-taboo, size=null, below=null, above=null, leftOf=null, rightOf=null, containsChild=null, containsDescendants=null, traits=null, index=null, enabled=null, optional=false, selected=null, checked=null, focused=null, childOf=null, css=null), direction=DOWN, scrollDuration=601, visibilityPercentage=100, timeout=10000, waitToSettleTimeoutMs=null, centerElement=true, originalSpeedValue=40, label=null, optional=false).centerElement
00:23:54.126 [ INFO] maestro.orchestra.Orchestra.scrollUntilVisible: visibilityPercentageNormalized: 1.0
00:23:54.171 [ INFO] maestro.Maestro.swipeFromCenter: Swiping UP from center
00:23:55.985 [ INFO] maestro.orchestra.Orchestra.scrollUntilVisible: Scrolling try count: 1, DeviceWidth: 320, DeviceWidth: 640
00:23:55.985 [ INFO] maestro.orchestra.Orchestra.scrollUntilVisible: Element bounds: Bounds(x=213, y=450, width=91, height=64)
00:23:55.985 [ INFO] maestro.orchestra.Orchestra.scrollUntilVisible: Visibility Percent: 1.0
00:23:55.985 [ INFO] maestro.orchestra.Orchestra.scrollUntilVisible: Command centerElement: ScrollUntilVisibleCommand(selector=ElementSelector(textRegex=null, idRegex=tabu-taboo, size=null, below=null, above=null, leftOf=null, rightOf=null, containsChild=null, containsDescendants=null, traits=null, index=null, enabled=null, optional=false, selected=null, checked=null, focused=null, childOf=null, css=null), direction=DOWN, scrollDuration=601, visibilityPercentage=100, timeout=10000, waitToSettleTimeoutMs=null, centerElement=true, originalSpeedValue=40, label=null, optional=false).centerElement
00:23:55.985 [ INFO] maestro.orchestra.Orchestra.scrollUntilVisible: visibilityPercentageNormalized: 1.0
00:23:55.988 [ INFO] maestro.Maestro.swipeFromCenter: Swiping UP from center
00:23:57.007 [ INFO] maestro.orchestra.Orchestra.scrollUntilVisible: Scrolling try count: 2, DeviceWidth: 320, DeviceWidth: 640
00:23:57.007 [ INFO] maestro.orchestra.Orchestra.scrollUntilVisible: Element bounds: Bounds(x=213, y=450, width=91, height=64)
00:23:57.007 [ INFO] maestro.orchestra.Orchestra.scrollUntilVisible: Visibility Percent: 1.0
00:23:57.007 [ INFO] maestro.orchestra.Orchestra.scrollUntilVisible: Command centerElement: ScrollUntilVisibleCommand(selector=ElementSelector(textRegex=null, idRegex=tabu-taboo, size=null, below=null, above=null, leftOf=null, rightOf=null, containsChild=null, containsDescendants=null, traits=null, index=null, enabled=null, optional=false, selected=null, checked=null, focused=null, childOf=null, css=null), direction=DOWN, scrollDuration=601, visibilityPercentage=100, timeout=10000, waitToSettleTimeoutMs=null, centerElement=true, originalSpeedValue=40, label=null, optional=false).centerElement
00:23:57.007 [ INFO] maestro.orchestra.Orchestra.scrollUntilVisible: visibilityPercentageNormalized: 1.0
00:23:57.049 [ INFO] maestro.Maestro.swipeFromCenter: Swiping UP from center
00:23:58.040 [ INFO] maestro.orchestra.Orchestra.scrollUntilVisible: Scrolling try count: 3, DeviceWidth: 320, DeviceWidth: 640
00:23:58.041 [ INFO] maestro.orchestra.Orchestra.scrollUntilVisible: Element bounds: Bounds(x=213, y=450, width=91, height=64)
00:23:58.041 [ INFO] maestro.orchestra.Orchestra.scrollUntilVisible: Visibility Percent: 1.0
00:23:58.041 [ INFO] maestro.orchestra.Orchestra.scrollUntilVisible: Command centerElement: ScrollUntilVisibleCommand(selector=ElementSelector(textRegex=null, idRegex=tabu-taboo, size=null, below=null, above=null, leftOf=null, rightOf=null, containsChild=null, containsDescendants=null, traits=null, index=null, enabled=null, optional=false, selected=null, checked=null, focused=null, childOf=null, css=null), direction=DOWN, scrollDuration=601, visibilityPercentage=100, timeout=10000, waitToSettleTimeoutMs=null, centerElement=true, originalSpeedValue=40, label=null, optional=false).centerElement
00:23:58.041 [ INFO] maestro.orchestra.Orchestra.scrollUntilVisible: visibilityPercentageNormalized: 1.0
00:23:58.126 [ INFO] maestro.Maestro.swipeFromCenter: Swiping UP from center
00:23:59.108 [ INFO] maestro.orchestra.Orchestra.scrollUntilVisible: Scrolling try count: 4, DeviceWidth: 320, DeviceWidth: 640
00:23:59.109 [ INFO] maestro.orchestra.Orchestra.scrollUntilVisible: Element bounds: Bounds(x=213, y=450, width=91, height=64)
00:23:59.109 [ INFO] maestro.orchestra.Orchestra.scrollUntilVisible: Visibility Percent: 1.0
00:23:59.109 [ INFO] maestro.orchestra.Orchestra.scrollUntilVisible: Command centerElement: ScrollUntilVisibleCommand(selector=ElementSelector(textRegex=null, idRegex=tabu-taboo, size=null, below=null, above=null, leftOf=null, rightOf=null, containsChild=null, containsDescendants=null, traits=null, index=null, enabled=null, optional=false, selected=null, checked=null, focused=null, childOf=null, css=null), direction=DOWN, scrollDuration=601, visibilityPercentage=100, timeout=10000, waitToSettleTimeoutMs=null, centerElement=true, originalSpeedValue=40, label=null, optional=false).centerElement
00:23:59.109 [ INFO] maestro.orchestra.Orchestra.scrollUntilVisible: visibilityPercentageNormalized: 1.0
00:23:59.151 [ INFO] maestro.Maestro.swipeFromCenter: Swiping UP from center
00:24:00.209 [ INFO] maestro.orchestra.Orchestra.scrollUntilVisible: Scrolling try count: 5, DeviceWidth: 320, DeviceWidth: 640
00:24:00.209 [ INFO] maestro.orchestra.Orchestra.scrollUntilVisible: Element bounds: Bounds(x=213, y=450, width=91, height=64)
00:24:00.209 [ INFO] maestro.orchestra.Orchestra.scrollUntilVisible: Visibility Percent: 1.0
00:24:00.209 [ INFO] maestro.orchestra.Orchestra.scrollUntilVisible: Command centerElement: ScrollUntilVisibleCommand(selector=ElementSelector(textRegex=null, idRegex=tabu-taboo, size=null, below=null, above=null, leftOf=null, rightOf=null, containsChild=null, containsDescendants=null, traits=null, index=null, enabled=null, optional=false, selected=null, checked=null, focused=null, childOf=null, css=null), direction=DOWN, scrollDuration=601, visibilityPercentage=100, timeout=10000, waitToSettleTimeoutMs=null, centerElement=true, originalSpeedValue=40, label=null, optional=false).centerElement
00:24:00.209 [ INFO] maestro.orchestra.Orchestra.scrollUntilVisible: visibilityPercentageNormalized: 1.0
00:24:00.209 [ INFO] maestro.cli.runner.CliConsoleListener.onCommandFinished: Scrolling DOWN until id: tabu-taboo is visible with speed 40, visibility percentage 100%, timeout 10000 ms, with centering enabled COMPLETED
00:24:00.210 [ INFO] maestro.cli.runner.CliConsoleListener.onCommandStart: Assert that id: tabu-pass is visible RUNNING
00:24:00.906 [ INFO] maestro.cli.runner.CliConsoleListener.onCommandFinished: Assert that id: tabu-pass is visible COMPLETED
00:24:00.906 [ INFO] maestro.cli.runner.CliConsoleListener.onCommandStart: Take screenshot 34-coop-describer RUNNING
00:24:00.906 [ INFO] maestro.Maestro.takeScreenshot: Taking screenshot
00:24:00.906 [TRACE] maestro.utils.ScreenshotUtils.takeScreenshot: Taking screenshot to output sink
00:24:00.971 [ INFO] maestro.cli.runner.CliConsoleListener.onCommandFinished: Take screenshot 34-coop-describer COMPLETED
00:24:00.971 [ INFO] maestro.cli.runner.CliConsoleListener.onCommandStart: Tap on id: tabu-correct RUNNING
00:24:01.085 [ INFO] maestro.Maestro.tap-HgV9Ck0: Tapping on element:  UiElement(treeNode=TreeNode(attributes={text=, accessibilityText=Doğru +1, hintText=, ignoreBoundsFiltering=false, resource-id=tabu-correct, clickable=true, bounds=[16,450][107,514], enabled=true, focused=false, checked=false, scrollable=false, selected=false, class=android.widget.Button, important-for-accessibility=true, error=}, children=[TreeNode(attributes={text=, accessibilityText=, hintText=, ignoreBoundsFiltering=false, resource-id=, clickable=false, bounds=[16,450][107,514], enabled=true, focused=false, checked=false, scrollable=false, selected=false, class=android.view.ViewGroup, important-for-accessibility=false, error=}, children=[], clickable=false, enabled=true, focused=false, checked=false, selected=false), TreeNode(attributes={text=Doğru, accessibilityText=, hintText=, ignoreBoundsFiltering=false, resource-id=, clickable=false, bounds=[35,461][88,483], enabled=true, focused=false, checked=false, scrollable=false, selected=false, class=android.widget.TextView, important-for-accessibility=true, error=}, children=[], clickable=false, enabled=true, focused=false, checked=false, selected=false), TreeNode(attributes={text=+1, accessibilityText=, hintText=, ignoreBoundsFiltering=false, resource-id=, clickable=false, bounds=[51,483][71,503], enabled=true, focused=false, checked=false, scrollable=false, selected=false, class=android.widget.TextView, important-for-accessibility=true, error=}, children=[], clickable=false, enabled=true, focused=false, checked=false, selected=false)], clickable=true, enabled=true, focused=false, checked=false, selected=false), bounds=Bounds(x=16, y=450, width=91, height=64))
00:24:01.844 [ INFO] maestro.Maestro.tap-HgV9Ck0: Tap aimed via settled hierarchy
00:24:01.844 [ INFO] maestro.Maestro.hierarchyBasedTap-ogj28Uc: Tapping at (61, 482) using hierarchy based logic for wait
00:24:03.292 [ INFO] maestro.Maestro.hierarchyBasedTap-ogj28Uc: Something has changed in the UI judging by view hierarchy. Proceed.
00:24:03.292 [ INFO] maestro.cli.runner.CliConsoleListener.onCommandFinished: Tap on id: tabu-correct COMPLETED
00:24:03.292 [ INFO] maestro.cli.runner.CliConsoleListener.onCommandStart: Run ../scripts/bot.js RUNNING
00:24:03.373 [ INFO] maestro.cli.runner.CliConsoleListener.onCommandFinished: Run ../scripts/bot.js COMPLETED
00:24:03.373 [ INFO] maestro.cli.runner.CliConsoleListener.onCommandStart: Run ../scripts/bot.js RUNNING
00:24:03.457 [ INFO] maestro.cli.runner.CliConsoleListener.onCommandFinished: Run ../scripts/bot.js COMPLETED
00:24:03.457 [ INFO] maestro.cli.runner.CliConsoleListener.onCommandStart: Scrolling UP until id: tabu-guessing is visible with speed 40, visibility percentage 100%, timeout 20000 ms, with centering disabled RUNNING
00:24:04.116 [ INFO] maestro.orchestra.Orchestra.scrollUntilVisible: Scrolling try count: 0, DeviceWidth: 320, DeviceWidth: 640
00:24:04.116 [ INFO] maestro.orchestra.Orchestra.scrollUntilVisible: Element bounds: Bounds(x=16, y=322, width=288, height=18)
00:24:04.116 [ INFO] maestro.orchestra.Orchestra.scrollUntilVisible: Visibility Percent: 1.0
00:24:04.116 [ INFO] maestro.orchestra.Orchestra.scrollUntilVisible: Command centerElement: ScrollUntilVisibleCommand(selector=ElementSelector(textRegex=null, idRegex=tabu-guessing, size=null, below=null, above=null, leftOf=null, rightOf=null, containsChild=null, containsDescendants=null, traits=null, index=null, enabled=null, optional=false, selected=null, checked=null, focused=null, childOf=null, css=null), direction=UP, scrollDuration=601, visibilityPercentage=100, timeout=20000, waitToSettleTimeoutMs=null, centerElement=false, originalSpeedValue=40, label=null, optional=false).centerElement
00:24:04.116 [ INFO] maestro.orchestra.Orchestra.scrollUntilVisible: visibilityPercentageNormalized: 1.0
00:24:04.116 [ INFO] maestro.cli.runner.CliConsoleListener.onCommandFinished: Scrolling UP until id: tabu-guessing is visible with speed 40, visibility percentage 100%, timeout 20000 ms, with centering disabled COMPLETED
00:24:04.116 [ INFO] maestro.cli.runner.CliConsoleListener.onCommandStart: Assert that id: tabu-card is not visible RUNNING
00:24:04.740 [ INFO] maestro.cli.runner.CliConsoleListener.onCommandFinished: Assert that id: tabu-card is not visible COMPLETED
00:24:04.740 [ INFO] maestro.cli.runner.CliConsoleListener.onCommandStart: Assert that id: tabu-correct is not visible RUNNING
00:24:05.471 [ INFO] maestro.cli.runner.CliConsoleListener.onCommandFinished: Assert that id: tabu-correct is not visible COMPLETED
00:24:05.472 [ INFO] maestro.cli.runner.CliConsoleListener.onCommandStart: Run ../scripts/bot.js RUNNING
00:24:05.534 [ INFO] maestro.cli.runner.CliConsoleListener.onCommandFinished: Run ../scripts/bot.js COMPLETED
00:24:05.534 [ INFO] maestro.cli.runner.CliConsoleListener.onCommandStart: Take screenshot 35-coop-guesser RUNNING
00:24:05.534 [ INFO] maestro.Maestro.takeScreenshot: Taking screenshot
00:24:05.534 [TRACE] maestro.utils.ScreenshotUtils.takeScreenshot: Taking screenshot to output sink
00:24:05.558 [ INFO] maestro.cli.runner.CliConsoleListener.onCommandFinished: Take screenshot 35-coop-guesser COMPLETED
00:24:05.558 [ INFO] maestro.cli.runner.CliConsoleListener.onCommandStart: Run ../scripts/bot.js RUNNING
00:24:05.612 [ INFO] maestro.cli.runner.CliConsoleListener.onCommandFinished: Run ../scripts/bot.js COMPLETED
00:24:05.612 [ INFO] maestro.cli.runner.CliConsoleListener.onCommandStart: Assert that "Tanışalım mı\?" is visible RUNNING
00:24:06.673 [ INFO] maestro.cli.runner.CliConsoleListener.onCommandFinished: Assert that "Tanışalım mı\?" is visible COMPLETED
00:24:06.673 [ INFO] maestro.cli.runner.CliConsoleListener.onCommandStart: Tap on id: reveal-no RUNNING
00:24:06.780 [ INFO] maestro.Maestro.tap-HgV9Ck0: Tapping on element:  UiElement(treeNode=TreeNode(attributes={text=, accessibilityText=Hayır, hintText=, ignoreBoundsFiltering=false, resource-id=reveal-no, clickable=true, bounds=[37,313][155,361], enabled=true, focused=false, checked=false, scrollable=false, selected=false, class=android.widget.Button, important-for-accessibility=true, error=}, children=[TreeNode(attributes={text=, accessibilityText=, hintText=, ignoreBoundsFiltering=false, resource-id=, clickable=false, bounds=[37,313][155,361], enabled=true, focused=false, checked=false, scrollable=false, selected=false, class=android.view.ViewGroup, important-for-accessibility=false, error=}, children=[], clickable=false, enabled=true, focused=false, checked=false, selected=false), TreeNode(attributes={text=Hayır, accessibilityText=, hintText=, ignoreBoundsFiltering=false, resource-id=, clickable=false, bounds=[76,327][116,347], enabled=true, focused=false, checked=false, scrollable=false, selected=false, class=android.widget.TextView, important-for-accessibility=true, error=}, children=[], clickable=false, enabled=true, focused=false, checked=false, selected=false)], clickable=true, enabled=true, focused=false, checked=false, selected=false), bounds=Bounds(x=37, y=313, width=118, height=48))
00:24:08.764 [ INFO] maestro.Maestro.tap-HgV9Ck0: Tap aimed via settled hierarchy
00:24:08.764 [ INFO] maestro.Maestro.hierarchyBasedTap-ogj28Uc: Tapping at (96, 337) using hierarchy based logic for wait
00:24:09.931 [ INFO] maestro.Maestro.hierarchyBasedTap-ogj28Uc: Something has changed in the UI judging by view hierarchy. Proceed.
00:24:09.931 [ INFO] maestro.cli.runner.CliConsoleListener.onCommandFinished: Tap on id: reveal-no COMPLETED
00:24:09.931 [ INFO] maestro.cli.runner.CliConsoleListener.onCommandStart: Assert that "Güzel oyundu.*" is visible RUNNING
00:24:09.996 [ INFO] maestro.cli.runner.CliConsoleListener.onCommandFinished: Assert that "Güzel oyundu.*" is visible COMPLETED
00:24:09.996 [ INFO] maestro.cli.runner.CliConsoleListener.onCommandStart: Run ../scripts/bot.js RUNNING
00:24:10.053 [ INFO] maestro.cli.runner.CliConsoleListener.onCommandFinished: Run ../scripts/bot.js COMPLETED
00:24:10.053 [ INFO] maestro.cli.runner.CliConsoleListener.onCommandStart: Tap on "Mekana dön" RUNNING
00:24:10.120 [ INFO] maestro.Maestro.tap-HgV9Ck0: Tapping on element:  UiElement(treeNode=TreeNode(attributes={text=Mekana dön, accessibilityText=, hintText=, ignoreBoundsFiltering=false, resource-id=, clickable=false, bounds=[115,229][206,249], enabled=true, focused=false, checked=false, scrollable=false, selected=false, class=android.widget.TextView, important-for-accessibility=true, error=}, children=[], clickable=false, enabled=true, focused=false, checked=false, selected=false), bounds=Bounds(x=115, y=229, width=91, height=20))
00:24:11.255 [ INFO] maestro.Maestro.tap-HgV9Ck0: Tap aimed via settled hierarchy
00:24:11.256 [ INFO] maestro.Maestro.hierarchyBasedTap-ogj28Uc: Tapping at (160, 239) using hierarchy based logic for wait
00:24:12.302 [ INFO] maestro.Maestro.hierarchyBasedTap-ogj28Uc: Something has changed in the UI judging by view hierarchy. Proceed.
00:24:12.302 [ INFO] maestro.cli.runner.CliConsoleListener.onCommandFinished: Tap on "Mekana dön" COMPLETED
00:24:12.302 [ INFO] maestro.cli.runner.CliConsoleListener.onCommandStart: Assert that "Oda kur" is visible RUNNING
00:24:12.442 [ INFO] maestro.cli.runner.CliConsoleListener.onCommandFinished: Assert that "Oda kur" is visible COMPLETED
00:24:12.443 [ INFO] maestro.cli.runner.CliConsoleListener.onCommandFinished: Run flows/06b-tabu-coop.yaml COMPLETED
00:24:12.443 [ INFO] maestro.cli.runner.CliConsoleListener.onCommandStart: Run flows/09-sahtekar.yaml RUNNING
00:24:12.443 [ INFO] maestro.cli.runner.CliConsoleListener.onCommandStart: Apply configuration RUNNING
00:24:12.443 [ INFO] maestro.cli.runner.CliConsoleListener.onCommandFinished: Apply configuration COMPLETED
00:24:12.443 [ INFO] maestro.cli.runner.CliConsoleListener.onCommandStart: Run ../scripts/bot.js RUNNING
00:24:12.503 [ INFO] maestro.cli.runner.CliConsoleListener.onCommandFinished: Run ../scripts/bot.js COMPLETED
00:24:12.504 [ INFO] maestro.cli.runner.CliConsoleListener.onCommandStart: Run ../scripts/bot.js RUNNING
00:24:12.591 [ INFO] maestro.cli.runner.CliConsoleListener.onCommandFinished: Run ../scripts/bot.js COMPLETED
00:24:12.591 [ INFO] maestro.cli.runner.CliConsoleListener.onCommandStart: Tap on id: tab-venue RUNNING
00:24:12.675 [ INFO] maestro.Maestro.tap-HgV9Ck0: Tapping on element:  UiElement(treeNode=TreeNode(attributes={text=, accessibilityText=Mekan, hintText=, ignoreBoundsFiltering=false, resource-id=tab-venue, clickable=true, bounds=[133,568][187,632], enabled=true, focused=false, checked=false, scrollable=false, selected=true, class=android.view.View, important-for-accessibility=true, error=}, children=[TreeNode(attributes={text=, accessibilityText=, hintText=, ignoreBoundsFiltering=false, resource-id=, clickable=false, bounds=[140,572][180,612], enabled=true, focused=false, checked=false, scrollable=false, selected=false, class=android.view.ViewGroup, important-for-accessibility=false, error=}, children=[], clickable=false, enabled=true, focused=false, checked=false, selected=false), TreeNode(attributes={text=, accessibilityText=, hintText=, ignoreBoundsFiltering=false, resource-id=, clickable=false, bounds=[150,583][170,601], enabled=true, focused=false, checked=false, scrollable=false, selected=false, class=android.widget.ImageView, important-for-accessibility=false, error=}, children=[], clickable=false, enabled=true, focused=false, checked=false, selected=false), TreeNode(attributes={text=Mekan, accessibilityText=, hintText=, ignoreBoundsFiltering=false, resource-id=, clickable=false, bounds=[141,612][178,628], enabled=true, focused=false, checked=false, scrollable=false, selected=false, class=android.widget.TextView, important-for-accessibility=true, error=}, children=[], clickable=false, enabled=true, focused=false, checked=false, selected=false)], clickable=true, enabled=true, focused=false, checked=false, selected=true), bounds=Bounds(x=133, y=568, width=54, height=64))
00:24:13.929 [ INFO] maestro.Maestro.tap-HgV9Ck0: Tap aimed via settled hierarchy
00:24:13.929 [ INFO] maestro.Maestro.hierarchyBasedTap-ogj28Uc: Tapping at (160, 600) using hierarchy based logic for wait
00:24:14.325 [ INFO] maestro.cli.runner.CliConsoleListener.onCommandFinished: Tap on id: tab-venue COMPLETED
00:24:14.325 [ INFO] maestro.cli.runner.CliConsoleListener.onCommandStart: Assert that "Oda kur" is visible RUNNING
00:24:14.423 [ INFO] maestro.cli.runner.CliConsoleListener.onCommandFinished: Assert that "Oda kur" is visible COMPLETED
00:24:14.423 [ INFO] maestro.cli.runner.CliConsoleListener.onCommandStart: Tap on "Oda kur" RUNNING
00:24:14.550 [ INFO] maestro.Maestro.tap-HgV9Ck0: Tapping on element:  UiElement(treeNode=TreeNode(attributes={text=Oda kur, accessibilityText=, hintText=, ignoreBoundsFiltering=false, resource-id=, clickable=false, bounds=[57,431][117,451], enabled=true, focused=false, checked=false, scrollable=false, selected=false, class=android.widget.TextView, important-for-accessibility=true, error=}, children=[], clickable=false, enabled=true, focused=false, checked=false, selected=false), bounds=Bounds(x=57, y=431, width=60, height=20))
00:24:15.830 [ INFO] maestro.Maestro.tap-HgV9Ck0: Tap aimed via settled hierarchy
00:24:15.830 [ INFO] maestro.Maestro.hierarchyBasedTap-ogj28Uc: Tapping at (87, 441) using hierarchy based logic for wait
00:24:17.136 [ INFO] maestro.Maestro.hierarchyBasedTap-ogj28Uc: Something has changed in the UI judging by view hierarchy. Proceed.
00:24:17.136 [ INFO] maestro.cli.runner.CliConsoleListener.onCommandFinished: Tap on "Oda kur" COMPLETED
00:24:17.136 [ INFO] maestro.cli.runner.CliConsoleListener.onCommandStart: Assert that id: intent-none is visible RUNNING
00:24:17.240 [ INFO] maestro.cli.runner.CliConsoleListener.onCommandFinished: Assert that id: intent-none is visible COMPLETED
00:24:17.241 [ INFO] maestro.cli.runner.CliConsoleListener.onCommandStart: Scrolling DOWN until "Odayı kur" is visible with speed 40, visibility percentage 100%, timeout 10000 ms, with centering disabled RUNNING
00:24:17.357 [ INFO] maestro.orchestra.Orchestra.scrollUntilVisible: Scrolling try count: 0, DeviceWidth: 320, DeviceWidth: 640
00:24:17.357 [ INFO] maestro.orchestra.Orchestra.scrollUntilVisible: Element bounds: Bounds(x=120, y=565, width=81, height=22)
00:24:17.357 [ INFO] maestro.orchestra.Orchestra.scrollUntilVisible: Visibility Percent: 1.0
00:24:17.357 [ INFO] maestro.orchestra.Orchestra.scrollUntilVisible: Command centerElement: ScrollUntilVisibleCommand(selector=ElementSelector(textRegex=Odayı kur, idRegex=null, size=null, below=null, above=null, leftOf=null, rightOf=null, containsChild=null, containsDescendants=null, traits=null, index=null, enabled=null, optional=false, selected=null, checked=null, focused=null, childOf=null, css=null), direction=DOWN, scrollDuration=601, visibilityPercentage=100, timeout=10000, waitToSettleTimeoutMs=null, centerElement=false, originalSpeedValue=40, label=null, optional=false).centerElement
00:24:17.357 [ INFO] maestro.orchestra.Orchestra.scrollUntilVisible: visibilityPercentageNormalized: 1.0
00:24:17.357 [ INFO] maestro.cli.runner.CliConsoleListener.onCommandFinished: Scrolling DOWN until "Odayı kur" is visible with speed 40, visibility percentage 100%, timeout 10000 ms, with centering disabled COMPLETED
00:24:17.357 [ INFO] maestro.cli.runner.CliConsoleListener.onCommandStart: Tap on "Odayı kur" RUNNING
00:24:17.489 [ INFO] maestro.Maestro.tap-HgV9Ck0: Tapping on element:  UiElement(treeNode=TreeNode(attributes={text=Odayı kur, accessibilityText=, hintText=, ignoreBoundsFiltering=false, resource-id=, clickable=false, bounds=[120,565][201,587], enabled=true, focused=false, checked=false, scrollable=false, selected=false, class=android.widget.TextView, important-for-accessibility=true, error=}, children=[], clickable=false, enabled=true, focused=false, checked=false, selected=false), bounds=Bounds(x=120, y=565, width=81, height=22))
00:24:18.672 [ INFO] maestro.Maestro.tap-HgV9Ck0: Tap aimed via settled hierarchy
00:24:18.672 [ INFO] maestro.Maestro.hierarchyBasedTap-ogj28Uc: Tapping at (160, 576) using hierarchy based logic for wait
00:24:19.812 [ INFO] maestro.Maestro.hierarchyBasedTap-ogj28Uc: Something has changed in the UI judging by view hierarchy. Proceed.
00:24:19.812 [ INFO] maestro.cli.runner.CliConsoleListener.onCommandFinished: Tap on "Odayı kur" COMPLETED
00:24:19.812 [ INFO] maestro.cli.runner.CliConsoleListener.onCommandStart: Assert that id: solo-tabu is visible RUNNING
00:24:19.936 [ INFO] maestro.cli.runner.CliConsoleListener.onCommandFinished: Assert that id: solo-tabu is visible COMPLETED
00:24:19.936 [ INFO] maestro.cli.runner.CliConsoleListener.onCommandStart: Run ../scripts/bot.js RUNNING
00:24:36.136 [ INFO] maestro.cli.runner.CliConsoleListener.onCommandFinished: Run ../scripts/bot.js COMPLETED
00:24:36.137 [ INFO] maestro.cli.runner.CliConsoleListener.onCommandStart: Assert that "Katılma isteği" is visible RUNNING
00:24:36.917 [ INFO] maestro.cli.runner.CliConsoleListener.onCommandFinished: Assert that "Katılma isteği" is visible COMPLETED
00:24:36.917 [ INFO] maestro.cli.runner.CliConsoleListener.onCommandStart: Tap on id: join-accept RUNNING
00:24:36.984 [ INFO] maestro.Maestro.tap-HgV9Ck0: Tapping on element:  UiElement(treeNode=TreeNode(attributes={text=, accessibilityText=Kabul, hintText=, ignoreBoundsFiltering=false, resource-id=join-accept, clickable=true, bounds=[165,502][296,550], enabled=true, focused=false, checked=false, scrollable=false, selected=false, class=android.widget.Button, important-for-accessibility=true, error=}, children=[TreeNode(attributes={text=, accessibilityText=, hintText=, ignoreBoundsFiltering=false, resource-id=, clickable=false, bounds=[165,502][296,550], enabled=true, focused=false, checked=false, scrollable=false, selected=false, class=android.view.ViewGroup, important-for-accessibility=false, error=}, children=[], clickable=false, enabled=true, focused=false, checked=false, selected=false), TreeNode(attributes={text=Kabul, accessibilityText=, hintText=, ignoreBoundsFiltering=false, resource-id=, clickable=false, bounds=[209,516][253,536], enabled=true, focused=false, checked=false, scrollable=false, selected=false, class=android.widget.TextView, important-for-accessibility=true, error=}, children=[], clickable=false, enabled=true, focused=false, checked=false, selected=false)], clickable=true, enabled=true, focused=false, checked=false, selected=false), bounds=Bounds(x=165, y=502, width=131, height=48))
00:24:38.376 [ INFO] maestro.Maestro.tap-HgV9Ck0: Tap aimed via settled hierarchy
00:24:38.376 [ INFO] maestro.Maestro.hierarchyBasedTap-ogj28Uc: Tapping at (230, 526) using hierarchy based logic for wait
00:24:39.340 [ INFO] maestro.Maestro.hierarchyBasedTap-ogj28Uc: Something has changed in the UI judging by view hierarchy. Proceed.
00:24:39.340 [ INFO] maestro.cli.runner.CliConsoleListener.onCommandFinished: Tap on id: join-accept COMPLETED
00:24:39.340 [ INFO] maestro.cli.runner.CliConsoleListener.onCommandStart: Assert that id: propose-sahtekar is visible RUNNING
00:24:39.457 [ INFO] maestro.cli.runner.CliConsoleListener.onCommandFinished: Assert that id: propose-sahtekar is visible COMPLETED
00:24:39.457 [ INFO] maestro.cli.runner.CliConsoleListener.onCommandStart: Take screenshot 41-propose-sahtekar RUNNING
00:24:39.457 [ INFO] maestro.Maestro.takeScreenshot: Taking screenshot
00:24:39.458 [TRACE] maestro.utils.ScreenshotUtils.takeScreenshot: Taking screenshot to output sink
00:24:39.516 [ INFO] maestro.cli.runner.CliConsoleListener.onCommandFinished: Take screenshot 41-propose-sahtekar COMPLETED
00:24:39.517 [ INFO] maestro.cli.runner.CliConsoleListener.onCommandStart: Tap on id: propose-sahtekar RUNNING
00:24:39.641 [ INFO] maestro.Maestro.tap-HgV9Ck0: Tapping on element:  UiElement(treeNode=TreeNode(attributes={text=, accessibilityText=Sahtekar öner, hintText=, ignoreBoundsFiltering=false, resource-id=propose-sahtekar, clickable=true, bounds=[209,211][286,321], enabled=true, focused=false, checked=false, scrollable=false, selected=false, class=android.widget.Button, important-for-accessibility=true, error=}, children=[TreeNode(attributes={text=, accessibilityText=, hintText=, ignoreBoundsFiltering=false, resource-id=, clickable=false, bounds=[209,211][286,321], enabled=true, focused=false, checked=false, scrollable=false, selected=false, class=android.view.ViewGroup, important-for-accessibility=false, error=}, children=[], clickable=false, enabled=true, focused=false, checked=false, selected=false), TreeNode(attributes={text=, accessibilityText=, hintText=, ignoreBoundsFiltering=false, resource-id=, clickable=false, bounds=[223,225][247,249], enabled=true, focused=false, checked=false, scrollable=false, selected=false, class=android.widget.ImageView, important-for-accessibility=false, error=}, children=[], clickable=false, enabled=true, focused=false, checked=false, selected=false), TreeNode(attributes={text=Sahtekar, accessibilityText=, hintText=, ignoreBoundsFiltering=false, resource-id=, clickable=false, bounds=[223,259][273,307], enabled=true, focused=false, checked=false, scrollable=false, selected=false, class=android.widget.TextView, important-for-accessibility=true, error=}, children=[], clickable=false, enabled=true, focused=false, checked=false, selected=false)], clickable=true, enabled=true, focused=false, checked=false, selected=false), bounds=Bounds(x=209, y=211, width=77, height=110))
00:24:40.969 [ INFO] maestro.Maestro.tap-HgV9Ck0: Tap aimed via settled hierarchy
00:24:40.969 [ INFO] maestro.Maestro.hierarchyBasedTap-ogj28Uc: Tapping at (247, 266) using hierarchy based logic for wait
00:24:42.292 [ INFO] maestro.Maestro.hierarchyBasedTap-ogj28Uc: Something has changed in the UI judging by view hierarchy. Proceed.
00:24:42.292 [ INFO] maestro.cli.runner.CliConsoleListener.onCommandFinished: Tap on id: propose-sahtekar COMPLETED
00:24:42.292 [ INFO] maestro.cli.runner.CliConsoleListener.onCommandStart: Run ../scripts/bot.js RUNNING
00:24:42.363 [ INFO] maestro.cli.runner.CliConsoleListener.onCommandFinished: Run ../scripts/bot.js COMPLETED
00:24:42.363 [ INFO] maestro.cli.runner.CliConsoleListener.onCommandStart: Run ../scripts/bot.js RUNNING
00:24:42.388 [ INFO] maestro.cli.runner.CliConsoleListener.onCommandFinished: Run ../scripts/bot.js COMPLETED
00:24:42.389 [ INFO] maestro.cli.runner.CliConsoleListener.onCommandStart: Assert that id: sahtekar-pass is visible RUNNING
00:24:43.129 [ INFO] maestro.cli.runner.CliConsoleListener.onCommandFinished: Assert that id: sahtekar-pass is visible COMPLETED
00:24:43.129 [ INFO] maestro.cli.runner.CliConsoleListener.onCommandStart: Take screenshot 42-sahtekar-pass RUNNING
00:24:43.129 [ INFO] maestro.Maestro.takeScreenshot: Taking screenshot
00:24:43.129 [TRACE] maestro.utils.ScreenshotUtils.takeScreenshot: Taking screenshot to output sink
00:24:43.155 [ INFO] maestro.cli.runner.CliConsoleListener.onCommandFinished: Take screenshot 42-sahtekar-pass COMPLETED
00:24:43.155 [ INFO] maestro.cli.runner.CliConsoleListener.onCommandStart: Tap on id: sahtekar-ready RUNNING
00:24:43.621 [ INFO] maestro.Maestro.tap-HgV9Ck0: Tapping on element:  UiElement(treeNode=TreeNode(attributes={text=, accessibilityText=Ben A1'im, kartımı göster, hintText=, ignoreBoundsFiltering=false, resource-id=sahtekar-ready, clickable=true, bounds=[16,568][304,616], enabled=true, focused=false, checked=false, scrollable=false, selected=false, class=android.widget.Button, important-for-accessibility=true, error=}, children=[TreeNode(attributes={text=, accessibilityText=, hintText=, ignoreBoundsFiltering=false, resource-id=, clickable=false, bounds=[16,568][304,616], enabled=true, focused=false, checked=false, scrollable=false, selected=false, class=android.view.ViewGroup, important-for-accessibility=false, error=}, children=[], clickable=false, enabled=true, focused=false, checked=false, selected=false), TreeNode(attributes={text=Ben A1'im, kartımı göster, accessibilityText=, hintText=, ignoreBoundsFiltering=false, resource-id=, clickable=false, bounds=[65,582][255,602], enabled=true, focused=false, checked=false, scrollable=false, selected=false, class=android.widget.TextView, important-for-accessibility=true, error=}, children=[], clickable=false, enabled=true, focused=false, checked=false, selected=false)], clickable=true, enabled=true, focused=false, checked=false, selected=false), bounds=Bounds(x=16, y=568, width=288, height=48))
00:24:45.544 [ INFO] maestro.Maestro.tap-HgV9Ck0: Tap aimed via settled hierarchy
00:24:45.544 [ INFO] maestro.Maestro.hierarchyBasedTap-ogj28Uc: Tapping at (160, 592) using hierarchy based logic for wait
00:24:46.455 [ INFO] maestro.Maestro.hierarchyBasedTap-ogj28Uc: Something has changed in the UI judging by view hierarchy. Proceed.
00:24:46.456 [ INFO] maestro.cli.runner.CliConsoleListener.onCommandFinished: Tap on id: sahtekar-ready COMPLETED
00:24:46.456 [ INFO] maestro.cli.runner.CliConsoleListener.onCommandStart: Long press on id: sahtekar-hold RUNNING
00:24:46.524 [ INFO] maestro.Maestro.tap-HgV9Ck0: Tapping on element:  UiElement(treeNode=TreeNode(attributes={text=, accessibilityText=A1, kartını görmek için basılı tut, hintText=, ignoreBoundsFiltering=false, resource-id=sahtekar-hold, clickable=true, bounds=[16,136][304,496], enabled=true, focused=false, checked=false, scrollable=false, selected=false, class=android.widget.Button, important-for-accessibility=true, error=}, children=[TreeNode(attributes={text=, accessibilityText=, hintText=, ignoreBoundsFiltering=false, resource-id=, clickable=false, bounds=[16,136][304,496], enabled=true, focused=false, checked=false, scrollable=false, selected=false, class=android.view.ViewGroup, important-for-accessibility=false, error=}, children=[], clickable=false, enabled=true, focused=false, checked=false, selected=false), TreeNode(attributes={text=, accessibilityText=, hintText=, ignoreBoundsFiltering=false, resource-id=, clickable=false, bounds=[128,246][192,310], enabled=true, focused=false, checked=false, scrollable=false, selected=false, class=android.widget.ImageView, important-for-accessibility=false, error=}, children=[], clickable=false, enabled=true, focused=false, checked=false, selected=false), TreeNode(attributes={text=Basılı tut, accessibilityText=, hintText=, ignoreBoundsFiltering=false, resource-id=, clickable=false, bounds=[97,322][222,356], enabled=true, focused=false, checked=false, scrollable=false, selected=false, class=android.widget.TextView, important-for-accessibility=true, error=}, children=[], clickable=false, enabled=true, focused=false, checked=false, selected=false), TreeNode(attributes={text=Parmağını kaldırınca kart kapanır., accessibilityText=, hintText=, ignoreBoundsFiltering=false, resource-id=, clickable=false, bounds=[63,368][256,386], enabled=true, focused=false, checked=false, scrollable=false, selected=false, class=android.widget.TextView, important-for-accessibility=true, error=}, children=[], clickable=false, enabled=true, focused=false, checked=false, selected=false)], clickable=true, enabled=true, focused=false, checked=false, selected=false), bounds=Bounds(x=16, y=136, width=288, height=360))
00:24:47.656 [ INFO] maestro.Maestro.tap-HgV9Ck0: Tap aimed via settled hierarchy
00:24:47.656 [ INFO] maestro.Maestro.hierarchyBasedTap-ogj28Uc: Tapping at (160, 316) using hierarchy based logic for wait
00:24:51.628 [ INFO] maestro.Maestro.hierarchyBasedTap-ogj28Uc: Something has changed in the UI judging by view hierarchy. Proceed.
00:24:51.628 [ INFO] maestro.cli.runner.CliConsoleListener.onCommandFinished: Long press on id: sahtekar-hold COMPLETED
00:24:51.628 [ INFO] maestro.cli.runner.CliConsoleListener.onCommandStart: Tap on id: sahtekar-seen RUNNING
00:24:51.692 [ INFO] maestro.Maestro.tap-HgV9Ck0: Tapping on element:  UiElement(treeNode=TreeNode(attributes={text=, accessibilityText=Gördüm, telefonu ver, hintText=, ignoreBoundsFiltering=false, resource-id=sahtekar-seen, clickable=true, bounds=[16,508][304,556], enabled=true, focused=false, checked=false, scrollable=false, selected=false, class=android.widget.Button, important-for-accessibility=true, error=}, children=[TreeNode(attributes={text=, accessibilityText=, hintText=, ignoreBoundsFiltering=false, resource-id=, clickable=false, bounds=[16,508][304,556], enabled=true, focused=false, checked=false, scrollable=false, selected=false, class=android.view.ViewGroup, important-for-accessibility=false, error=}, children=[], clickable=false, enabled=true, focused=false, checked=false, selected=false), TreeNode(attributes={text=Gördüm, telefonu ver, accessibilityText=, hintText=, ignoreBoundsFiltering=false, resource-id=, clickable=false, bounds=[81,522][239,542], enabled=true, focused=false, checked=false, scrollable=false, selected=false, class=android.widget.TextView, important-for-accessibility=true, error=}, children=[], clickable=false, enabled=true, focused=false, checked=false, selected=false)], clickable=true, enabled=true, focused=false, checked=false, selected=false), bounds=Bounds(x=16, y=508, width=288, height=48))
00:24:53.516 [ INFO] maestro.Maestro.tap-HgV9Ck0: Tap aimed via settled hierarchy
00:24:53.516 [ INFO] maestro.Maestro.hierarchyBasedTap-ogj28Uc: Tapping at (160, 532) using hierarchy based logic for wait
00:24:54.336 [ INFO] maestro.Maestro.hierarchyBasedTap-ogj28Uc: Something has changed in the UI judging by view hierarchy. Proceed.
00:24:54.336 [ INFO] maestro.cli.runner.CliConsoleListener.onCommandFinished: Tap on id: sahtekar-seen COMPLETED
00:24:54.336 [ INFO] maestro.cli.runner.CliConsoleListener.onCommandStart: Assert that id: sahtekar-pass is visible RUNNING
00:24:54.446 [ INFO] maestro.cli.runner.CliConsoleListener.onCommandFinished: Assert that id: sahtekar-pass is visible COMPLETED
00:24:54.447 [ INFO] maestro.cli.runner.CliConsoleListener.onCommandStart: Tap on id: sahtekar-ready RUNNING
00:24:54.557 [ INFO] maestro.Maestro.tap-HgV9Ck0: Tapping on element:  UiElement(treeNode=TreeNode(attributes={text=, accessibilityText=Ben A2'yim, kartımı göster, hintText=, ignoreBoundsFiltering=false, resource-id=sahtekar-ready, clickable=true, bounds=[16,568][304,616], enabled=true, focused=false, checked=false, scrollable=false, selected=false, class=android.widget.Button, important-for-accessibility=true, error=}, children=[TreeNode(attributes={text=, accessibilityText=, hintText=, ignoreBoundsFiltering=false, resource-id=, clickable=false, bounds=[16,568][304,616], enabled=true, focused=false, checked=false, scrollable=false, selected=false, class=android.view.ViewGroup, important-for-accessibility=false, error=}, children=[], clickable=false, enabled=true, focused=false, checked=false, selected=false), TreeNode(attributes={text=Ben A2'yim, kartımı göster, accessibilityText=, hintText=, ignoreBoundsFiltering=false, resource-id=, clickable=false, bounds=[61,582][259,602], enabled=true, focused=false, checked=false, scrollable=false, selected=false, class=android.widget.TextView, important-for-accessibility=true, error=}, children=[], clickable=false, enabled=true, focused=false, checked=false, selected=false)], clickable=true, enabled=true, focused=false, checked=false, selected=false), bounds=Bounds(x=16, y=568, width=288, height=48))
00:24:55.720 [ INFO] maestro.Maestro.tap-HgV9Ck0: Tap aimed via settled hierarchy
00:24:55.720 [ INFO] maestro.Maestro.hierarchyBasedTap-ogj28Uc: Tapping at (160, 592) using hierarchy based logic for wait
00:24:56.636 [ INFO] maestro.Maestro.hierarchyBasedTap-ogj28Uc: Something has changed in the UI judging by view hierarchy. Proceed.
00:24:56.636 [ INFO] maestro.cli.runner.CliConsoleListener.onCommandFinished: Tap on id: sahtekar-ready COMPLETED
00:24:56.636 [ INFO] maestro.cli.runner.CliConsoleListener.onCommandStart: Long press on id: sahtekar-hold RUNNING
00:24:57.264 [ INFO] maestro.Maestro.tap-HgV9Ck0: Tapping on element:  UiElement(treeNode=TreeNode(attributes={text=, accessibilityText=A2, kartını görmek için basılı tut, hintText=, ignoreBoundsFiltering=false, resource-id=sahtekar-hold, clickable=true, bounds=[16,136][304,496], enabled=true, focused=false, checked=false, scrollable=false, selected=false, class=android.widget.Button, important-for-accessibility=true, error=}, children=[TreeNode(attributes={text=, accessibilityText=, hintText=, ignoreBoundsFiltering=false, resource-id=, clickable=false, bounds=[16,136][304,496], enabled=true, focused=false, checked=false, scrollable=false, selected=false, class=android.view.ViewGroup, important-for-accessibility=false, error=}, children=[], clickable=false, enabled=true, focused=false, checked=false, selected=false), TreeNode(attributes={text=, accessibilityText=, hintText=, ignoreBoundsFiltering=false, resource-id=, clickable=false, bounds=[128,246][192,310], enabled=true, focused=false, checked=false, scrollable=false, selected=false, class=android.widget.ImageView, important-for-accessibility=false, error=}, children=[], clickable=false, enabled=true, focused=false, checked=false, selected=false), TreeNode(attributes={text=Basılı tut, accessibilityText=, hintText=, ignoreBoundsFiltering=false, resource-id=, clickable=false, bounds=[97,322][222,356], enabled=true, focused=false, checked=false, scrollable=false, selected=false, class=android.widget.TextView, important-for-accessibility=true, error=}, children=[], clickable=false, enabled=true, focused=false, checked=false, selected=false), TreeNode(attributes={text=Parmağını kaldırınca kart kapanır., accessibilityText=, hintText=, ignoreBoundsFiltering=false, resource-id=, clickable=false, bounds=[63,368][256,386], enabled=true, focused=false, checked=false, scrollable=false, selected=false, class=android.widget.TextView, important-for-accessibility=true, error=}, children=[], clickable=false, enabled=true, focused=false, checked=false, selected=false)], clickable=true, enabled=true, focused=false, checked=false, selected=false), bounds=Bounds(x=16, y=136, width=288, height=360))
00:24:58.588 [ INFO] maestro.Maestro.tap-HgV9Ck0: Tap aimed via settled hierarchy
00:24:58.588 [ INFO] maestro.Maestro.hierarchyBasedTap-ogj28Uc: Tapping at (160, 316) using hierarchy based logic for wait
00:25:02.568 [ INFO] maestro.Maestro.hierarchyBasedTap-ogj28Uc: Something has changed in the UI judging by view hierarchy. Proceed.
00:25:02.568 [ INFO] maestro.cli.runner.CliConsoleListener.onCommandFinished: Long press on id: sahtekar-hold COMPLETED
00:25:02.568 [ INFO] maestro.cli.runner.CliConsoleListener.onCommandStart: Tap on id: sahtekar-seen RUNNING
00:25:02.632 [ INFO] maestro.Maestro.tap-HgV9Ck0: Tapping on element:  UiElement(treeNode=TreeNode(attributes={text=, accessibilityText=Gördüm, telefonu ver, hintText=, ignoreBoundsFiltering=false, resource-id=sahtekar-seen, clickable=true, bounds=[16,488][304,536], enabled=true, focused=false, checked=false, scrollable=false, selected=false, class=android.widget.Button, important-for-accessibility=true, error=}, children=[TreeNode(attributes={text=, accessibilityText=, hintText=, ignoreBoundsFiltering=false, resource-id=, clickable=false, bounds=[16,488][304,536], enabled=true, focused=false, checked=false, scrollable=false, selected=false, class=android.view.ViewGroup, important-for-accessibility=false, error=}, children=[], clickable=false, enabled=true, focused=false, checked=false, selected=false), TreeNode(attributes={text=Gördüm, telefonu ver, accessibilityText=, hintText=, ignoreBoundsFiltering=false, resource-id=, clickable=false, bounds=[81,502][239,522], enabled=true, focused=false, checked=false, scrollable=false, selected=false, class=android.widget.TextView, important-for-accessibility=true, error=}, children=[], clickable=false, enabled=true, focused=false, checked=false, selected=false)], clickable=true, enabled=true, focused=false, checked=false, selected=false), bounds=Bounds(x=16, y=488, width=288, height=48))
00:25:03.852 [ INFO] maestro.Maestro.tap-HgV9Ck0: Tap aimed via settled hierarchy
00:25:03.852 [ INFO] maestro.Maestro.hierarchyBasedTap-ogj28Uc: Tapping at (160, 512) using hierarchy based logic for wait
00:25:04.809 [ INFO] maestro.Maestro.hierarchyBasedTap-ogj28Uc: Something has changed in the UI judging by view hierarchy. Proceed.
00:25:04.809 [ INFO] maestro.cli.runner.CliConsoleListener.onCommandFinished: Tap on id: sahtekar-seen COMPLETED
00:25:04.809 [ INFO] maestro.cli.runner.CliConsoleListener.onCommandStart: Assert that id: sahtekar-clues is visible RUNNING
00:25:04.960 [ INFO] maestro.cli.runner.CliConsoleListener.onCommandFinished: Assert that id: sahtekar-clues is visible COMPLETED
00:25:04.960 [ INFO] maestro.cli.runner.CliConsoleListener.onCommandStart: Take screenshot 43-sahtekar-clues RUNNING
00:25:04.961 [ INFO] maestro.Maestro.takeScreenshot: Taking screenshot
00:25:04.961 [TRACE] maestro.utils.ScreenshotUtils.takeScreenshot: Taking screenshot to output sink
00:25:05.022 [ INFO] maestro.cli.runner.CliConsoleListener.onCommandFinished: Take screenshot 43-sahtekar-clues COMPLETED
00:25:05.023 [ INFO] maestro.cli.runner.CliConsoleListener.onCommandStart: Repeat while id: sahtekar-vote-submit is not visible RUNNING
00:25:05.864 [ INFO] maestro.cli.runner.CliConsoleListener.onCommandStart: Run flow when id: sahtekar-said is visible RUNNING
00:25:05.985 [ INFO] maestro.cli.runner.CliConsoleListener.onCommandStart: Tap on id: sahtekar-said RUNNING
00:25:06.599 [ INFO] maestro.Maestro.tap-HgV9Ck0: Tapping on element:  UiElement(treeNode=TreeNode(attributes={text=, accessibilityText=Söyledi, hintText=, ignoreBoundsFiltering=false, resource-id=sahtekar-said, clickable=true, bounds=[16,614][304,640], enabled=true, focused=false, checked=false, scrollable=false, selected=false, class=android.widget.Button, important-for-accessibility=true, error=}, children=[TreeNode(attributes={text=, accessibilityText=, hintText=, ignoreBoundsFiltering=false, resource-id=, clickable=false, bounds=[16,614][304,640], enabled=true, focused=false, checked=false, scrollable=false, selected=false, class=android.view.ViewGroup, important-for-accessibility=false, error=}, children=[], clickable=false, enabled=true, focused=false, checked=false, selected=false), TreeNode(attributes={text=Söyledi, accessibilityText=, hintText=, ignoreBoundsFiltering=false, resource-id=, clickable=false, bounds=[133,628][188,640], enabled=true, focused=false, checked=false, scrollable=false, selected=false, class=android.widget.TextView, important-for-accessibility=true, error=}, children=[], clickable=false, enabled=true, focused=false, checked=false, selected=false)], clickable=true, enabled=true, focused=false, checked=false, selected=false), bounds=Bounds(x=16, y=614, width=288, height=26))
00:25:07.948 [ INFO] maestro.Maestro.tap-HgV9Ck0: Tap aimed via settled hierarchy
00:25:07.949 [ INFO] maestro.Maestro.hierarchyBasedTap-ogj28Uc: Tapping at (160, 627) using hierarchy based logic for wait
00:25:09.252 [ INFO] maestro.Maestro.hierarchyBasedTap-ogj28Uc: Something has changed in the UI judging by view hierarchy. Proceed.
00:25:09.252 [ INFO] maestro.cli.runner.CliConsoleListener.onCommandFinished: Tap on id: sahtekar-said COMPLETED
00:25:09.252 [ INFO] maestro.cli.runner.CliConsoleListener.onCommandFinished: Run flow when id: sahtekar-said is visible COMPLETED
00:25:09.252 [ INFO] maestro.cli.runner.CliConsoleListener.onCommandStart: Run flow when id: sahtekar-pass is visible RUNNING
00:25:16.585 [ INFO] maestro.orchestra.Orchestra.executeSubflowCommands: [Command execution subflow] CommandSkipped: null
00:25:16.585 [ INFO] maestro.cli.runner.CliConsoleListener.onCommandFinished: Run flow when id: sahtekar-pass is visible SKIPPED
00:25:16.585 [ INFO] maestro.cli.runner.CliConsoleListener.onCommandStart: Wait for animation to end within 1500 ms RUNNING
00:25:16.590 [ INFO] maestro.Maestro.waitForAnimationToEnd$lambda$53: Waiting for animation to end with timeout 1500
00:25:16.592 [TRACE] maestro.utils.ScreenshotUtils.takeScreenshot: Taking screenshot to byte array
00:25:16.592 [TRACE] maestro.utils.ScreenshotUtils.takeScreenshot: Taking screenshot to output sink
00:25:17.471 [TRACE] maestro.utils.ScreenshotUtils.takeScreenshot: Taking screenshot to byte array
00:25:17.471 [TRACE] maestro.utils.ScreenshotUtils.takeScreenshot: Taking screenshot to output sink
00:25:17.632 [ INFO] maestro.cli.runner.CliConsoleListener.onCommandFinished: Wait for animation to end within 1500 ms COMPLETED
00:25:18.412 [ INFO] maestro.cli.runner.CliConsoleListener.onCommandReset: Run flow when id: sahtekar-said is visible PENDING
00:25:18.412 [ INFO] maestro.cli.runner.CliConsoleListener.onCommandReset: Tap on id: sahtekar-said PENDING
00:25:18.412 [ INFO] maestro.cli.runner.CliConsoleListener.onCommandReset: Run flow when id: sahtekar-pass is visible PENDING
00:25:18.412 [ INFO] maestro.cli.runner.CliConsoleListener.onCommandReset: Tap on id: sahtekar-ready PENDING
00:25:18.413 [ INFO] maestro.cli.runner.CliConsoleListener.onCommandReset: Wait for animation to end within 1500 ms PENDING
00:25:18.413 [ INFO] maestro.cli.runner.CliConsoleListener.onCommandStart: Run flow when id: sahtekar-said is visible RUNNING
00:25:18.521 [ INFO] maestro.cli.runner.CliConsoleListener.onCommandStart: Tap on id: sahtekar-said RUNNING
00:25:18.629 [ INFO] maestro.Maestro.tap-HgV9Ck0: Tapping on element:  UiElement(treeNode=TreeNode(attributes={text=, accessibilityText=Söyledi, hintText=, ignoreBoundsFiltering=false, resource-id=sahtekar-said, clickable=true, bounds=[16,614][304,640], enabled=true, focused=false, checked=false, scrollable=false, selected=false, class=android.widget.Button, important-for-accessibility=true, error=}, children=[TreeNode(attributes={text=, accessibilityText=, hintText=, ignoreBoundsFiltering=false, resource-id=, clickable=false, bounds=[16,614][304,640], enabled=true, focused=false, checked=false, scrollable=false, selected=false, class=android.view.ViewGroup, important-for-accessibility=false, error=}, children=[], clickable=false, enabled=true, focused=false, checked=false, selected=false), TreeNode(attributes={text=Söyledi, accessibilityText=, hintText=, ignoreBoundsFiltering=false, resource-id=, clickable=false, bounds=[133,628][188,640], enabled=true, focused=false, checked=false, scrollable=false, selected=false, class=android.widget.TextView, important-for-accessibility=true, error=}, children=[], clickable=false, enabled=true, focused=false, checked=false, selected=false)], clickable=true, enabled=true, focused=false, checked=false, selected=false), bounds=Bounds(x=16, y=614, width=288, height=26))
00:25:19.684 [ INFO] maestro.Maestro.tap-HgV9Ck0: Tap aimed via settled hierarchy
00:25:19.685 [ INFO] maestro.Maestro.hierarchyBasedTap-ogj28Uc: Tapping at (160, 627) using hierarchy based logic for wait
00:25:20.996 [ INFO] maestro.Maestro.hierarchyBasedTap-ogj28Uc: Something has changed in the UI judging by view hierarchy. Proceed.
00:25:20.996 [ INFO] maestro.cli.runner.CliConsoleListener.onCommandFinished: Tap on id: sahtekar-said COMPLETED
00:25:20.997 [ INFO] maestro.cli.runner.CliConsoleListener.onCommandFinished: Run flow when id: sahtekar-said is visible COMPLETED
00:25:20.997 [ INFO] maestro.cli.runner.CliConsoleListener.onCommandStart: Run flow when id: sahtekar-pass is visible RUNNING
00:25:28.168 [ INFO] maestro.orchestra.Orchestra.executeSubflowCommands: [Command execution subflow] CommandSkipped: null
00:25:28.168 [ INFO] maestro.cli.runner.CliConsoleListener.onCommandFinished: Run flow when id: sahtekar-pass is visible SKIPPED
00:25:28.168 [ INFO] maestro.cli.runner.CliConsoleListener.onCommandStart: Wait for animation to end within 1500 ms RUNNING
00:25:28.168 [ INFO] maestro.Maestro.waitForAnimationToEnd$lambda$53: Waiting for animation to end with timeout 1500
00:25:28.169 [TRACE] maestro.utils.ScreenshotUtils.takeScreenshot: Taking screenshot to byte array
00:25:28.169 [TRACE] maestro.utils.ScreenshotUtils.takeScreenshot: Taking screenshot to output sink
00:25:28.233 [TRACE] maestro.utils.ScreenshotUtils.takeScreenshot: Taking screenshot to byte array
00:25:28.233 [TRACE] maestro.utils.ScreenshotUtils.takeScreenshot: Taking screenshot to output sink
00:25:28.322 [ INFO] maestro.cli.runner.CliConsoleListener.onCommandFinished: Wait for animation to end within 1500 ms COMPLETED
00:25:29.076 [ INFO] maestro.cli.runner.CliConsoleListener.onCommandReset: Run flow when id: sahtekar-said is visible PENDING
00:25:29.076 [ INFO] maestro.cli.runner.CliConsoleListener.onCommandReset: Tap on id: sahtekar-said PENDING
00:25:29.076 [ INFO] maestro.cli.runner.CliConsoleListener.onCommandReset: Run flow when id: sahtekar-pass is visible PENDING
00:25:29.077 [ INFO] maestro.cli.runner.CliConsoleListener.onCommandReset: Tap on id: sahtekar-ready PENDING
00:25:29.077 [ INFO] maestro.cli.runner.CliConsoleListener.onCommandReset: Wait for animation to end within 1500 ms PENDING
00:25:29.077 [ INFO] maestro.cli.runner.CliConsoleListener.onCommandStart: Run flow when id: sahtekar-said is visible RUNNING
00:25:29.189 [ INFO] maestro.cli.runner.CliConsoleListener.onCommandStart: Tap on id: sahtekar-said RUNNING
00:25:29.304 [ INFO] maestro.Maestro.tap-HgV9Ck0: Tapping on element:  UiElement(treeNode=TreeNode(attributes={text=, accessibilityText=Söyledi, hintText=, ignoreBoundsFiltering=false, resource-id=sahtekar-said, clickable=true, bounds=[16,614][304,640], enabled=true, focused=false, checked=false, scrollable=false, selected=false, class=android.widget.Button, important-for-accessibility=true, error=}, children=[TreeNode(attributes={text=, accessibilityText=, hintText=, ignoreBoundsFiltering=false, resource-id=, clickable=false, bounds=[16,614][304,640], enabled=true, focused=false, checked=false, scrollable=false, selected=false, class=android.view.ViewGroup, important-for-accessibility=false, error=}, children=[], clickable=false, enabled=true, focused=false, checked=false, selected=false), TreeNode(attributes={text=Söyledi, accessibilityText=, hintText=, ignoreBoundsFiltering=false, resource-id=, clickable=false, bounds=[133,628][188,640], enabled=true, focused=false, checked=false, scrollable=false, selected=false, class=android.widget.TextView, important-for-accessibility=true, error=}, children=[], clickable=false, enabled=true, focused=false, checked=false, selected=false)], clickable=true, enabled=true, focused=false, checked=false, selected=false), bounds=Bounds(x=16, y=614, width=288, height=26))
00:25:32.208 [ INFO] maestro.Maestro.tap-HgV9Ck0: Tap aimed via settled hierarchy
00:25:32.208 [ INFO] maestro.Maestro.hierarchyBasedTap-ogj28Uc: Tapping at (160, 627) using hierarchy based logic for wait
00:25:33.640 [ INFO] maestro.Maestro.hierarchyBasedTap-ogj28Uc: Something has changed in the UI judging by view hierarchy. Proceed.
00:25:33.640 [ INFO] maestro.cli.runner.CliConsoleListener.onCommandFinished: Tap on id: sahtekar-said COMPLETED
00:25:33.640 [ INFO] maestro.cli.runner.CliConsoleListener.onCommandFinished: Run flow when id: sahtekar-said is visible COMPLETED
00:25:33.640 [ INFO] maestro.cli.runner.CliConsoleListener.onCommandStart: Run flow when id: sahtekar-pass is visible RUNNING
00:25:41.068 [ INFO] maestro.orchestra.Orchestra.executeSubflowCommands: [Command execution subflow] CommandSkipped: null
00:25:41.068 [ INFO] maestro.cli.runner.CliConsoleListener.onCommandFinished: Run flow when id: sahtekar-pass is visible SKIPPED
00:25:41.068 [ INFO] maestro.cli.runner.CliConsoleListener.onCommandStart: Wait for animation to end within 1500 ms RUNNING
00:25:41.068 [ INFO] maestro.Maestro.waitForAnimationToEnd$lambda$53: Waiting for animation to end with timeout 1500
00:25:41.069 [TRACE] maestro.utils.ScreenshotUtils.takeScreenshot: Taking screenshot to byte array
00:25:41.069 [TRACE] maestro.utils.ScreenshotUtils.takeScreenshot: Taking screenshot to output sink
00:25:41.141 [TRACE] maestro.utils.ScreenshotUtils.takeScreenshot: Taking screenshot to byte array
00:25:41.141 [TRACE] maestro.utils.ScreenshotUtils.takeScreenshot: Taking screenshot to output sink
00:25:41.218 [ INFO] maestro.cli.runner.CliConsoleListener.onCommandFinished: Wait for animation to end within 1500 ms COMPLETED
00:25:42.132 [ INFO] maestro.cli.runner.CliConsoleListener.onCommandReset: Run flow when id: sahtekar-said is visible PENDING
00:25:42.132 [ INFO] maestro.cli.runner.CliConsoleListener.onCommandReset: Tap on id: sahtekar-said PENDING
00:25:42.132 [ INFO] maestro.cli.runner.CliConsoleListener.onCommandReset: Run flow when id: sahtekar-pass is visible PENDING
00:25:42.132 [ INFO] maestro.cli.runner.CliConsoleListener.onCommandReset: Tap on id: sahtekar-ready PENDING
00:25:42.132 [ INFO] maestro.cli.runner.CliConsoleListener.onCommandReset: Wait for animation to end within 1500 ms PENDING
00:25:42.132 [ INFO] maestro.cli.runner.CliConsoleListener.onCommandStart: Run flow when id: sahtekar-said is visible RUNNING
00:25:42.253 [ INFO] maestro.cli.runner.CliConsoleListener.onCommandStart: Tap on id: sahtekar-said RUNNING
00:25:42.413 [ INFO] maestro.Maestro.tap-HgV9Ck0: Tapping on element:  UiElement(treeNode=TreeNode(attributes={text=, accessibilityText=Söyledi, hintText=, ignoreBoundsFiltering=false, resource-id=sahtekar-said, clickable=true, bounds=[16,614][304,640], enabled=true, focused=false, checked=false, scrollable=false, selected=false, class=android.widget.Button, important-for-accessibility=true, error=}, children=[TreeNode(attributes={text=, accessibilityText=, hintText=, ignoreBoundsFiltering=false, resource-id=, clickable=false, bounds=[16,614][304,640], enabled=true, focused=false, checked=false, scrollable=false, selected=false, class=android.view.ViewGroup, important-for-accessibility=false, error=}, children=[], clickable=false, enabled=true, focused=false, checked=false, selected=false), TreeNode(attributes={text=Söyledi, accessibilityText=, hintText=, ignoreBoundsFiltering=false, resource-id=, clickable=false, bounds=[133,628][188,640], enabled=true, focused=false, checked=false, scrollable=false, selected=false, class=android.widget.TextView, important-for-accessibility=true, error=}, children=[], clickable=false, enabled=true, focused=false, checked=false, selected=false)], clickable=true, enabled=true, focused=false, checked=false, selected=false), bounds=Bounds(x=16, y=614, width=288, height=26))
00:25:44.204 [ INFO] maestro.Maestro.tap-HgV9Ck0: Tap aimed via settled hierarchy
00:25:44.204 [ INFO] maestro.Maestro.hierarchyBasedTap-ogj28Uc: Tapping at (160, 627) using hierarchy based logic for wait
00:25:45.532 [ INFO] maestro.Maestro.hierarchyBasedTap-ogj28Uc: Something has changed in the UI judging by view hierarchy. Proceed.
00:25:45.532 [ INFO] maestro.cli.runner.CliConsoleListener.onCommandFinished: Tap on id: sahtekar-said COMPLETED
00:25:45.532 [ INFO] maestro.cli.runner.CliConsoleListener.onCommandFinished: Run flow when id: sahtekar-said is visible COMPLETED
00:25:45.532 [ INFO] maestro.cli.runner.CliConsoleListener.onCommandStart: Run flow when id: sahtekar-pass is visible RUNNING
00:25:45.597 [ INFO] maestro.cli.runner.CliConsoleListener.onCommandStart: Tap on id: sahtekar-ready RUNNING
00:25:45.700 [ INFO] maestro.Maestro.tap-HgV9Ck0: Tapping on element:  UiElement(treeNode=TreeNode(attributes={text=, accessibilityText=Ben A1'im, kartımı göster, hintText=, ignoreBoundsFiltering=false, resource-id=sahtekar-ready, clickable=true, bounds=[16,356][304,404], enabled=true, focused=false, checked=false, scrollable=false, selected=false, class=android.widget.Button, important-for-accessibility=true, error=}, children=[TreeNode(attributes={text=, accessibilityText=, hintText=, ignoreBoundsFiltering=false, resource-id=, clickable=false, bounds=[16,356][304,404], enabled=true, focused=false, checked=false, scrollable=false, selected=false, class=android.view.ViewGroup, important-for-accessibility=false, error=}, children=[], clickable=false, enabled=true, focused=false, checked=false, selected=false), TreeNode(attributes={text=Ben A1'im, kartımı göster, accessibilityText=, hintText=, ignoreBoundsFiltering=false, resource-id=, clickable=false, bounds=[65,370][255,390], enabled=true, focused=false, checked=false, scrollable=false, selected=false, class=android.widget.TextView, important-for-accessibility=true, error=}, children=[], clickable=false, enabled=true, focused=false, checked=false, selected=false)], clickable=true, enabled=true, focused=false, checked=false, selected=false), bounds=Bounds(x=16, y=356, width=288, height=48))
00:25:46.896 [ INFO] maestro.Maestro.tap-HgV9Ck0: Tap aimed via settled hierarchy
00:25:46.896 [ INFO] maestro.Maestro.hierarchyBasedTap-ogj28Uc: Tapping at (160, 380) using hierarchy based logic for wait
00:25:47.824 [ INFO] maestro.Maestro.hierarchyBasedTap-ogj28Uc: Something has changed in the UI judging by view hierarchy. Proceed.
00:25:47.824 [ INFO] maestro.cli.runner.CliConsoleListener.onCommandFinished: Tap on id: sahtekar-ready COMPLETED
00:25:47.825 [ INFO] maestro.cli.runner.CliConsoleListener.onCommandFinished: Run flow when id: sahtekar-pass is visible COMPLETED
00:25:47.825 [ INFO] maestro.cli.runner.CliConsoleListener.onCommandStart: Wait for animation to end within 1500 ms RUNNING
00:25:47.825 [ INFO] maestro.Maestro.waitForAnimationToEnd$lambda$53: Waiting for animation to end with timeout 1500
00:25:47.825 [TRACE] maestro.utils.ScreenshotUtils.takeScreenshot: Taking screenshot to byte array
00:25:47.825 [TRACE] maestro.utils.ScreenshotUtils.takeScreenshot: Taking screenshot to output sink
00:25:47.896 [TRACE] maestro.utils.ScreenshotUtils.takeScreenshot: Taking screenshot to byte array
00:25:47.896 [TRACE] maestro.utils.ScreenshotUtils.takeScreenshot: Taking screenshot to output sink
00:25:47.977 [ INFO] maestro.cli.runner.CliConsoleListener.onCommandFinished: Wait for animation to end within 1500 ms COMPLETED
00:25:54.997 [ INFO] maestro.cli.runner.CliConsoleListener.onCommandFinished: Repeat while id: sahtekar-vote-submit is not visible COMPLETED
00:25:54.998 [ INFO] maestro.cli.runner.CliConsoleListener.onCommandStart: Tap on id: sahtekar-vote-B1 RUNNING
00:25:55.661 [ INFO] maestro.Maestro.tap-HgV9Ck0: Tapping on element:  UiElement(treeNode=TreeNode(attributes={text=, accessibilityText=B1, hintText=, ignoreBoundsFiltering=false, resource-id=sahtekar-vote-B1, clickable=true, bounds=[213,264][304,344], enabled=true, focused=false, checked=false, scrollable=false, selected=false, class=android.widget.RadioButton, important-for-accessibility=true, error=}, children=[TreeNode(attributes={text=, accessibilityText=B1, hintText=, ignoreBoundsFiltering=false, resource-id=, clickable=false, bounds=[230,276][286,332], enabled=true, focused=false, checked=false, scrollable=false, selected=false, class=android.view.ViewGroup, important-for-accessibility=true, error=}, children=[TreeNode(attributes={text=B1, accessibilityText=, hintText=, ignoreBoundsFiltering=false, resource-id=, clickable=false, bounds=[247,292][268,316], enabled=true, focused=false, checked=false, scrollable=false, selected=false, class=android.widget.TextView, important-for-accessibility=true, error=}, children=[], clickable=false, enabled=true, focused=false, checked=false, selected=false)], clickable=false, enabled=true, focused=false, checked=false, selected=false)], clickable=true, enabled=true, focused=false, checked=false, selected=false), bounds=Bounds(x=213, y=264, width=91, height=80))
00:25:56.732 [ INFO] maestro.Maestro.tap-HgV9Ck0: Tap aimed via settled hierarchy
00:25:56.732 [ INFO] maestro.Maestro.hierarchyBasedTap-ogj28Uc: Tapping at (258, 304) using hierarchy based logic for wait
00:25:57.652 [ INFO] maestro.Maestro.hierarchyBasedTap-ogj28Uc: Something has changed in the UI judging by view hierarchy. Proceed.
00:25:57.652 [ INFO] maestro.cli.runner.CliConsoleListener.onCommandFinished: Tap on id: sahtekar-vote-B1 COMPLETED
00:25:57.652 [ INFO] maestro.cli.runner.CliConsoleListener.onCommandStart: Take screenshot 44-sahtekar-vote RUNNING
00:25:57.652 [ INFO] maestro.Maestro.takeScreenshot: Taking screenshot
00:25:57.653 [TRACE] maestro.utils.ScreenshotUtils.takeScreenshot: Taking screenshot to output sink
00:25:57.714 [ INFO] maestro.cli.runner.CliConsoleListener.onCommandFinished: Take screenshot 44-sahtekar-vote COMPLETED
00:25:57.714 [ INFO] maestro.cli.runner.CliConsoleListener.onCommandStart: Tap on id: sahtekar-vote-submit RUNNING
00:25:57.879 [ INFO] maestro.Maestro.tap-HgV9Ck0: Tapping on element:  UiElement(treeNode=TreeNode(attributes={text=, accessibilityText=B1'e oy ver, hintText=, ignoreBoundsFiltering=false, resource-id=sahtekar-vote-submit, clickable=true, bounds=[16,380][304,428], enabled=true, focused=false, checked=false, scrollable=false, selected=false, class=android.widget.Button, important-for-accessibility=true, error=}, children=[TreeNode(attributes={text=, accessibilityText=, hintText=, ignoreBoundsFiltering=false, resource-id=, clickable=false, bounds=[16,380][304,428], enabled=true, focused=false, checked=false, scrollable=false, selected=false, class=android.view.ViewGroup, important-for-accessibility=false, error=}, children=[], clickable=false, enabled=true, focused=false, checked=false, selected=false), TreeNode(attributes={text=B1'e oy ver, accessibilityText=, hintText=, ignoreBoundsFiltering=false, resource-id=, clickable=false, bounds=[119,394][202,414], enabled=true, focused=false, checked=false, scrollable=false, selected=false, class=android.widget.TextView, important-for-accessibility=true, error=}, children=[], clickable=false, enabled=true, focused=false, checked=false, selected=false)], clickable=true, enabled=true, focused=false, checked=false, selected=false), bounds=Bounds(x=16, y=380, width=288, height=48))
00:25:58.856 [ INFO] maestro.Maestro.tap-HgV9Ck0: Tap aimed via settled hierarchy
00:25:58.856 [ INFO] maestro.Maestro.hierarchyBasedTap-ogj28Uc: Tapping at (160, 404) using hierarchy based logic for wait
00:25:59.771 [ INFO] maestro.Maestro.hierarchyBasedTap-ogj28Uc: Something has changed in the UI judging by view hierarchy. Proceed.
00:25:59.772 [ INFO] maestro.cli.runner.CliConsoleListener.onCommandFinished: Tap on id: sahtekar-vote-submit COMPLETED
00:25:59.772 [ INFO] maestro.cli.runner.CliConsoleListener.onCommandStart: Assert that id: sahtekar-pass is visible RUNNING
00:25:59.844 [ INFO] maestro.cli.runner.CliConsoleListener.onCommandFinished: Assert that id: sahtekar-pass is visible COMPLETED
00:25:59.844 [ INFO] maestro.cli.runner.CliConsoleListener.onCommandStart: Tap on id: sahtekar-ready RUNNING
00:26:00.751 [ INFO] maestro.Maestro.tap-HgV9Ck0: Tapping on element:  UiElement(treeNode=TreeNode(attributes={text=, accessibilityText=Ben A2'yim, kartımı göster, hintText=, ignoreBoundsFiltering=false, resource-id=sahtekar-ready, clickable=true, bounds=[16,356][304,404], enabled=true, focused=false, checked=false, scrollable=false, selected=false, class=android.widget.Button, important-for-accessibility=true, error=}, children=[TreeNode(attributes={text=, accessibilityText=, hintText=, ignoreBoundsFiltering=false, resource-id=, clickable=false, bounds=[16,356][304,404], enabled=true, focused=false, checked=false, scrollable=false, selected=false, class=android.view.ViewGroup, important-for-accessibility=false, error=}, children=[], clickable=false, enabled=true, focused=false, checked=false, selected=false), TreeNode(attributes={text=Ben A2'yim, kartımı göster, accessibilityText=, hintText=, ignoreBoundsFiltering=false, resource-id=, clickable=false, bounds=[61,370][259,390], enabled=true, focused=false, checked=false, scrollable=false, selected=false, class=android.widget.TextView, important-for-accessibility=true, error=}, children=[], clickable=false, enabled=true, focused=false, checked=false, selected=false)], clickable=true, enabled=true, focused=false, checked=false, selected=false), bounds=Bounds(x=16, y=356, width=288, height=48))
00:26:01.750 [ INFO] maestro.Maestro.tap-HgV9Ck0: Tap aimed via settled hierarchy
00:26:01.750 [ INFO] maestro.Maestro.hierarchyBasedTap-ogj28Uc: Tapping at (160, 380) using hierarchy based logic for wait
00:26:02.660 [ INFO] maestro.Maestro.hierarchyBasedTap-ogj28Uc: Something has changed in the UI judging by view hierarchy. Proceed.
00:26:02.660 [ INFO] maestro.cli.runner.CliConsoleListener.onCommandFinished: Tap on id: sahtekar-ready COMPLETED
00:26:02.660 [ INFO] maestro.cli.runner.CliConsoleListener.onCommandStart: Tap on id: sahtekar-vote-B1 RUNNING
00:26:02.769 [ INFO] maestro.Maestro.tap-HgV9Ck0: Tapping on element:  UiElement(treeNode=TreeNode(attributes={text=, accessibilityText=B1, hintText=, ignoreBoundsFiltering=false, resource-id=sahtekar-vote-B1, clickable=true, bounds=[213,264][304,344], enabled=true, focused=false, checked=false, scrollable=false, selected=false, class=android.widget.RadioButton, important-for-accessibility=true, error=}, children=[TreeNode(attributes={text=, accessibilityText=B1, hintText=, ignoreBoundsFiltering=false, resource-id=, clickable=false, bounds=[230,276][286,332], enabled=true, focused=false, checked=false, scrollable=false, selected=false, class=android.view.ViewGroup, important-for-accessibility=true, error=}, children=[TreeNode(attributes={text=B1, accessibilityText=, hintText=, ignoreBoundsFiltering=false, resource-id=, clickable=false, bounds=[247,292][268,316], enabled=true, focused=false, checked=false, scrollable=false, selected=false, class=android.widget.TextView, important-for-accessibility=true, error=}, children=[], clickable=false, enabled=true, focused=false, checked=false, selected=false)], clickable=false, enabled=true, focused=false, checked=false, selected=false)], clickable=true, enabled=true, focused=false, checked=false, selected=false), bounds=Bounds(x=213, y=264, width=91, height=80))
00:26:04.728 [ INFO] maestro.Maestro.tap-HgV9Ck0: Tap aimed via settled hierarchy
00:26:04.729 [ INFO] maestro.Maestro.hierarchyBasedTap-ogj28Uc: Tapping at (258, 304) using hierarchy based logic for wait
00:26:05.652 [ INFO] maestro.Maestro.hierarchyBasedTap-ogj28Uc: Something has changed in the UI judging by view hierarchy. Proceed.
00:26:05.652 [ INFO] maestro.cli.runner.CliConsoleListener.onCommandFinished: Tap on id: sahtekar-vote-B1 COMPLETED
00:26:05.652 [ INFO] maestro.cli.runner.CliConsoleListener.onCommandStart: Tap on id: sahtekar-vote-submit RUNNING
00:26:05.761 [ INFO] maestro.Maestro.tap-HgV9Ck0: Tapping on element:  UiElement(treeNode=TreeNode(attributes={text=, accessibilityText=B1'e oy ver, hintText=, ignoreBoundsFiltering=false, resource-id=sahtekar-vote-submit, clickable=true, bounds=[16,380][304,428], enabled=true, focused=false, checked=false, scrollable=false, selected=false, class=android.widget.Button, important-for-accessibility=true, error=}, children=[TreeNode(attributes={text=, accessibilityText=, hintText=, ignoreBoundsFiltering=false, resource-id=, clickable=false, bounds=[16,380][304,428], enabled=true, focused=false, checked=false, scrollable=false, selected=false, class=android.view.ViewGroup, important-for-accessibility=false, error=}, children=[], clickable=false, enabled=true, focused=false, checked=false, selected=false), TreeNode(attributes={text=B1'e oy ver, accessibilityText=, hintText=, ignoreBoundsFiltering=false, resource-id=, clickable=false, bounds=[119,394][202,414], enabled=true, focused=false, checked=false, scrollable=false, selected=false, class=android.widget.TextView, important-for-accessibility=true, error=}, children=[], clickable=false, enabled=true, focused=false, checked=false, selected=false)], clickable=true, enabled=true, focused=false, checked=false, selected=false), bounds=Bounds(x=16, y=380, width=288, height=48))
00:26:06.904 [ INFO] maestro.Maestro.tap-HgV9Ck0: Tap aimed via settled hierarchy
00:26:06.904 [ INFO] maestro.Maestro.hierarchyBasedTap-ogj28Uc: Tapping at (160, 404) using hierarchy based logic for wait
00:26:08.148 [ INFO] maestro.Maestro.hierarchyBasedTap-ogj28Uc: Something has changed in the UI judging by view hierarchy. Proceed.
00:26:08.148 [ INFO] maestro.cli.runner.CliConsoleListener.onCommandFinished: Tap on id: sahtekar-vote-submit COMPLETED
00:26:08.148 [ INFO] maestro.cli.runner.CliConsoleListener.onCommandStart: Assert that id: sahtekar-reveal is visible RUNNING
00:26:08.272 [ INFO] maestro.cli.runner.CliConsoleListener.onCommandFinished: Assert that id: sahtekar-reveal is visible COMPLETED
00:26:08.272 [ INFO] maestro.cli.runner.CliConsoleListener.onCommandStart: Assert that "Masalar kazandı!" is visible RUNNING
00:26:08.389 [ INFO] maestro.cli.runner.CliConsoleListener.onCommandFinished: Assert that "Masalar kazandı!" is visible COMPLETED
00:26:08.389 [ INFO] maestro.cli.runner.CliConsoleListener.onCommandStart: Take screenshot 45-sahtekar-reveal RUNNING
00:26:08.389 [ INFO] maestro.Maestro.takeScreenshot: Taking screenshot
00:26:08.390 [TRACE] maestro.utils.ScreenshotUtils.takeScreenshot: Taking screenshot to output sink
00:26:08.449 [ INFO] maestro.cli.runner.CliConsoleListener.onCommandFinished: Take screenshot 45-sahtekar-reveal COMPLETED
00:26:08.450 [ INFO] maestro.cli.runner.CliConsoleListener.onCommandStart: Run ../scripts/bot.js RUNNING
00:26:08.507 [ INFO] maestro.cli.runner.CliConsoleListener.onCommandFinished: Run ../scripts/bot.js COMPLETED
00:26:08.507 [ INFO] maestro.cli.runner.CliConsoleListener.onCommandStart: Assert that "Tanışalım mı\?" is visible RUNNING
00:26:09.017 [ INFO] maestro.cli.runner.CliConsoleListener.onCommandFinished: Assert that "Tanışalım mı\?" is visible COMPLETED
00:26:09.017 [ INFO] maestro.cli.runner.CliConsoleListener.onCommandStart: Tap on id: reveal-no RUNNING
00:26:09.716 [ INFO] maestro.Maestro.tap-HgV9Ck0: Tapping on element:  UiElement(treeNode=TreeNode(attributes={text=, accessibilityText=Hayır, hintText=, ignoreBoundsFiltering=false, resource-id=reveal-no, clickable=true, bounds=[37,313][155,361], enabled=true, focused=false, checked=false, scrollable=false, selected=false, class=android.widget.Button, important-for-accessibility=true, error=}, children=[TreeNode(attributes={text=, accessibilityText=, hintText=, ignoreBoundsFiltering=false, resource-id=, clickable=false, bounds=[37,313][155,361], enabled=true, focused=false, checked=false, scrollable=false, selected=false, class=android.view.ViewGroup, important-for-accessibility=false, error=}, children=[], clickable=false, enabled=true, focused=false, checked=false, selected=false), TreeNode(attributes={text=Hayır, accessibilityText=, hintText=, ignoreBoundsFiltering=false, resource-id=, clickable=false, bounds=[76,327][116,347], enabled=true, focused=false, checked=false, scrollable=false, selected=false, class=android.widget.TextView, important-for-accessibility=true, error=}, children=[], clickable=false, enabled=true, focused=false, checked=false, selected=false)], clickable=true, enabled=true, focused=false, checked=false, selected=false), bounds=Bounds(x=37, y=313, width=118, height=48))
00:26:10.691 [ INFO] maestro.Maestro.tap-HgV9Ck0: Tap aimed via settled hierarchy
00:26:10.692 [ INFO] maestro.Maestro.hierarchyBasedTap-ogj28Uc: Tapping at (96, 337) using hierarchy based logic for wait
00:26:11.807 [ INFO] maestro.Maestro.hierarchyBasedTap-ogj28Uc: Something has changed in the UI judging by view hierarchy. Proceed.
00:26:11.807 [ INFO] maestro.cli.runner.CliConsoleListener.onCommandFinished: Tap on id: reveal-no COMPLETED
00:26:11.808 [ INFO] maestro.cli.runner.CliConsoleListener.onCommandStart: Assert that "Güzel oyundu.*" is visible RUNNING
00:26:11.872 [ INFO] maestro.cli.runner.CliConsoleListener.onCommandFinished: Assert that "Güzel oyundu.*" is visible COMPLETED
00:26:11.872 [ INFO] maestro.cli.runner.CliConsoleListener.onCommandStart: Run ../scripts/bot.js RUNNING
00:26:11.929 [ INFO] maestro.cli.runner.CliConsoleListener.onCommandFinished: Run ../scripts/bot.js COMPLETED
00:26:11.929 [ INFO] maestro.cli.runner.CliConsoleListener.onCommandStart: Tap on "Mekana dön" RUNNING
00:26:11.988 [ INFO] maestro.Maestro.tap-HgV9Ck0: Tapping on element:  UiElement(treeNode=TreeNode(attributes={text=Mekana dön, accessibilityText=, hintText=, ignoreBoundsFiltering=false, resource-id=, clickable=false, bounds=[115,229][206,249], enabled=true, focused=false, checked=false, scrollable=false, selected=false, class=android.widget.TextView, important-for-accessibility=true, error=}, children=[], clickable=false, enabled=true, focused=false, checked=false, selected=false), bounds=Bounds(x=115, y=229, width=91, height=20))
00:26:13.212 [ INFO] maestro.Maestro.tap-HgV9Ck0: Tap aimed via settled hierarchy
00:26:13.212 [ INFO] maestro.Maestro.hierarchyBasedTap-ogj28Uc: Tapping at (160, 239) using hierarchy based logic for wait
00:26:14.184 [ INFO] maestro.Maestro.hierarchyBasedTap-ogj28Uc: Something has changed in the UI judging by view hierarchy. Proceed.
00:26:14.184 [ INFO] maestro.cli.runner.CliConsoleListener.onCommandFinished: Tap on "Mekana dön" COMPLETED
00:26:14.184 [ INFO] maestro.cli.runner.CliConsoleListener.onCommandStart: Assert that "Oda kur" is visible RUNNING
00:26:14.310 [ INFO] maestro.cli.runner.CliConsoleListener.onCommandFinished: Assert that "Oda kur" is visible COMPLETED
00:26:14.310 [ INFO] maestro.cli.runner.CliConsoleListener.onCommandFinished: Run flows/09-sahtekar.yaml COMPLETED
00:26:14.310 [ INFO] maestro.cli.runner.CliConsoleListener.onCommandStart: Run flows/10-harf.yaml RUNNING
00:26:14.311 [ INFO] maestro.cli.runner.CliConsoleListener.onCommandStart: Apply configuration RUNNING
00:26:14.311 [ INFO] maestro.cli.runner.CliConsoleListener.onCommandFinished: Apply configuration COMPLETED
00:26:14.311 [ INFO] maestro.cli.runner.CliConsoleListener.onCommandStart: Run ../scripts/bot.js RUNNING
00:26:14.371 [ INFO] maestro.cli.runner.CliConsoleListener.onCommandFinished: Run ../scripts/bot.js COMPLETED
00:26:14.371 [ INFO] maestro.cli.runner.CliConsoleListener.onCommandStart: Run ../scripts/bot.js RUNNING
00:26:14.439 [ INFO] maestro.cli.runner.CliConsoleListener.onCommandFinished: Run ../scripts/bot.js COMPLETED
00:26:14.439 [ INFO] maestro.cli.runner.CliConsoleListener.onCommandStart: Tap on id: tab-venue RUNNING
00:26:14.567 [ INFO] maestro.Maestro.tap-HgV9Ck0: Tapping on element:  UiElement(treeNode=TreeNode(attributes={text=, accessibilityText=Mekan, hintText=, ignoreBoundsFiltering=false, resource-id=tab-venue, clickable=true, bounds=[133,568][187,632], enabled=true, focused=false, checked=false, scrollable=false, selected=true, class=android.view.View, important-for-accessibility=true, error=}, children=[TreeNode(attributes={text=, accessibilityText=, hintText=, ignoreBoundsFiltering=false, resource-id=, clickable=false, bounds=[140,572][180,612], enabled=true, focused=false, checked=false, scrollable=false, selected=false, class=android.view.ViewGroup, important-for-accessibility=false, error=}, children=[], clickable=false, enabled=true, focused=false, checked=false, selected=false), TreeNode(attributes={text=, accessibilityText=, hintText=, ignoreBoundsFiltering=false, resource-id=, clickable=false, bounds=[150,583][170,601], enabled=true, focused=false, checked=false, scrollable=false, selected=false, class=android.widget.ImageView, important-for-accessibility=false, error=}, children=[], clickable=false, enabled=true, focused=false, checked=false, selected=false), TreeNode(attributes={text=Mekan, accessibilityText=, hintText=, ignoreBoundsFiltering=false, resource-id=, clickable=false, bounds=[141,612][178,628], enabled=true, focused=false, checked=false, scrollable=false, selected=false, class=android.widget.TextView, important-for-accessibility=true, error=}, children=[], clickable=false, enabled=true, focused=false, checked=false, selected=false)], clickable=true, enabled=true, focused=false, checked=false, selected=true), bounds=Bounds(x=133, y=568, width=54, height=64))
00:26:15.877 [ INFO] maestro.Maestro.tap-HgV9Ck0: Tap aimed via settled hierarchy
00:26:15.877 [ INFO] maestro.Maestro.hierarchyBasedTap-ogj28Uc: Tapping at (160, 600) using hierarchy based logic for wait
00:26:16.321 [ INFO] maestro.cli.runner.CliConsoleListener.onCommandFinished: Tap on id: tab-venue COMPLETED
00:26:16.321 [ INFO] maestro.cli.runner.CliConsoleListener.onCommandStart: Assert that "Oda kur" is visible RUNNING
00:26:16.415 [ INFO] maestro.cli.runner.CliConsoleListener.onCommandFinished: Assert that "Oda kur" is visible COMPLETED
00:26:16.415 [ INFO] maestro.cli.runner.CliConsoleListener.onCommandStart: Tap on "Oda kur" RUNNING
00:26:16.542 [ INFO] maestro.Maestro.tap-HgV9Ck0: Tapping on element:  UiElement(treeNode=TreeNode(attributes={text=Oda kur, accessibilityText=, hintText=, ignoreBoundsFiltering=false, resource-id=, clickable=false, bounds=[57,431][117,451], enabled=true, focused=false, checked=false, scrollable=false, selected=false, class=android.widget.TextView, important-for-accessibility=true, error=}, children=[], clickable=false, enabled=true, focused=false, checked=false, selected=false), bounds=Bounds(x=57, y=431, width=60, height=20))
00:26:17.786 [ INFO] maestro.Maestro.tap-HgV9Ck0: Tap aimed via settled hierarchy
00:26:17.786 [ INFO] maestro.Maestro.hierarchyBasedTap-ogj28Uc: Tapping at (87, 441) using hierarchy based logic for wait
00:26:19.028 [ INFO] maestro.Maestro.hierarchyBasedTap-ogj28Uc: Something has changed in the UI judging by view hierarchy. Proceed.
00:26:19.028 [ INFO] maestro.cli.runner.CliConsoleListener.onCommandFinished: Tap on "Oda kur" COMPLETED
00:26:19.028 [ INFO] maestro.cli.runner.CliConsoleListener.onCommandStart: Assert that id: intent-none is visible RUNNING
00:26:19.092 [ INFO] maestro.cli.runner.CliConsoleListener.onCommandFinished: Assert that id: intent-none is visible COMPLETED
00:26:19.093 [ INFO] maestro.cli.runner.CliConsoleListener.onCommandStart: Scrolling DOWN until "Odayı kur" is visible with speed 40, visibility percentage 100%, timeout 10000 ms, with centering disabled RUNNING
00:26:19.205 [ INFO] maestro.orchestra.Orchestra.scrollUntilVisible: Scrolling try count: 0, DeviceWidth: 320, DeviceWidth: 640
00:26:19.205 [ INFO] maestro.orchestra.Orchestra.scrollUntilVisible: Element bounds: Bounds(x=120, y=565, width=81, height=22)
00:26:19.205 [ INFO] maestro.orchestra.Orchestra.scrollUntilVisible: Visibility Percent: 1.0
00:26:19.205 [ INFO] maestro.orchestra.Orchestra.scrollUntilVisible: Command centerElement: ScrollUntilVisibleCommand(selector=ElementSelector(textRegex=Odayı kur, idRegex=null, size=null, below=null, above=null, leftOf=null, rightOf=null, containsChild=null, containsDescendants=null, traits=null, index=null, enabled=null, optional=false, selected=null, checked=null, focused=null, childOf=null, css=null), direction=DOWN, scrollDuration=601, visibilityPercentage=100, timeout=10000, waitToSettleTimeoutMs=null, centerElement=false, originalSpeedValue=40, label=null, optional=false).centerElement
00:26:19.205 [ INFO] maestro.orchestra.Orchestra.scrollUntilVisible: visibilityPercentageNormalized: 1.0
00:26:19.205 [ INFO] maestro.cli.runner.CliConsoleListener.onCommandFinished: Scrolling DOWN until "Odayı kur" is visible with speed 40, visibility percentage 100%, timeout 10000 ms, with centering disabled COMPLETED
00:26:19.205 [ INFO] maestro.cli.runner.CliConsoleListener.onCommandStart: Tap on "Odayı kur" RUNNING
00:26:19.314 [ INFO] maestro.Maestro.tap-HgV9Ck0: Tapping on element:  UiElement(treeNode=TreeNode(attributes={text=Odayı kur, accessibilityText=, hintText=, ignoreBoundsFiltering=false, resource-id=, clickable=false, bounds=[120,565][201,587], enabled=true, focused=false, checked=false, scrollable=false, selected=false, class=android.widget.TextView, important-for-accessibility=true, error=}, children=[], clickable=false, enabled=true, focused=false, checked=false, selected=false), bounds=Bounds(x=120, y=565, width=81, height=22))
00:26:20.616 [ INFO] maestro.Maestro.tap-HgV9Ck0: Tap aimed via settled hierarchy
00:26:20.616 [ INFO] maestro.Maestro.hierarchyBasedTap-ogj28Uc: Tapping at (160, 576) using hierarchy based logic for wait
00:26:21.797 [ INFO] maestro.Maestro.hierarchyBasedTap-ogj28Uc: Something has changed in the UI judging by view hierarchy. Proceed.
00:26:21.797 [ INFO] maestro.cli.runner.CliConsoleListener.onCommandFinished: Tap on "Odayı kur" COMPLETED
00:26:21.797 [ INFO] maestro.cli.runner.CliConsoleListener.onCommandStart: Assert that id: solo-tabu is visible RUNNING
00:26:21.913 [ INFO] maestro.cli.runner.CliConsoleListener.onCommandFinished: Assert that id: solo-tabu is visible COMPLETED
00:26:21.913 [ INFO] maestro.cli.runner.CliConsoleListener.onCommandStart: Run ../scripts/bot.js RUNNING
00:26:38.837 [ INFO] maestro.cli.runner.CliConsoleListener.onCommandFinished: Run ../scripts/bot.js COMPLETED
00:26:38.837 [ INFO] maestro.cli.runner.CliConsoleListener.onCommandStart: Assert that "Katılma isteği" is visible RUNNING
00:26:39.984 [ INFO] maestro.cli.runner.CliConsoleListener.onCommandFinished: Assert that "Katılma isteği" is visible COMPLETED
00:26:39.984 [ INFO] maestro.cli.runner.CliConsoleListener.onCommandStart: Tap on id: join-accept RUNNING
00:26:40.045 [ INFO] maestro.Maestro.tap-HgV9Ck0: Tapping on element:  UiElement(treeNode=TreeNode(attributes={text=, accessibilityText=Kabul, hintText=, ignoreBoundsFiltering=false, resource-id=join-accept, clickable=true, bounds=[165,502][296,550], enabled=true, focused=false, checked=false, scrollable=false, selected=false, class=android.widget.Button, important-for-accessibility=true, error=}, children=[TreeNode(attributes={text=, accessibilityText=, hintText=, ignoreBoundsFiltering=false, resource-id=, clickable=false, bounds=[165,502][296,550], enabled=true, focused=false, checked=false, scrollable=false, selected=false, class=android.view.ViewGroup, important-for-accessibility=false, error=}, children=[], clickable=false, enabled=true, focused=false, checked=false, selected=false), TreeNode(attributes={text=Kabul, accessibilityText=, hintText=, ignoreBoundsFiltering=false, resource-id=, clickable=false, bounds=[209,516][253,536], enabled=true, focused=false, checked=false, scrollable=false, selected=false, class=android.widget.TextView, important-for-accessibility=true, error=}, children=[], clickable=false, enabled=true, focused=false, checked=false, selected=false)], clickable=true, enabled=true, focused=false, checked=false, selected=false), bounds=Bounds(x=165, y=502, width=131, height=48))
00:26:41.308 [ INFO] maestro.Maestro.tap-HgV9Ck0: Tap aimed via settled hierarchy
00:26:41.308 [ INFO] maestro.Maestro.hierarchyBasedTap-ogj28Uc: Tapping at (230, 526) using hierarchy based logic for wait
00:26:42.320 [ INFO] maestro.Maestro.hierarchyBasedTap-ogj28Uc: Something has changed in the UI judging by view hierarchy. Proceed.
00:26:42.320 [ INFO] maestro.cli.runner.CliConsoleListener.onCommandFinished: Tap on id: join-accept COMPLETED
00:26:42.320 [ INFO] maestro.cli.runner.CliConsoleListener.onCommandStart: Assert that id: propose-harf is visible RUNNING
00:26:42.401 [ INFO] maestro.cli.runner.CliConsoleListener.onCommandFinished: Assert that id: propose-harf is visible COMPLETED
00:26:42.401 [ INFO] maestro.cli.runner.CliConsoleListener.onCommandStart: Tap on id: propose-harf RUNNING
00:26:42.557 [ INFO] maestro.Maestro.tap-HgV9Ck0: Tapping on element:  UiElement(treeNode=TreeNode(attributes={text=, accessibilityText=Harf Kapmaca öner, hintText=, ignoreBoundsFiltering=false, resource-id=propose-harf, clickable=true, bounds=[34,331][111,441], enabled=true, focused=false, checked=false, scrollable=false, selected=false, class=android.widget.Button, important-for-accessibility=true, error=}, children=[TreeNode(attributes={text=, accessibilityText=, hintText=, ignoreBoundsFiltering=false, resource-id=, clickable=false, bounds=[34,331][111,441], enabled=true, focused=false, checked=false, scrollable=false, selected=false, class=android.view.ViewGroup, important-for-accessibility=false, error=}, children=[], clickable=false, enabled=true, focused=false, checked=false, selected=false), TreeNode(attributes={text=, accessibilityText=, hintText=, ignoreBoundsFiltering=false, resource-id=, clickable=false, bounds=[48,345][72,369], enabled=true, focused=false, checked=false, scrollable=false, selected=false, class=android.widget.ImageView, important-for-accessibility=false, error=}, children=[], clickable=false, enabled=true, focused=false, checked=false, selected=false), TreeNode(attributes={text=Harf Kapmaca, accessibilityText=, hintText=, ignoreBoundsFiltering=false, resource-id=, clickable=false, bounds=[48,379][98,427], enabled=true, focused=false, checked=false, scrollable=false, selected=false, class=android.widget.TextView, important-for-accessibility=true, error=}, children=[], clickable=false, enabled=true, focused=false, checked=false, selected=false)], clickable=true, enabled=true, focused=false, checked=false, selected=false), bounds=Bounds(x=34, y=331, width=77, height=110))
00:26:43.868 [ INFO] maestro.Maestro.tap-HgV9Ck0: Tap aimed via settled hierarchy
00:26:43.869 [ INFO] maestro.Maestro.hierarchyBasedTap-ogj28Uc: Tapping at (72, 386) using hierarchy based logic for wait
00:26:45.501 [ INFO] maestro.Maestro.hierarchyBasedTap-ogj28Uc: Something has changed in the UI judging by view hierarchy. Proceed.
00:26:45.501 [ INFO] maestro.cli.runner.CliConsoleListener.onCommandFinished: Tap on id: propose-harf COMPLETED
00:26:45.501 [ INFO] maestro.cli.runner.CliConsoleListener.onCommandStart: Run ../scripts/bot.js RUNNING
00:26:45.566 [ INFO] maestro.cli.runner.CliConsoleListener.onCommandFinished: Run ../scripts/bot.js COMPLETED
00:26:45.566 [ INFO] maestro.cli.runner.CliConsoleListener.onCommandStart: Assert that id: turn-start is visible RUNNING
00:26:46.509 [ INFO] maestro.cli.runner.CliConsoleListener.onCommandFinished: Assert that id: turn-start is visible COMPLETED
00:26:46.509 [ INFO] maestro.cli.runner.CliConsoleListener.onCommandStart: Take screenshot 46-harf-ready RUNNING
00:26:46.509 [ INFO] maestro.Maestro.takeScreenshot: Taking screenshot
00:26:46.510 [TRACE] maestro.utils.ScreenshotUtils.takeScreenshot: Taking screenshot to output sink
00:26:46.533 [ INFO] maestro.cli.runner.CliConsoleListener.onCommandFinished: Take screenshot 46-harf-ready COMPLETED
00:26:46.533 [ INFO] maestro.cli.runner.CliConsoleListener.onCommandStart: Tap on id: turn-start RUNNING
00:26:46.640 [ INFO] maestro.Maestro.tap-HgV9Ck0: Tapping on element:  UiElement(treeNode=TreeNode(attributes={text=, accessibilityText=Turu başlat, hintText=, ignoreBoundsFiltering=false, resource-id=turn-start, clickable=true, bounds=[62,80][258,266], enabled=true, focused=false, checked=false, scrollable=false, selected=false, class=android.widget.Button, important-for-accessibility=true, error=}, children=[TreeNode(attributes={text=, accessibilityText=, hintText=, ignoreBoundsFiltering=false, resource-id=, clickable=false, bounds=[62,80][258,266], enabled=true, focused=false, checked=false, scrollable=false, selected=false, class=android.view.ViewGroup, important-for-accessibility=false, error=}, children=[TreeNode(attributes={text=Başla, accessibilityText=, hintText=, ignoreBoundsFiltering=false, resource-id=, clickable=false, bounds=[89,139][231,197], enabled=true, focused=false, checked=false, scrollable=false, selected=false, class=android.widget.TextView, important-for-accessibility=true, error=}, children=[], clickable=false, enabled=true, focused=false, checked=false, selected=false)], clickable=false, enabled=true, focused=false, checked=false, selected=false)], clickable=true, enabled=true, focused=false, checked=false, selected=false), bounds=Bounds(x=62, y=80, width=196, height=186))
00:26:47.900 [ INFO] maestro.Maestro.tap-HgV9Ck0: Tap aimed via settled hierarchy
00:26:47.900 [ INFO] maestro.Maestro.hierarchyBasedTap-ogj28Uc: Tapping at (160, 173) using hierarchy based logic for wait
00:26:49.494 [ INFO] maestro.Maestro.hierarchyBasedTap-ogj28Uc: Something has changed in the UI judging by view hierarchy. Proceed.
00:26:49.495 [ INFO] maestro.cli.runner.CliConsoleListener.onCommandFinished: Tap on id: turn-start COMPLETED
00:26:49.495 [ INFO] maestro.cli.runner.CliConsoleListener.onCommandStart: Assert that id: letter-board is visible RUNNING
00:26:49.643 [ INFO] maestro.cli.runner.CliConsoleListener.onCommandFinished: Assert that id: letter-board is visible COMPLETED
00:26:49.643 [ INFO] maestro.cli.runner.CliConsoleListener.onCommandStart: Tap on id: letter-A RUNNING
00:26:49.740 [ INFO] maestro.Maestro.tap-HgV9Ck0: Tapping on element:  UiElement(treeNode=TreeNode(attributes={text=, accessibilityText=A, hintText=, ignoreBoundsFiltering=false, resource-id=letter-A, clickable=true, bounds=[12,291][61,332], enabled=true, focused=false, checked=false, scrollable=false, selected=false, class=android.widget.Button, important-for-accessibility=true, error=}, children=[TreeNode(attributes={text=, accessibilityText=, hintText=, ignoreBoundsFiltering=false, resource-id=, clickable=false, bounds=[16,291][57,332], enabled=true, focused=false, checked=false, scrollable=false, selected=false, class=android.view.ViewGroup, important-for-accessibility=false, error=}, children=[], clickable=false, enabled=true, focused=false, checked=false, selected=false), TreeNode(attributes={text=A, accessibilityText=, hintText=, ignoreBoundsFiltering=false, resource-id=, clickable=false, bounds=[28,297][45,325], enabled=true, focused=false, checked=false, scrollable=false, selected=false, class=android.widget.TextView, important-for-accessibility=true, error=}, children=[], clickable=false, enabled=true, focused=false, checked=false, selected=false)], clickable=true, enabled=true, focused=false, checked=false, selected=false), bounds=Bounds(x=12, y=291, width=49, height=41))
00:26:51.634 [ INFO] maestro.Maestro.tap-HgV9Ck0: Tap aimed via settled hierarchy
00:26:51.635 [ INFO] maestro.Maestro.hierarchyBasedTap-ogj28Uc: Tapping at (36, 311) using hierarchy based logic for wait
00:26:53.007 [ INFO] maestro.Maestro.hierarchyBasedTap-ogj28Uc: Something has changed in the UI judging by view hierarchy. Proceed.
00:26:53.007 [ INFO] maestro.cli.runner.CliConsoleListener.onCommandFinished: Tap on id: letter-A COMPLETED
00:26:53.008 [ INFO] maestro.cli.runner.CliConsoleListener.onCommandStart: Run ../scripts/bot.js RUNNING
00:26:53.079 [ INFO] maestro.cli.runner.CliConsoleListener.onCommandFinished: Run ../scripts/bot.js COMPLETED
00:26:53.079 [ INFO] maestro.cli.runner.CliConsoleListener.onCommandStart: Assert that "İtiraz!.*" is visible RUNNING
00:26:54.141 [ INFO] maestro.cli.runner.CliConsoleListener.onCommandFinished: Assert that "İtiraz!.*" is visible COMPLETED
00:26:54.141 [ INFO] maestro.cli.runner.CliConsoleListener.onCommandStart: Take screenshot 47-harf-objected RUNNING
00:26:54.141 [ INFO] maestro.Maestro.takeScreenshot: Taking screenshot
00:26:54.142 [TRACE] maestro.utils.ScreenshotUtils.takeScreenshot: Taking screenshot to output sink
00:26:54.164 [ INFO] maestro.cli.runner.CliConsoleListener.onCommandFinished: Take screenshot 47-harf-objected COMPLETED
00:26:54.164 [ INFO] maestro.cli.runner.CliConsoleListener.onCommandStart: Run ../scripts/bot.js RUNNING
00:26:54.228 [ INFO] maestro.cli.runner.CliConsoleListener.onCommandFinished: Run ../scripts/bot.js COMPLETED
00:26:54.228 [ INFO] maestro.cli.runner.CliConsoleListener.onCommandStart: Run ../scripts/bot.js RUNNING
00:26:54.254 [ INFO] maestro.cli.runner.CliConsoleListener.onCommandFinished: Run ../scripts/bot.js COMPLETED
00:26:54.255 [ INFO] maestro.cli.runner.CliConsoleListener.onCommandStart: Assert that id: say-round is visible RUNNING
00:26:55.225 [ INFO] maestro.cli.runner.CliConsoleListener.onCommandFinished: Assert that id: say-round is visible COMPLETED
00:26:55.225 [ INFO] maestro.cli.runner.CliConsoleListener.onCommandStart: Assert that "2 hak" is visible RUNNING
00:26:55.322 [ INFO] maestro.cli.runner.CliConsoleListener.onCommandFinished: Assert that "2 hak" is visible COMPLETED
00:26:55.322 [ INFO] maestro.cli.runner.CliConsoleListener.onCommandStart: Run ../scripts/bot.js RUNNING
00:26:55.383 [ INFO] maestro.cli.runner.CliConsoleListener.onCommandFinished: Run ../scripts/bot.js COMPLETED
00:26:55.383 [ INFO] maestro.cli.runner.CliConsoleListener.onCommandStart: Run ../scripts/bot.js RUNNING
00:26:55.409 [ INFO] maestro.cli.runner.CliConsoleListener.onCommandFinished: Run ../scripts/bot.js COMPLETED
00:26:55.409 [ INFO] maestro.cli.runner.CliConsoleListener.onCommandStart: Scrolling DOWN until id: say-object is visible with speed 40, visibility percentage 100%, timeout 15000 ms, with centering disabled RUNNING
00:26:56.418 [ WARN] maestro.orchestra.Orchestra.scrollUntilVisible: Error: maestro.MaestroException$ElementNotFound: Element not found: Id matching regex: say-object
00:26:56.460 [ INFO] maestro.Maestro.swipeFromCenter: Swiping UP from center
00:26:59.681 [ INFO] maestro.orchestra.Orchestra.scrollUntilVisible: Scrolling try count: 0, DeviceWidth: 320, DeviceWidth: 640
00:26:59.681 [ INFO] maestro.orchestra.Orchestra.scrollUntilVisible: Element bounds: Bounds(x=16, y=498, width=288, height=64)
00:26:59.682 [ INFO] maestro.orchestra.Orchestra.scrollUntilVisible: Visibility Percent: 1.0
00:26:59.682 [ INFO] maestro.orchestra.Orchestra.scrollUntilVisible: Command centerElement: ScrollUntilVisibleCommand(selector=ElementSelector(textRegex=null, idRegex=say-object, size=null, below=null, above=null, leftOf=null, rightOf=null, containsChild=null, containsDescendants=null, traits=null, index=null, enabled=null, optional=false, selected=null, checked=null, focused=null, childOf=null, css=null), direction=DOWN, scrollDuration=601, visibilityPercentage=100, timeout=15000, waitToSettleTimeoutMs=null, centerElement=false, originalSpeedValue=40, label=null, optional=false).centerElement
00:26:59.682 [ INFO] maestro.orchestra.Orchestra.scrollUntilVisible: visibilityPercentageNormalized: 1.0
00:26:59.682 [ INFO] maestro.cli.runner.CliConsoleListener.onCommandFinished: Scrolling DOWN until id: say-object is visible with speed 40, visibility percentage 100%, timeout 15000 ms, with centering disabled COMPLETED
00:26:59.682 [ INFO] maestro.cli.runner.CliConsoleListener.onCommandStart: Take screenshot 48-harf-window RUNNING
00:26:59.682 [ INFO] maestro.Maestro.takeScreenshot: Taking screenshot
00:26:59.682 [TRACE] maestro.utils.ScreenshotUtils.takeScreenshot: Taking screenshot to output sink
00:26:59.745 [ INFO] maestro.cli.runner.CliConsoleListener.onCommandFinished: Take screenshot 48-harf-window COMPLETED
00:26:59.745 [ INFO] maestro.cli.runner.CliConsoleListener.onCommandStart: Run ../scripts/bot.js RUNNING
00:26:59.840 [ INFO] maestro.cli.runner.CliConsoleListener.onCommandFinished: Run ../scripts/bot.js COMPLETED
00:26:59.840 [ INFO] maestro.cli.runner.CliConsoleListener.onCommandStart: Assert that id: last-game is visible RUNNING
00:27:00.909 [ INFO] maestro.cli.runner.CliConsoleListener.onCommandFinished: Assert that id: last-game is visible COMPLETED
00:27:00.910 [ INFO] maestro.cli.runner.CliConsoleListener.onCommandStart: Take screenshot 49-harf-result RUNNING
00:27:00.910 [ INFO] maestro.Maestro.takeScreenshot: Taking screenshot
00:27:00.911 [TRACE] maestro.utils.ScreenshotUtils.takeScreenshot: Taking screenshot to output sink
00:27:00.932 [ INFO] maestro.cli.runner.CliConsoleListener.onCommandFinished: Take screenshot 49-harf-result COMPLETED
00:27:00.932 [ INFO] maestro.cli.runner.CliConsoleListener.onCommandStart: Run ../scripts/bot.js RUNNING
00:27:00.995 [ INFO] maestro.cli.runner.CliConsoleListener.onCommandFinished: Run ../scripts/bot.js COMPLETED
00:27:00.995 [ INFO] maestro.cli.runner.CliConsoleListener.onCommandStart: Assert that "Tanışalım mı\?" is visible RUNNING
00:27:01.980 [ INFO] maestro.cli.runner.CliConsoleListener.onCommandFinished: Assert that "Tanışalım mı\?" is visible COMPLETED
00:27:01.980 [ INFO] maestro.cli.runner.CliConsoleListener.onCommandStart: Tap on id: reveal-no RUNNING
00:27:02.040 [ INFO] maestro.Maestro.tap-HgV9Ck0: Tapping on element:  UiElement(treeNode=TreeNode(attributes={text=, accessibilityText=Hayır, hintText=, ignoreBoundsFiltering=false, resource-id=reveal-no, clickable=true, bounds=[37,313][155,361], enabled=true, focused=false, checked=false, scrollable=false, selected=false, class=android.widget.Button, important-for-accessibility=true, error=}, children=[TreeNode(attributes={text=, accessibilityText=, hintText=, ignoreBoundsFiltering=false, resource-id=, clickable=false, bounds=[37,313][155,361], enabled=true, focused=false, checked=false, scrollable=false, selected=false, class=android.view.ViewGroup, important-for-accessibility=false, error=}, children=[], clickable=false, enabled=true, focused=false, checked=false, selected=false), TreeNode(attributes={text=Hayır, accessibilityText=, hintText=, ignoreBoundsFiltering=false, resource-id=, clickable=false, bounds=[76,327][116,347], enabled=true, focused=false, checked=false, scrollable=false, selected=false, class=android.widget.TextView, important-for-accessibility=true, error=}, children=[], clickable=false, enabled=true, focused=false, checked=false, selected=false)], clickable=true, enabled=true, focused=false, checked=false, selected=false), bounds=Bounds(x=37, y=313, width=118, height=48))
00:27:04.212 [ INFO] maestro.Maestro.tap-HgV9Ck0: Tap aimed via settled hierarchy
00:27:04.212 [ INFO] maestro.Maestro.hierarchyBasedTap-ogj28Uc: Tapping at (96, 337) using hierarchy based logic for wait
00:27:05.144 [ INFO] maestro.Maestro.hierarchyBasedTap-ogj28Uc: Something has changed in the UI judging by view hierarchy. Proceed.
00:27:05.144 [ INFO] maestro.cli.runner.CliConsoleListener.onCommandFinished: Tap on id: reveal-no COMPLETED
00:27:05.144 [ INFO] maestro.cli.runner.CliConsoleListener.onCommandStart: Assert that "Güzel oyundu.*" is visible RUNNING
00:27:05.204 [ INFO] maestro.cli.runner.CliConsoleListener.onCommandFinished: Assert that "Güzel oyundu.*" is visible COMPLETED
00:27:05.204 [ INFO] maestro.cli.runner.CliConsoleListener.onCommandStart: Run ../scripts/bot.js RUNNING
00:27:05.275 [ INFO] maestro.cli.runner.CliConsoleListener.onCommandFinished: Run ../scripts/bot.js COMPLETED
00:27:05.275 [ INFO] maestro.cli.runner.CliConsoleListener.onCommandStart: Tap on "Mekana dön" RUNNING
00:27:05.384 [ INFO] maestro.Maestro.tap-HgV9Ck0: Tapping on element:  UiElement(treeNode=TreeNode(attributes={text=Mekana dön, accessibilityText=, hintText=, ignoreBoundsFiltering=false, resource-id=, clickable=false, bounds=[115,229][206,249], enabled=true, focused=false, checked=false, scrollable=false, selected=false, class=android.widget.TextView, important-for-accessibility=true, error=}, children=[], clickable=false, enabled=true, focused=false, checked=false, selected=false), bounds=Bounds(x=115, y=229, width=91, height=20))
00:27:06.556 [ INFO] maestro.Maestro.tap-HgV9Ck0: Tap aimed via settled hierarchy
00:27:06.556 [ INFO] maestro.Maestro.hierarchyBasedTap-ogj28Uc: Tapping at (160, 239) using hierarchy based logic for wait
00:27:07.546 [ INFO] maestro.Maestro.hierarchyBasedTap-ogj28Uc: Something has changed in the UI judging by view hierarchy. Proceed.
00:27:07.547 [ INFO] maestro.cli.runner.CliConsoleListener.onCommandFinished: Tap on "Mekana dön" COMPLETED
00:27:07.547 [ INFO] maestro.cli.runner.CliConsoleListener.onCommandStart: Assert that "Oda kur" is visible RUNNING
00:27:07.714 [ INFO] maestro.cli.runner.CliConsoleListener.onCommandFinished: Assert that "Oda kur" is visible COMPLETED
00:27:07.714 [ INFO] maestro.cli.runner.CliConsoleListener.onCommandFinished: Run flows/10-harf.yaml COMPLETED
00:27:07.714 [ INFO] maestro.cli.runner.CliConsoleListener.onCommandStart: Run flows/11-sarki.yaml RUNNING
00:27:07.714 [ INFO] maestro.cli.runner.CliConsoleListener.onCommandStart: Apply configuration RUNNING
00:27:07.715 [ INFO] maestro.cli.runner.CliConsoleListener.onCommandFinished: Apply configuration COMPLETED
00:27:07.715 [ INFO] maestro.cli.runner.CliConsoleListener.onCommandStart: Run ../scripts/bot.js RUNNING
00:27:08.003 [ INFO] maestro.cli.runner.CliConsoleListener.onCommandFinished: Run ../scripts/bot.js COMPLETED
00:27:08.003 [ INFO] maestro.cli.runner.CliConsoleListener.onCommandStart: Run ../scripts/bot.js RUNNING
00:27:08.113 [ INFO] maestro.cli.runner.CliConsoleListener.onCommandFinished: Run ../scripts/bot.js COMPLETED
00:27:08.113 [ INFO] maestro.cli.runner.CliConsoleListener.onCommandStart: Tap on id: tab-venue RUNNING
00:27:08.227 [ INFO] maestro.Maestro.tap-HgV9Ck0: Tapping on element:  UiElement(treeNode=TreeNode(attributes={text=, accessibilityText=Mekan, hintText=, ignoreBoundsFiltering=false, resource-id=tab-venue, clickable=true, bounds=[133,568][187,632], enabled=true, focused=false, checked=false, scrollable=false, selected=true, class=android.view.View, important-for-accessibility=true, error=}, children=[TreeNode(attributes={text=, accessibilityText=, hintText=, ignoreBoundsFiltering=false, resource-id=, clickable=false, bounds=[140,572][180,612], enabled=true, focused=false, checked=false, scrollable=false, selected=false, class=android.view.ViewGroup, important-for-accessibility=false, error=}, children=[], clickable=false, enabled=true, focused=false, checked=false, selected=false), TreeNode(attributes={text=, accessibilityText=, hintText=, ignoreBoundsFiltering=false, resource-id=, clickable=false, bounds=[150,583][170,601], enabled=true, focused=false, checked=false, scrollable=false, selected=false, class=android.widget.ImageView, important-for-accessibility=false, error=}, children=[], clickable=false, enabled=true, focused=false, checked=false, selected=false), TreeNode(attributes={text=Mekan, accessibilityText=, hintText=, ignoreBoundsFiltering=false, resource-id=, clickable=false, bounds=[141,612][178,628], enabled=true, focused=false, checked=false, scrollable=false, selected=false, class=android.widget.TextView, important-for-accessibility=true, error=}, children=[], clickable=false, enabled=true, focused=false, checked=false, selected=false)], clickable=true, enabled=true, focused=false, checked=false, selected=true), bounds=Bounds(x=133, y=568, width=54, height=64))
00:27:09.509 [ INFO] maestro.Maestro.tap-HgV9Ck0: Tap aimed via settled hierarchy
00:27:09.509 [ INFO] maestro.Maestro.hierarchyBasedTap-ogj28Uc: Tapping at (160, 600) using hierarchy based logic for wait
00:27:09.957 [ INFO] maestro.cli.runner.CliConsoleListener.onCommandFinished: Tap on id: tab-venue COMPLETED
00:27:09.957 [ INFO] maestro.cli.runner.CliConsoleListener.onCommandStart: Assert that "Oda kur" is visible RUNNING
00:27:10.091 [ INFO] maestro.cli.runner.CliConsoleListener.onCommandFinished: Assert that "Oda kur" is visible COMPLETED
00:27:10.091 [ INFO] maestro.cli.runner.CliConsoleListener.onCommandStart: Tap on "Oda kur" RUNNING
00:27:10.219 [ INFO] maestro.Maestro.tap-HgV9Ck0: Tapping on element:  UiElement(treeNode=TreeNode(attributes={text=Oda kur, accessibilityText=, hintText=, ignoreBoundsFiltering=false, resource-id=, clickable=false, bounds=[57,431][117,451], enabled=true, focused=false, checked=false, scrollable=false, selected=false, class=android.widget.TextView, important-for-accessibility=true, error=}, children=[], clickable=false, enabled=true, focused=false, checked=false, selected=false), bounds=Bounds(x=57, y=431, width=60, height=20))
00:27:11.504 [ INFO] maestro.Maestro.tap-HgV9Ck0: Tap aimed via settled hierarchy
00:27:11.504 [ INFO] maestro.Maestro.hierarchyBasedTap-ogj28Uc: Tapping at (87, 441) using hierarchy based logic for wait
00:27:12.756 [ INFO] maestro.Maestro.hierarchyBasedTap-ogj28Uc: Something has changed in the UI judging by view hierarchy. Proceed.
00:27:12.756 [ INFO] maestro.cli.runner.CliConsoleListener.onCommandFinished: Tap on "Oda kur" COMPLETED
00:27:12.756 [ INFO] maestro.cli.runner.CliConsoleListener.onCommandStart: Assert that id: intent-none is visible RUNNING
00:27:12.821 [ INFO] maestro.cli.runner.CliConsoleListener.onCommandFinished: Assert that id: intent-none is visible COMPLETED
00:27:12.821 [ INFO] maestro.cli.runner.CliConsoleListener.onCommandStart: Scrolling DOWN until "Odayı kur" is visible with speed 40, visibility percentage 100%, timeout 10000 ms, with centering disabled RUNNING
00:27:12.929 [ INFO] maestro.orchestra.Orchestra.scrollUntilVisible: Scrolling try count: 0, DeviceWidth: 320, DeviceWidth: 640
00:27:12.929 [ INFO] maestro.orchestra.Orchestra.scrollUntilVisible: Element bounds: Bounds(x=120, y=565, width=81, height=22)
00:27:12.929 [ INFO] maestro.orchestra.Orchestra.scrollUntilVisible: Visibility Percent: 1.0
00:27:12.929 [ INFO] maestro.orchestra.Orchestra.scrollUntilVisible: Command centerElement: ScrollUntilVisibleCommand(selector=ElementSelector(textRegex=Odayı kur, idRegex=null, size=null, below=null, above=null, leftOf=null, rightOf=null, containsChild=null, containsDescendants=null, traits=null, index=null, enabled=null, optional=false, selected=null, checked=null, focused=null, childOf=null, css=null), direction=DOWN, scrollDuration=601, visibilityPercentage=100, timeout=10000, waitToSettleTimeoutMs=null, centerElement=false, originalSpeedValue=40, label=null, optional=false).centerElement
00:27:12.929 [ INFO] maestro.orchestra.Orchestra.scrollUntilVisible: visibilityPercentageNormalized: 1.0
00:27:12.929 [ INFO] maestro.cli.runner.CliConsoleListener.onCommandFinished: Scrolling DOWN until "Odayı kur" is visible with speed 40, visibility percentage 100%, timeout 10000 ms, with centering disabled COMPLETED
00:27:12.929 [ INFO] maestro.cli.runner.CliConsoleListener.onCommandStart: Tap on "Odayı kur" RUNNING
00:27:13.037 [ INFO] maestro.Maestro.tap-HgV9Ck0: Tapping on element:  UiElement(treeNode=TreeNode(attributes={text=Odayı kur, accessibilityText=, hintText=, ignoreBoundsFiltering=false, resource-id=, clickable=false, bounds=[120,565][201,587], enabled=true, focused=false, checked=false, scrollable=false, selected=false, class=android.widget.TextView, important-for-accessibility=true, error=}, children=[], clickable=false, enabled=true, focused=false, checked=false, selected=false), bounds=Bounds(x=120, y=565, width=81, height=22))
00:27:14.312 [ INFO] maestro.Maestro.tap-HgV9Ck0: Tap aimed via settled hierarchy
00:27:14.312 [ INFO] maestro.Maestro.hierarchyBasedTap-ogj28Uc: Tapping at (160, 576) using hierarchy based logic for wait
00:27:15.476 [ INFO] maestro.Maestro.hierarchyBasedTap-ogj28Uc: Something has changed in the UI judging by view hierarchy. Proceed.
00:27:15.476 [ INFO] maestro.cli.runner.CliConsoleListener.onCommandFinished: Tap on "Odayı kur" COMPLETED
00:27:15.476 [ INFO] maestro.cli.runner.CliConsoleListener.onCommandStart: Assert that id: solo-tabu is visible RUNNING
00:27:15.597 [ INFO] maestro.cli.runner.CliConsoleListener.onCommandFinished: Assert that id: solo-tabu is visible COMPLETED
00:27:15.597 [ INFO] maestro.cli.runner.CliConsoleListener.onCommandStart: Run ../scripts/bot.js RUNNING
00:27:31.291 [ INFO] maestro.cli.runner.CliConsoleListener.onCommandFinished: Run ../scripts/bot.js COMPLETED
00:27:31.292 [ INFO] maestro.cli.runner.CliConsoleListener.onCommandStart: Assert that "Katılma isteği" is visible RUNNING
00:27:31.924 [ INFO] maestro.cli.runner.CliConsoleListener.onCommandFinished: Assert that "Katılma isteği" is visible COMPLETED
00:27:31.924 [ INFO] maestro.cli.runner.CliConsoleListener.onCommandStart: Tap on id: join-accept RUNNING
00:27:31.989 [ INFO] maestro.Maestro.tap-HgV9Ck0: Tapping on element:  UiElement(treeNode=TreeNode(attributes={text=, accessibilityText=Kabul, hintText=, ignoreBoundsFiltering=false, resource-id=join-accept, clickable=true, bounds=[165,502][296,550], enabled=true, focused=false, checked=false, scrollable=false, selected=false, class=android.widget.Button, important-for-accessibility=true, error=}, children=[TreeNode(attributes={text=, accessibilityText=, hintText=, ignoreBoundsFiltering=false, resource-id=, clickable=false, bounds=[165,502][296,550], enabled=true, focused=false, checked=false, scrollable=false, selected=false, class=android.view.ViewGroup, important-for-accessibility=false, error=}, children=[], clickable=false, enabled=true, focused=false, checked=false, selected=false), TreeNode(attributes={text=Kabul, accessibilityText=, hintText=, ignoreBoundsFiltering=false, resource-id=, clickable=false, bounds=[209,516][253,536], enabled=true, focused=false, checked=false, scrollable=false, selected=false, class=android.widget.TextView, important-for-accessibility=true, error=}, children=[], clickable=false, enabled=true, focused=false, checked=false, selected=false)], clickable=true, enabled=true, focused=false, checked=false, selected=false), bounds=Bounds(x=165, y=502, width=131, height=48))
00:27:32.912 [ INFO] maestro.Maestro.tap-HgV9Ck0: Tap aimed via settled hierarchy
00:27:32.912 [ INFO] maestro.Maestro.hierarchyBasedTap-ogj28Uc: Tapping at (230, 526) using hierarchy based logic for wait
00:27:33.932 [ INFO] maestro.Maestro.hierarchyBasedTap-ogj28Uc: Something has changed in the UI judging by view hierarchy. Proceed.
00:27:33.933 [ INFO] maestro.cli.runner.CliConsoleListener.onCommandFinished: Tap on id: join-accept COMPLETED
00:27:33.933 [ INFO] maestro.cli.runner.CliConsoleListener.onCommandStart: Assert that id: propose-sarki is visible RUNNING
00:27:34.049 [ INFO] maestro.cli.runner.CliConsoleListener.onCommandFinished: Assert that id: propose-sarki is visible COMPLETED
00:27:34.049 [ INFO] maestro.cli.runner.CliConsoleListener.onCommandStart: Tap on id: propose-sarki RUNNING
00:27:34.161 [ INFO] maestro.Maestro.tap-HgV9Ck0: Tapping on element:  UiElement(treeNode=TreeNode(attributes={text=, accessibilityText=Şarkıda Geçsin öner, hintText=, ignoreBoundsFiltering=false, resource-id=propose-sarki, clickable=true, bounds=[121,331][199,441], enabled=true, focused=false, checked=false, scrollable=false, selected=false, class=android.widget.Button, important-for-accessibility=true, error=}, children=[TreeNode(attributes={text=, accessibilityText=, hintText=, ignoreBoundsFiltering=false, resource-id=, clickable=false, bounds=[121,331][199,441], enabled=true, focused=false, checked=false, scrollable=false, selected=false, class=android.view.ViewGroup, important-for-accessibility=false, error=}, children=[], clickable=false, enabled=true, focused=false, checked=false, selected=false), TreeNode(attributes={text=, accessibilityText=, hintText=, ignoreBoundsFiltering=false, resource-id=, clickable=false, bounds=[135,345][159,369], enabled=true, focused=false, checked=false, scrollable=false, selected=false, class=android.widget.ImageView, important-for-accessibility=false, error=}, children=[], clickable=false, enabled=true, focused=false, checked=false, selected=false), TreeNode(attributes={text=Şarkıda Geçsin, accessibilityText=, hintText=, ignoreBoundsFiltering=false, resource-id=, clickable=false, bounds=[135,379][185,427], enabled=true, focused=false, checked=false, scrollable=false, selected=false, class=android.widget.TextView, important-for-accessibility=true, error=}, children=[], clickable=false, enabled=true, focused=false, checked=false, selected=false)], clickable=true, enabled=true, focused=false, checked=false, selected=false), bounds=Bounds(x=121, y=331, width=78, height=110))
00:27:35.396 [ INFO] maestro.Maestro.tap-HgV9Ck0: Tap aimed via settled hierarchy
00:27:35.397 [ INFO] maestro.Maestro.hierarchyBasedTap-ogj28Uc: Tapping at (160, 386) using hierarchy based logic for wait
00:27:36.324 [ INFO] maestro.Maestro.hierarchyBasedTap-ogj28Uc: Something has changed in the UI judging by view hierarchy. Proceed.
00:27:36.324 [ INFO] maestro.cli.runner.CliConsoleListener.onCommandFinished: Tap on id: propose-sarki COMPLETED
00:27:36.324 [ INFO] maestro.cli.runner.CliConsoleListener.onCommandStart: Run ../scripts/bot.js RUNNING
00:27:36.391 [ INFO] maestro.cli.runner.CliConsoleListener.onCommandFinished: Run ../scripts/bot.js COMPLETED
00:27:36.392 [ INFO] maestro.cli.runner.CliConsoleListener.onCommandStart: Assert that id: turn-start is visible RUNNING
00:27:37.241 [ INFO] maestro.cli.runner.CliConsoleListener.onCommandFinished: Assert that id: turn-start is visible COMPLETED
00:27:37.241 [ INFO] maestro.cli.runner.CliConsoleListener.onCommandStart: Tap on id: turn-start RUNNING
00:27:37.308 [ INFO] maestro.Maestro.tap-HgV9Ck0: Tapping on element:  UiElement(treeNode=TreeNode(attributes={text=, accessibilityText=Turu başlat, hintText=, ignoreBoundsFiltering=false, resource-id=turn-start, clickable=true, bounds=[62,80][258,266], enabled=true, focused=false, checked=false, scrollable=false, selected=false, class=android.widget.Button, important-for-accessibility=true, error=}, children=[TreeNode(attributes={text=, accessibilityText=, hintText=, ignoreBoundsFiltering=false, resource-id=, clickable=false, bounds=[62,80][258,266], enabled=true, focused=false, checked=false, scrollable=false, selected=false, class=android.view.ViewGroup, important-for-accessibility=false, error=}, children=[TreeNode(attributes={text=Başla, accessibilityText=, hintText=, ignoreBoundsFiltering=false, resource-id=, clickable=false, bounds=[89,139][231,197], enabled=true, focused=false, checked=false, scrollable=false, selected=false, class=android.widget.TextView, important-for-accessibility=true, error=}, children=[], clickable=false, enabled=true, focused=false, checked=false, selected=false)], clickable=false, enabled=true, focused=false, checked=false, selected=false)], clickable=true, enabled=true, focused=false, checked=false, selected=false), bounds=Bounds(x=62, y=80, width=196, height=186))
00:27:38.536 [ INFO] maestro.Maestro.tap-HgV9Ck0: Tap aimed via settled hierarchy
00:27:38.536 [ INFO] maestro.Maestro.hierarchyBasedTap-ogj28Uc: Tapping at (160, 173) using hierarchy based logic for wait
00:27:39.848 [ INFO] maestro.Maestro.hierarchyBasedTap-ogj28Uc: Something has changed in the UI judging by view hierarchy. Proceed.
00:27:39.848 [ INFO] maestro.cli.runner.CliConsoleListener.onCommandFinished: Tap on id: turn-start COMPLETED
00:27:39.848 [ INFO] maestro.cli.runner.CliConsoleListener.onCommandStart: Assert that id: say-said is visible RUNNING
00:27:39.920 [ INFO] maestro.cli.runner.CliConsoleListener.onCommandFinished: Assert that id: say-said is visible COMPLETED
00:27:39.920 [ INFO] maestro.cli.runner.CliConsoleListener.onCommandStart: Take screenshot 50-sarki-said RUNNING
00:27:39.921 [ INFO] maestro.Maestro.takeScreenshot: Taking screenshot
00:27:39.921 [TRACE] maestro.utils.ScreenshotUtils.takeScreenshot: Taking screenshot to output sink
00:27:39.944 [ INFO] maestro.cli.runner.CliConsoleListener.onCommandFinished: Take screenshot 50-sarki-said COMPLETED
00:27:39.944 [ INFO] maestro.cli.runner.CliConsoleListener.onCommandStart: Tap on id: say-said RUNNING
00:27:40.012 [ INFO] maestro.Maestro.tap-HgV9Ck0: Tapping on element:  UiElement(treeNode=TreeNode(attributes={text=, accessibilityText=Söyledik, hintText=, ignoreBoundsFiltering=false, resource-id=say-said, clickable=true, bounds=[16,411][304,475], enabled=true, focused=false, checked=false, scrollable=false, selected=false, class=android.widget.Button, important-for-accessibility=true, error=}, children=[TreeNode(attributes={text=, accessibilityText=, hintText=, ignoreBoundsFiltering=false, resource-id=, clickable=false, bounds=[16,411][304,475], enabled=true, focused=false, checked=false, scrollable=false, selected=false, class=android.view.ViewGroup, important-for-accessibility=false, error=}, children=[], clickable=false, enabled=true, focused=false, checked=false, selected=false), TreeNode(attributes={text=Söyledik, accessibilityText=, hintText=, ignoreBoundsFiltering=false, resource-id=, clickable=false, bounds=[124,432][196,454], enabled=true, focused=false, checked=false, scrollable=false, selected=false, class=android.widget.TextView, important-for-accessibility=true, error=}, children=[], clickable=false, enabled=true, focused=false, checked=false, selected=false)], clickable=true, enabled=true, focused=false, checked=false, selected=false), bounds=Bounds(x=16, y=411, width=288, height=64))
00:27:43.144 [ INFO] maestro.Maestro.tap-HgV9Ck0: Tap aimed via settled hierarchy
00:27:43.144 [ INFO] maestro.Maestro.hierarchyBasedTap-ogj28Uc: Tapping at (160, 443) using hierarchy based logic for wait
00:27:44.400 [ INFO] maestro.Maestro.hierarchyBasedTap-ogj28Uc: Something has changed in the UI judging by view hierarchy. Proceed.
00:27:44.400 [ INFO] maestro.cli.runner.CliConsoleListener.onCommandFinished: Tap on id: say-said COMPLETED
00:27:44.400 [ INFO] maestro.cli.runner.CliConsoleListener.onCommandStart: Run ../scripts/bot.js RUNNING
00:27:44.465 [ INFO] maestro.cli.runner.CliConsoleListener.onCommandFinished: Run ../scripts/bot.js COMPLETED
00:27:44.465 [ INFO] maestro.cli.runner.CliConsoleListener.onCommandStart: Run ../scripts/bot.js RUNNING
00:27:44.489 [ INFO] maestro.cli.runner.CliConsoleListener.onCommandFinished: Run ../scripts/bot.js COMPLETED
00:27:44.489 [ INFO] maestro.cli.runner.CliConsoleListener.onCommandStart: Assert that id: say-object is visible RUNNING
00:27:44.782 [ INFO] maestro.cli.runner.CliConsoleListener.onCommandFinished: Assert that id: say-object is visible COMPLETED
00:27:44.782 [ INFO] maestro.cli.runner.CliConsoleListener.onCommandStart: Tap on id: say-object RUNNING
00:27:45.477 [ INFO] maestro.Maestro.tap-HgV9Ck0: Tapping on element:  UiElement(treeNode=TreeNode(attributes={text=, accessibilityText=İtiraz, 3 itiraz hakkı kaldı, hintText=, ignoreBoundsFiltering=false, resource-id=say-object, clickable=true, bounds=[16,615][304,640], enabled=true, focused=false, checked=false, scrollable=false, selected=false, class=android.widget.Button, important-for-accessibility=true, error=}, children=[TreeNode(attributes={text=, accessibilityText=, hintText=, ignoreBoundsFiltering=false, resource-id=, clickable=false, bounds=[16,615][304,640], enabled=true, focused=false, checked=false, scrollable=false, selected=false, class=android.view.ViewGroup, important-for-accessibility=false, error=}, children=[], clickable=false, enabled=true, focused=false, checked=false, selected=false), TreeNode(attributes={text=İtiraz, accessibilityText=, hintText=, ignoreBoundsFiltering=false, resource-id=, clickable=false, bounds=[117,636][160,640], enabled=true, focused=false, checked=false, scrollable=false, selected=false, class=android.widget.TextView, important-for-accessibility=true, error=}, children=[], clickable=false, enabled=true, focused=false, checked=false, selected=false), TreeNode(attributes={text=3 hak, accessibilityText=, hintText=, ignoreBoundsFiltering=false, resource-id=, clickable=false, bounds=[164,638][204,640], enabled=true, focused=false, checked=false, scrollable=false, selected=false, class=android.widget.TextView, important-for-accessibility=true, error=}, children=[], clickable=false, enabled=true, focused=false, checked=false, selected=false)], clickable=true, enabled=true, focused=false, checked=false, selected=false), bounds=Bounds(x=16, y=615, width=288, height=25))
00:27:47.711 [ INFO] maestro.Maestro.tap-HgV9Ck0: Tap aimed via settled hierarchy
00:27:47.711 [ INFO] maestro.Maestro.hierarchyBasedTap-ogj28Uc: Tapping at (160, 627) using hierarchy based logic for wait
00:27:49.012 [ INFO] maestro.Maestro.hierarchyBasedTap-ogj28Uc: Something has changed in the UI judging by view hierarchy. Proceed.
00:27:49.012 [ INFO] maestro.cli.runner.CliConsoleListener.onCommandFinished: Tap on id: say-object COMPLETED
00:27:49.012 [ INFO] maestro.cli.runner.CliConsoleListener.onCommandStart: Assert that "siz · 2 hak" is visible RUNNING
00:27:51.970 [ INFO] maestro.cli.runner.CliConsoleListener.onCommandFinished: Assert that "siz · 2 hak" is visible COMPLETED
00:27:51.970 [ INFO] maestro.cli.runner.CliConsoleListener.onCommandStart: Take screenshot 51-sarki-objected RUNNING
00:27:51.970 [ INFO] maestro.Maestro.takeScreenshot: Taking screenshot
00:27:51.970 [TRACE] maestro.utils.ScreenshotUtils.takeScreenshot: Taking screenshot to output sink
00:27:51.993 [ INFO] maestro.cli.runner.CliConsoleListener.onCommandFinished: Take screenshot 51-sarki-objected COMPLETED
00:27:51.993 [ INFO] maestro.cli.runner.CliConsoleListener.onCommandStart: Run ../scripts/bot.js RUNNING
00:27:52.086 [ INFO] maestro.cli.runner.CliConsoleListener.onCommandFinished: Run ../scripts/bot.js COMPLETED
00:27:52.086 [ INFO] maestro.cli.runner.CliConsoleListener.onCommandStart: Take screenshot 52-sarki-short RUNNING
00:27:52.087 [ INFO] maestro.Maestro.takeScreenshot: Taking screenshot
00:27:52.087 [TRACE] maestro.utils.ScreenshotUtils.takeScreenshot: Taking screenshot to output sink
00:27:52.110 [ INFO] maestro.cli.runner.CliConsoleListener.onCommandFinished: Take screenshot 52-sarki-short COMPLETED
00:27:52.110 [ INFO] maestro.cli.runner.CliConsoleListener.onCommandStart: Assert that id: last-game is visible RUNNING
00:28:03.610 [ INFO] maestro.cli.runner.CliConsoleListener.onCommandFinished: Assert that id: last-game is visible COMPLETED
00:28:03.610 [ INFO] maestro.cli.runner.CliConsoleListener.onCommandStart: Take screenshot 53-sarki-result RUNNING
00:28:03.611 [ INFO] maestro.Maestro.takeScreenshot: Taking screenshot
00:28:03.611 [TRACE] maestro.utils.ScreenshotUtils.takeScreenshot: Taking screenshot to output sink
00:28:03.633 [ INFO] maestro.cli.runner.CliConsoleListener.onCommandFinished: Take screenshot 53-sarki-result COMPLETED
00:28:03.633 [ INFO] maestro.cli.runner.CliConsoleListener.onCommandStart: Run ../scripts/bot.js RUNNING
00:28:03.687 [ INFO] maestro.cli.runner.CliConsoleListener.onCommandFinished: Run ../scripts/bot.js COMPLETED
00:28:03.687 [ INFO] maestro.cli.runner.CliConsoleListener.onCommandStart: Assert that "Tanışalım mı\?" is visible RUNNING
00:28:04.924 [ INFO] maestro.cli.runner.CliConsoleListener.onCommandFinished: Assert that "Tanışalım mı\?" is visible COMPLETED
00:28:04.924 [ INFO] maestro.cli.runner.CliConsoleListener.onCommandStart: Tap on id: reveal-no RUNNING
00:28:04.985 [ INFO] maestro.Maestro.tap-HgV9Ck0: Tapping on element:  UiElement(treeNode=TreeNode(attributes={text=, accessibilityText=Hayır, hintText=, ignoreBoundsFiltering=false, resource-id=reveal-no, clickable=true, bounds=[37,313][155,361], enabled=true, focused=false, checked=false, scrollable=false, selected=false, class=android.widget.Button, important-for-accessibility=true, error=}, children=[TreeNode(attributes={text=, accessibilityText=, hintText=, ignoreBoundsFiltering=false, resource-id=, clickable=false, bounds=[37,313][155,361], enabled=true, focused=false, checked=false, scrollable=false, selected=false, class=android.view.ViewGroup, important-for-accessibility=false, error=}, children=[], clickable=false, enabled=true, focused=false, checked=false, selected=false), TreeNode(attributes={text=Hayır, accessibilityText=, hintText=, ignoreBoundsFiltering=false, resource-id=, clickable=false, bounds=[76,327][116,347], enabled=true, focused=false, checked=false, scrollable=false, selected=false, class=android.widget.TextView, important-for-accessibility=true, error=}, children=[], clickable=false, enabled=true, focused=false, checked=false, selected=false)], clickable=true, enabled=true, focused=false, checked=false, selected=false), bounds=Bounds(x=37, y=313, width=118, height=48))
00:28:05.968 [ INFO] maestro.Maestro.tap-HgV9Ck0: Tap aimed via settled hierarchy
00:28:05.968 [ INFO] maestro.Maestro.hierarchyBasedTap-ogj28Uc: Tapping at (96, 337) using hierarchy based logic for wait
00:28:06.844 [ INFO] maestro.Maestro.hierarchyBasedTap-ogj28Uc: Something has changed in the UI judging by view hierarchy. Proceed.
00:28:06.844 [ INFO] maestro.cli.runner.CliConsoleListener.onCommandFinished: Tap on id: reveal-no COMPLETED
00:28:06.844 [ INFO] maestro.cli.runner.CliConsoleListener.onCommandStart: Assert that "Güzel oyundu.*" is visible RUNNING
00:28:06.944 [ INFO] maestro.cli.runner.CliConsoleListener.onCommandFinished: Assert that "Güzel oyundu.*" is visible COMPLETED
00:28:06.944 [ INFO] maestro.cli.runner.CliConsoleListener.onCommandStart: Run ../scripts/bot.js RUNNING
00:28:07.002 [ INFO] maestro.cli.runner.CliConsoleListener.onCommandFinished: Run ../scripts/bot.js COMPLETED
00:28:07.002 [ INFO] maestro.cli.runner.CliConsoleListener.onCommandStart: Tap on "Mekana dön" RUNNING
00:28:07.064 [ INFO] maestro.Maestro.tap-HgV9Ck0: Tapping on element:  UiElement(treeNode=TreeNode(attributes={text=Mekana dön, accessibilityText=, hintText=, ignoreBoundsFiltering=false, resource-id=, clickable=false, bounds=[115,229][206,249], enabled=true, focused=false, checked=false, scrollable=false, selected=false, class=android.widget.TextView, important-for-accessibility=true, error=}, children=[], clickable=false, enabled=true, focused=false, checked=false, selected=false), bounds=Bounds(x=115, y=229, width=91, height=20))
00:28:08.276 [ INFO] maestro.Maestro.tap-HgV9Ck0: Tap aimed via settled hierarchy
00:28:08.276 [ INFO] maestro.Maestro.hierarchyBasedTap-ogj28Uc: Tapping at (160, 239) using hierarchy based logic for wait
00:28:09.277 [ INFO] maestro.Maestro.hierarchyBasedTap-ogj28Uc: Something has changed in the UI judging by view hierarchy. Proceed.
00:28:09.277 [ INFO] maestro.cli.runner.CliConsoleListener.onCommandFinished: Tap on "Mekana dön" COMPLETED
00:28:09.277 [ INFO] maestro.cli.runner.CliConsoleListener.onCommandStart: Assert that "Oda kur" is visible RUNNING
00:28:09.408 [ INFO] maestro.cli.runner.CliConsoleListener.onCommandFinished: Assert that "Oda kur" is visible COMPLETED
00:28:09.409 [ INFO] maestro.cli.runner.CliConsoleListener.onCommandFinished: Run flows/11-sarki.yaml COMPLETED
00:28:09.409 [ INFO] maestro.cli.runner.CliConsoleListener.onCommandStart: Run flows/12-ibre.yaml RUNNING
00:28:09.409 [ INFO] maestro.cli.runner.CliConsoleListener.onCommandStart: Apply configuration RUNNING
00:28:09.409 [ INFO] maestro.cli.runner.CliConsoleListener.onCommandFinished: Apply configuration COMPLETED
00:28:09.409 [ INFO] maestro.cli.runner.CliConsoleListener.onCommandStart: Run ../scripts/bot.js RUNNING
00:28:09.470 [ INFO] maestro.cli.runner.CliConsoleListener.onCommandFinished: Run ../scripts/bot.js COMPLETED
00:28:09.470 [ INFO] maestro.cli.runner.CliConsoleListener.onCommandStart: Run ../scripts/bot.js RUNNING
00:28:09.553 [ INFO] maestro.cli.runner.CliConsoleListener.onCommandFinished: Run ../scripts/bot.js COMPLETED
00:28:09.553 [ INFO] maestro.cli.runner.CliConsoleListener.onCommandStart: Tap on id: tab-venue RUNNING
00:28:09.654 [ INFO] maestro.Maestro.tap-HgV9Ck0: Tapping on element:  UiElement(treeNode=TreeNode(attributes={text=, accessibilityText=Mekan, hintText=, ignoreBoundsFiltering=false, resource-id=tab-venue, clickable=true, bounds=[133,568][187,632], enabled=true, focused=false, checked=false, scrollable=false, selected=true, class=android.view.View, important-for-accessibility=true, error=}, children=[TreeNode(attributes={text=, accessibilityText=, hintText=, ignoreBoundsFiltering=false, resource-id=, clickable=false, bounds=[140,572][180,612], enabled=true, focused=false, checked=false, scrollable=false, selected=false, class=android.view.ViewGroup, important-for-accessibility=false, error=}, children=[], clickable=false, enabled=true, focused=false, checked=false, selected=false), TreeNode(attributes={text=, accessibilityText=, hintText=, ignoreBoundsFiltering=false, resource-id=, clickable=false, bounds=[150,583][170,601], enabled=true, focused=false, checked=false, scrollable=false, selected=false, class=android.widget.ImageView, important-for-accessibility=false, error=}, children=[], clickable=false, enabled=true, focused=false, checked=false, selected=false), TreeNode(attributes={text=Mekan, accessibilityText=, hintText=, ignoreBoundsFiltering=false, resource-id=, clickable=false, bounds=[141,612][178,628], enabled=true, focused=false, checked=false, scrollable=false, selected=false, class=android.widget.TextView, important-for-accessibility=true, error=}, children=[], clickable=false, enabled=true, focused=false, checked=false, selected=false)], clickable=true, enabled=true, focused=false, checked=false, selected=true), bounds=Bounds(x=133, y=568, width=54, height=64))
00:28:11.589 [ INFO] maestro.Maestro.tap-HgV9Ck0: Tap aimed via settled hierarchy
00:28:11.589 [ INFO] maestro.Maestro.hierarchyBasedTap-ogj28Uc: Tapping at (160, 600) using hierarchy based logic for wait
00:28:12.013 [ INFO] maestro.cli.runner.CliConsoleListener.onCommandFinished: Tap on id: tab-venue COMPLETED
00:28:12.013 [ INFO] maestro.cli.runner.CliConsoleListener.onCommandStart: Assert that "Oda kur" is visible RUNNING
00:28:12.144 [ INFO] maestro.cli.runner.CliConsoleListener.onCommandFinished: Assert that "Oda kur" is visible COMPLETED
00:28:12.144 [ INFO] maestro.cli.runner.CliConsoleListener.onCommandStart: Tap on "Oda kur" RUNNING
00:28:12.274 [ INFO] maestro.Maestro.tap-HgV9Ck0: Tapping on element:  UiElement(treeNode=TreeNode(attributes={text=Oda kur, accessibilityText=, hintText=, ignoreBoundsFiltering=false, resource-id=, clickable=false, bounds=[57,431][117,451], enabled=true, focused=false, checked=false, scrollable=false, selected=false, class=android.widget.TextView, important-for-accessibility=true, error=}, children=[], clickable=false, enabled=true, focused=false, checked=false, selected=false), bounds=Bounds(x=57, y=431, width=60, height=20))
00:28:13.478 [ INFO] maestro.Maestro.tap-HgV9Ck0: Tap aimed via settled hierarchy
00:28:13.478 [ INFO] maestro.Maestro.hierarchyBasedTap-ogj28Uc: Tapping at (87, 441) using hierarchy based logic for wait
00:28:14.724 [ INFO] maestro.Maestro.hierarchyBasedTap-ogj28Uc: Something has changed in the UI judging by view hierarchy. Proceed.
00:28:14.724 [ INFO] maestro.cli.runner.CliConsoleListener.onCommandFinished: Tap on "Oda kur" COMPLETED
00:28:14.724 [ INFO] maestro.cli.runner.CliConsoleListener.onCommandStart: Assert that id: intent-none is visible RUNNING
00:28:14.789 [ INFO] maestro.cli.runner.CliConsoleListener.onCommandFinished: Assert that id: intent-none is visible COMPLETED
00:28:14.789 [ INFO] maestro.cli.runner.CliConsoleListener.onCommandStart: Scrolling DOWN until "Odayı kur" is visible with speed 40, visibility percentage 100%, timeout 10000 ms, with centering disabled RUNNING
00:28:14.898 [ INFO] maestro.orchestra.Orchestra.scrollUntilVisible: Scrolling try count: 0, DeviceWidth: 320, DeviceWidth: 640
00:28:14.898 [ INFO] maestro.orchestra.Orchestra.scrollUntilVisible: Element bounds: Bounds(x=120, y=565, width=81, height=22)
00:28:14.898 [ INFO] maestro.orchestra.Orchestra.scrollUntilVisible: Visibility Percent: 1.0
00:28:14.898 [ INFO] maestro.orchestra.Orchestra.scrollUntilVisible: Command centerElement: ScrollUntilVisibleCommand(selector=ElementSelector(textRegex=Odayı kur, idRegex=null, size=null, below=null, above=null, leftOf=null, rightOf=null, containsChild=null, containsDescendants=null, traits=null, index=null, enabled=null, optional=false, selected=null, checked=null, focused=null, childOf=null, css=null), direction=DOWN, scrollDuration=601, visibilityPercentage=100, timeout=10000, waitToSettleTimeoutMs=null, centerElement=false, originalSpeedValue=40, label=null, optional=false).centerElement
00:28:14.898 [ INFO] maestro.orchestra.Orchestra.scrollUntilVisible: visibilityPercentageNormalized: 1.0
00:28:14.898 [ INFO] maestro.cli.runner.CliConsoleListener.onCommandFinished: Scrolling DOWN until "Odayı kur" is visible with speed 40, visibility percentage 100%, timeout 10000 ms, with centering disabled COMPLETED
00:28:14.898 [ INFO] maestro.cli.runner.CliConsoleListener.onCommandStart: Tap on "Odayı kur" RUNNING
00:28:15.001 [ INFO] maestro.Maestro.tap-HgV9Ck0: Tapping on element:  UiElement(treeNode=TreeNode(attributes={text=Odayı kur, accessibilityText=, hintText=, ignoreBoundsFiltering=false, resource-id=, clickable=false, bounds=[120,565][201,587], enabled=true, focused=false, checked=false, scrollable=false, selected=false, class=android.widget.TextView, important-for-accessibility=true, error=}, children=[], clickable=false, enabled=true, focused=false, checked=false, selected=false), bounds=Bounds(x=120, y=565, width=81, height=22))
00:28:16.236 [ INFO] maestro.Maestro.tap-HgV9Ck0: Tap aimed via settled hierarchy
00:28:16.237 [ INFO] maestro.Maestro.hierarchyBasedTap-ogj28Uc: Tapping at (160, 576) using hierarchy based logic for wait
00:28:17.372 [ INFO] maestro.Maestro.hierarchyBasedTap-ogj28Uc: Something has changed in the UI judging by view hierarchy. Proceed.
00:28:17.372 [ INFO] maestro.cli.runner.CliConsoleListener.onCommandFinished: Tap on "Odayı kur" COMPLETED
00:28:17.372 [ INFO] maestro.cli.runner.CliConsoleListener.onCommandStart: Assert that id: solo-tabu is visible RUNNING
00:28:17.493 [ INFO] maestro.cli.runner.CliConsoleListener.onCommandFinished: Assert that id: solo-tabu is visible COMPLETED
00:28:17.493 [ INFO] maestro.cli.runner.CliConsoleListener.onCommandStart: Run ../scripts/bot.js RUNNING
00:28:34.203 [ INFO] maestro.cli.runner.CliConsoleListener.onCommandFinished: Run ../scripts/bot.js COMPLETED
00:28:34.203 [ INFO] maestro.cli.runner.CliConsoleListener.onCommandStart: Assert that "Katılma isteği" is visible RUNNING
00:28:34.868 [ INFO] maestro.cli.runner.CliConsoleListener.onCommandFinished: Assert that "Katılma isteği" is visible COMPLETED
00:28:34.868 [ INFO] maestro.cli.runner.CliConsoleListener.onCommandStart: Tap on id: join-accept RUNNING
00:28:34.928 [ INFO] maestro.Maestro.tap-HgV9Ck0: Tapping on element:  UiElement(treeNode=TreeNode(attributes={text=, accessibilityText=Kabul, hintText=, ignoreBoundsFiltering=false, resource-id=join-accept, clickable=true, bounds=[165,502][296,550], enabled=true, focused=false, checked=false, scrollable=false, selected=false, class=android.widget.Button, important-for-accessibility=true, error=}, children=[TreeNode(attributes={text=, accessibilityText=, hintText=, ignoreBoundsFiltering=false, resource-id=, clickable=false, bounds=[165,502][296,550], enabled=true, focused=false, checked=false, scrollable=false, selected=false, class=android.view.ViewGroup, important-for-accessibility=false, error=}, children=[], clickable=false, enabled=true, focused=false, checked=false, selected=false), TreeNode(attributes={text=Kabul, accessibilityText=, hintText=, ignoreBoundsFiltering=false, resource-id=, clickable=false, bounds=[209,516][253,536], enabled=true, focused=false, checked=false, scrollable=false, selected=false, class=android.widget.TextView, important-for-accessibility=true, error=}, children=[], clickable=false, enabled=true, focused=false, checked=false, selected=false)], clickable=true, enabled=true, focused=false, checked=false, selected=false), bounds=Bounds(x=165, y=502, width=131, height=48))
00:28:35.832 [ INFO] maestro.Maestro.tap-HgV9Ck0: Tap aimed via settled hierarchy
00:28:35.832 [ INFO] maestro.Maestro.hierarchyBasedTap-ogj28Uc: Tapping at (230, 526) using hierarchy based logic for wait
00:28:36.832 [ INFO] maestro.Maestro.hierarchyBasedTap-ogj28Uc: Something has changed in the UI judging by view hierarchy. Proceed.
00:28:36.832 [ INFO] maestro.cli.runner.CliConsoleListener.onCommandFinished: Tap on id: join-accept COMPLETED
00:28:36.833 [ INFO] maestro.cli.runner.CliConsoleListener.onCommandStart: Scrolling DOWN until id: propose-ibre is visible with speed 40, visibility percentage 100%, timeout 15000 ms, with centering disabled RUNNING
00:28:36.949 [ INFO] maestro.orchestra.Orchestra.scrollUntilVisible: Scrolling try count: 0, DeviceWidth: 320, DeviceWidth: 640
00:28:36.949 [ INFO] maestro.orchestra.Orchestra.scrollUntilVisible: Element bounds: Bounds(x=209, y=331, width=77, height=110)
00:28:36.949 [ INFO] maestro.orchestra.Orchestra.scrollUntilVisible: Visibility Percent: 1.0
00:28:36.949 [ INFO] maestro.orchestra.Orchestra.scrollUntilVisible: Command centerElement: ScrollUntilVisibleCommand(selector=ElementSelector(textRegex=null, idRegex=propose-ibre, size=null, below=null, above=null, leftOf=null, rightOf=null, containsChild=null, containsDescendants=null, traits=null, index=null, enabled=null, optional=false, selected=null, checked=null, focused=null, childOf=null, css=null), direction=DOWN, scrollDuration=601, visibilityPercentage=100, timeout=15000, waitToSettleTimeoutMs=null, centerElement=false, originalSpeedValue=40, label=null, optional=false).centerElement
00:28:36.949 [ INFO] maestro.orchestra.Orchestra.scrollUntilVisible: visibilityPercentageNormalized: 1.0
00:28:36.949 [ INFO] maestro.cli.runner.CliConsoleListener.onCommandFinished: Scrolling DOWN until id: propose-ibre is visible with speed 40, visibility percentage 100%, timeout 15000 ms, with centering disabled COMPLETED
00:28:36.949 [ INFO] maestro.cli.runner.CliConsoleListener.onCommandStart: Tap on id: propose-ibre RUNNING
00:28:37.062 [ INFO] maestro.Maestro.tap-HgV9Ck0: Tapping on element:  UiElement(treeNode=TreeNode(attributes={text=, accessibilityText=İbre öner, hintText=, ignoreBoundsFiltering=false, resource-id=propose-ibre, clickable=true, bounds=[209,331][286,441], enabled=true, focused=false, checked=false, scrollable=false, selected=false, class=android.widget.Button, important-for-accessibility=true, error=}, children=[TreeNode(attributes={text=, accessibilityText=, hintText=, ignoreBoundsFiltering=false, resource-id=, clickable=false, bounds=[209,331][286,419], enabled=true, focused=false, checked=false, scrollable=false, selected=false, class=android.view.ViewGroup, important-for-accessibility=false, error=}, children=[], clickable=false, enabled=true, focused=false, checked=false, selected=false), TreeNode(attributes={text=, accessibilityText=, hintText=, ignoreBoundsFiltering=false, resource-id=, clickable=false, bounds=[223,345][247,369], enabled=true, focused=false, checked=false, scrollable=false, selected=false, class=android.widget.ImageView, important-for-accessibility=false, error=}, children=[], clickable=false, enabled=true, focused=false, checked=false, selected=false), TreeNode(attributes={text=İbre, accessibilityText=, hintText=, ignoreBoundsFiltering=false, resource-id=, clickable=false, bounds=[223,379][273,403], enabled=true, focused=false, checked=false, scrollable=false, selected=false, class=android.widget.TextView, important-for-accessibility=true, error=}, children=[], clickable=false, enabled=true, focused=false, checked=false, selected=false)], clickable=true, enabled=true, focused=false, checked=false, selected=false), bounds=Bounds(x=209, y=331, width=77, height=110))
00:28:38.333 [ INFO] maestro.Maestro.tap-HgV9Ck0: Tap aimed via settled hierarchy
00:28:38.333 [ INFO] maestro.Maestro.hierarchyBasedTap-ogj28Uc: Tapping at (247, 386) using hierarchy based logic for wait
00:28:40.048 [ INFO] maestro.Maestro.hierarchyBasedTap-ogj28Uc: Something has changed in the UI judging by view hierarchy. Proceed.
00:28:40.048 [ INFO] maestro.cli.runner.CliConsoleListener.onCommandFinished: Tap on id: propose-ibre COMPLETED
00:28:40.048 [ INFO] maestro.cli.runner.CliConsoleListener.onCommandStart: Run ../scripts/bot.js RUNNING
00:28:40.118 [ INFO] maestro.cli.runner.CliConsoleListener.onCommandFinished: Run ../scripts/bot.js COMPLETED
00:28:40.118 [ INFO] maestro.cli.runner.CliConsoleListener.onCommandStart: Assert that id: turn-start is visible RUNNING
00:28:41.272 [ INFO] maestro.cli.runner.CliConsoleListener.onCommandFinished: Assert that id: turn-start is visible COMPLETED
00:28:41.273 [ INFO] maestro.cli.runner.CliConsoleListener.onCommandStart: Take screenshot 54-ibre-ready RUNNING
00:28:41.273 [ INFO] maestro.Maestro.takeScreenshot: Taking screenshot
00:28:41.273 [TRACE] maestro.utils.ScreenshotUtils.takeScreenshot: Taking screenshot to output sink
00:28:41.301 [ INFO] maestro.cli.runner.CliConsoleListener.onCommandFinished: Take screenshot 54-ibre-ready COMPLETED
00:28:41.301 [ INFO] maestro.cli.runner.CliConsoleListener.onCommandStart: Tap on id: turn-start RUNNING
00:28:41.409 [ INFO] maestro.Maestro.tap-HgV9Ck0: Tapping on element:  UiElement(treeNode=TreeNode(attributes={text=, accessibilityText=Turu başlat, hintText=, ignoreBoundsFiltering=false, resource-id=turn-start, clickable=true, bounds=[62,289][258,485], enabled=true, focused=false, checked=false, scrollable=false, selected=false, class=android.widget.Button, important-for-accessibility=true, error=}, children=[TreeNode(attributes={text=, accessibilityText=, hintText=, ignoreBoundsFiltering=false, resource-id=, clickable=false, bounds=[62,289][258,485], enabled=true, focused=false, checked=false, scrollable=false, selected=false, class=android.view.ViewGroup, important-for-accessibility=false, error=}, children=[TreeNode(attributes={text=Başla, accessibilityText=, hintText=, ignoreBoundsFiltering=false, resource-id=, clickable=false, bounds=[89,358][231,416], enabled=true, focused=false, checked=false, scrollable=false, selected=false, class=android.widget.TextView, important-for-accessibility=true, error=}, children=[], clickable=false, enabled=true, focused=false, checked=false, selected=false)], clickable=false, enabled=true, focused=false, checked=false, selected=false)], clickable=true, enabled=true, focused=false, checked=false, selected=false), bounds=Bounds(x=62, y=289, width=196, height=196))
00:28:42.628 [ INFO] maestro.Maestro.tap-HgV9Ck0: Tap aimed via settled hierarchy
00:28:42.628 [ INFO] maestro.Maestro.hierarchyBasedTap-ogj28Uc: Tapping at (160, 387) using hierarchy based logic for wait
00:28:44.105 [ INFO] maestro.Maestro.hierarchyBasedTap-ogj28Uc: Something has changed in the UI judging by view hierarchy. Proceed.
00:28:44.105 [ INFO] maestro.cli.runner.CliConsoleListener.onCommandFinished: Tap on id: turn-start COMPLETED
00:28:44.105 [ INFO] maestro.cli.runner.CliConsoleListener.onCommandStart: Run ../scripts/bot.js RUNNING
00:28:44.131 [ INFO] maestro.cli.runner.CliConsoleListener.onCommandFinished: Run ../scripts/bot.js COMPLETED
00:28:44.131 [ INFO] maestro.cli.runner.CliConsoleListener.onCommandStart: Assert that id: ibre-hold is visible RUNNING
00:28:44.225 [ INFO] maestro.cli.runner.CliConsoleListener.onCommandFinished: Assert that id: ibre-hold is visible COMPLETED
00:28:44.226 [ INFO] maestro.cli.runner.CliConsoleListener.onCommandStart: Long press on id: ibre-hold RUNNING
00:28:44.961 [ INFO] maestro.Maestro.tap-HgV9Ck0: Tapping on element:  UiElement(treeNode=TreeNode(attributes={text=, accessibilityText=Hedefi görmek için basılı tut, hintText=, ignoreBoundsFiltering=false, resource-id=ibre-hold, clickable=true, bounds=[16,214][304,403], enabled=true, focused=false, checked=false, scrollable=false, selected=false, class=android.widget.Button, important-for-accessibility=true, error=}, children=[TreeNode(attributes={text=, accessibilityText=Gereksiz ile Vazgeçilmez arasında ölçek, hintText=, ignoreBoundsFiltering=false, resource-id=, clickable=false, bounds=[16,214][304,372], enabled=true, focused=false, checked=false, scrollable=false, selected=false, class=android.view.ViewGroup, important-for-accessibility=true, error=}, children=[TreeNode(attributes={text=, accessibilityText=, hintText=, ignoreBoundsFiltering=false, resource-id=, clickable=false, bounds=[16,214][304,372], enabled=true, focused=false, checked=false, scrollable=false, selected=false, class=android.view.ViewGroup, important-for-accessibility=false, error=}, children=[], clickable=false, enabled=true, focused=false, checked=false, selected=false), TreeNode(attributes={text=, accessibilityText=, hintText=, ignoreBoundsFiltering=false, resource-id=ibre-cover, clickable=false, bounds=[16,214][304,372], enabled=true, focused=false, checked=false, scrollable=false, selected=false, class=android.view.ViewGroup, important-for-accessibility=true, error=}, children=[], clickable=false, enabled=true, focused=false, checked=false, selected=false), TreeNode(attributes={text=, accessibilityText=, hintText=, ignoreBoundsFiltering=false, resource-id=, clickable=false, bounds=[138,257][182,301], enabled=true, focused=false, checked=false, scrollable=false, selected=false, class=android.widget.ImageView, important-for-accessibility=false, error=}, children=[], clickable=false, enabled=true, focused=false, checked=false, selected=false), TreeNode(attributes={text=Basılı tut, hedefi gör, accessibilityText=, hintText=, ignoreBoundsFiltering=false, resource-id=, clickable=false, bounds=[86,306][234,329], enabled=true, focused=false, checked=false, scrollable=false, selected=false, class=android.widget.TextView, important-for-accessibility=true, error=}, children=[], clickable=false, enabled=true, focused=false, checked=false, selected=false), TreeNode(attributes={text=, accessibilityText=, hintText=, ignoreBoundsFiltering=false, resource-id=, clickable=false, bounds=[146,344][174,372], enabled=true, focused=false, checked=false, scrollable=false, selected=false, class=android.view.ViewGroup, important-for-accessibility=false, error=}, children=[], clickable=false, enabled=true, focused=false, checked=false, selected=false)], clickable=false, enabled=true, focused=false, checked=false, selected=false), TreeNode(attributes={text=Gereksiz, accessibilityText=, hintText=, ignoreBoundsFiltering=false, resource-id=, clickable=false, bounds=[16,380][78,403], enabled=true, focused=false, checked=false, scrollable=false, selected=false, class=android.widget.TextView, important-for-accessibility=true, error=}, children=[], clickable=false, enabled=true, focused=false, checked=false, selected=false), TreeNode(attributes={text=Vazgeçilmez, accessibilityText=, hintText=, ignoreBoundsFiltering=false, resource-id=, clickable=false, bounds=[213,380][304,403], enabled=true, focused=false, checked=false, scrollable=false, selected=false, class=android.widget.TextView, important-for-accessibility=true, error=}, children=[], clickable=false, enabled=true, focused=false, checked=false, selected=false)], clickable=true, enabled=true, focused=false, checked=false, selected=false), bounds=Bounds(x=16, y=214, width=288, height=189))
00:28:46.324 [ INFO] maestro.Maestro.tap-HgV9Ck0: Tap aimed via settled hierarchy
00:28:46.325 [ INFO] maestro.Maestro.hierarchyBasedTap-ogj28Uc: Tapping at (160, 308) using hierarchy based logic for wait
00:28:50.136 [ INFO] maestro.Maestro.hierarchyBasedTap-ogj28Uc: Something has changed in the UI judging by view hierarchy. Proceed.
00:28:50.137 [ INFO] maestro.cli.runner.CliConsoleListener.onCommandFinished: Long press on id: ibre-hold COMPLETED
00:28:50.137 [ INFO] maestro.cli.runner.CliConsoleListener.onCommandStart: Scrolling DOWN until id: ibre-drag is visible with speed 40, visibility percentage 100%, timeout 15000 ms, with centering disabled RUNNING
00:28:50.261 [ INFO] maestro.orchestra.Orchestra.scrollUntilVisible: Scrolling try count: 0, DeviceWidth: 320, DeviceWidth: 640
00:28:50.261 [ INFO] maestro.orchestra.Orchestra.scrollUntilVisible: Element bounds: Bounds(x=16, y=419, width=288, height=158)
00:28:50.261 [ INFO] maestro.orchestra.Orchestra.scrollUntilVisible: Visibility Percent: 1.0
00:28:50.261 [ INFO] maestro.orchestra.Orchestra.scrollUntilVisible: Command centerElement: ScrollUntilVisibleCommand(selector=ElementSelector(textRegex=null, idRegex=ibre-drag, size=null, below=null, above=null, leftOf=null, rightOf=null, containsChild=null, containsDescendants=null, traits=null, index=null, enabled=null, optional=false, selected=null, checked=null, focused=null, childOf=null, css=null), direction=DOWN, scrollDuration=601, visibilityPercentage=100, timeout=15000, waitToSettleTimeoutMs=null, centerElement=false, originalSpeedValue=40, label=null, optional=false).centerElement
00:28:50.261 [ INFO] maestro.orchestra.Orchestra.scrollUntilVisible: visibilityPercentageNormalized: 1.0
00:28:50.261 [ INFO] maestro.cli.runner.CliConsoleListener.onCommandFinished: Scrolling DOWN until id: ibre-drag is visible with speed 40, visibility percentage 100%, timeout 15000 ms, with centering disabled COMPLETED
00:28:50.261 [ INFO] maestro.cli.runner.CliConsoleListener.onCommandStart: Swiping in RIGHT direction on id: ibre-drag RUNNING
00:28:50.377 [ INFO] maestro.Maestro.swipe: Swiping RIGHT from point: Point(x=160, y=498)
00:28:53.257 [ INFO] maestro.cli.runner.CliConsoleListener.onCommandFinished: Swiping in RIGHT direction on id: ibre-drag COMPLETED
00:28:53.257 [ INFO] maestro.cli.runner.CliConsoleListener.onCommandStart: Scrolling DOWN until id: ibre-plus is visible with speed 40, visibility percentage 100%, timeout 15000 ms, with centering disabled RUNNING
00:28:54.136 [ WARN] maestro.orchestra.Orchestra.scrollUntilVisible: Error: maestro.MaestroException$ElementNotFound: Element not found: Id matching regex: ibre-plus
00:28:54.179 [ INFO] maestro.Maestro.swipeFromCenter: Swiping UP from center
00:28:56.097 [ INFO] maestro.orchestra.Orchestra.scrollUntilVisible: Scrolling try count: 0, DeviceWidth: 320, DeviceWidth: 640
00:28:56.097 [ INFO] maestro.orchestra.Orchestra.scrollUntilVisible: Element bounds: Bounds(x=191, y=438, width=48, height=48)
00:28:56.097 [ INFO] maestro.orchestra.Orchestra.scrollUntilVisible: Visibility Percent: 1.0
00:28:56.097 [ INFO] maestro.orchestra.Orchestra.scrollUntilVisible: Command centerElement: ScrollUntilVisibleCommand(selector=ElementSelector(textRegex=null, idRegex=ibre-plus, size=null, below=null, above=null, leftOf=null, rightOf=null, containsChild=null, containsDescendants=null, traits=null, index=null, enabled=null, optional=false, selected=null, checked=null, focused=null, childOf=null, css=null), direction=DOWN, scrollDuration=601, visibilityPercentage=100, timeout=15000, waitToSettleTimeoutMs=null, centerElement=false, originalSpeedValue=40, label=null, optional=false).centerElement
00:28:56.097 [ INFO] maestro.orchestra.Orchestra.scrollUntilVisible: visibilityPercentageNormalized: 1.0
00:28:56.097 [ INFO] maestro.cli.runner.CliConsoleListener.onCommandFinished: Scrolling DOWN until id: ibre-plus is visible with speed 40, visibility percentage 100%, timeout 15000 ms, with centering disabled COMPLETED
00:28:56.097 [ INFO] maestro.cli.runner.CliConsoleListener.onCommandStart: Tap on id: ibre-plus RUNNING
00:28:56.213 [ INFO] maestro.Maestro.tap-HgV9Ck0: Tapping on element:  UiElement(treeNode=TreeNode(attributes={text=, accessibilityText=İbreyi sağa al, hintText=, ignoreBoundsFiltering=false, resource-id=ibre-plus, clickable=true, bounds=[191,438][239,486], enabled=true, focused=false, checked=false, scrollable=false, selected=false, class=android.widget.Button, important-for-accessibility=true, error=}, children=[TreeNode(attributes={text=, accessibilityText=, hintText=, ignoreBoundsFiltering=false, resource-id=, clickable=false, bounds=[191,438][239,486], enabled=true, focused=false, checked=false, scrollable=false, selected=false, class=android.view.ViewGroup, important-for-accessibility=false, error=}, children=[], clickable=false, enabled=true, focused=false, checked=false, selected=false), TreeNode(attributes={text=+, accessibilityText=, hintText=, ignoreBoundsFiltering=false, resource-id=, clickable=false, bounds=[208,448][221,476], enabled=true, focused=false, checked=false, scrollable=false, selected=false, class=android.widget.TextView, important-for-accessibility=true, error=}, children=[], clickable=false, enabled=true, focused=false, checked=false, selected=false)], clickable=true, enabled=true, focused=false, checked=false, selected=false), bounds=Bounds(x=191, y=438, width=48, height=48))
00:28:57.104 [ INFO] maestro.Maestro.tap-HgV9Ck0: Tap aimed via settled hierarchy
00:28:57.105 [ INFO] maestro.Maestro.hierarchyBasedTap-ogj28Uc: Tapping at (215, 462) using hierarchy based logic for wait
00:28:58.104 [ INFO] maestro.Maestro.hierarchyBasedTap-ogj28Uc: Something has changed in the UI judging by view hierarchy. Proceed.
00:28:58.104 [ INFO] maestro.cli.runner.CliConsoleListener.onCommandFinished: Tap on id: ibre-plus COMPLETED
00:28:58.104 [ INFO] maestro.cli.runner.CliConsoleListener.onCommandStart: Take screenshot 55-ibre-needle RUNNING
00:28:58.105 [ INFO] maestro.Maestro.takeScreenshot: Taking screenshot
00:28:58.105 [TRACE] maestro.utils.ScreenshotUtils.takeScreenshot: Taking screenshot to output sink
00:28:58.166 [ INFO] maestro.cli.runner.CliConsoleListener.onCommandFinished: Take screenshot 55-ibre-needle COMPLETED
00:28:58.166 [ INFO] maestro.cli.runner.CliConsoleListener.onCommandStart: Scrolling DOWN until id: ibre-lock is visible with speed 40, visibility percentage 100%, timeout 15000 ms, with centering disabled RUNNING
00:28:58.293 [ INFO] maestro.orchestra.Orchestra.scrollUntilVisible: Scrolling try count: 0, DeviceWidth: 320, DeviceWidth: 640
00:28:58.293 [ INFO] maestro.orchestra.Orchestra.scrollUntilVisible: Element bounds: Bounds(x=16, y=498, width=288, height=64)
00:28:58.293 [ INFO] maestro.orchestra.Orchestra.scrollUntilVisible: Visibility Percent: 1.0
00:28:58.293 [ INFO] maestro.orchestra.Orchestra.scrollUntilVisible: Command centerElement: ScrollUntilVisibleCommand(selector=ElementSelector(textRegex=null, idRegex=ibre-lock, size=null, below=null, above=null, leftOf=null, rightOf=null, containsChild=null, containsDescendants=null, traits=null, index=null, enabled=null, optional=false, selected=null, checked=null, focused=null, childOf=null, css=null), direction=DOWN, scrollDuration=601, visibilityPercentage=100, timeout=15000, waitToSettleTimeoutMs=null, centerElement=false, originalSpeedValue=40, label=null, optional=false).centerElement
00:28:58.293 [ INFO] maestro.orchestra.Orchestra.scrollUntilVisible: visibilityPercentageNormalized: 1.0
00:28:58.293 [ INFO] maestro.cli.runner.CliConsoleListener.onCommandFinished: Scrolling DOWN until id: ibre-lock is visible with speed 40, visibility percentage 100%, timeout 15000 ms, with centering disabled COMPLETED
00:28:58.293 [ INFO] maestro.cli.runner.CliConsoleListener.onCommandStart: Tap on id: ibre-lock RUNNING
00:28:58.473 [ INFO] maestro.Maestro.tap-HgV9Ck0: Tapping on element:  UiElement(treeNode=TreeNode(attributes={text=, accessibilityText=İbreyi onayla, hintText=, ignoreBoundsFiltering=false, resource-id=ibre-lock, clickable=true, bounds=[16,498][304,562], enabled=true, focused=false, checked=false, scrollable=false, selected=false, class=android.widget.Button, important-for-accessibility=true, error=}, children=[TreeNode(attributes={text=, accessibilityText=, hintText=, ignoreBoundsFiltering=false, resource-id=, clickable=false, bounds=[16,498][304,562], enabled=true, focused=false, checked=false, scrollable=false, selected=false, class=android.view.ViewGroup, important-for-accessibility=false, error=}, children=[], clickable=false, enabled=true, focused=false, checked=false, selected=false), TreeNode(attributes={text=İbreyi onayla, accessibilityText=, hintText=, ignoreBoundsFiltering=false, resource-id=, clickable=false, bounds=[106,519][214,541], enabled=true, focused=false, checked=false, scrollable=false, selected=false, class=android.widget.TextView, important-for-accessibility=true, error=}, children=[], clickable=false, enabled=true, focused=false, checked=false, selected=false)], clickable=true, enabled=true, focused=false, checked=false, selected=false), bounds=Bounds(x=16, y=498, width=288, height=64))
00:29:00.132 [ INFO] maestro.Maestro.tap-HgV9Ck0: Tap aimed via settled hierarchy
00:29:00.133 [ INFO] maestro.Maestro.hierarchyBasedTap-ogj28Uc: Tapping at (160, 530) using hierarchy based logic for wait
00:29:01.472 [ INFO] maestro.Maestro.hierarchyBasedTap-ogj28Uc: Something has changed in the UI judging by view hierarchy. Proceed.
00:29:01.472 [ INFO] maestro.cli.runner.CliConsoleListener.onCommandFinished: Tap on id: ibre-lock COMPLETED
00:29:01.472 [ INFO] maestro.cli.runner.CliConsoleListener.onCommandStart: Run ../scripts/bot.js RUNNING
00:29:01.545 [ INFO] maestro.cli.runner.CliConsoleListener.onCommandFinished: Run ../scripts/bot.js COMPLETED
00:29:01.545 [ INFO] maestro.cli.runner.CliConsoleListener.onCommandStart: Assert that id: ibre-reveal is visible RUNNING
00:29:02.733 [ INFO] maestro.cli.runner.CliConsoleListener.onCommandFinished: Assert that id: ibre-reveal is visible COMPLETED
00:29:02.733 [ INFO] maestro.cli.runner.CliConsoleListener.onCommandStart: Take screenshot 56-ibre-reveal RUNNING
00:29:02.733 [ INFO] maestro.Maestro.takeScreenshot: Taking screenshot
00:29:02.734 [TRACE] maestro.utils.ScreenshotUtils.takeScreenshot: Taking screenshot to output sink
00:29:02.757 [ INFO] maestro.cli.runner.CliConsoleListener.onCommandFinished: Take screenshot 56-ibre-reveal COMPLETED
00:29:02.757 [ INFO] maestro.cli.runner.CliConsoleListener.onCommandStart: Run ../scripts/bot.js RUNNING
00:29:02.818 [ INFO] maestro.cli.runner.CliConsoleListener.onCommandFinished: Run ../scripts/bot.js COMPLETED
00:29:02.818 [ INFO] maestro.cli.runner.CliConsoleListener.onCommandStart: Run ../scripts/bot.js RUNNING
00:29:02.947 [ INFO] maestro.cli.runner.CliConsoleListener.onCommandFinished: Run ../scripts/bot.js COMPLETED
00:29:02.947 [ INFO] maestro.cli.runner.CliConsoleListener.onCommandStart: Run ../scripts/bot.js RUNNING
00:29:02.972 [ INFO] maestro.cli.runner.CliConsoleListener.onCommandFinished: Run ../scripts/bot.js COMPLETED
00:29:02.972 [ INFO] maestro.cli.runner.CliConsoleListener.onCommandStart: Assert that id: ibre-side-phase is visible RUNNING
00:29:04.037 [ INFO] maestro.cli.runner.CliConsoleListener.onCommandFinished: Assert that id: ibre-side-phase is visible COMPLETED
00:29:04.037 [ INFO] maestro.cli.runner.CliConsoleListener.onCommandStart: Scrolling DOWN until id: ibre-side-left is visible with speed 40, visibility percentage 100%, timeout 15000 ms, with centering disabled RUNNING
00:29:04.117 [ INFO] maestro.orchestra.Orchestra.scrollUntilVisible: Scrolling try count: 0, DeviceWidth: 320, DeviceWidth: 640
00:29:04.117 [ INFO] maestro.orchestra.Orchestra.scrollUntilVisible: Element bounds: Bounds(x=16, y=440, width=139, height=64)
00:29:04.117 [ INFO] maestro.orchestra.Orchestra.scrollUntilVisible: Visibility Percent: 1.0
00:29:04.117 [ INFO] maestro.orchestra.Orchestra.scrollUntilVisible: Command centerElement: ScrollUntilVisibleCommand(selector=ElementSelector(textRegex=null, idRegex=ibre-side-left, size=null, below=null, above=null, leftOf=null, rightOf=null, containsChild=null, containsDescendants=null, traits=null, index=null, enabled=null, optional=false, selected=null, checked=null, focused=null, childOf=null, css=null), direction=DOWN, scrollDuration=601, visibilityPercentage=100, timeout=15000, waitToSettleTimeoutMs=null, centerElement=false, originalSpeedValue=40, label=null, optional=false).centerElement
00:29:04.117 [ INFO] maestro.orchestra.Orchestra.scrollUntilVisible: visibilityPercentageNormalized: 1.0
00:29:04.117 [ INFO] maestro.cli.runner.CliConsoleListener.onCommandFinished: Scrolling DOWN until id: ibre-side-left is visible with speed 40, visibility percentage 100%, timeout 15000 ms, with centering disabled COMPLETED
00:29:04.117 [ INFO] maestro.cli.runner.CliConsoleListener.onCommandStart: Take screenshot 57-ibre-side RUNNING
00:29:04.117 [ INFO] maestro.Maestro.takeScreenshot: Taking screenshot
00:29:04.118 [TRACE] maestro.utils.ScreenshotUtils.takeScreenshot: Taking screenshot to output sink
00:29:04.177 [ INFO] maestro.cli.runner.CliConsoleListener.onCommandFinished: Take screenshot 57-ibre-side COMPLETED
00:29:04.177 [ INFO] maestro.cli.runner.CliConsoleListener.onCommandStart: Tap on id: ibre-side-left RUNNING
00:29:04.297 [ INFO] maestro.Maestro.tap-HgV9Ck0: Tapping on element:  UiElement(treeNode=TreeNode(attributes={text=, accessibilityText=← Daha sol, hintText=, ignoreBoundsFiltering=false, resource-id=ibre-side-left, clickable=true, bounds=[16,440][155,504], enabled=true, focused=false, checked=false, scrollable=false, selected=false, class=android.widget.Button, important-for-accessibility=true, error=}, children=[TreeNode(attributes={text=, accessibilityText=, hintText=, ignoreBoundsFiltering=false, resource-id=, clickable=false, bounds=[16,440][155,504], enabled=true, focused=false, checked=false, scrollable=false, selected=false, class=android.view.ViewGroup, important-for-accessibility=false, error=}, children=[], clickable=false, enabled=true, focused=false, checked=false, selected=false), TreeNode(attributes={text=← Daha sol, accessibilityText=, hintText=, ignoreBoundsFiltering=false, resource-id=, clickable=false, bounds=[37,461][134,483], enabled=true, focused=false, checked=false, scrollable=false, selected=false, class=android.widget.TextView, important-for-accessibility=true, error=}, children=[], clickable=false, enabled=true, focused=false, checked=false, selected=false)], clickable=true, enabled=true, focused=false, checked=false, selected=false), bounds=Bounds(x=16, y=440, width=139, height=64))
00:29:07.125 [ INFO] maestro.Maestro.tap-HgV9Ck0: Tap aimed via settled hierarchy
00:29:07.125 [ INFO] maestro.Maestro.hierarchyBasedTap-ogj28Uc: Tapping at (85, 472) using hierarchy based logic for wait
00:29:08.173 [ INFO] maestro.Maestro.hierarchyBasedTap-ogj28Uc: Something has changed in the UI judging by view hierarchy. Proceed.
00:29:08.173 [ INFO] maestro.cli.runner.CliConsoleListener.onCommandFinished: Tap on id: ibre-side-left COMPLETED
00:29:08.173 [ INFO] maestro.cli.runner.CliConsoleListener.onCommandStart: Assert that id: ibre-reveal is visible RUNNING
00:29:08.281 [ INFO] maestro.cli.runner.CliConsoleListener.onCommandFinished: Assert that id: ibre-reveal is visible COMPLETED
00:29:08.281 [ INFO] maestro.cli.runner.CliConsoleListener.onCommandStart: Run ../scripts/bot.js RUNNING
00:29:08.361 [ INFO] maestro.cli.runner.CliConsoleListener.onCommandFinished: Run ../scripts/bot.js COMPLETED
00:29:08.361 [ INFO] maestro.cli.runner.CliConsoleListener.onCommandStart: Assert that id: last-game is visible RUNNING
00:29:08.867 [ INFO] maestro.cli.runner.CliConsoleListener.onCommandFinished: Assert that id: last-game is visible COMPLETED
00:29:08.867 [ INFO] maestro.cli.runner.CliConsoleListener.onCommandStart: Take screenshot 58-ibre-result RUNNING
00:29:08.868 [ INFO] maestro.Maestro.takeScreenshot: Taking screenshot
00:29:08.868 [TRACE] maestro.utils.ScreenshotUtils.takeScreenshot: Taking screenshot to output sink
00:29:08.892 [ INFO] maestro.cli.runner.CliConsoleListener.onCommandFinished: Take screenshot 58-ibre-result COMPLETED
00:29:08.892 [ INFO] maestro.cli.runner.CliConsoleListener.onCommandStart: Run ../scripts/bot.js RUNNING
00:29:08.944 [ INFO] maestro.cli.runner.CliConsoleListener.onCommandFinished: Run ../scripts/bot.js COMPLETED
00:29:08.944 [ INFO] maestro.cli.runner.CliConsoleListener.onCommandStart: Assert that "Tanışalım mı\?" is visible RUNNING
00:29:09.860 [ INFO] maestro.cli.runner.CliConsoleListener.onCommandFinished: Assert that "Tanışalım mı\?" is visible COMPLETED
00:29:09.860 [ INFO] maestro.cli.runner.CliConsoleListener.onCommandStart: Tap on id: reveal-no RUNNING
00:29:09.924 [ INFO] maestro.Maestro.tap-HgV9Ck0: Tapping on element:  UiElement(treeNode=TreeNode(attributes={text=, accessibilityText=Hayır, hintText=, ignoreBoundsFiltering=false, resource-id=reveal-no, clickable=true, bounds=[37,313][155,361], enabled=true, focused=false, checked=false, scrollable=false, selected=false, class=android.widget.Button, important-for-accessibility=true, error=}, children=[TreeNode(attributes={text=, accessibilityText=, hintText=, ignoreBoundsFiltering=false, resource-id=, clickable=false, bounds=[37,313][155,361], enabled=true, focused=false, checked=false, scrollable=false, selected=false, class=android.view.ViewGroup, important-for-accessibility=false, error=}, children=[], clickable=false, enabled=true, focused=false, checked=false, selected=false), TreeNode(attributes={text=Hayır, accessibilityText=, hintText=, ignoreBoundsFiltering=false, resource-id=, clickable=false, bounds=[76,327][116,347], enabled=true, focused=false, checked=false, scrollable=false, selected=false, class=android.widget.TextView, important-for-accessibility=true, error=}, children=[], clickable=false, enabled=true, focused=false, checked=false, selected=false)], clickable=true, enabled=true, focused=false, checked=false, selected=false), bounds=Bounds(x=37, y=313, width=118, height=48))
00:29:11.376 [ INFO] maestro.Maestro.tap-HgV9Ck0: Tap aimed via settled hierarchy
00:29:11.376 [ INFO] maestro.Maestro.hierarchyBasedTap-ogj28Uc: Tapping at (96, 337) using hierarchy based logic for wait
00:29:12.296 [ INFO] maestro.Maestro.hierarchyBasedTap-ogj28Uc: Something has changed in the UI judging by view hierarchy. Proceed.
00:29:12.296 [ INFO] maestro.cli.runner.CliConsoleListener.onCommandFinished: Tap on id: reveal-no COMPLETED
00:29:12.296 [ INFO] maestro.cli.runner.CliConsoleListener.onCommandStart: Assert that "Güzel oyundu.*" is visible RUNNING
00:29:12.357 [ INFO] maestro.cli.runner.CliConsoleListener.onCommandFinished: Assert that "Güzel oyundu.*" is visible COMPLETED
00:29:12.357 [ INFO] maestro.cli.runner.CliConsoleListener.onCommandStart: Run ../scripts/bot.js RUNNING
00:29:12.434 [ INFO] maestro.cli.runner.CliConsoleListener.onCommandFinished: Run ../scripts/bot.js COMPLETED
00:29:12.434 [ INFO] maestro.cli.runner.CliConsoleListener.onCommandStart: Tap on "Mekana dön" RUNNING
00:29:12.496 [ INFO] maestro.Maestro.tap-HgV9Ck0: Tapping on element:  UiElement(treeNode=TreeNode(attributes={text=Mekana dön, accessibilityText=, hintText=, ignoreBoundsFiltering=false, resource-id=, clickable=false, bounds=[115,229][206,249], enabled=true, focused=false, checked=false, scrollable=false, selected=false, class=android.widget.TextView, important-for-accessibility=true, error=}, children=[], clickable=false, enabled=true, focused=false, checked=false, selected=false), bounds=Bounds(x=115, y=229, width=91, height=20))
00:29:13.672 [ INFO] maestro.Maestro.tap-HgV9Ck0: Tap aimed via settled hierarchy
00:29:13.673 [ INFO] maestro.Maestro.hierarchyBasedTap-ogj28Uc: Tapping at (160, 239) using hierarchy based logic for wait
00:29:14.654 [ INFO] maestro.Maestro.hierarchyBasedTap-ogj28Uc: Something has changed in the UI judging by view hierarchy. Proceed.
00:29:14.654 [ INFO] maestro.cli.runner.CliConsoleListener.onCommandFinished: Tap on "Mekana dön" COMPLETED
00:29:14.654 [ INFO] maestro.cli.runner.CliConsoleListener.onCommandStart: Assert that "Oda kur" is visible RUNNING
00:29:14.802 [ INFO] maestro.cli.runner.CliConsoleListener.onCommandFinished: Assert that "Oda kur" is visible COMPLETED
00:29:14.802 [ INFO] maestro.cli.runner.CliConsoleListener.onCommandFinished: Run flows/12-ibre.yaml COMPLETED
00:29:14.802 [ INFO] maestro.cli.runner.CliConsoleListener.onCommandStart: Run flows/07-history-block.yaml RUNNING
00:29:14.802 [ INFO] maestro.cli.runner.CliConsoleListener.onCommandStart: Apply configuration RUNNING
00:29:14.802 [ INFO] maestro.cli.runner.CliConsoleListener.onCommandFinished: Apply configuration COMPLETED
00:29:14.802 [ INFO] maestro.cli.runner.CliConsoleListener.onCommandStart: Tap on id: tab-messages RUNNING
00:29:14.891 [ INFO] maestro.Maestro.tap-HgV9Ck0: Tapping on element:  UiElement(treeNode=TreeNode(attributes={text=, accessibilityText=Mesajlar, hintText=, ignoreBoundsFiltering=false, resource-id=tab-messages, clickable=true, bounds=[187,568][242,632], enabled=true, focused=false, checked=false, scrollable=false, selected=false, class=android.view.View, important-for-accessibility=true, error=}, children=[TreeNode(attributes={text=, accessibilityText=, hintText=, ignoreBoundsFiltering=false, resource-id=, clickable=false, bounds=[202,580][226,604], enabled=true, focused=false, checked=false, scrollable=false, selected=false, class=android.widget.ImageView, important-for-accessibility=false, error=}, children=[], clickable=false, enabled=true, focused=false, checked=false, selected=false), TreeNode(attributes={text=Mesajlar, accessibilityText=, hintText=, ignoreBoundsFiltering=false, resource-id=, clickable=false, bounds=[190,612][238,628], enabled=true, focused=false, checked=false, scrollable=false, selected=false, class=android.widget.TextView, important-for-accessibility=true, error=}, children=[], clickable=false, enabled=true, focused=false, checked=false, selected=false)], clickable=true, enabled=true, focused=false, checked=false, selected=false), bounds=Bounds(x=187, y=568, width=55, height=64))
00:29:16.213 [ INFO] maestro.Maestro.tap-HgV9Ck0: Tap aimed via settled hierarchy
00:29:16.213 [ INFO] maestro.Maestro.hierarchyBasedTap-ogj28Uc: Tapping at (214, 600) using hierarchy based logic for wait
00:29:17.176 [ INFO] maestro.Maestro.hierarchyBasedTap-ogj28Uc: Something has changed in the UI judging by view hierarchy. Proceed.
00:29:17.176 [ INFO] maestro.cli.runner.CliConsoleListener.onCommandFinished: Tap on id: tab-messages COMPLETED
00:29:17.177 [ INFO] maestro.cli.runner.CliConsoleListener.onCommandStart: Tap on id: bell RUNNING
00:29:17.295 [ INFO] maestro.Maestro.tap-HgV9Ck0: Tapping on element:  UiElement(treeNode=TreeNode(attributes={text=, accessibilityText=Bildirimler, hintText=, ignoreBoundsFiltering=false, resource-id=bell, clickable=true, bounds=[256,36][300,80], enabled=true, focused=false, checked=false, scrollable=false, selected=false, class=android.widget.Button, important-for-accessibility=true, error=}, children=[TreeNode(attributes={text=, accessibilityText=, hintText=, ignoreBoundsFiltering=false, resource-id=, clickable=false, bounds=[256,36][300,80], enabled=true, focused=false, checked=false, scrollable=false, selected=false, class=android.view.ViewGroup, important-for-accessibility=false, error=}, children=[], clickable=false, enabled=true, focused=false, checked=false, selected=false), TreeNode(attributes={text=, accessibilityText=, hintText=, ignoreBoundsFiltering=false, resource-id=, clickable=false, bounds=[266,46][290,70], enabled=true, focused=false, checked=false, scrollable=false, selected=false, class=android.widget.ImageView, important-for-accessibility=false, error=}, children=[], clickable=false, enabled=true, focused=false, checked=false, selected=false)], clickable=true, enabled=true, focused=false, checked=false, selected=false), bounds=Bounds(x=256, y=36, width=44, height=44))
00:29:18.604 [ INFO] maestro.Maestro.tap-HgV9Ck0: Tap aimed via settled hierarchy
00:29:18.605 [ INFO] maestro.Maestro.hierarchyBasedTap-ogj28Uc: Tapping at (278, 58) using hierarchy based logic for wait
00:29:19.876 [ INFO] maestro.Maestro.hierarchyBasedTap-ogj28Uc: Something has changed in the UI judging by view hierarchy. Proceed.
00:29:19.876 [ INFO] maestro.cli.runner.CliConsoleListener.onCommandFinished: Tap on id: bell COMPLETED
00:29:19.876 [ INFO] maestro.cli.runner.CliConsoleListener.onCommandStart: Assert that ".*masasıyla Sesli Tabu.*" is visible RUNNING
00:29:19.940 [ INFO] maestro.cli.runner.CliConsoleListener.onCommandFinished: Assert that ".*masasıyla Sesli Tabu.*" is visible COMPLETED
00:29:19.940 [ INFO] maestro.cli.runner.CliConsoleListener.onCommandStart: Take screenshot 30-history RUNNING
00:29:19.941 [ INFO] maestro.Maestro.takeScreenshot: Taking screenshot
00:29:19.941 [TRACE] maestro.utils.ScreenshotUtils.takeScreenshot: Taking screenshot to output sink
00:29:19.961 [ INFO] maestro.cli.runner.CliConsoleListener.onCommandFinished: Take screenshot 30-history COMPLETED
00:29:19.961 [ INFO] maestro.cli.runner.CliConsoleListener.onCommandStart: Tap on id: history-more, Index: 0 RUNNING
00:29:20.061 [ INFO] maestro.Maestro.tap-HgV9Ck0: Tapping on element:  UiElement(treeNode=TreeNode(attributes={text=, accessibilityText=Diğer, hintText=, ignoreBoundsFiltering=false, resource-id=history-more, clickable=true, bounds=[203,363][284,411], enabled=true, focused=false, checked=false, scrollable=false, selected=false, class=android.widget.Button, important-for-accessibility=true, error=}, children=[TreeNode(attributes={text=, accessibilityText=, hintText=, ignoreBoundsFiltering=false, resource-id=, clickable=false, bounds=[203,363][284,411], enabled=true, focused=false, checked=false, scrollable=false, selected=false, class=android.view.ViewGroup, important-for-accessibility=false, error=}, children=[], clickable=false, enabled=true, focused=false, checked=false, selected=false), TreeNode(attributes={text=Diğer, accessibilityText=, hintText=, ignoreBoundsFiltering=false, resource-id=, clickable=false, bounds=[223,377][264,397], enabled=true, focused=false, checked=false, scrollable=false, selected=false, class=android.widget.TextView, important-for-accessibility=true, error=}, children=[], clickable=false, enabled=true, focused=false, checked=false, selected=false)], clickable=true, enabled=true, focused=false, checked=false, selected=false), bounds=Bounds(x=203, y=363, width=81, height=48))
00:29:21.276 [ INFO] maestro.Maestro.tap-HgV9Ck0: Tap aimed via settled hierarchy
00:29:21.276 [ INFO] maestro.Maestro.hierarchyBasedTap-ogj28Uc: Tapping at (243, 387) using hierarchy based logic for wait
00:29:22.163 [ INFO] maestro.Maestro.hierarchyBasedTap-ogj28Uc: Something has changed in the UI judging by view hierarchy. Proceed.
00:29:22.164 [ INFO] maestro.cli.runner.CliConsoleListener.onCommandFinished: Tap on id: history-more, Index: 0 COMPLETED
00:29:22.164 [ INFO] maestro.cli.runner.CliConsoleListener.onCommandStart: Assert that "Bu masa" is visible RUNNING
00:29:22.232 [ INFO] maestro.cli.runner.CliConsoleListener.onCommandFinished: Assert that "Bu masa" is visible COMPLETED
00:29:22.232 [ INFO] maestro.cli.runner.CliConsoleListener.onCommandStart: Take screenshot 31-history-menu RUNNING
00:29:22.232 [ INFO] maestro.Maestro.takeScreenshot: Taking screenshot
00:29:22.233 [TRACE] maestro.utils.ScreenshotUtils.takeScreenshot: Taking screenshot to output sink
00:29:22.294 [ INFO] maestro.cli.runner.CliConsoleListener.onCommandFinished: Take screenshot 31-history-menu COMPLETED
00:29:22.294 [ INFO] maestro.cli.runner.CliConsoleListener.onCommandStart: Tap on id: menu-block RUNNING
00:29:22.392 [ INFO] maestro.Maestro.tap-HgV9Ck0: Tapping on element:  UiElement(treeNode=TreeNode(attributes={text=, accessibilityText=Engelle, hintText=, ignoreBoundsFiltering=false, resource-id=menu-block, clickable=true, bounds=[24,508][296,556], enabled=true, focused=false, checked=false, scrollable=false, selected=false, class=android.widget.Button, important-for-accessibility=true, error=}, children=[TreeNode(attributes={text=, accessibilityText=, hintText=, ignoreBoundsFiltering=false, resource-id=, clickable=false, bounds=[24,508][296,556], enabled=true, focused=false, checked=false, scrollable=false, selected=false, class=android.view.ViewGroup, important-for-accessibility=false, error=}, children=[], clickable=false, enabled=true, focused=false, checked=false, selected=false), TreeNode(attributes={text=Engelle, accessibilityText=, hintText=, ignoreBoundsFiltering=false, resource-id=, clickable=false, bounds=[132,522][189,542], enabled=true, focused=false, checked=false, scrollable=false, selected=false, class=android.widget.TextView, important-for-accessibility=true, error=}, children=[], clickable=false, enabled=true, focused=false, checked=false, selected=false)], clickable=true, enabled=true, focused=false, checked=false, selected=false), bounds=Bounds(x=24, y=508, width=272, height=48))
00:29:23.568 [ INFO] maestro.Maestro.tap-HgV9Ck0: Tap aimed via settled hierarchy
00:29:23.568 [ INFO] maestro.Maestro.hierarchyBasedTap-ogj28Uc: Tapping at (160, 532) using hierarchy based logic for wait
00:29:24.627 [ INFO] maestro.Maestro.hierarchyBasedTap-ogj28Uc: Something has changed in the UI judging by view hierarchy. Proceed.
00:29:24.628 [ INFO] maestro.cli.runner.CliConsoleListener.onCommandFinished: Tap on id: menu-block COMPLETED
00:29:24.628 [ INFO] maestro.cli.runner.CliConsoleListener.onCommandStart: Assert that "Bu masayı engellemek istiyor musun\?" is visible RUNNING
00:29:24.688 [ INFO] maestro.cli.runner.CliConsoleListener.onCommandFinished: Assert that "Bu masayı engellemek istiyor musun\?" is visible COMPLETED
00:29:24.688 [ INFO] maestro.cli.runner.CliConsoleListener.onCommandStart: Take screenshot 32-block-confirm RUNNING
00:29:24.688 [ INFO] maestro.Maestro.takeScreenshot: Taking screenshot
00:29:24.689 [TRACE] maestro.utils.ScreenshotUtils.takeScreenshot: Taking screenshot to output sink
00:29:24.749 [ INFO] maestro.cli.runner.CliConsoleListener.onCommandFinished: Take screenshot 32-block-confirm COMPLETED
00:29:24.749 [ INFO] maestro.cli.runner.CliConsoleListener.onCommandStart: Tap on id: confirm-action RUNNING
00:29:24.848 [ INFO] maestro.Maestro.tap-HgV9Ck0: Tapping on element:  UiElement(treeNode=TreeNode(attributes={text=, accessibilityText=Engelle, hintText=, ignoreBoundsFiltering=false, resource-id=confirm-action, clickable=true, bounds=[24,508][296,556], enabled=true, focused=false, checked=false, scrollable=false, selected=false, class=android.widget.Button, important-for-accessibility=true, error=}, children=[TreeNode(attributes={text=, accessibilityText=, hintText=, ignoreBoundsFiltering=false, resource-id=, clickable=false, bounds=[24,508][296,556], enabled=true, focused=false, checked=false, scrollable=false, selected=false, class=android.view.ViewGroup, important-for-accessibility=false, error=}, children=[], clickable=false, enabled=true, focused=false, checked=false, selected=false), TreeNode(attributes={text=Engelle, accessibilityText=, hintText=, ignoreBoundsFiltering=false, resource-id=, clickable=false, bounds=[132,522][189,542], enabled=true, focused=false, checked=false, scrollable=false, selected=false, class=android.widget.TextView, important-for-accessibility=true, error=}, children=[], clickable=false, enabled=true, focused=false, checked=false, selected=false)], clickable=true, enabled=true, focused=false, checked=false, selected=false), bounds=Bounds(x=24, y=508, width=272, height=48))
00:29:26.080 [ INFO] maestro.Maestro.tap-HgV9Ck0: Tap aimed via settled hierarchy
00:29:26.080 [ INFO] maestro.Maestro.hierarchyBasedTap-ogj28Uc: Tapping at (160, 532) using hierarchy based logic for wait
00:29:27.240 [ INFO] maestro.Maestro.hierarchyBasedTap-ogj28Uc: Something has changed in the UI judging by view hierarchy. Proceed.
00:29:27.240 [ INFO] maestro.cli.runner.CliConsoleListener.onCommandFinished: Tap on id: confirm-action COMPLETED
00:29:27.240 [ INFO] maestro.cli.runner.CliConsoleListener.onCommandStart: Assert that "Bu masayı engellemek istiyor musun\?" is not visible RUNNING
00:29:27.836 [ INFO] maestro.cli.runner.CliConsoleListener.onCommandFinished: Assert that "Bu masayı engellemek istiyor musun\?" is not visible COMPLETED
00:29:27.836 [ INFO] maestro.cli.runner.CliConsoleListener.onCommandStart: Tap on "Geri" RUNNING
00:29:27.941 [ INFO] maestro.Maestro.tap-HgV9Ck0: Tapping on element:  UiElement(treeNode=TreeNode(attributes={text=, accessibilityText=Geri, hintText=, ignoreBoundsFiltering=false, resource-id=, clickable=true, bounds=[8,36][52,80], enabled=true, focused=false, checked=false, scrollable=false, selected=false, class=android.widget.Button, important-for-accessibility=true, error=}, children=[TreeNode(attributes={text=, accessibilityText=, hintText=, ignoreBoundsFiltering=false, resource-id=, clickable=false, bounds=[18,45][42,71], enabled=true, focused=false, checked=false, scrollable=false, selected=false, class=android.widget.TextView, important-for-accessibility=true, error=}, children=[], clickable=false, enabled=true, focused=false, checked=false, selected=false)], clickable=true, enabled=true, focused=false, checked=false, selected=false), bounds=Bounds(x=8, y=36, width=44, height=44))
00:29:29.156 [ INFO] maestro.Maestro.tap-HgV9Ck0: Tap aimed via settled hierarchy
00:29:29.156 [ INFO] maestro.Maestro.hierarchyBasedTap-ogj28Uc: Tapping at (30, 58) using hierarchy based logic for wait
00:29:30.033 [ INFO] maestro.Maestro.hierarchyBasedTap-ogj28Uc: Something has changed in the UI judging by view hierarchy. Proceed.
00:29:30.033 [ INFO] maestro.cli.runner.CliConsoleListener.onCommandFinished: Tap on "Geri" COMPLETED
00:29:30.033 [ INFO] maestro.cli.runner.CliConsoleListener.onCommandStart: Assert that "Henüz mesajın yok." is visible RUNNING
00:29:30.153 [ INFO] maestro.cli.runner.CliConsoleListener.onCommandFinished: Assert that "Henüz mesajın yok." is visible COMPLETED
00:29:30.153 [ INFO] maestro.cli.runner.CliConsoleListener.onCommandStart: Take screenshot 33-messages-after-block RUNNING
00:29:30.153 [ INFO] maestro.Maestro.takeScreenshot: Taking screenshot
00:29:30.154 [TRACE] maestro.utils.ScreenshotUtils.takeScreenshot: Taking screenshot to output sink
00:29:30.225 [ INFO] maestro.cli.runner.CliConsoleListener.onCommandFinished: Take screenshot 33-messages-after-block COMPLETED
00:29:30.225 [ INFO] maestro.cli.runner.CliConsoleListener.onCommandFinished: Run flows/07-history-block.yaml COMPLETED
00:29:30.225 [ INFO] maestro.cli.runner.CliConsoleListener.onCommandStart: Run flows/08-venue-chat.yaml RUNNING
00:29:30.225 [ INFO] maestro.cli.runner.CliConsoleListener.onCommandStart: Apply configuration RUNNING
00:29:30.225 [ INFO] maestro.cli.runner.CliConsoleListener.onCommandFinished: Apply configuration COMPLETED
00:29:30.225 [ INFO] maestro.cli.runner.CliConsoleListener.onCommandStart: Run ../scripts/bot.js RUNNING
00:29:30.695 [ INFO] maestro.cli.runner.CliConsoleListener.onCommandFinished: Run ../scripts/bot.js COMPLETED
00:29:30.696 [ INFO] maestro.cli.runner.CliConsoleListener.onCommandStart: Run ../scripts/bot.js RUNNING
00:29:30.785 [ INFO] maestro.cli.runner.CliConsoleListener.onCommandFinished: Run ../scripts/bot.js COMPLETED
00:29:30.785 [ INFO] maestro.cli.runner.CliConsoleListener.onCommandStart: Tap on id: tab-venue RUNNING
00:29:30.857 [ INFO] maestro.Maestro.tap-HgV9Ck0: Tapping on element:  UiElement(treeNode=TreeNode(attributes={text=, accessibilityText=Mekan, hintText=, ignoreBoundsFiltering=false, resource-id=tab-venue, clickable=true, bounds=[133,568][187,632], enabled=true, focused=false, checked=false, scrollable=false, selected=false, class=android.view.View, important-for-accessibility=true, error=}, children=[TreeNode(attributes={text=, accessibilityText=, hintText=, ignoreBoundsFiltering=false, resource-id=, clickable=false, bounds=[140,572][180,612], enabled=true, focused=false, checked=false, scrollable=false, selected=false, class=android.view.ViewGroup, important-for-accessibility=false, error=}, children=[], clickable=false, enabled=true, focused=false, checked=false, selected=false), TreeNode(attributes={text=, accessibilityText=, hintText=, ignoreBoundsFiltering=false, resource-id=, clickable=false, bounds=[148,580][172,604], enabled=true, focused=false, checked=false, scrollable=false, selected=false, class=android.widget.ImageView, important-for-accessibility=false, error=}, children=[], clickable=false, enabled=true, focused=false, checked=false, selected=false), TreeNode(attributes={text=Mekan, accessibilityText=, hintText=, ignoreBoundsFiltering=false, resource-id=, clickable=false, bounds=[141,612][178,628], enabled=true, focused=false, checked=false, scrollable=false, selected=false, class=android.widget.TextView, important-for-accessibility=true, error=}, children=[], clickable=false, enabled=true, focused=false, checked=false, selected=false)], clickable=true, enabled=true, focused=false, checked=false, selected=false), bounds=Bounds(x=133, y=568, width=54, height=64))
00:29:32.124 [ INFO] maestro.Maestro.tap-HgV9Ck0: Tap aimed via settled hierarchy
00:29:32.125 [ INFO] maestro.Maestro.hierarchyBasedTap-ogj28Uc: Tapping at (160, 600) using hierarchy based logic for wait
00:29:33.148 [ INFO] maestro.Maestro.hierarchyBasedTap-ogj28Uc: Something has changed in the UI judging by view hierarchy. Proceed.
00:29:33.149 [ INFO] maestro.cli.runner.CliConsoleListener.onCommandFinished: Tap on id: tab-venue COMPLETED
00:29:33.149 [ INFO] maestro.cli.runner.CliConsoleListener.onCommandStart: Scrolling DOWN until id: venue-chat-open is visible with speed 40, visibility percentage 100%, timeout 15000 ms, with centering disabled RUNNING
00:29:33.287 [ INFO] maestro.orchestra.Orchestra.scrollUntilVisible: Scrolling try count: 0, DeviceWidth: 320, DeviceWidth: 640
00:29:33.287 [ INFO] maestro.orchestra.Orchestra.scrollUntilVisible: Element bounds: Bounds(x=20, y=481, width=280, height=76)
00:29:33.287 [ INFO] maestro.orchestra.Orchestra.scrollUntilVisible: Visibility Percent: 1.0
00:29:33.287 [ INFO] maestro.orchestra.Orchestra.scrollUntilVisible: Command centerElement: ScrollUntilVisibleCommand(selector=ElementSelector(textRegex=null, idRegex=venue-chat-open, size=null, below=null, above=null, leftOf=null, rightOf=null, containsChild=null, containsDescendants=null, traits=null, index=null, enabled=null, optional=false, selected=null, checked=null, focused=null, childOf=null, css=null), direction=DOWN, scrollDuration=601, visibilityPercentage=100, timeout=15000, waitToSettleTimeoutMs=null, centerElement=false, originalSpeedValue=40, label=null, optional=false).centerElement
00:29:33.287 [ INFO] maestro.orchestra.Orchestra.scrollUntilVisible: visibilityPercentageNormalized: 1.0
00:29:33.288 [ INFO] maestro.cli.runner.CliConsoleListener.onCommandFinished: Scrolling DOWN until id: venue-chat-open is visible with speed 40, visibility percentage 100%, timeout 15000 ms, with centering disabled COMPLETED
00:29:33.288 [ INFO] maestro.cli.runner.CliConsoleListener.onCommandStart: Tap on id: venue-chat-open RUNNING
00:29:33.414 [ INFO] maestro.Maestro.tap-HgV9Ck0: Tapping on element:  UiElement(treeNode=TreeNode(attributes={text=, accessibilityText=, Sohbet odası, E2E Kafe sohbet odası, , hintText=, ignoreBoundsFiltering=false, resource-id=venue-chat-open, clickable=true, bounds=[20,481][300,557], enabled=true, focused=false, checked=false, scrollable=false, selected=false, class=android.widget.Button, important-for-accessibility=true, error=}, children=[TreeNode(attributes={text=, accessibilityText=, hintText=, ignoreBoundsFiltering=false, resource-id=, clickable=false, bounds=[20,481][300,557], enabled=true, focused=false, checked=false, scrollable=false, selected=false, class=android.view.ViewGroup, important-for-accessibility=false, error=}, children=[], clickable=false, enabled=true, focused=false, checked=false, selected=false), TreeNode(attributes={text=, accessibilityText=, hintText=, ignoreBoundsFiltering=false, resource-id=, clickable=false, bounds=[32,495][80,543], enabled=true, focused=false, checked=false, scrollable=false, selected=false, class=android.view.ViewGroup, important-for-accessibility=false, error=}, children=[], clickable=false, enabled=true, focused=false, checked=false, selected=false), TreeNode(attributes={text=, accessibilityText=, hintText=, ignoreBoundsFiltering=false, resource-id=, clickable=false, bounds=[44,506][68,532], enabled=true, focused=false, checked=false, scrollable=false, selected=false, class=android.widget.TextView, important-for-accessibility=true, error=}, children=[], clickable=false, enabled=true, focused=false, checked=false, selected=false), TreeNode(attributes={text=Sohbet odası, accessibilityText=, hintText=, ignoreBoundsFiltering=false, resource-id=, clickable=false, bounds=[94,498][254,521], enabled=true, focused=false, checked=false, scrollable=false, selected=false, class=android.widget.TextView, important-for-accessibility=true, error=}, children=[], clickable=false, enabled=true, focused=false, checked=false, selected=false), TreeNode(attributes={text=E2E Kafe sohbet odası, accessibilityText=, hintText=, ignoreBoundsFiltering=false, resource-id=, clickable=false, bounds=[94,523][254,541], enabled=true, focused=false, checked=false, scrollable=false, selected=false, class=android.widget.TextView, important-for-accessibility=true, error=}, children=[], clickable=false, enabled=true, focused=false, checked=false, selected=false), TreeNode(attributes={text=, accessibilityText=, hintText=, ignoreBoundsFiltering=false, resource-id=, clickable=false, bounds=[268,508][288,529], enabled=true, focused=false, checked=false, scrollable=false, selected=false, class=android.widget.TextView, important-for-accessibility=true, error=}, children=[], clickable=false, enabled=true, focused=false, checked=false, selected=false)], clickable=true, enabled=true, focused=false, checked=false, selected=false), bounds=Bounds(x=20, y=481, width=280, height=76))
00:29:34.703 [ INFO] maestro.Maestro.tap-HgV9Ck0: Tap aimed via settled hierarchy
00:29:34.703 [ INFO] maestro.Maestro.hierarchyBasedTap-ogj28Uc: Tapping at (160, 519) using hierarchy based logic for wait
00:29:36.204 [ INFO] maestro.Maestro.hierarchyBasedTap-ogj28Uc: Something has changed in the UI judging by view hierarchy. Proceed.
00:29:36.204 [ INFO] maestro.cli.runner.CliConsoleListener.onCommandFinished: Tap on id: venue-chat-open COMPLETED
00:29:36.204 [ INFO] maestro.cli.runner.CliConsoleListener.onCommandStart: Assert that "E2E Kafe sohbet odası" is visible RUNNING
00:29:36.317 [ INFO] maestro.cli.runner.CliConsoleListener.onCommandFinished: Assert that "E2E Kafe sohbet odası" is visible COMPLETED
00:29:36.317 [ INFO] maestro.cli.runner.CliConsoleListener.onCommandStart: Scrolling DOWN until id: venue-chat-input is visible with speed 40, visibility percentage 100%, timeout 10000 ms, with centering disabled RUNNING
00:29:36.385 [ INFO] maestro.orchestra.Orchestra.scrollUntilVisible: Scrolling try count: 0, DeviceWidth: 320, DeviceWidth: 640
00:29:36.385 [ INFO] maestro.orchestra.Orchestra.scrollUntilVisible: Element bounds: Bounds(x=33, y=584, width=196, height=43)
00:29:36.385 [ INFO] maestro.orchestra.Orchestra.scrollUntilVisible: Visibility Percent: 1.0
00:29:36.385 [ INFO] maestro.orchestra.Orchestra.scrollUntilVisible: Command centerElement: ScrollUntilVisibleCommand(selector=ElementSelector(textRegex=null, idRegex=venue-chat-input, size=null, below=null, above=null, leftOf=null, rightOf=null, containsChild=null, containsDescendants=null, traits=null, index=null, enabled=null, optional=false, selected=null, checked=null, focused=null, childOf=null, css=null), direction=DOWN, scrollDuration=601, visibilityPercentage=100, timeout=10000, waitToSettleTimeoutMs=null, centerElement=false, originalSpeedValue=40, label=null, optional=false).centerElement
00:29:36.385 [ INFO] maestro.orchestra.Orchestra.scrollUntilVisible: visibilityPercentageNormalized: 1.0
00:29:36.385 [ INFO] maestro.cli.runner.CliConsoleListener.onCommandFinished: Scrolling DOWN until id: venue-chat-input is visible with speed 40, visibility percentage 100%, timeout 10000 ms, with centering disabled COMPLETED
00:29:36.385 [ INFO] maestro.cli.runner.CliConsoleListener.onCommandStart: Tap on id: venue-chat-input RUNNING
00:29:36.488 [ INFO] maestro.Maestro.tap-HgV9Ck0: Tapping on element:  UiElement(treeNode=TreeNode(attributes={text=, accessibilityText=, hintText=Mekana yaz…, ignoreBoundsFiltering=false, resource-id=venue-chat-input, clickable=true, bounds=[33,584][229,627], enabled=true, focused=false, checked=false, scrollable=false, selected=false, class=android.widget.EditText, important-for-accessibility=true, error=}, children=[], clickable=true, enabled=true, focused=false, checked=false, selected=false), bounds=Bounds(x=33, y=584, width=196, height=43))
00:29:37.808 [ INFO] maestro.Maestro.tap-HgV9Ck0: Tap aimed via settled hierarchy
00:29:37.808 [ INFO] maestro.Maestro.hierarchyBasedTap-ogj28Uc: Tapping at (131, 605) using hierarchy based logic for wait
00:29:38.965 [ INFO] maestro.Maestro.hierarchyBasedTap-ogj28Uc: Something has changed in the UI judging by view hierarchy. Proceed.
00:29:38.965 [ INFO] maestro.cli.runner.CliConsoleListener.onCommandFinished: Tap on id: venue-chat-input COMPLETED
00:29:38.965 [ INFO] maestro.cli.runner.CliConsoleListener.onCommandStart: Input text Selam mekan RUNNING
00:29:38.966 [ INFO] maestro.Maestro.inputText: Inputting text: Selam mekan
00:29:41.666 [ INFO] maestro.cli.runner.CliConsoleListener.onCommandFinished: Input text Selam mekan COMPLETED
00:29:41.666 [ INFO] maestro.cli.runner.CliConsoleListener.onCommandStart: Hide Keyboard RUNNING
00:29:41.667 [ INFO] maestro.Maestro.hideKeyboard$lambda$12: Hiding Keyboard
00:29:42.631 [ INFO] maestro.cli.runner.CliConsoleListener.onCommandFinished: Hide Keyboard COMPLETED
00:29:42.632 [ INFO] maestro.cli.runner.CliConsoleListener.onCommandStart: Tap on id: venue-chat-send RUNNING
00:29:42.705 [ INFO] maestro.Maestro.tap-HgV9Ck0: Tapping on element:  UiElement(treeNode=TreeNode(attributes={text=, accessibilityText=Gönder, hintText=, ignoreBoundsFiltering=false, resource-id=venue-chat-send, clickable=true, bounds=[256,558][304,606], enabled=true, focused=false, checked=false, scrollable=false, selected=false, class=android.widget.Button, important-for-accessibility=true, error=}, children=[TreeNode(attributes={text=, accessibilityText=, hintText=, ignoreBoundsFiltering=false, resource-id=, clickable=false, bounds=[256,558][304,606], enabled=true, focused=false, checked=false, scrollable=false, selected=false, class=android.view.ViewGroup, important-for-accessibility=false, error=}, children=[], clickable=false, enabled=true, focused=false, checked=false, selected=false), TreeNode(attributes={text=, accessibilityText=, hintText=, ignoreBoundsFiltering=false, resource-id=, clickable=false, bounds=[270,571][290,592], enabled=true, focused=false, checked=false, scrollable=false, selected=false, class=android.widget.TextView, important-for-accessibility=true, error=}, children=[], clickable=false, enabled=true, focused=false, checked=false, selected=false)], clickable=true, enabled=true, focused=false, checked=false, selected=false), bounds=Bounds(x=256, y=558, width=48, height=48))
00:29:43.925 [ INFO] maestro.Maestro.tap-HgV9Ck0: Tap aimed via settled hierarchy
00:29:43.925 [ INFO] maestro.Maestro.hierarchyBasedTap-ogj28Uc: Tapping at (280, 582) using hierarchy based logic for wait
00:29:45.360 [ INFO] maestro.Maestro.hierarchyBasedTap-ogj28Uc: Something has changed in the UI judging by view hierarchy. Proceed.
00:29:45.360 [ INFO] maestro.cli.runner.CliConsoleListener.onCommandFinished: Tap on id: venue-chat-send COMPLETED
00:29:45.360 [ INFO] maestro.cli.runner.CliConsoleListener.onCommandStart: Assert that "Selam mekan" is visible RUNNING
00:29:45.468 [ INFO] maestro.cli.runner.CliConsoleListener.onCommandFinished: Assert that "Selam mekan" is visible COMPLETED
00:29:45.468 [ INFO] maestro.cli.runner.CliConsoleListener.onCommandStart: Tap on "Profilimle yaz" RUNNING
00:29:45.537 [ INFO] maestro.Maestro.tap-HgV9Ck0: Tapping on element:  UiElement(treeNode=TreeNode(attributes={text=Profilimle yaz, accessibilityText=, hintText=, ignoreBoundsFiltering=false, resource-id=, clickable=false, bounds=[66,545][147,563], enabled=true, focused=false, checked=false, scrollable=false, selected=false, class=android.widget.TextView, important-for-accessibility=true, error=}, children=[], clickable=false, enabled=true, focused=false, checked=false, selected=false), bounds=Bounds(x=66, y=545, width=81, height=18))
00:29:46.760 [ INFO] maestro.Maestro.tap-HgV9Ck0: Tap aimed via settled hierarchy
00:29:46.761 [ INFO] maestro.Maestro.hierarchyBasedTap-ogj28Uc: Tapping at (106, 554) using hierarchy based logic for wait
00:29:47.608 [ INFO] maestro.Maestro.hierarchyBasedTap-ogj28Uc: Something has changed in the UI judging by view hierarchy. Proceed.
00:29:47.608 [ INFO] maestro.cli.runner.CliConsoleListener.onCommandFinished: Tap on "Profilimle yaz" COMPLETED
00:29:47.608 [ INFO] maestro.cli.runner.CliConsoleListener.onCommandStart: Assert that "Adınla görünür; masa adın görünmez." is visible RUNNING
00:29:47.721 [ INFO] maestro.cli.runner.CliConsoleListener.onCommandFinished: Assert that "Adınla görünür; masa adın görünmez." is visible COMPLETED
00:29:47.721 [ INFO] maestro.cli.runner.CliConsoleListener.onCommandStart: Tap on id: venue-chat-input RUNNING
00:29:47.873 [ INFO] maestro.Maestro.tap-HgV9Ck0: Tapping on element:  UiElement(treeNode=TreeNode(attributes={text=, accessibilityText=, hintText=Mekana yaz…, ignoreBoundsFiltering=false, resource-id=venue-chat-input, clickable=true, bounds=[33,584][229,627], enabled=true, focused=true, checked=false, scrollable=false, selected=false, class=android.widget.EditText, important-for-accessibility=true, error=}, children=[], clickable=true, enabled=true, focused=true, checked=false, selected=false), bounds=Bounds(x=33, y=584, width=196, height=43))
00:29:49.092 [ INFO] maestro.Maestro.tap-HgV9Ck0: Tap aimed via settled hierarchy
00:29:49.093 [ INFO] maestro.Maestro.hierarchyBasedTap-ogj28Uc: Tapping at (131, 605) using hierarchy based logic for wait
00:29:50.144 [ INFO] maestro.Maestro.hierarchyBasedTap-ogj28Uc: Something has changed in the UI judging by view hierarchy. Proceed.
00:29:50.144 [ INFO] maestro.cli.runner.CliConsoleListener.onCommandFinished: Tap on id: venue-chat-input COMPLETED
00:29:50.145 [ INFO] maestro.cli.runner.CliConsoleListener.onCommandStart: Input text Adımla yazıyorum RUNNING
00:29:50.145 [ INFO] maestro.Maestro.inputText: Inputting text: Adımla yazıyorum
00:29:52.004 [ INFO] maestro.cli.runner.CliConsoleListener.onCommandFinished: Input text Adımla yazıyorum COMPLETED
00:29:52.005 [ INFO] maestro.cli.runner.CliConsoleListener.onCommandStart: Hide Keyboard RUNNING
00:29:52.005 [ INFO] maestro.Maestro.hideKeyboard$lambda$12: Hiding Keyboard
00:29:53.047 [ INFO] maestro.cli.runner.CliConsoleListener.onCommandFinished: Hide Keyboard COMPLETED
00:29:53.047 [ INFO] maestro.cli.runner.CliConsoleListener.onCommandStart: Tap on id: venue-chat-send RUNNING
00:29:53.152 [ INFO] maestro.Maestro.tap-HgV9Ck0: Tapping on element:  UiElement(treeNode=TreeNode(attributes={text=, accessibilityText=Gönder, hintText=, ignoreBoundsFiltering=false, resource-id=venue-chat-send, clickable=true, bounds=[256,558][304,606], enabled=true, focused=false, checked=false, scrollable=false, selected=false, class=android.widget.Button, important-for-accessibility=true, error=}, children=[TreeNode(attributes={text=, accessibilityText=, hintText=, ignoreBoundsFiltering=false, resource-id=, clickable=false, bounds=[256,558][304,606], enabled=true, focused=false, checked=false, scrollable=false, selected=false, class=android.view.ViewGroup, important-for-accessibility=false, error=}, children=[], clickable=false, enabled=true, focused=false, checked=false, selected=false), TreeNode(attributes={text=, accessibilityText=, hintText=, ignoreBoundsFiltering=false, resource-id=, clickable=false, bounds=[270,571][290,592], enabled=true, focused=false, checked=false, scrollable=false, selected=false, class=android.widget.TextView, important-for-accessibility=true, error=}, children=[], clickable=false, enabled=true, focused=false, checked=false, selected=false)], clickable=true, enabled=true, focused=false, checked=false, selected=false), bounds=Bounds(x=256, y=558, width=48, height=48))
00:29:54.413 [ INFO] maestro.Maestro.tap-HgV9Ck0: Tap aimed via settled hierarchy
00:29:54.413 [ INFO] maestro.Maestro.hierarchyBasedTap-ogj28Uc: Tapping at (280, 582) using hierarchy based logic for wait
00:29:55.669 [ INFO] maestro.Maestro.hierarchyBasedTap-ogj28Uc: Something has changed in the UI judging by view hierarchy. Proceed.
00:29:55.669 [ INFO] maestro.cli.runner.CliConsoleListener.onCommandFinished: Tap on id: venue-chat-send COMPLETED
00:29:55.669 [ INFO] maestro.cli.runner.CliConsoleListener.onCommandStart: Assert that "Adımla yazıyorum" is visible RUNNING
00:29:55.777 [ INFO] maestro.cli.runner.CliConsoleListener.onCommandFinished: Assert that "Adımla yazıyorum" is visible COMPLETED
00:29:55.777 [ INFO] maestro.cli.runner.CliConsoleListener.onCommandStart: Take screenshot 36-venue-chat-mine RUNNING
00:29:55.778 [ INFO] maestro.Maestro.takeScreenshot: Taking screenshot
00:29:55.778 [TRACE] maestro.utils.ScreenshotUtils.takeScreenshot: Taking screenshot to output sink
00:29:55.840 [ INFO] maestro.cli.runner.CliConsoleListener.onCommandFinished: Take screenshot 36-venue-chat-mine COMPLETED
00:29:55.840 [ INFO] maestro.cli.runner.CliConsoleListener.onCommandStart: Run ../scripts/bot.js RUNNING
00:29:55.904 [ INFO] maestro.cli.runner.CliConsoleListener.onCommandFinished: Run ../scripts/bot.js COMPLETED
00:29:55.904 [ INFO] maestro.cli.runner.CliConsoleListener.onCommandStart: Scrolling DOWN until "Bot İki burada" is visible with speed 40, visibility percentage 100%, timeout 20000 ms, with centering disabled RUNNING
00:29:56.619 [ INFO] maestro.orchestra.Orchestra.scrollUntilVisible: Scrolling try count: 0, DeviceWidth: 320, DeviceWidth: 640
00:29:56.619 [ INFO] maestro.orchestra.Orchestra.scrollUntilVisible: Element bounds: Bounds(x=70, y=380, width=100, height=23)
00:29:56.619 [ INFO] maestro.orchestra.Orchestra.scrollUntilVisible: Visibility Percent: 1.0
00:29:56.619 [ INFO] maestro.orchestra.Orchestra.scrollUntilVisible: Command centerElement: ScrollUntilVisibleCommand(selector=ElementSelector(textRegex=Bot İki burada, idRegex=null, size=null, below=null, above=null, leftOf=null, rightOf=null, containsChild=null, containsDescendants=null, traits=null, index=null, enabled=null, optional=false, selected=null, checked=null, focused=null, childOf=null, css=null), direction=DOWN, scrollDuration=601, visibilityPercentage=100, timeout=20000, waitToSettleTimeoutMs=null, centerElement=false, originalSpeedValue=40, label=null, optional=false).centerElement
00:29:56.619 [ INFO] maestro.orchestra.Orchestra.scrollUntilVisible: visibilityPercentageNormalized: 1.0
00:29:56.619 [ INFO] maestro.cli.runner.CliConsoleListener.onCommandFinished: Scrolling DOWN until "Bot İki burada" is visible with speed 40, visibility percentage 100%, timeout 20000 ms, with centering disabled COMPLETED
00:29:56.619 [ INFO] maestro.cli.runner.CliConsoleListener.onCommandStart: Take screenshot 37-venue-chat-profiled RUNNING
00:29:56.620 [ INFO] maestro.Maestro.takeScreenshot: Taking screenshot
00:29:56.620 [TRACE] maestro.utils.ScreenshotUtils.takeScreenshot: Taking screenshot to output sink
00:29:56.642 [ INFO] maestro.cli.runner.CliConsoleListener.onCommandFinished: Take screenshot 37-venue-chat-profiled COMPLETED
00:29:56.642 [ INFO] maestro.cli.runner.CliConsoleListener.onCommandStart: Tap on "Bot İki" RUNNING
00:29:56.786 [ INFO] maestro.Maestro.tap-HgV9Ck0: Tapping on element:  UiElement(treeNode=TreeNode(attributes={text=Bot İki, accessibilityText=, hintText=, ignoreBoundsFiltering=false, resource-id=, clickable=false, bounds=[60,346][98,364], enabled=true, focused=false, checked=false, scrollable=false, selected=false, class=android.widget.TextView, important-for-accessibility=true, error=}, children=[], clickable=false, enabled=true, focused=false, checked=false, selected=false), bounds=Bounds(x=60, y=346, width=38, height=18))
00:29:57.968 [ INFO] maestro.Maestro.tap-HgV9Ck0: Tap aimed via settled hierarchy
00:29:57.969 [ INFO] maestro.Maestro.hierarchyBasedTap-ogj28Uc: Tapping at (79, 355) using hierarchy based logic for wait
00:29:59.349 [ INFO] maestro.Maestro.hierarchyBasedTap-ogj28Uc: Something has changed in the UI judging by view hierarchy. Proceed.
00:29:59.349 [ INFO] maestro.cli.runner.CliConsoleListener.onCommandFinished: Tap on "Bot İki" COMPLETED
00:29:59.349 [ INFO] maestro.cli.runner.CliConsoleListener.onCommandStart: Assert that id: venue-chat-profile is visible RUNNING
00:29:59.417 [ INFO] maestro.cli.runner.CliConsoleListener.onCommandFinished: Assert that id: venue-chat-profile is visible COMPLETED
00:29:59.417 [ INFO] maestro.cli.runner.CliConsoleListener.onCommandStart: Take screenshot 38-venue-chat-profile RUNNING
00:29:59.417 [ INFO] maestro.Maestro.takeScreenshot: Taking screenshot
00:29:59.417 [TRACE] maestro.utils.ScreenshotUtils.takeScreenshot: Taking screenshot to output sink
00:29:59.441 [ INFO] maestro.cli.runner.CliConsoleListener.onCommandFinished: Take screenshot 38-venue-chat-profile COMPLETED
00:29:59.441 [ INFO] maestro.cli.runner.CliConsoleListener.onCommandStart: Tap on id: venue-chat-request RUNNING
00:29:59.589 [ INFO] maestro.Maestro.tap-HgV9Ck0: Tapping on element:  UiElement(treeNode=TreeNode(attributes={text=, accessibilityText=Arkadaşlık isteği gönder, hintText=, ignoreBoundsFiltering=false, resource-id=venue-chat-request, clickable=true, bounds=[20,490][300,554], enabled=true, focused=false, checked=false, scrollable=false, selected=false, class=android.widget.Button, important-for-accessibility=true, error=}, children=[TreeNode(attributes={text=, accessibilityText=, hintText=, ignoreBoundsFiltering=false, resource-id=, clickable=false, bounds=[20,490][300,554], enabled=true, focused=false, checked=false, scrollable=false, selected=false, class=android.view.ViewGroup, important-for-accessibility=false, error=}, children=[], clickable=false, enabled=true, focused=false, checked=false, selected=false), TreeNode(attributes={text=, accessibilityText=, hintText=, ignoreBoundsFiltering=false, resource-id=, clickable=false, bounds=[44,511][64,532], enabled=true, focused=false, checked=false, scrollable=false, selected=false, class=android.widget.TextView, important-for-accessibility=true, error=}, children=[], clickable=false, enabled=true, focused=false, checked=false, selected=false), TreeNode(attributes={text=Arkadaşlık isteği gönder, accessibilityText=, hintText=, ignoreBoundsFiltering=false, resource-id=, clickable=false, bounds=[72,511][276,533], enabled=true, focused=false, checked=false, scrollable=false, selected=false, class=android.widget.TextView, important-for-accessibility=true, error=}, children=[], clickable=false, enabled=true, focused=false, checked=false, selected=false)], clickable=true, enabled=true, focused=false, checked=false, selected=false), bounds=Bounds(x=20, y=490, width=280, height=64))
00:30:01.168 [ INFO] maestro.Maestro.tap-HgV9Ck0: Tap aimed via settled hierarchy
00:30:01.169 [ INFO] maestro.Maestro.hierarchyBasedTap-ogj28Uc: Tapping at (160, 522) using hierarchy based logic for wait
00:30:02.036 [ INFO] maestro.Maestro.hierarchyBasedTap-ogj28Uc: Something has changed in the UI judging by view hierarchy. Proceed.
00:30:02.036 [ INFO] maestro.cli.runner.CliConsoleListener.onCommandFinished: Tap on id: venue-chat-request COMPLETED
00:30:02.036 [ INFO] maestro.cli.runner.CliConsoleListener.onCommandStart: Assert that "İstek gönderilsin mi\?" is visible RUNNING
00:30:02.101 [ INFO] maestro.cli.runner.CliConsoleListener.onCommandFinished: Assert that "İstek gönderilsin mi\?" is visible COMPLETED
00:30:02.101 [ INFO] maestro.cli.runner.CliConsoleListener.onCommandStart: Take screenshot 39-venue-chat-request-confirm RUNNING
00:30:02.101 [ INFO] maestro.Maestro.takeScreenshot: Taking screenshot
00:30:02.102 [TRACE] maestro.utils.ScreenshotUtils.takeScreenshot: Taking screenshot to output sink
00:30:02.162 [ INFO] maestro.cli.runner.CliConsoleListener.onCommandFinished: Take screenshot 39-venue-chat-request-confirm COMPLETED
00:30:02.162 [ INFO] maestro.cli.runner.CliConsoleListener.onCommandStart: Tap on id: venue-chat-request-confirm RUNNING
00:30:02.224 [ INFO] maestro.Maestro.tap-HgV9Ck0: Tapping on element:  UiElement(treeNode=TreeNode(attributes={text=, accessibilityText=İsteği gönder, hintText=, ignoreBoundsFiltering=false, resource-id=venue-chat-request-confirm, clickable=true, bounds=[24,568][296,616], enabled=true, focused=false, checked=false, scrollable=false, selected=false, class=android.widget.Button, important-for-accessibility=true, error=}, children=[TreeNode(attributes={text=, accessibilityText=, hintText=, ignoreBoundsFiltering=false, resource-id=, clickable=false, bounds=[24,568][296,616], enabled=true, focused=false, checked=false, scrollable=false, selected=false, class=android.view.ViewGroup, important-for-accessibility=false, error=}, children=[], clickable=false, enabled=true, focused=false, checked=false, selected=false), TreeNode(attributes={text=İsteği gönder, accessibilityText=, hintText=, ignoreBoundsFiltering=false, resource-id=, clickable=false, bounds=[111,582][209,602], enabled=true, focused=false, checked=false, scrollable=false, selected=false, class=android.widget.TextView, important-for-accessibility=true, error=}, children=[], clickable=false, enabled=true, focused=false, checked=false, selected=false)], clickable=true, enabled=true, focused=false, checked=false, selected=false), bounds=Bounds(x=24, y=568, width=272, height=48))
00:30:03.480 [ INFO] maestro.Maestro.tap-HgV9Ck0: Tap aimed via settled hierarchy
00:30:03.480 [ INFO] maestro.Maestro.hierarchyBasedTap-ogj28Uc: Tapping at (160, 592) using hierarchy based logic for wait
00:30:04.592 [ INFO] maestro.Maestro.hierarchyBasedTap-ogj28Uc: Something has changed in the UI judging by view hierarchy. Proceed.
00:30:04.592 [ INFO] maestro.cli.runner.CliConsoleListener.onCommandFinished: Tap on id: venue-chat-request-confirm COMPLETED
00:30:04.592 [ INFO] maestro.cli.runner.CliConsoleListener.onCommandStart: Assert that id: venue-chat-request-sent is visible RUNNING
00:30:04.700 [ INFO] maestro.cli.runner.CliConsoleListener.onCommandFinished: Assert that id: venue-chat-request-sent is visible COMPLETED
00:30:04.700 [ INFO] maestro.cli.runner.CliConsoleListener.onCommandStart: Run ../scripts/bot.js RUNNING
00:30:04.816 [ INFO] maestro.cli.runner.CliConsoleListener.onCommandFinished: Run ../scripts/bot.js COMPLETED
00:30:04.816 [ INFO] maestro.cli.runner.CliConsoleListener.onCommandStart: Scrolling DOWN until "Geri dön" is visible with speed 40, visibility percentage 100%, timeout 10000 ms, with centering disabled RUNNING
00:30:04.939 [ INFO] maestro.orchestra.Orchestra.scrollUntilVisible: Scrolling try count: 0, DeviceWidth: 320, DeviceWidth: 640
00:30:04.939 [ INFO] maestro.orchestra.Orchestra.scrollUntilVisible: Element bounds: Bounds(x=46, y=48, width=64, height=20)
00:30:04.939 [ INFO] maestro.orchestra.Orchestra.scrollUntilVisible: Visibility Percent: 1.0
00:30:04.939 [ INFO] maestro.orchestra.Orchestra.scrollUntilVisible: Command centerElement: ScrollUntilVisibleCommand(selector=ElementSelector(textRegex=Geri dön, idRegex=null, size=null, below=null, above=null, leftOf=null, rightOf=null, containsChild=null, containsDescendants=null, traits=null, index=null, enabled=null, optional=false, selected=null, checked=null, focused=null, childOf=null, css=null), direction=DOWN, scrollDuration=601, visibilityPercentage=100, timeout=10000, waitToSettleTimeoutMs=null, centerElement=false, originalSpeedValue=40, label=null, optional=false).centerElement
00:30:04.940 [ INFO] maestro.orchestra.Orchestra.scrollUntilVisible: visibilityPercentageNormalized: 1.0
00:30:04.940 [ INFO] maestro.cli.runner.CliConsoleListener.onCommandFinished: Scrolling DOWN until "Geri dön" is visible with speed 40, visibility percentage 100%, timeout 10000 ms, with centering disabled COMPLETED
00:30:04.940 [ INFO] maestro.cli.runner.CliConsoleListener.onCommandStart: Tap on "Geri dön" RUNNING
00:30:05.028 [ INFO] maestro.Maestro.tap-HgV9Ck0: Tapping on element:  UiElement(treeNode=TreeNode(attributes={text=Geri dön, accessibilityText=, hintText=, ignoreBoundsFiltering=false, resource-id=, clickable=false, bounds=[46,48][110,68], enabled=true, focused=false, checked=false, scrollable=false, selected=false, class=android.widget.TextView, important-for-accessibility=true, error=}, children=[], clickable=false, enabled=true, focused=false, checked=false, selected=false), bounds=Bounds(x=46, y=48, width=64, height=20))
00:30:06.312 [ INFO] maestro.Maestro.tap-HgV9Ck0: Tap aimed via settled hierarchy
00:30:06.312 [ INFO] maestro.Maestro.hierarchyBasedTap-ogj28Uc: Tapping at (78, 58) using hierarchy based logic for wait
00:30:07.212 [ INFO] maestro.Maestro.hierarchyBasedTap-ogj28Uc: Something has changed in the UI judging by view hierarchy. Proceed.
00:30:07.212 [ INFO] maestro.cli.runner.CliConsoleListener.onCommandFinished: Tap on "Geri dön" COMPLETED
00:30:07.212 [ INFO] maestro.cli.runner.CliConsoleListener.onCommandStart: Scrolling UP until "Geri" is visible with speed 40, visibility percentage 100%, timeout 10000 ms, with centering disabled RUNNING
00:30:07.326 [ INFO] maestro.orchestra.Orchestra.scrollUntilVisible: Scrolling try count: 0, DeviceWidth: 320, DeviceWidth: 640
00:30:07.326 [ INFO] maestro.orchestra.Orchestra.scrollUntilVisible: Element bounds: Bounds(x=4, y=30, width=44, height=44)
00:30:07.326 [ INFO] maestro.orchestra.Orchestra.scrollUntilVisible: Visibility Percent: 1.0
00:30:07.326 [ INFO] maestro.orchestra.Orchestra.scrollUntilVisible: Command centerElement: ScrollUntilVisibleCommand(selector=ElementSelector(textRegex=Geri, idRegex=null, size=null, below=null, above=null, leftOf=null, rightOf=null, containsChild=null, containsDescendants=null, traits=null, index=null, enabled=null, optional=false, selected=null, checked=null, focused=null, childOf=null, css=null), direction=UP, scrollDuration=601, visibilityPercentage=100, timeout=10000, waitToSettleTimeoutMs=null, centerElement=false, originalSpeedValue=40, label=null, optional=false).centerElement
00:30:07.326 [ INFO] maestro.orchestra.Orchestra.scrollUntilVisible: visibilityPercentageNormalized: 1.0
00:30:07.326 [ INFO] maestro.cli.runner.CliConsoleListener.onCommandFinished: Scrolling UP until "Geri" is visible with speed 40, visibility percentage 100%, timeout 10000 ms, with centering disabled COMPLETED
00:30:07.326 [ INFO] maestro.cli.runner.CliConsoleListener.onCommandStart: Tap on "Geri" RUNNING
00:30:07.434 [ INFO] maestro.Maestro.tap-HgV9Ck0: Tapping on element:  UiElement(treeNode=TreeNode(attributes={text=, accessibilityText=Geri, hintText=, ignoreBoundsFiltering=false, resource-id=chat-back, clickable=true, bounds=[4,30][48,74], enabled=true, focused=false, checked=false, scrollable=false, selected=false, class=android.widget.Button, important-for-accessibility=true, error=}, children=[TreeNode(attributes={text=, accessibilityText=, hintText=, ignoreBoundsFiltering=false, resource-id=, clickable=false, bounds=[14,39][38,65], enabled=true, focused=false, checked=false, scrollable=false, selected=false, class=android.widget.TextView, important-for-accessibility=true, error=}, children=[], clickable=false, enabled=true, focused=false, checked=false, selected=false)], clickable=true, enabled=true, focused=false, checked=false, selected=false), bounds=Bounds(x=4, y=30, width=44, height=44))
00:30:08.700 [ INFO] maestro.Maestro.tap-HgV9Ck0: Tap aimed via settled hierarchy
00:30:08.701 [ INFO] maestro.Maestro.hierarchyBasedTap-ogj28Uc: Tapping at (26, 52) using hierarchy based logic for wait
00:30:09.705 [ INFO] maestro.Maestro.hierarchyBasedTap-ogj28Uc: Something has changed in the UI judging by view hierarchy. Proceed.
00:30:09.705 [ INFO] maestro.cli.runner.CliConsoleListener.onCommandFinished: Tap on "Geri" COMPLETED
00:30:09.705 [ INFO] maestro.cli.runner.CliConsoleListener.onCommandStart: Tap on id: tab-messages RUNNING
00:30:09.855 [ INFO] maestro.Maestro.tap-HgV9Ck0: Tapping on element:  UiElement(treeNode=TreeNode(attributes={text=, accessibilityText=Mesajlar, hintText=, ignoreBoundsFiltering=false, resource-id=tab-messages, clickable=true, bounds=[187,568][242,632], enabled=true, focused=false, checked=false, scrollable=false, selected=false, class=android.view.View, important-for-accessibility=true, error=}, children=[TreeNode(attributes={text=, accessibilityText=, hintText=, ignoreBoundsFiltering=false, resource-id=, clickable=false, bounds=[202,580][226,604], enabled=true, focused=false, checked=false, scrollable=false, selected=false, class=android.widget.ImageView, important-for-accessibility=false, error=}, children=[], clickable=false, enabled=true, focused=false, checked=false, selected=false), TreeNode(attributes={text=Mesajlar, accessibilityText=, hintText=, ignoreBoundsFiltering=false, resource-id=, clickable=false, bounds=[190,612][238,628], enabled=true, focused=false, checked=false, scrollable=false, selected=false, class=android.widget.TextView, important-for-accessibility=true, error=}, children=[], clickable=false, enabled=true, focused=false, checked=false, selected=false)], clickable=true, enabled=true, focused=false, checked=false, selected=false), bounds=Bounds(x=187, y=568, width=55, height=64))
00:30:11.105 [ INFO] maestro.Maestro.tap-HgV9Ck0: Tap aimed via settled hierarchy
00:30:11.105 [ INFO] maestro.Maestro.hierarchyBasedTap-ogj28Uc: Tapping at (214, 600) using hierarchy based logic for wait
00:30:12.237 [ INFO] maestro.Maestro.hierarchyBasedTap-ogj28Uc: Something has changed in the UI judging by view hierarchy. Proceed.
00:30:12.237 [ INFO] maestro.cli.runner.CliConsoleListener.onCommandFinished: Tap on id: tab-messages COMPLETED
00:30:12.237 [ INFO] maestro.cli.runner.CliConsoleListener.onCommandStart: Assert that "Bot İki" is visible RUNNING
00:30:12.349 [ INFO] maestro.cli.runner.CliConsoleListener.onCommandFinished: Assert that "Bot İki" is visible COMPLETED
00:30:12.350 [ INFO] maestro.cli.runner.CliConsoleListener.onCommandStart: Take screenshot 40-venue-chat-friend RUNNING
00:30:12.350 [ INFO] maestro.Maestro.takeScreenshot: Taking screenshot
00:30:12.350 [TRACE] maestro.utils.ScreenshotUtils.takeScreenshot: Taking screenshot to output sink
00:30:12.418 [ INFO] maestro.cli.runner.CliConsoleListener.onCommandFinished: Take screenshot 40-venue-chat-friend COMPLETED
00:30:12.418 [ INFO] maestro.cli.runner.CliConsoleListener.onCommandFinished: Run flows/08-venue-chat.yaml COMPLETED
