10:03:06.280 [ INFO] maestro.cli.runner.CliConsoleListener.onCommandStart: Define variables RUNNING
10:03:06.307 [ INFO] maestro.cli.runner.CliConsoleListener.onCommandFinished: Define variables COMPLETED
10:03:06.318 [ INFO] maestro.cli.runner.CliConsoleListener.onCommandStart: Apply configuration RUNNING
10:03:06.319 [ INFO] maestro.cli.runner.CliConsoleListener.onCommandFinished: Apply configuration COMPLETED
10:03:06.320 [ INFO] maestro.cli.runner.CliConsoleListener.onCommandStart: Run flows/01-login.yaml RUNNING
10:03:06.325 [ INFO] maestro.cli.runner.CliConsoleListener.onCommandStart: Apply configuration RUNNING
10:03:06.326 [ INFO] maestro.cli.runner.CliConsoleListener.onCommandFinished: Apply configuration COMPLETED
10:03:06.326 [ INFO] maestro.cli.runner.CliConsoleListener.onCommandStart: Launch app "app.kabuk.mobile" with clear state RUNNING
10:03:06.333 [ INFO] maestro.Maestro.clearAppState$lambda$8: Clearing app state app.kabuk.mobile
10:03:07.938 [DEBUG] maestro.Maestro.setPermissionInternal: Failed to set permission android.permission.READ_EXTERNAL_STORAGE for app app.kabuk.mobile: shell command failed (exit -1): 
Exception occurred while executing 'grant':
java.lang.SecurityException: Package app.kabuk.mobile has not requested permission android.permission.READ_EXTERNAL_STORAGE
	at com.android.server.pm.permission.PermissionManagerServiceImpl.grantRuntimePermissionInternal(PermissionManagerServiceImpl.java:1423)
	at com.android.server.pm.permission.PermissionManagerServiceImpl.grantRuntimePermission(PermissionManagerServiceImpl.java:1337)
	at com.android.server.pm.permission.PermissionManagerService.grantRuntimePermission(PermissionManagerService.java:551)
	at android.permission.PermissionManager.grantRuntimePermission(PermissionManager.java:609)
	at com.android.server.pm.PackageManagerShellCommand.runGrantRevokePermission(PackageManagerShellCommand.java:2672)
	at com.android.server.pm.PackageManagerShellCommand.onCommand(PackageManagerShellCommand.java:291)
	at com.android.modules.utils.BasicShellCommandHandler.exec(BasicShellCommandHandler.java:97)
	at android.os.ShellCommand.exec(ShellCommand.java:38)
	at com.android.server.pm.PackageManagerService$IPackageManagerImpl.onShellCommand(PackageManagerService.java:6350)
	at android.os.Binder.shellCommand(Binder.java:1068)
	at android.os.Binder.onTransact(Binder.java:888)
	at android.content.pm.IPackageManager$Stub.onTransact(IPackageManager.java:4352)
	at com.android.server.pm.PackageManagerService$IPackageManagerImpl.onTransact(PackageManagerService.java:6334)
	at android.os.Binder.execTransactInternal(Binder.java:1344)
	at android.os.Binder.execTransact(Binder.java:1275)

10:03:08.099 [DEBUG] maestro.Maestro.setPermissionInternal: Failed to set permission android.permission.WRITE_EXTERNAL_STORAGE for app app.kabuk.mobile: shell command failed (exit -1): 
Exception occurred while executing 'grant':
java.lang.SecurityException: Package app.kabuk.mobile has not requested permission android.permission.WRITE_EXTERNAL_STORAGE
	at com.android.server.pm.permission.PermissionManagerServiceImpl.grantRuntimePermissionInternal(PermissionManagerServiceImpl.java:1423)
	at com.android.server.pm.permission.PermissionManagerServiceImpl.grantRuntimePermission(PermissionManagerServiceImpl.java:1337)
	at com.android.server.pm.permission.PermissionManagerService.grantRuntimePermission(PermissionManagerService.java:551)
	at android.permission.PermissionManager.grantRuntimePermission(PermissionManager.java:609)
	at com.android.server.pm.PackageManagerShellCommand.runGrantRevokePermission(PackageManagerShellCommand.java:2672)
	at com.android.server.pm.PackageManagerShellCommand.onCommand(PackageManagerShellCommand.java:291)
	at com.android.modules.utils.BasicShellCommandHandler.exec(BasicShellCommandHandler.java:97)
	at android.os.ShellCommand.exec(ShellCommand.java:38)
	at com.android.server.pm.PackageManagerService$IPackageManagerImpl.onShellCommand(PackageManagerService.java:6350)
	at android.os.Binder.shellCommand(Binder.java:1068)
	at android.os.Binder.onTransact(Binder.java:888)
	at android.content.pm.IPackageManager$Stub.onTransact(IPackageManager.java:4352)
	at com.android.server.pm.PackageManagerService$IPackageManagerImpl.onTransact(PackageManagerService.java:6334)
	at android.os.Binder.execTransactInternal(Binder.java:1344)
	at android.os.Binder.execTransact(Binder.java:1275)

10:03:08.654 [DEBUG] maestro.Maestro.setPermissionInternal: Failed to set permission com.google.android.finsky.permission.BIND_GET_INSTALL_REFERRER_SERVICE for app app.kabuk.mobile: shell command failed (exit -1): 
Exception occurred while executing 'grant':
java.lang.IllegalArgumentException: Unknown permission: com.google.android.finsky.permission.BIND_GET_INSTALL_REFERRER_SERVICE
	at com.android.server.pm.permission.PermissionManagerServiceImpl.grantRuntimePermissionInternal(PermissionManagerServiceImpl.java:1380)
	at com.android.server.pm.permission.PermissionManagerServiceImpl.grantRuntimePermission(PermissionManagerServiceImpl.java:1337)
	at com.android.server.pm.permission.PermissionManagerService.grantRuntimePermission(PermissionManagerService.java:551)
	at android.permission.PermissionManager.grantRuntimePermission(PermissionManager.java:609)
	at com.android.server.pm.PackageManagerShellCommand.runGrantRevokePermission(PackageManagerShellCommand.java:2672)
	at com.android.server.pm.PackageManagerShellCommand.onCommand(PackageManagerShellCommand.java:291)
	at com.android.modules.utils.BasicShellCommandHandler.exec(BasicShellCommandHandler.java:97)
	at android.os.ShellCommand.exec(ShellCommand.java:38)
	at com.android.server.pm.PackageManagerService$IPackageManagerImpl.onShellCommand(PackageManagerService.java:6350)
	at android.os.Binder.shellCommand(Binder.java:1068)
	at android.os.Binder.onTransact(Binder.java:888)
	at android.content.pm.IPackageManager$Stub.onTransact(IPackageManager.java:4352)
	at com.android.server.pm.PackageManagerService$IPackageManagerImpl.onTransact(PackageManagerService.java:6334)
	at android.os.Binder.execTransactInternal(Binder.java:1344)
	at android.os.Binder.execTransact(Binder.java:1275)

10:03:08.716 [DEBUG] maestro.Maestro.setPermissionInternal: Failed to set permission com.sec.android.provider.badge.permission.READ for app app.kabuk.mobile: shell command failed (exit -1): 
Exception occurred while executing 'grant':
java.lang.IllegalArgumentException: Unknown permission: com.sec.android.provider.badge.permission.READ
	at com.android.server.pm.permission.PermissionManagerServiceImpl.grantRuntimePermissionInternal(PermissionManagerServiceImpl.java:1380)
	at com.android.server.pm.permission.PermissionManagerServiceImpl.grantRuntimePermission(PermissionManagerServiceImpl.java:1337)
	at com.android.server.pm.permission.PermissionManagerService.grantRuntimePermission(PermissionManagerService.java:551)
	at android.permission.PermissionManager.grantRuntimePermission(PermissionManager.java:609)
	at com.android.server.pm.PackageManagerShellCommand.runGrantRevokePermission(PackageManagerShellCommand.java:2672)
	at com.android.server.pm.PackageManagerShellCommand.onCommand(PackageManagerShellCommand.java:291)
	at com.android.modules.utils.BasicShellCommandHandler.exec(BasicShellCommandHandler.java:97)
	at android.os.ShellCommand.exec(ShellCommand.java:38)
	at com.android.server.pm.PackageManagerService$IPackageManagerImpl.onShellCommand(PackageManagerService.java:6350)
	at android.os.Binder.shellCommand(Binder.java:1068)
	at android.os.Binder.onTransact(Binder.java:888)
	at android.content.pm.IPackageManager$Stub.onTransact(IPackageManager.java:4352)
	at com.android.server.pm.PackageManagerService$IPackageManagerImpl.onTransact(PackageManagerService.java:6334)
	at android.os.Binder.execTransactInternal(Binder.java:1344)
	at android.os.Binder.execTransact(Binder.java:1275)

10:03:08.777 [DEBUG] maestro.Maestro.setPermissionInternal: Failed to set permission com.sec.android.provider.badge.permission.WRITE for app app.kabuk.mobile: shell command failed (exit -1): 
Exception occurred while executing 'grant':
java.lang.IllegalArgumentException: Unknown permission: com.sec.android.provider.badge.permission.WRITE
	at com.android.server.pm.permission.PermissionManagerServiceImpl.grantRuntimePermissionInternal(PermissionManagerServiceImpl.java:1380)
	at com.android.server.pm.permission.PermissionManagerServiceImpl.grantRuntimePermission(PermissionManagerServiceImpl.java:1337)
	at com.android.server.pm.permission.PermissionManagerService.grantRuntimePermission(PermissionManagerService.java:551)
	at android.permission.PermissionManager.grantRuntimePermission(PermissionManager.java:609)
	at com.android.server.pm.PackageManagerShellCommand.runGrantRevokePermission(PackageManagerShellCommand.java:2672)
	at com.android.server.pm.PackageManagerShellCommand.onCommand(PackageManagerShellCommand.java:291)
	at com.android.modules.utils.BasicShellCommandHandler.exec(BasicShellCommandHandler.java:97)
	at android.os.ShellCommand.exec(ShellCommand.java:38)
	at com.android.server.pm.PackageManagerService$IPackageManagerImpl.onShellCommand(PackageManagerService.java:6350)
	at android.os.Binder.shellCommand(Binder.java:1068)
	at android.os.Binder.onTransact(Binder.java:888)
	at android.content.pm.IPackageManager$Stub.onTransact(IPackageManager.java:4352)
	at com.android.server.pm.PackageManagerService$IPackageManagerImpl.onTransact(PackageManagerService.java:6334)
	at android.os.Binder.execTransactInternal(Binder.java:1344)
	at android.os.Binder.execTransact(Binder.java:1275)

10:03:08.838 [DEBUG] maestro.Maestro.setPermissionInternal: Failed to set permission com.htc.launcher.permission.READ_SETTINGS for app app.kabuk.mobile: shell command failed (exit -1): 
Exception occurred while executing 'grant':
java.lang.IllegalArgumentException: Unknown permission: com.htc.launcher.permission.READ_SETTINGS
	at com.android.server.pm.permission.PermissionManagerServiceImpl.grantRuntimePermissionInternal(PermissionManagerServiceImpl.java:1380)
	at com.android.server.pm.permission.PermissionManagerServiceImpl.grantRuntimePermission(PermissionManagerServiceImpl.java:1337)
	at com.android.server.pm.permission.PermissionManagerService.grantRuntimePermission(PermissionManagerService.java:551)
	at android.permission.PermissionManager.grantRuntimePermission(PermissionManager.java:609)
	at com.android.server.pm.PackageManagerShellCommand.runGrantRevokePermission(PackageManagerShellCommand.java:2672)
	at com.android.server.pm.PackageManagerShellCommand.onCommand(PackageManagerShellCommand.java:291)
	at com.android.modules.utils.BasicShellCommandHandler.exec(BasicShellCommandHandler.java:97)
	at android.os.ShellCommand.exec(ShellCommand.java:38)
	at com.android.server.pm.PackageManagerService$IPackageManagerImpl.onShellCommand(PackageManagerService.java:6350)
	at android.os.Binder.shellCommand(Binder.java:1068)
	at android.os.Binder.onTransact(Binder.java:888)
	at android.content.pm.IPackageManager$Stub.onTransact(IPackageManager.java:4352)
	at com.android.server.pm.PackageManagerService$IPackageManagerImpl.onTransact(PackageManagerService.java:6334)
	at android.os.Binder.execTransactInternal(Binder.java:1344)
	at android.os.Binder.execTransact(Binder.java:1275)

10:03:08.878 [DEBUG] maestro.Maestro.setPermissionInternal: Failed to set permission com.htc.launcher.permission.UPDATE_SHORTCUT for app app.kabuk.mobile: shell command failed (exit -1): 
Exception occurred while executing 'grant':
java.lang.IllegalArgumentException: Unknown permission: com.htc.launcher.permission.UPDATE_SHORTCUT
	at com.android.server.pm.permission.PermissionManagerServiceImpl.grantRuntimePermissionInternal(PermissionManagerServiceImpl.java:1380)
	at com.android.server.pm.permission.PermissionManagerServiceImpl.grantRuntimePermission(PermissionManagerServiceImpl.java:1337)
	at com.android.server.pm.permission.PermissionManagerService.grantRuntimePermission(PermissionManagerService.java:551)
	at android.permission.PermissionManager.grantRuntimePermission(PermissionManager.java:609)
	at com.android.server.pm.PackageManagerShellCommand.runGrantRevokePermission(PackageManagerShellCommand.java:2672)
	at com.android.server.pm.PackageManagerShellCommand.onCommand(PackageManagerShellCommand.java:291)
	at com.android.modules.utils.BasicShellCommandHandler.exec(BasicShellCommandHandler.java:97)
	at android.os.ShellCommand.exec(ShellCommand.java:38)
	at com.android.server.pm.PackageManagerService$IPackageManagerImpl.onShellCommand(PackageManagerService.java:6350)
	at android.os.Binder.shellCommand(Binder.java:1068)
	at android.os.Binder.onTransact(Binder.java:888)
	at android.content.pm.IPackageManager$Stub.onTransact(IPackageManager.java:4352)
	at com.android.server.pm.PackageManagerService$IPackageManagerImpl.onTransact(PackageManagerService.java:6334)
	at android.os.Binder.execTransactInternal(Binder.java:1344)
	at android.os.Binder.execTransact(Binder.java:1275)

10:03:08.961 [DEBUG] maestro.Maestro.setPermissionInternal: Failed to set permission com.sonyericsson.home.permission.BROADCAST_BADGE for app app.kabuk.mobile: shell command failed (exit -1): 
Exception occurred while executing 'grant':
java.lang.IllegalArgumentException: Unknown permission: com.sonyericsson.home.permission.BROADCAST_BADGE
	at com.android.server.pm.permission.PermissionManagerServiceImpl.grantRuntimePermissionInternal(PermissionManagerServiceImpl.java:1380)
	at com.android.server.pm.permission.PermissionManagerServiceImpl.grantRuntimePermission(PermissionManagerServiceImpl.java:1337)
	at com.android.server.pm.permission.PermissionManagerService.grantRuntimePermission(PermissionManagerService.java:551)
	at android.permission.PermissionManager.grantRuntimePermission(PermissionManager.java:609)
	at com.android.server.pm.PackageManagerShellCommand.runGrantRevokePermission(PackageManagerShellCommand.java:2672)
	at com.android.server.pm.PackageManagerShellCommand.onCommand(PackageManagerShellCommand.java:291)
	at com.android.modules.utils.BasicShellCommandHandler.exec(BasicShellCommandHandler.java:97)
	at android.os.ShellCommand.exec(ShellCommand.java:38)
	at com.android.server.pm.PackageManagerService$IPackageManagerImpl.onShellCommand(PackageManagerService.java:6350)
	at android.os.Binder.shellCommand(Binder.java:1068)
	at android.os.Binder.onTransact(Binder.java:888)
	at android.content.pm.IPackageManager$Stub.onTransact(IPackageManager.java:4352)
	at com.android.server.pm.PackageManagerService$IPackageManagerImpl.onTransact(PackageManagerService.java:6334)
	at android.os.Binder.execTransactInternal(Binder.java:1344)
	at android.os.Binder.execTransact(Binder.java:1275)

10:03:09.046 [DEBUG] maestro.Maestro.setPermissionInternal: Failed to set permission com.sonymobile.home.permission.PROVIDER_INSERT_BADGE for app app.kabuk.mobile: shell command failed (exit -1): 
Exception occurred while executing 'grant':
java.lang.IllegalArgumentException: Unknown permission: com.sonymobile.home.permission.PROVIDER_INSERT_BADGE
	at com.android.server.pm.permission.PermissionManagerServiceImpl.grantRuntimePermissionInternal(PermissionManagerServiceImpl.java:1380)
	at com.android.server.pm.permission.PermissionManagerServiceImpl.grantRuntimePermission(PermissionManagerServiceImpl.java:1337)
	at com.android.server.pm.permission.PermissionManagerService.grantRuntimePermission(PermissionManagerService.java:551)
	at android.permission.PermissionManager.grantRuntimePermission(PermissionManager.java:609)
	at com.android.server.pm.PackageManagerShellCommand.runGrantRevokePermission(PackageManagerShellCommand.java:2672)
	at com.android.server.pm.PackageManagerShellCommand.onCommand(PackageManagerShellCommand.java:291)
	at com.android.modules.utils.BasicShellCommandHandler.exec(BasicShellCommandHandler.java:97)
	at android.os.ShellCommand.exec(ShellCommand.java:38)
	at com.android.server.pm.PackageManagerService$IPackageManagerImpl.onShellCommand(PackageManagerService.java:6350)
	at android.os.Binder.shellCommand(Binder.java:1068)
	at android.os.Binder.onTransact(Binder.java:888)
	at android.content.pm.IPackageManager$Stub.onTransact(IPackageManager.java:4352)
	at com.android.server.pm.PackageManagerService$IPackageManagerImpl.onTransact(PackageManagerService.java:6334)
	at android.os.Binder.execTransactInternal(Binder.java:1344)
	at android.os.Binder.execTransact(Binder.java:1275)

10:03:09.109 [DEBUG] maestro.Maestro.setPermissionInternal: Failed to set permission com.anddoes.launcher.permission.UPDATE_COUNT for app app.kabuk.mobile: shell command failed (exit -1): 
Exception occurred while executing 'grant':
java.lang.IllegalArgumentException: Unknown permission: com.anddoes.launcher.permission.UPDATE_COUNT
	at com.android.server.pm.permission.PermissionManagerServiceImpl.grantRuntimePermissionInternal(PermissionManagerServiceImpl.java:1380)
	at com.android.server.pm.permission.PermissionManagerServiceImpl.grantRuntimePermission(PermissionManagerServiceImpl.java:1337)
	at com.android.server.pm.permission.PermissionManagerService.grantRuntimePermission(PermissionManagerService.java:551)
	at android.permission.PermissionManager.grantRuntimePermission(PermissionManager.java:609)
	at com.android.server.pm.PackageManagerShellCommand.runGrantRevokePermission(PackageManagerShellCommand.java:2672)
	at com.android.server.pm.PackageManagerShellCommand.onCommand(PackageManagerShellCommand.java:291)
	at com.android.modules.utils.BasicShellCommandHandler.exec(BasicShellCommandHandler.java:97)
	at android.os.ShellCommand.exec(ShellCommand.java:38)
	at com.android.server.pm.PackageManagerService$IPackageManagerImpl.onShellCommand(PackageManagerService.java:6350)
	at android.os.Binder.shellCommand(Binder.java:1068)
	at android.os.Binder.onTransact(Binder.java:888)
	at android.content.pm.IPackageManager$Stub.onTransact(IPackageManager.java:4352)
	at com.android.server.pm.PackageManagerService$IPackageManagerImpl.onTransact(PackageManagerService.java:6334)
	at android.os.Binder.execTransactInternal(Binder.java:1344)
	at android.os.Binder.execTransact(Binder.java:1275)

10:03:09.210 [DEBUG] maestro.Maestro.setPermissionInternal: Failed to set permission com.majeur.launcher.permission.UPDATE_BADGE for app app.kabuk.mobile: shell command failed (exit -1): 
Exception occurred while executing 'grant':
java.lang.IllegalArgumentException: Unknown permission: com.majeur.launcher.permission.UPDATE_BADGE
	at com.android.server.pm.permission.PermissionManagerServiceImpl.grantRuntimePermissionInternal(PermissionManagerServiceImpl.java:1380)
	at com.android.server.pm.permission.PermissionManagerServiceImpl.grantRuntimePermission(PermissionManagerServiceImpl.java:1337)
	at com.android.server.pm.permission.PermissionManagerService.grantRuntimePermission(PermissionManagerService.java:551)
	at android.permission.PermissionManager.grantRuntimePermission(PermissionManager.java:609)
	at com.android.server.pm.PackageManagerShellCommand.runGrantRevokePermission(PackageManagerShellCommand.java:2672)
	at com.android.server.pm.PackageManagerShellCommand.onCommand(PackageManagerShellCommand.java:291)
	at com.android.modules.utils.BasicShellCommandHandler.exec(BasicShellCommandHandler.java:97)
	at android.os.ShellCommand.exec(ShellCommand.java:38)
	at com.android.server.pm.PackageManagerService$IPackageManagerImpl.onShellCommand(PackageManagerService.java:6350)
	at android.os.Binder.shellCommand(Binder.java:1068)
	at android.os.Binder.onTransact(Binder.java:888)
	at android.content.pm.IPackageManager$Stub.onTransact(IPackageManager.java:4352)
	at com.android.server.pm.PackageManagerService$IPackageManagerImpl.onTransact(PackageManagerService.java:6334)
	at android.os.Binder.execTransactInternal(Binder.java:1344)
	at android.os.Binder.execTransact(Binder.java:1275)

10:03:09.292 [DEBUG] maestro.Maestro.setPermissionInternal: Failed to set permission com.huawei.android.launcher.permission.CHANGE_BADGE for app app.kabuk.mobile: shell command failed (exit -1): 
Exception occurred while executing 'grant':
java.lang.IllegalArgumentException: Unknown permission: com.huawei.android.launcher.permission.CHANGE_BADGE
	at com.android.server.pm.permission.PermissionManagerServiceImpl.grantRuntimePermissionInternal(PermissionManagerServiceImpl.java:1380)
	at com.android.server.pm.permission.PermissionManagerServiceImpl.grantRuntimePermission(PermissionManagerServiceImpl.java:1337)
	at com.android.server.pm.permission.PermissionManagerService.grantRuntimePermission(PermissionManagerService.java:551)
	at android.permission.PermissionManager.grantRuntimePermission(PermissionManager.java:609)
	at com.android.server.pm.PackageManagerShellCommand.runGrantRevokePermission(PackageManagerShellCommand.java:2672)
	at com.android.server.pm.PackageManagerShellCommand.onCommand(PackageManagerShellCommand.java:291)
	at com.android.modules.utils.BasicShellCommandHandler.exec(BasicShellCommandHandler.java:97)
	at android.os.ShellCommand.exec(ShellCommand.java:38)
	at com.android.server.pm.PackageManagerService$IPackageManagerImpl.onShellCommand(PackageManagerService.java:6350)
	at android.os.Binder.shellCommand(Binder.java:1068)
	at android.os.Binder.onTransact(Binder.java:888)
	at android.content.pm.IPackageManager$Stub.onTransact(IPackageManager.java:4352)
	at com.android.server.pm.PackageManagerService$IPackageManagerImpl.onTransact(PackageManagerService.java:6334)
	at android.os.Binder.execTransactInternal(Binder.java:1344)
	at android.os.Binder.execTransact(Binder.java:1275)

10:03:09.410 [DEBUG] maestro.Maestro.setPermissionInternal: Failed to set permission com.huawei.android.launcher.permission.READ_SETTINGS for app app.kabuk.mobile: shell command failed (exit -1): 
Exception occurred while executing 'grant':
java.lang.IllegalArgumentException: Unknown permission: com.huawei.android.launcher.permission.READ_SETTINGS
	at com.android.server.pm.permission.PermissionManagerServiceImpl.grantRuntimePermissionInternal(PermissionManagerServiceImpl.java:1380)
	at com.android.server.pm.permission.PermissionManagerServiceImpl.grantRuntimePermission(PermissionManagerServiceImpl.java:1337)
	at com.android.server.pm.permission.PermissionManagerService.grantRuntimePermission(PermissionManagerService.java:551)
	at android.permission.PermissionManager.grantRuntimePermission(PermissionManager.java:609)
	at com.android.server.pm.PackageManagerShellCommand.runGrantRevokePermission(PackageManagerShellCommand.java:2672)
	at com.android.server.pm.PackageManagerShellCommand.onCommand(PackageManagerShellCommand.java:291)
	at com.android.modules.utils.BasicShellCommandHandler.exec(BasicShellCommandHandler.java:97)
	at android.os.ShellCommand.exec(ShellCommand.java:38)
	at com.android.server.pm.PackageManagerService$IPackageManagerImpl.onShellCommand(PackageManagerService.java:6350)
	at android.os.Binder.shellCommand(Binder.java:1068)
	at android.os.Binder.onTransact(Binder.java:888)
	at android.content.pm.IPackageManager$Stub.onTransact(IPackageManager.java:4352)
	at com.android.server.pm.PackageManagerService$IPackageManagerImpl.onTransact(PackageManagerService.java:6334)
	at android.os.Binder.execTransactInternal(Binder.java:1344)
	at android.os.Binder.execTransact(Binder.java:1275)

10:03:09.499 [DEBUG] maestro.Maestro.setPermissionInternal: Failed to set permission com.huawei.android.launcher.permission.WRITE_SETTINGS for app app.kabuk.mobile: shell command failed (exit -1): 
Exception occurred while executing 'grant':
java.lang.IllegalArgumentException: Unknown permission: com.huawei.android.launcher.permission.WRITE_SETTINGS
	at com.android.server.pm.permission.PermissionManagerServiceImpl.grantRuntimePermissionInternal(PermissionManagerServiceImpl.java:1380)
	at com.android.server.pm.permission.PermissionManagerServiceImpl.grantRuntimePermission(PermissionManagerServiceImpl.java:1337)
	at com.android.server.pm.permission.PermissionManagerService.grantRuntimePermission(PermissionManagerService.java:551)
	at android.permission.PermissionManager.grantRuntimePermission(PermissionManager.java:609)
	at com.android.server.pm.PackageManagerShellCommand.runGrantRevokePermission(PackageManagerShellCommand.java:2672)
	at com.android.server.pm.PackageManagerShellCommand.onCommand(PackageManagerShellCommand.java:291)
	at com.android.modules.utils.BasicShellCommandHandler.exec(BasicShellCommandHandler.java:97)
	at android.os.ShellCommand.exec(ShellCommand.java:38)
	at com.android.server.pm.PackageManagerService$IPackageManagerImpl.onShellCommand(PackageManagerService.java:6350)
	at android.os.Binder.shellCommand(Binder.java:1068)
	at android.os.Binder.onTransact(Binder.java:888)
	at android.content.pm.IPackageManager$Stub.onTransact(IPackageManager.java:4352)
	at com.android.server.pm.PackageManagerService$IPackageManagerImpl.onTransact(PackageManagerService.java:6334)
	at android.os.Binder.execTransactInternal(Binder.java:1344)
	at android.os.Binder.execTransact(Binder.java:1275)

10:03:09.603 [DEBUG] maestro.Maestro.setPermissionInternal: Failed to set permission android.permission.READ_APP_BADGE for app app.kabuk.mobile: shell command failed (exit -1): 
Exception occurred while executing 'grant':
java.lang.IllegalArgumentException: Unknown permission: android.permission.READ_APP_BADGE
	at com.android.server.pm.permission.PermissionManagerServiceImpl.grantRuntimePermissionInternal(PermissionManagerServiceImpl.java:1380)
	at com.android.server.pm.permission.PermissionManagerServiceImpl.grantRuntimePermission(PermissionManagerServiceImpl.java:1337)
	at com.android.server.pm.permission.PermissionManagerService.grantRuntimePermission(PermissionManagerService.java:551)
	at android.permission.PermissionManager.grantRuntimePermission(PermissionManager.java:609)
	at com.android.server.pm.PackageManagerShellCommand.runGrantRevokePermission(PackageManagerShellCommand.java:2672)
	at com.android.server.pm.PackageManagerShellCommand.onCommand(PackageManagerShellCommand.java:291)
	at com.android.modules.utils.BasicShellCommandHandler.exec(BasicShellCommandHandler.java:97)
	at android.os.ShellCommand.exec(ShellCommand.java:38)
	at com.android.server.pm.PackageManagerService$IPackageManagerImpl.onShellCommand(PackageManagerService.java:6350)
	at android.os.Binder.shellCommand(Binder.java:1068)
	at android.os.Binder.onTransact(Binder.java:888)
	at android.content.pm.IPackageManager$Stub.onTransact(IPackageManager.java:4352)
	at com.android.server.pm.PackageManagerService$IPackageManagerImpl.onTransact(PackageManagerService.java:6334)
	at android.os.Binder.execTransactInternal(Binder.java:1344)
	at android.os.Binder.execTransact(Binder.java:1275)

10:03:09.683 [DEBUG] maestro.Maestro.setPermissionInternal: Failed to set permission com.oppo.launcher.permission.READ_SETTINGS for app app.kabuk.mobile: shell command failed (exit -1): 
Exception occurred while executing 'grant':
java.lang.IllegalArgumentException: Unknown permission: com.oppo.launcher.permission.READ_SETTINGS
	at com.android.server.pm.permission.PermissionManagerServiceImpl.grantRuntimePermissionInternal(PermissionManagerServiceImpl.java:1380)
	at com.android.server.pm.permission.PermissionManagerServiceImpl.grantRuntimePermission(PermissionManagerServiceImpl.java:1337)
	at com.android.server.pm.permission.PermissionManagerService.grantRuntimePermission(PermissionManagerService.java:551)
	at android.permission.PermissionManager.grantRuntimePermission(PermissionManager.java:609)
	at com.android.server.pm.PackageManagerShellCommand.runGrantRevokePermission(PackageManagerShellCommand.java:2672)
	at com.android.server.pm.PackageManagerShellCommand.onCommand(PackageManagerShellCommand.java:291)
	at com.android.modules.utils.BasicShellCommandHandler.exec(BasicShellCommandHandler.java:97)
	at android.os.ShellCommand.exec(ShellCommand.java:38)
	at com.android.server.pm.PackageManagerService$IPackageManagerImpl.onShellCommand(PackageManagerService.java:6350)
	at android.os.Binder.shellCommand(Binder.java:1068)
	at android.os.Binder.onTransact(Binder.java:888)
	at android.content.pm.IPackageManager$Stub.onTransact(IPackageManager.java:4352)
	at com.android.server.pm.PackageManagerService$IPackageManagerImpl.onTransact(PackageManagerService.java:6334)
	at android.os.Binder.execTransactInternal(Binder.java:1344)
	at android.os.Binder.execTransact(Binder.java:1275)

10:03:09.744 [DEBUG] maestro.Maestro.setPermissionInternal: Failed to set permission com.oppo.launcher.permission.WRITE_SETTINGS for app app.kabuk.mobile: shell command failed (exit -1): 
Exception occurred while executing 'grant':
java.lang.IllegalArgumentException: Unknown permission: com.oppo.launcher.permission.WRITE_SETTINGS
	at com.android.server.pm.permission.PermissionManagerServiceImpl.grantRuntimePermissionInternal(PermissionManagerServiceImpl.java:1380)
	at com.android.server.pm.permission.PermissionManagerServiceImpl.grantRuntimePermission(PermissionManagerServiceImpl.java:1337)
	at com.android.server.pm.permission.PermissionManagerService.grantRuntimePermission(PermissionManagerService.java:551)
	at android.permission.PermissionManager.grantRuntimePermission(PermissionManager.java:609)
	at com.android.server.pm.PackageManagerShellCommand.runGrantRevokePermission(PackageManagerShellCommand.java:2672)
	at com.android.server.pm.PackageManagerShellCommand.onCommand(PackageManagerShellCommand.java:291)
	at com.android.modules.utils.BasicShellCommandHandler.exec(BasicShellCommandHandler.java:97)
	at android.os.ShellCommand.exec(ShellCommand.java:38)
	at com.android.server.pm.PackageManagerService$IPackageManagerImpl.onShellCommand(PackageManagerService.java:6350)
	at android.os.Binder.shellCommand(Binder.java:1068)
	at android.os.Binder.onTransact(Binder.java:888)
	at android.content.pm.IPackageManager$Stub.onTransact(IPackageManager.java:4352)
	at com.android.server.pm.PackageManagerService$IPackageManagerImpl.onTransact(PackageManagerService.java:6334)
	at android.os.Binder.execTransactInternal(Binder.java:1344)
	at android.os.Binder.execTransact(Binder.java:1275)

10:03:09.847 [DEBUG] maestro.Maestro.setPermissionInternal: Failed to set permission me.everything.badger.permission.BADGE_COUNT_READ for app app.kabuk.mobile: shell command failed (exit -1): 
Exception occurred while executing 'grant':
java.lang.IllegalArgumentException: Unknown permission: me.everything.badger.permission.BADGE_COUNT_READ
	at com.android.server.pm.permission.PermissionManagerServiceImpl.grantRuntimePermissionInternal(PermissionManagerServiceImpl.java:1380)
	at com.android.server.pm.permission.PermissionManagerServiceImpl.grantRuntimePermission(PermissionManagerServiceImpl.java:1337)
	at com.android.server.pm.permission.PermissionManagerService.grantRuntimePermission(PermissionManagerService.java:551)
	at android.permission.PermissionManager.grantRuntimePermission(PermissionManager.java:609)
	at com.android.server.pm.PackageManagerShellCommand.runGrantRevokePermission(PackageManagerShellCommand.java:2672)
	at com.android.server.pm.PackageManagerShellCommand.onCommand(PackageManagerShellCommand.java:291)
	at com.android.modules.utils.BasicShellCommandHandler.exec(BasicShellCommandHandler.java:97)
	at android.os.ShellCommand.exec(ShellCommand.java:38)
	at com.android.server.pm.PackageManagerService$IPackageManagerImpl.onShellCommand(PackageManagerService.java:6350)
	at android.os.Binder.shellCommand(Binder.java:1068)
	at android.os.Binder.onTransact(Binder.java:888)
	at android.content.pm.IPackageManager$Stub.onTransact(IPackageManager.java:4352)
	at com.android.server.pm.PackageManagerService$IPackageManagerImpl.onTransact(PackageManagerService.java:6334)
	at android.os.Binder.execTransactInternal(Binder.java:1344)
	at android.os.Binder.execTransact(Binder.java:1275)

10:03:09.891 [DEBUG] maestro.Maestro.setPermissionInternal: Failed to set permission me.everything.badger.permission.BADGE_COUNT_WRITE for app app.kabuk.mobile: shell command failed (exit -1): 
Exception occurred while executing 'grant':
java.lang.IllegalArgumentException: Unknown permission: me.everything.badger.permission.BADGE_COUNT_WRITE
	at com.android.server.pm.permission.PermissionManagerServiceImpl.grantRuntimePermissionInternal(PermissionManagerServiceImpl.java:1380)
	at com.android.server.pm.permission.PermissionManagerServiceImpl.grantRuntimePermission(PermissionManagerServiceImpl.java:1337)
	at com.android.server.pm.permission.PermissionManagerService.grantRuntimePermission(PermissionManagerService.java:551)
	at android.permission.PermissionManager.grantRuntimePermission(PermissionManager.java:609)
	at com.android.server.pm.PackageManagerShellCommand.runGrantRevokePermission(PackageManagerShellCommand.java:2672)
	at com.android.server.pm.PackageManagerShellCommand.onCommand(PackageManagerShellCommand.java:291)
	at com.android.modules.utils.BasicShellCommandHandler.exec(BasicShellCommandHandler.java:97)
	at android.os.ShellCommand.exec(ShellCommand.java:38)
	at com.android.server.pm.PackageManagerService$IPackageManagerImpl.onShellCommand(PackageManagerService.java:6350)
	at android.os.Binder.shellCommand(Binder.java:1068)
	at android.os.Binder.onTransact(Binder.java:888)
	at android.content.pm.IPackageManager$Stub.onTransact(IPackageManager.java:4352)
	at com.android.server.pm.PackageManagerService$IPackageManagerImpl.onTransact(PackageManagerService.java:6334)
	at android.os.Binder.execTransactInternal(Binder.java:1344)
	at android.os.Binder.execTransact(Binder.java:1275)

10:03:09.894 [ INFO] maestro.Maestro.launchApp$lambda$5: Launching app app.kabuk.mobile
10:03:09.895 [ INFO] maestro.Maestro.launchApp$lambda$5: Stopping app.kabuk.mobile app during launch
10:03:10.184 [ INFO] maestro.cli.runner.CliConsoleListener.onCommandFinished: Launch app "app.kabuk.mobile" with clear state COMPLETED
10:03:10.187 [ INFO] maestro.cli.runner.CliConsoleListener.onCommandStart: Assert that "Telefon numaran" is visible RUNNING
10:03:12.609 [ INFO] maestro.cli.runner.CliConsoleListener.onCommandFinished: Assert that "Telefon numaran" is visible COMPLETED
10:03:12.610 [ INFO] maestro.cli.runner.CliConsoleListener.onCommandStart: Take screenshot 01-phone RUNNING
10:03:12.612 [ INFO] maestro.Maestro.takeScreenshot: Taking screenshot
10:03:12.615 [TRACE] maestro.utils.ScreenshotUtils.takeScreenshot: Taking screenshot to output sink
10:03:13.007 [ INFO] maestro.cli.runner.CliConsoleListener.onCommandFinished: Take screenshot 01-phone COMPLETED
10:03:13.007 [ INFO] maestro.cli.runner.CliConsoleListener.onCommandStart: Run login-code.yaml RUNNING
10:03:13.008 [ INFO] maestro.cli.runner.CliConsoleListener.onCommandStart: Apply configuration RUNNING
10:03:13.008 [ INFO] maestro.cli.runner.CliConsoleListener.onCommandFinished: Apply configuration COMPLETED
10:03:13.009 [ INFO] maestro.cli.runner.CliConsoleListener.onCommandStart: Tap on id: phone-input RUNNING
10:03:13.254 [ INFO] maestro.Maestro.tap-HgV9Ck0: Tapping on element:  UiElement(treeNode=TreeNode(attributes={text=, accessibilityText=Telefon numaran, hintText=5xx xxx xx xx, ignoreBoundsFiltering=false, resource-id=phone-input, clickable=true, bounds=[75,200][282,247], enabled=true, focused=false, checked=false, scrollable=false, selected=false, class=android.widget.EditText, important-for-accessibility=true, error=}, children=[], clickable=true, enabled=true, focused=false, checked=false, selected=false), bounds=Bounds(x=75, y=200, width=207, height=47))
10:03:14.575 [ INFO] maestro.Maestro.tap-HgV9Ck0: Tap aimed via settled hierarchy
10:03:14.581 [ INFO] maestro.Maestro.hierarchyBasedTap-ogj28Uc: Tapping at (178, 223) using hierarchy based logic for wait
10:03:15.772 [ INFO] maestro.Maestro.hierarchyBasedTap-ogj28Uc: Something has changed in the UI judging by view hierarchy. Proceed.
10:03:15.772 [ INFO] maestro.cli.runner.CliConsoleListener.onCommandFinished: Tap on id: phone-input COMPLETED
10:03:15.772 [ INFO] maestro.cli.runner.CliConsoleListener.onCommandStart: Erase text RUNNING
10:03:15.775 [ INFO] maestro.Maestro.eraseText$lambda$52: Erasing 50 characters
10:03:19.637 [ INFO] maestro.cli.runner.CliConsoleListener.onCommandFinished: Erase text COMPLETED
10:03:19.641 [ INFO] maestro.cli.runner.CliConsoleListener.onCommandStart: Input text 5550000001 RUNNING
10:03:19.642 [ INFO] maestro.Maestro.inputText: Inputting text: 5550000001
10:03:22.056 [ INFO] maestro.cli.runner.CliConsoleListener.onCommandFinished: Input text 5550000001 COMPLETED
10:03:22.057 [ INFO] maestro.cli.runner.CliConsoleListener.onCommandStart: Hide Keyboard RUNNING
10:03:22.060 [ INFO] maestro.Maestro.hideKeyboard$lambda$12: Hiding Keyboard
10:03:23.307 [ INFO] maestro.cli.runner.CliConsoleListener.onCommandFinished: Hide Keyboard COMPLETED
10:03:23.307 [ INFO] maestro.cli.runner.CliConsoleListener.onCommandStart: Tap on "Kod gönder" RUNNING
10:03:23.464 [ INFO] maestro.Maestro.tap-HgV9Ck0: Tapping on element:  UiElement(treeNode=TreeNode(attributes={text=Kod gönder, accessibilityText=, hintText=, ignoreBoundsFiltering=false, resource-id=, clickable=false, bounds=[117,574][204,594], enabled=true, focused=false, checked=false, scrollable=false, selected=false, class=android.widget.TextView, important-for-accessibility=true, error=}, children=[], clickable=false, enabled=true, focused=false, checked=false, selected=false), bounds=Bounds(x=117, y=574, width=87, height=20))
10:03:24.922 [ INFO] maestro.Maestro.tap-HgV9Ck0: Tap aimed via settled hierarchy
10:03:24.923 [ INFO] maestro.Maestro.hierarchyBasedTap-ogj28Uc: Tapping at (160, 584) using hierarchy based logic for wait
10:03:32.941 [ INFO] maestro.Maestro.hierarchyBasedTap-ogj28Uc: Something has changed in the UI judging by view hierarchy. Proceed.
10:03:32.942 [ INFO] maestro.cli.runner.CliConsoleListener.onCommandFinished: Tap on "Kod gönder" COMPLETED
10:03:32.942 [ INFO] maestro.cli.runner.CliConsoleListener.onCommandStart: Assert that "Doğrulama kodu" is visible RUNNING
10:03:33.787 [ INFO] maestro.cli.runner.CliConsoleListener.onCommandFinished: Assert that "Doğrulama kodu" is visible COMPLETED
10:03:33.789 [ INFO] maestro.cli.runner.CliConsoleListener.onCommandStart: Take screenshot 02-otp RUNNING
10:03:33.790 [ INFO] maestro.Maestro.takeScreenshot: Taking screenshot
10:03:33.792 [TRACE] maestro.utils.ScreenshotUtils.takeScreenshot: Taking screenshot to output sink
10:03:33.846 [ INFO] maestro.cli.runner.CliConsoleListener.onCommandFinished: Take screenshot 02-otp COMPLETED
10:03:33.846 [ INFO] maestro.cli.runner.CliConsoleListener.onCommandStart: Tap on id: otp-input RUNNING
10:03:34.289 [ INFO] maestro.Maestro.tap-HgV9Ck0: Tapping on element:  UiElement(treeNode=TreeNode(attributes={text=, accessibilityText=Doğrulama kodu, hintText=, ignoreBoundsFiltering=false, resource-id=otp-input, clickable=true, bounds=[20,194][300,252], enabled=true, focused=true, checked=false, scrollable=false, selected=false, class=android.widget.EditText, important-for-accessibility=true, error=}, children=[], clickable=true, enabled=true, focused=true, checked=false, selected=false), bounds=Bounds(x=20, y=194, width=280, height=58))
10:03:40.081 [ INFO] maestro.Maestro.tap-HgV9Ck0: Tap aimed via settled hierarchy
10:03:40.083 [ INFO] maestro.Maestro.hierarchyBasedTap-ogj28Uc: Tapping at (160, 223) using hierarchy based logic for wait
10:03:41.038 [ INFO] maestro.Maestro.hierarchyBasedTap-ogj28Uc: Something has changed in the UI judging by view hierarchy. Proceed.
10:03:41.038 [ INFO] maestro.cli.runner.CliConsoleListener.onCommandFinished: Tap on id: otp-input COMPLETED
10:03:41.039 [ INFO] maestro.cli.runner.CliConsoleListener.onCommandStart: Input text 123456 RUNNING
10:03:41.039 [ INFO] maestro.Maestro.inputText: Inputting text: 123456
10:03:43.408 [ INFO] maestro.cli.runner.CliConsoleListener.onCommandFinished: Input text 123456 COMPLETED
10:03:43.408 [ INFO] maestro.cli.runner.CliConsoleListener.onCommandFinished: Run login-code.yaml COMPLETED
10:03:43.408 [ INFO] maestro.cli.runner.CliConsoleListener.onCommandStart: Assert that "Başlamadan önce" is visible RUNNING
10:03:43.508 [ INFO] maestro.cli.runner.CliConsoleListener.onCommandFinished: Assert that "Başlamadan önce" is visible COMPLETED
10:03:43.509 [ INFO] maestro.cli.runner.CliConsoleListener.onCommandStart: Take screenshot 03-consents RUNNING
10:03:43.509 [ INFO] maestro.Maestro.takeScreenshot: Taking screenshot
10:03:43.511 [TRACE] maestro.utils.ScreenshotUtils.takeScreenshot: Taking screenshot to output sink
10:03:43.716 [ INFO] maestro.cli.runner.CliConsoleListener.onCommandFinished: Take screenshot 03-consents COMPLETED
10:03:43.717 [ INFO] maestro.cli.runner.CliConsoleListener.onCommandStart: Tap on "Kullanım Koşulları’nı okudum ve kabul ediyorum." RUNNING
10:03:44.011 [ INFO] maestro.Maestro.tap-HgV9Ck0: Tapping on element:  UiElement(treeNode=TreeNode(attributes={text=Kullanım Koşulları’nı okudum ve kabul ediyorum., accessibilityText=, hintText=, ignoreBoundsFiltering=false, resource-id=, clickable=false, bounds=[74,119][284,165], enabled=true, focused=false, checked=false, scrollable=false, selected=false, class=android.widget.TextView, important-for-accessibility=true, error=}, children=[], clickable=false, enabled=true, focused=false, checked=false, selected=false), bounds=Bounds(x=74, y=119, width=210, height=46))
10:03:45.320 [ INFO] maestro.Maestro.tap-HgV9Ck0: Tap aimed via settled hierarchy
10:03:45.322 [ INFO] maestro.Maestro.hierarchyBasedTap-ogj28Uc: Tapping at (179, 142) using hierarchy based logic for wait
10:03:47.708 [ INFO] maestro.Maestro.hierarchyBasedTap-ogj28Uc: Something has changed in the UI judging by view hierarchy. Proceed.
10:03:47.709 [ INFO] maestro.cli.runner.CliConsoleListener.onCommandFinished: Tap on "Kullanım Koşulları’nı okudum ve kabul ediyorum." COMPLETED
10:03:47.710 [ INFO] maestro.cli.runner.CliConsoleListener.onCommandStart: Tap on "KVKK Aydınlatma Metni’ni okudum." RUNNING
10:03:47.970 [ INFO] maestro.Maestro.tap-HgV9Ck0: Tapping on element:  UiElement(treeNode=TreeNode(attributes={text=KVKK Aydınlatma Metni’ni okudum., accessibilityText=, hintText=, ignoreBoundsFiltering=false, resource-id=, clickable=false, bounds=[74,219][284,265], enabled=true, focused=false, checked=false, scrollable=false, selected=false, class=android.widget.TextView, important-for-accessibility=true, error=}, children=[], clickable=false, enabled=true, focused=false, checked=false, selected=false), bounds=Bounds(x=74, y=219, width=210, height=46))
10:03:49.472 [ INFO] maestro.Maestro.tap-HgV9Ck0: Tap aimed via settled hierarchy
10:03:49.473 [ INFO] maestro.Maestro.hierarchyBasedTap-ogj28Uc: Tapping at (179, 242) using hierarchy based logic for wait
10:03:50.637 [ INFO] maestro.Maestro.hierarchyBasedTap-ogj28Uc: Something has changed in the UI judging by view hierarchy. Proceed.
10:03:50.637 [ INFO] maestro.cli.runner.CliConsoleListener.onCommandFinished: Tap on "KVKK Aydınlatma Metni’ni okudum." COMPLETED
10:03:50.637 [ INFO] maestro.cli.runner.CliConsoleListener.onCommandStart: Tap on "Onayla ve devam et" RUNNING
10:03:50.959 [ INFO] maestro.Maestro.tap-HgV9Ck0: Tapping on element:  UiElement(treeNode=TreeNode(attributes={text=Onayla ve devam et, accessibilityText=, hintText=, ignoreBoundsFiltering=false, resource-id=, clickable=false, bounds=[87,574][234,594], enabled=true, focused=false, checked=false, scrollable=false, selected=false, class=android.widget.TextView, important-for-accessibility=true, error=}, children=[], clickable=false, enabled=true, focused=false, checked=false, selected=false), bounds=Bounds(x=87, y=574, width=147, height=20))
10:03:52.774 [ INFO] maestro.Maestro.tap-HgV9Ck0: Tap aimed via settled hierarchy
10:03:52.778 [ INFO] maestro.Maestro.hierarchyBasedTap-ogj28Uc: Tapping at (160, 584) using hierarchy based logic for wait
10:03:53.992 [ INFO] maestro.Maestro.hierarchyBasedTap-ogj28Uc: Something has changed in the UI judging by view hierarchy. Proceed.
10:03:53.992 [ INFO] maestro.cli.runner.CliConsoleListener.onCommandFinished: Tap on "Onayla ve devam et" COMPLETED
10:03:53.992 [ INFO] maestro.cli.runner.CliConsoleListener.onCommandStart: Assert that "Seni tanıyalım" is visible RUNNING
10:03:54.143 [ INFO] maestro.cli.runner.CliConsoleListener.onCommandFinished: Assert that "Seni tanıyalım" is visible COMPLETED
10:03:54.144 [ INFO] maestro.cli.runner.CliConsoleListener.onCommandStart: Run ${output.underAgeYear = String(new Date().getFullYear() - 17)} RUNNING
10:03:56.197 [ INFO] maestro.cli.runner.CliConsoleListener.onCommandFinished: Run ${output.underAgeYear = String(new Date().getFullYear() - 17)} COMPLETED
10:03:56.198 [ INFO] maestro.cli.runner.CliConsoleListener.onCommandStart: Run about-you.yaml RUNNING
10:03:56.199 [ INFO] maestro.cli.runner.CliConsoleListener.onCommandStart: Define variables RUNNING
10:03:56.211 [ INFO] maestro.cli.runner.CliConsoleListener.onCommandFinished: Define variables COMPLETED
10:03:56.211 [ INFO] maestro.cli.runner.CliConsoleListener.onCommandStart: Apply configuration RUNNING
10:03:56.212 [ INFO] maestro.cli.runner.CliConsoleListener.onCommandFinished: Apply configuration COMPLETED
10:03:56.212 [ INFO] maestro.cli.runner.CliConsoleListener.onCommandStart: Tap on id: signup-name RUNNING
10:03:56.410 [ INFO] maestro.Maestro.tap-HgV9Ck0: Tapping on element:  UiElement(treeNode=TreeNode(attributes={text=, accessibilityText=, hintText=, ignoreBoundsFiltering=false, resource-id=signup-name, clickable=true, bounds=[38,154][282,200], enabled=true, focused=false, checked=false, scrollable=false, selected=false, class=android.widget.EditText, important-for-accessibility=true, error=}, children=[], clickable=true, enabled=true, focused=false, checked=false, selected=false), bounds=Bounds(x=38, y=154, width=244, height=46))
10:03:57.721 [ INFO] maestro.Maestro.tap-HgV9Ck0: Tap aimed via settled hierarchy
10:03:57.724 [ INFO] maestro.Maestro.hierarchyBasedTap-ogj28Uc: Tapping at (160, 177) using hierarchy based logic for wait
10:03:59.604 [ INFO] maestro.Maestro.hierarchyBasedTap-ogj28Uc: Something has changed in the UI judging by view hierarchy. Proceed.
10:03:59.605 [ INFO] maestro.cli.runner.CliConsoleListener.onCommandFinished: Tap on id: signup-name COMPLETED
10:03:59.605 [ INFO] maestro.cli.runner.CliConsoleListener.onCommandStart: Erase text RUNNING
10:03:59.606 [ INFO] maestro.Maestro.eraseText$lambda$52: Erasing 50 characters
10:04:01.901 [ INFO] maestro.cli.runner.CliConsoleListener.onCommandFinished: Erase text COMPLETED
10:04:01.902 [ INFO] maestro.cli.runner.CliConsoleListener.onCommandStart: Input text ${NAME} RUNNING
10:04:01.908 [ INFO] maestro.Maestro.inputText: Inputting text: Genç Masa
10:04:05.023 [ INFO] maestro.cli.runner.CliConsoleListener.onCommandFinished: Input text ${NAME} COMPLETED
10:04:05.023 [ INFO] maestro.cli.runner.CliConsoleListener.onCommandStart: Tap on id: birth-day RUNNING
10:04:05.241 [ INFO] maestro.Maestro.tap-HgV9Ck0: Tapping on element:  UiElement(treeNode=TreeNode(attributes={text=, accessibilityText=Gün, hintText=, ignoreBoundsFiltering=false, resource-id=birth-day, clickable=true, bounds=[38,299][75,345], enabled=true, focused=false, checked=false, scrollable=false, selected=false, class=android.widget.EditText, important-for-accessibility=true, error=}, children=[], clickable=true, enabled=true, focused=false, checked=false, selected=false), bounds=Bounds(x=38, y=299, width=37, height=46))
10:04:06.678 [ INFO] maestro.Maestro.tap-HgV9Ck0: Tap aimed via settled hierarchy
10:04:06.680 [ INFO] maestro.Maestro.hierarchyBasedTap-ogj28Uc: Tapping at (56, 322) using hierarchy based logic for wait
10:04:07.723 [ INFO] maestro.Maestro.hierarchyBasedTap-ogj28Uc: Something has changed in the UI judging by view hierarchy. Proceed.
10:04:07.724 [ INFO] maestro.cli.runner.CliConsoleListener.onCommandFinished: Tap on id: birth-day COMPLETED
10:04:07.724 [ INFO] maestro.cli.runner.CliConsoleListener.onCommandStart: Input text ${DAY} RUNNING
10:04:07.733 [ INFO] maestro.Maestro.inputText: Inputting text: 01
10:04:08.823 [ INFO] maestro.cli.runner.CliConsoleListener.onCommandFinished: Input text ${DAY} COMPLETED
10:04:08.823 [ INFO] maestro.cli.runner.CliConsoleListener.onCommandStart: Tap on id: birth-month RUNNING
10:04:08.961 [ INFO] maestro.Maestro.tap-HgV9Ck0: Tapping on element:  UiElement(treeNode=TreeNode(attributes={text=, accessibilityText=Ay, hintText=, ignoreBoundsFiltering=false, resource-id=birth-month, clickable=true, bounds=[120,299][157,345], enabled=true, focused=false, checked=false, scrollable=false, selected=false, class=android.widget.EditText, important-for-accessibility=true, error=}, children=[], clickable=true, enabled=true, focused=false, checked=false, selected=false), bounds=Bounds(x=120, y=299, width=37, height=46))
10:04:10.452 [ INFO] maestro.Maestro.tap-HgV9Ck0: Tap aimed via settled hierarchy
10:04:10.453 [ INFO] maestro.Maestro.hierarchyBasedTap-ogj28Uc: Tapping at (138, 322) using hierarchy based logic for wait
10:04:11.634 [ INFO] maestro.Maestro.hierarchyBasedTap-ogj28Uc: Something has changed in the UI judging by view hierarchy. Proceed.
10:04:11.635 [ INFO] maestro.cli.runner.CliConsoleListener.onCommandFinished: Tap on id: birth-month COMPLETED
10:04:11.635 [ INFO] maestro.cli.runner.CliConsoleListener.onCommandStart: Input text ${MONTH} RUNNING
10:04:11.641 [ INFO] maestro.Maestro.inputText: Inputting text: 01
10:04:12.652 [ INFO] maestro.cli.runner.CliConsoleListener.onCommandFinished: Input text ${MONTH} COMPLETED
10:04:12.652 [ INFO] maestro.cli.runner.CliConsoleListener.onCommandStart: Tap on id: birth-year RUNNING
10:04:12.810 [ INFO] maestro.Maestro.tap-HgV9Ck0: Tapping on element:  UiElement(treeNode=TreeNode(attributes={text=, accessibilityText=Yıl, hintText=, ignoreBoundsFiltering=false, resource-id=birth-year, clickable=true, bounds=[202,299][282,345], enabled=true, focused=false, checked=false, scrollable=false, selected=false, class=android.widget.EditText, important-for-accessibility=true, error=}, children=[], clickable=true, enabled=true, focused=false, checked=false, selected=false), bounds=Bounds(x=202, y=299, width=80, height=46))
10:04:14.077 [ INFO] maestro.Maestro.tap-HgV9Ck0: Tap aimed via settled hierarchy
10:04:14.078 [ INFO] maestro.Maestro.hierarchyBasedTap-ogj28Uc: Tapping at (242, 322) using hierarchy based logic for wait
10:04:15.069 [ INFO] maestro.Maestro.hierarchyBasedTap-ogj28Uc: Something has changed in the UI judging by view hierarchy. Proceed.
10:04:15.069 [ INFO] maestro.cli.runner.CliConsoleListener.onCommandFinished: Tap on id: birth-year COMPLETED
10:04:15.070 [ INFO] maestro.cli.runner.CliConsoleListener.onCommandStart: Input text ${YEAR} RUNNING
10:04:15.079 [ INFO] maestro.Maestro.inputText: Inputting text: 2009
10:04:16.740 [ INFO] maestro.cli.runner.CliConsoleListener.onCommandFinished: Input text ${YEAR} COMPLETED
10:04:16.741 [ INFO] maestro.cli.runner.CliConsoleListener.onCommandStart: Hide Keyboard RUNNING
10:04:16.741 [ INFO] maestro.Maestro.hideKeyboard$lambda$12: Hiding Keyboard
10:04:17.814 [ INFO] maestro.cli.runner.CliConsoleListener.onCommandFinished: Hide Keyboard COMPLETED
10:04:17.815 [ INFO] maestro.cli.runner.CliConsoleListener.onCommandStart: Tap on id: signup-continue RUNNING
10:04:17.937 [ INFO] maestro.Maestro.tap-HgV9Ck0: Tapping on element:  UiElement(treeNode=TreeNode(attributes={text=, accessibilityText=Devam, hintText=, ignoreBoundsFiltering=false, resource-id=signup-continue, clickable=true, bounds=[20,560][300,608], enabled=true, focused=false, checked=false, scrollable=false, selected=false, class=android.widget.Button, important-for-accessibility=true, error=}, children=[TreeNode(attributes={text=, accessibilityText=, hintText=, ignoreBoundsFiltering=false, resource-id=, clickable=false, bounds=[20,560][300,608], enabled=true, focused=false, checked=false, scrollable=false, selected=false, class=android.view.ViewGroup, important-for-accessibility=false, error=}, children=[], clickable=false, enabled=true, focused=false, checked=false, selected=false), TreeNode(attributes={text=Devam, accessibilityText=, hintText=, ignoreBoundsFiltering=false, resource-id=, clickable=false, bounds=[134,574][186,594], enabled=true, focused=false, checked=false, scrollable=false, selected=false, class=android.widget.TextView, important-for-accessibility=true, error=}, children=[], clickable=false, enabled=true, focused=false, checked=false, selected=false)], clickable=true, enabled=true, focused=false, checked=false, selected=false), bounds=Bounds(x=20, y=560, width=280, height=48))
10:04:19.220 [ INFO] maestro.Maestro.tap-HgV9Ck0: Tap aimed via settled hierarchy
10:04:19.221 [ INFO] maestro.Maestro.hierarchyBasedTap-ogj28Uc: Tapping at (160, 584) using hierarchy based logic for wait
10:04:20.719 [ INFO] maestro.Maestro.hierarchyBasedTap-ogj28Uc: Something has changed in the UI judging by view hierarchy. Proceed.
10:04:20.720 [ INFO] maestro.cli.runner.CliConsoleListener.onCommandFinished: Tap on id: signup-continue COMPLETED
10:04:20.720 [ INFO] maestro.cli.runner.CliConsoleListener.onCommandFinished: Run about-you.yaml COMPLETED
10:04:20.720 [ INFO] maestro.cli.runner.CliConsoleListener.onCommandStart: Assert that id: under-age is visible RUNNING
10:04:20.829 [ INFO] maestro.cli.runner.CliConsoleListener.onCommandFinished: Assert that id: under-age is visible COMPLETED
10:04:20.829 [ INFO] maestro.cli.runner.CliConsoleListener.onCommandStart: Assert that "Kabuk 18 yaş ve üzeri içindir" is visible RUNNING
10:04:20.946 [ INFO] maestro.cli.runner.CliConsoleListener.onCommandFinished: Assert that "Kabuk 18 yaş ve üzeri içindir" is visible COMPLETED
10:04:20.946 [ INFO] maestro.cli.runner.CliConsoleListener.onCommandStart: Take screenshot 03a-under-age RUNNING
10:04:20.947 [ INFO] maestro.Maestro.takeScreenshot: Taking screenshot
10:04:20.948 [TRACE] maestro.utils.ScreenshotUtils.takeScreenshot: Taking screenshot to output sink
10:04:21.026 [ INFO] maestro.cli.runner.CliConsoleListener.onCommandFinished: Take screenshot 03a-under-age COMPLETED
10:04:21.026 [ INFO] maestro.cli.runner.CliConsoleListener.onCommandStart: Tap on "Kapat" RUNNING
10:04:21.178 [ INFO] maestro.Maestro.tap-HgV9Ck0: Tapping on element:  UiElement(treeNode=TreeNode(attributes={text=Kapat, accessibilityText=, hintText=, ignoreBoundsFiltering=false, resource-id=, clickable=false, bounds=[138,574][182,594], enabled=true, focused=false, checked=false, scrollable=false, selected=false, class=android.widget.TextView, important-for-accessibility=true, error=}, children=[], clickable=false, enabled=true, focused=false, checked=false, selected=false), bounds=Bounds(x=138, y=574, width=44, height=20))
10:04:22.475 [ INFO] maestro.Maestro.tap-HgV9Ck0: Tap aimed via settled hierarchy
10:04:22.476 [ INFO] maestro.Maestro.hierarchyBasedTap-ogj28Uc: Tapping at (160, 584) using hierarchy based logic for wait
10:04:23.436 [ INFO] maestro.Maestro.hierarchyBasedTap-ogj28Uc: Something has changed in the UI judging by view hierarchy. Proceed.
10:04:23.436 [ INFO] maestro.cli.runner.CliConsoleListener.onCommandFinished: Tap on "Kapat" COMPLETED
10:04:23.436 [ INFO] maestro.cli.runner.CliConsoleListener.onCommandStart: Assert that "Telefon numaran" is visible RUNNING
10:04:23.520 [ INFO] maestro.cli.runner.CliConsoleListener.onCommandFinished: Assert that "Telefon numaran" is visible COMPLETED
10:04:23.520 [ INFO] maestro.cli.runner.CliConsoleListener.onCommandStart: Run login-code.yaml RUNNING
10:04:23.521 [ INFO] maestro.cli.runner.CliConsoleListener.onCommandStart: Apply configuration RUNNING
10:04:23.521 [ INFO] maestro.cli.runner.CliConsoleListener.onCommandFinished: Apply configuration COMPLETED
10:04:23.521 [ INFO] maestro.cli.runner.CliConsoleListener.onCommandStart: Tap on id: phone-input RUNNING
10:04:23.635 [ INFO] maestro.Maestro.tap-HgV9Ck0: Tapping on element:  UiElement(treeNode=TreeNode(attributes={text=, accessibilityText=Telefon numaran, hintText=5xx xxx xx xx, ignoreBoundsFiltering=false, resource-id=phone-input, clickable=true, bounds=[75,200][282,247], enabled=true, focused=false, checked=false, scrollable=false, selected=false, class=android.widget.EditText, important-for-accessibility=true, error=}, children=[], clickable=true, enabled=true, focused=false, checked=false, selected=false), bounds=Bounds(x=75, y=200, width=207, height=47))
10:04:24.875 [ INFO] maestro.Maestro.tap-HgV9Ck0: Tap aimed via settled hierarchy
10:04:24.876 [ INFO] maestro.Maestro.hierarchyBasedTap-ogj28Uc: Tapping at (178, 223) using hierarchy based logic for wait
10:04:26.384 [ INFO] maestro.Maestro.hierarchyBasedTap-ogj28Uc: Something has changed in the UI judging by view hierarchy. Proceed.
10:04:26.384 [ INFO] maestro.cli.runner.CliConsoleListener.onCommandFinished: Tap on id: phone-input COMPLETED
10:04:26.385 [ INFO] maestro.cli.runner.CliConsoleListener.onCommandStart: Erase text RUNNING
10:04:26.385 [ INFO] maestro.Maestro.eraseText$lambda$52: Erasing 50 characters
10:04:28.292 [ INFO] maestro.cli.runner.CliConsoleListener.onCommandFinished: Erase text COMPLETED
10:04:28.292 [ INFO] maestro.cli.runner.CliConsoleListener.onCommandStart: Input text 5550000001 RUNNING
10:04:28.293 [ INFO] maestro.Maestro.inputText: Inputting text: 5550000001
10:04:30.144 [ INFO] maestro.cli.runner.CliConsoleListener.onCommandFinished: Input text 5550000001 COMPLETED
10:04:30.144 [ INFO] maestro.cli.runner.CliConsoleListener.onCommandStart: Hide Keyboard RUNNING
10:04:30.144 [ INFO] maestro.Maestro.hideKeyboard$lambda$12: Hiding Keyboard
10:04:31.107 [ INFO] maestro.cli.runner.CliConsoleListener.onCommandFinished: Hide Keyboard COMPLETED
10:04:31.107 [ INFO] maestro.cli.runner.CliConsoleListener.onCommandStart: Tap on "Kod gönder" RUNNING
10:04:31.196 [ INFO] maestro.Maestro.tap-HgV9Ck0: Tapping on element:  UiElement(treeNode=TreeNode(attributes={text=Kod gönder, accessibilityText=, hintText=, ignoreBoundsFiltering=false, resource-id=, clickable=false, bounds=[117,574][204,594], enabled=true, focused=false, checked=false, scrollable=false, selected=false, class=android.widget.TextView, important-for-accessibility=true, error=}, children=[], clickable=false, enabled=true, focused=false, checked=false, selected=false), bounds=Bounds(x=117, y=574, width=87, height=20))
10:04:32.394 [ INFO] maestro.Maestro.tap-HgV9Ck0: Tap aimed via settled hierarchy
10:04:32.395 [ INFO] maestro.Maestro.hierarchyBasedTap-ogj28Uc: Tapping at (160, 584) using hierarchy based logic for wait
10:04:33.656 [ INFO] maestro.Maestro.hierarchyBasedTap-ogj28Uc: Something has changed in the UI judging by view hierarchy. Proceed.
10:04:33.656 [ INFO] maestro.cli.runner.CliConsoleListener.onCommandFinished: Tap on "Kod gönder" COMPLETED
10:04:33.656 [ INFO] maestro.cli.runner.CliConsoleListener.onCommandStart: Assert that "Doğrulama kodu" is visible RUNNING
10:04:33.804 [ INFO] maestro.cli.runner.CliConsoleListener.onCommandFinished: Assert that "Doğrulama kodu" is visible COMPLETED
10:04:33.804 [ INFO] maestro.cli.runner.CliConsoleListener.onCommandStart: Take screenshot 02-otp RUNNING
10:04:33.805 [ INFO] maestro.Maestro.takeScreenshot: Taking screenshot
10:04:33.805 [TRACE] maestro.utils.ScreenshotUtils.takeScreenshot: Taking screenshot to output sink
10:04:33.836 [ INFO] maestro.cli.runner.CliConsoleListener.onCommandFinished: Take screenshot 02-otp COMPLETED
10:04:33.837 [ INFO] maestro.cli.runner.CliConsoleListener.onCommandStart: Tap on id: otp-input RUNNING
10:04:34.583 [ INFO] maestro.Maestro.tap-HgV9Ck0: Tapping on element:  UiElement(treeNode=TreeNode(attributes={text=, accessibilityText=Doğrulama kodu, hintText=, ignoreBoundsFiltering=false, resource-id=otp-input, clickable=true, bounds=[20,194][300,252], enabled=true, focused=true, checked=false, scrollable=false, selected=false, class=android.widget.EditText, important-for-accessibility=true, error=}, children=[], clickable=true, enabled=true, focused=true, checked=false, selected=false), bounds=Bounds(x=20, y=194, width=280, height=58))
10:04:35.879 [ INFO] maestro.Maestro.tap-HgV9Ck0: Tap aimed via settled hierarchy
10:04:35.879 [ INFO] maestro.Maestro.hierarchyBasedTap-ogj28Uc: Tapping at (160, 223) using hierarchy based logic for wait
10:04:36.767 [ INFO] maestro.Maestro.hierarchyBasedTap-ogj28Uc: Something has changed in the UI judging by view hierarchy. Proceed.
10:04:36.767 [ INFO] maestro.cli.runner.CliConsoleListener.onCommandFinished: Tap on id: otp-input COMPLETED
10:04:36.767 [ INFO] maestro.cli.runner.CliConsoleListener.onCommandStart: Input text 123456 RUNNING
10:04:36.767 [ INFO] maestro.Maestro.inputText: Inputting text: 123456
10:04:38.400 [ INFO] maestro.cli.runner.CliConsoleListener.onCommandFinished: Input text 123456 COMPLETED
10:04:38.400 [ INFO] maestro.cli.runner.CliConsoleListener.onCommandFinished: Run login-code.yaml COMPLETED
10:04:38.400 [ INFO] maestro.cli.runner.CliConsoleListener.onCommandStart: Assert that "Başlamadan önce" is visible RUNNING
10:04:38.520 [ INFO] maestro.cli.runner.CliConsoleListener.onCommandFinished: Assert that "Başlamadan önce" is visible COMPLETED
10:04:38.521 [ INFO] maestro.cli.runner.CliConsoleListener.onCommandStart: Tap on "Kullanım Koşulları’nı okudum ve kabul ediyorum." RUNNING
10:04:38.633 [ INFO] maestro.Maestro.tap-HgV9Ck0: Tapping on element:  UiElement(treeNode=TreeNode(attributes={text=Kullanım Koşulları’nı okudum ve kabul ediyorum., accessibilityText=, hintText=, ignoreBoundsFiltering=false, resource-id=, clickable=false, bounds=[74,119][284,165], enabled=true, focused=false, checked=false, scrollable=false, selected=false, class=android.widget.TextView, important-for-accessibility=true, error=}, children=[], clickable=false, enabled=true, focused=false, checked=false, selected=false), bounds=Bounds(x=74, y=119, width=210, height=46))
10:04:39.844 [ INFO] maestro.Maestro.tap-HgV9Ck0: Tap aimed via settled hierarchy
10:04:39.845 [ INFO] maestro.Maestro.hierarchyBasedTap-ogj28Uc: Tapping at (179, 142) using hierarchy based logic for wait
10:04:40.704 [ INFO] maestro.Maestro.hierarchyBasedTap-ogj28Uc: Something has changed in the UI judging by view hierarchy. Proceed.
10:04:40.704 [ INFO] maestro.cli.runner.CliConsoleListener.onCommandFinished: Tap on "Kullanım Koşulları’nı okudum ve kabul ediyorum." COMPLETED
10:04:40.704 [ INFO] maestro.cli.runner.CliConsoleListener.onCommandStart: Tap on "KVKK Aydınlatma Metni’ni okudum." RUNNING
10:04:40.748 [ INFO] maestro.Maestro.tap-HgV9Ck0: Tapping on element:  UiElement(treeNode=TreeNode(attributes={text=KVKK Aydınlatma Metni’ni okudum., accessibilityText=, hintText=, ignoreBoundsFiltering=false, resource-id=, clickable=false, bounds=[74,219][284,265], enabled=true, focused=false, checked=false, scrollable=false, selected=false, class=android.widget.TextView, important-for-accessibility=true, error=}, children=[], clickable=false, enabled=true, focused=false, checked=false, selected=false), bounds=Bounds(x=74, y=219, width=210, height=46))
10:04:42.032 [ INFO] maestro.Maestro.tap-HgV9Ck0: Tap aimed via settled hierarchy
10:04:42.032 [ INFO] maestro.Maestro.hierarchyBasedTap-ogj28Uc: Tapping at (179, 242) using hierarchy based logic for wait
10:04:42.888 [ INFO] maestro.Maestro.hierarchyBasedTap-ogj28Uc: Something has changed in the UI judging by view hierarchy. Proceed.
10:04:42.888 [ INFO] maestro.cli.runner.CliConsoleListener.onCommandFinished: Tap on "KVKK Aydınlatma Metni’ni okudum." COMPLETED
10:04:42.888 [ INFO] maestro.cli.runner.CliConsoleListener.onCommandStart: Tap on "Onayla ve devam et" RUNNING
10:04:42.976 [ INFO] maestro.Maestro.tap-HgV9Ck0: Tapping on element:  UiElement(treeNode=TreeNode(attributes={text=Onayla ve devam et, accessibilityText=, hintText=, ignoreBoundsFiltering=false, resource-id=, clickable=false, bounds=[87,574][234,594], enabled=true, focused=false, checked=false, scrollable=false, selected=false, class=android.widget.TextView, important-for-accessibility=true, error=}, children=[], clickable=false, enabled=true, focused=false, checked=false, selected=false), bounds=Bounds(x=87, y=574, width=147, height=20))
10:04:44.228 [ INFO] maestro.Maestro.tap-HgV9Ck0: Tap aimed via settled hierarchy
10:04:44.229 [ INFO] maestro.Maestro.hierarchyBasedTap-ogj28Uc: Tapping at (160, 584) using hierarchy based logic for wait
10:04:45.132 [ INFO] maestro.Maestro.hierarchyBasedTap-ogj28Uc: Something has changed in the UI judging by view hierarchy. Proceed.
10:04:45.132 [ INFO] maestro.cli.runner.CliConsoleListener.onCommandFinished: Tap on "Onayla ve devam et" COMPLETED
10:04:45.132 [ INFO] maestro.cli.runner.CliConsoleListener.onCommandStart: Assert that "Seni tanıyalım" is visible RUNNING
10:04:45.182 [ INFO] maestro.cli.runner.CliConsoleListener.onCommandFinished: Assert that "Seni tanıyalım" is visible COMPLETED
10:04:45.182 [ INFO] maestro.cli.runner.CliConsoleListener.onCommandStart: Take screenshot 03b-about-you RUNNING
10:04:45.183 [ INFO] maestro.Maestro.takeScreenshot: Taking screenshot
10:04:45.183 [TRACE] maestro.utils.ScreenshotUtils.takeScreenshot: Taking screenshot to output sink
10:04:45.254 [ INFO] maestro.cli.runner.CliConsoleListener.onCommandFinished: Take screenshot 03b-about-you COMPLETED
10:04:45.255 [ INFO] maestro.cli.runner.CliConsoleListener.onCommandStart: Run about-you.yaml RUNNING
10:04:45.256 [ INFO] maestro.cli.runner.CliConsoleListener.onCommandStart: Define variables RUNNING
10:04:45.256 [ INFO] maestro.cli.runner.CliConsoleListener.onCommandFinished: Define variables COMPLETED
10:04:45.256 [ INFO] maestro.cli.runner.CliConsoleListener.onCommandStart: Apply configuration RUNNING
10:04:45.256 [ INFO] maestro.cli.runner.CliConsoleListener.onCommandFinished: Apply configuration COMPLETED
10:04:45.256 [ INFO] maestro.cli.runner.CliConsoleListener.onCommandStart: Tap on id: signup-name RUNNING
10:04:45.385 [ INFO] maestro.Maestro.tap-HgV9Ck0: Tapping on element:  UiElement(treeNode=TreeNode(attributes={text=, accessibilityText=, hintText=, ignoreBoundsFiltering=false, resource-id=signup-name, clickable=true, bounds=[38,154][282,200], enabled=true, focused=false, checked=false, scrollable=false, selected=false, class=android.widget.EditText, important-for-accessibility=true, error=}, children=[], clickable=true, enabled=true, focused=false, checked=false, selected=false), bounds=Bounds(x=38, y=154, width=244, height=46))
10:04:46.628 [ INFO] maestro.Maestro.tap-HgV9Ck0: Tap aimed via settled hierarchy
10:04:46.629 [ INFO] maestro.Maestro.hierarchyBasedTap-ogj28Uc: Tapping at (160, 177) using hierarchy based logic for wait
10:04:48.904 [ INFO] maestro.Maestro.hierarchyBasedTap-ogj28Uc: Something has changed in the UI judging by view hierarchy. Proceed.
10:04:48.904 [ INFO] maestro.cli.runner.CliConsoleListener.onCommandFinished: Tap on id: signup-name COMPLETED
10:04:48.904 [ INFO] maestro.cli.runner.CliConsoleListener.onCommandStart: Erase text RUNNING
10:04:48.905 [ INFO] maestro.Maestro.eraseText$lambda$52: Erasing 50 characters
10:04:51.049 [ INFO] maestro.cli.runner.CliConsoleListener.onCommandFinished: Erase text COMPLETED
10:04:51.049 [ INFO] maestro.cli.runner.CliConsoleListener.onCommandStart: Input text ${NAME} RUNNING
10:04:51.054 [ INFO] maestro.Maestro.inputText: Inputting text: Cihaz Masa
10:04:53.684 [ INFO] maestro.cli.runner.CliConsoleListener.onCommandFinished: Input text ${NAME} COMPLETED
10:04:53.685 [ INFO] maestro.cli.runner.CliConsoleListener.onCommandStart: Tap on id: birth-day RUNNING
10:04:53.862 [ INFO] maestro.Maestro.tap-HgV9Ck0: Tapping on element:  UiElement(treeNode=TreeNode(attributes={text=, accessibilityText=Gün, hintText=, ignoreBoundsFiltering=false, resource-id=birth-day, clickable=true, bounds=[38,299][75,345], enabled=true, focused=false, checked=false, scrollable=false, selected=false, class=android.widget.EditText, important-for-accessibility=true, error=}, children=[], clickable=true, enabled=true, focused=false, checked=false, selected=false), bounds=Bounds(x=38, y=299, width=37, height=46))
10:04:55.163 [ INFO] maestro.Maestro.tap-HgV9Ck0: Tap aimed via settled hierarchy
10:04:55.164 [ INFO] maestro.Maestro.hierarchyBasedTap-ogj28Uc: Tapping at (56, 322) using hierarchy based logic for wait
10:04:56.171 [ INFO] maestro.Maestro.hierarchyBasedTap-ogj28Uc: Something has changed in the UI judging by view hierarchy. Proceed.
10:04:56.171 [ INFO] maestro.cli.runner.CliConsoleListener.onCommandFinished: Tap on id: birth-day COMPLETED
10:04:56.171 [ INFO] maestro.cli.runner.CliConsoleListener.onCommandStart: Input text ${DAY} RUNNING
10:04:56.176 [ INFO] maestro.Maestro.inputText: Inputting text: 15
10:04:57.077 [ INFO] maestro.cli.runner.CliConsoleListener.onCommandFinished: Input text ${DAY} COMPLETED
10:04:57.078 [ INFO] maestro.cli.runner.CliConsoleListener.onCommandStart: Tap on id: birth-month RUNNING
10:04:57.318 [ INFO] maestro.Maestro.tap-HgV9Ck0: Tapping on element:  UiElement(treeNode=TreeNode(attributes={text=, accessibilityText=Ay, hintText=, ignoreBoundsFiltering=false, resource-id=birth-month, clickable=true, bounds=[120,299][157,345], enabled=true, focused=false, checked=false, scrollable=false, selected=false, class=android.widget.EditText, important-for-accessibility=true, error=}, children=[], clickable=true, enabled=true, focused=false, checked=false, selected=false), bounds=Bounds(x=120, y=299, width=37, height=46))
10:04:58.767 [ INFO] maestro.Maestro.tap-HgV9Ck0: Tap aimed via settled hierarchy
10:04:58.768 [ INFO] maestro.Maestro.hierarchyBasedTap-ogj28Uc: Tapping at (138, 322) using hierarchy based logic for wait
10:04:59.743 [ INFO] maestro.Maestro.hierarchyBasedTap-ogj28Uc: Something has changed in the UI judging by view hierarchy. Proceed.
10:04:59.743 [ INFO] maestro.cli.runner.CliConsoleListener.onCommandFinished: Tap on id: birth-month COMPLETED
10:04:59.743 [ INFO] maestro.cli.runner.CliConsoleListener.onCommandStart: Input text ${MONTH} RUNNING
10:04:59.747 [ INFO] maestro.Maestro.inputText: Inputting text: 01
10:05:01.024 [ INFO] maestro.cli.runner.CliConsoleListener.onCommandFinished: Input text ${MONTH} COMPLETED
10:05:01.025 [ INFO] maestro.cli.runner.CliConsoleListener.onCommandStart: Tap on id: birth-year RUNNING
10:05:01.158 [ INFO] maestro.Maestro.tap-HgV9Ck0: Tapping on element:  UiElement(treeNode=TreeNode(attributes={text=, accessibilityText=Yıl, hintText=, ignoreBoundsFiltering=false, resource-id=birth-year, clickable=true, bounds=[202,299][282,345], enabled=true, focused=false, checked=false, scrollable=false, selected=false, class=android.widget.EditText, important-for-accessibility=true, error=}, children=[], clickable=true, enabled=true, focused=false, checked=false, selected=false), bounds=Bounds(x=202, y=299, width=80, height=46))
10:05:02.386 [ INFO] maestro.Maestro.tap-HgV9Ck0: Tap aimed via settled hierarchy
10:05:02.386 [ INFO] maestro.Maestro.hierarchyBasedTap-ogj28Uc: Tapping at (242, 322) using hierarchy based logic for wait
10:05:03.344 [ INFO] maestro.Maestro.hierarchyBasedTap-ogj28Uc: Something has changed in the UI judging by view hierarchy. Proceed.
10:05:03.344 [ INFO] maestro.cli.runner.CliConsoleListener.onCommandFinished: Tap on id: birth-year COMPLETED
10:05:03.344 [ INFO] maestro.cli.runner.CliConsoleListener.onCommandStart: Input text ${YEAR} RUNNING
10:05:03.348 [ INFO] maestro.Maestro.inputText: Inputting text: 2000
10:05:04.575 [ INFO] maestro.cli.runner.CliConsoleListener.onCommandFinished: Input text ${YEAR} COMPLETED
10:05:04.575 [ INFO] maestro.cli.runner.CliConsoleListener.onCommandStart: Hide Keyboard RUNNING
10:05:04.575 [ INFO] maestro.Maestro.hideKeyboard$lambda$12: Hiding Keyboard
10:05:05.541 [ INFO] maestro.cli.runner.CliConsoleListener.onCommandFinished: Hide Keyboard COMPLETED
10:05:05.541 [ INFO] maestro.cli.runner.CliConsoleListener.onCommandStart: Tap on id: signup-continue RUNNING
10:05:05.629 [ INFO] maestro.Maestro.tap-HgV9Ck0: Tapping on element:  UiElement(treeNode=TreeNode(attributes={text=, accessibilityText=Devam, hintText=, ignoreBoundsFiltering=false, resource-id=signup-continue, clickable=true, bounds=[20,560][300,608], enabled=true, focused=false, checked=false, scrollable=false, selected=false, class=android.widget.Button, important-for-accessibility=true, error=}, children=[TreeNode(attributes={text=, accessibilityText=, hintText=, ignoreBoundsFiltering=false, resource-id=, clickable=false, bounds=[20,560][300,608], enabled=true, focused=false, checked=false, scrollable=false, selected=false, class=android.view.ViewGroup, important-for-accessibility=false, error=}, children=[], clickable=false, enabled=true, focused=false, checked=false, selected=false), TreeNode(attributes={text=Devam, accessibilityText=, hintText=, ignoreBoundsFiltering=false, resource-id=, clickable=false, bounds=[134,574][186,594], enabled=true, focused=false, checked=false, scrollable=false, selected=false, class=android.widget.TextView, important-for-accessibility=true, error=}, children=[], clickable=false, enabled=true, focused=false, checked=false, selected=false)], clickable=true, enabled=true, focused=false, checked=false, selected=false), bounds=Bounds(x=20, y=560, width=280, height=48))
10:05:06.828 [ INFO] maestro.Maestro.tap-HgV9Ck0: Tap aimed via settled hierarchy
10:05:06.829 [ INFO] maestro.Maestro.hierarchyBasedTap-ogj28Uc: Tapping at (160, 584) using hierarchy based logic for wait
10:05:07.944 [ INFO] maestro.Maestro.hierarchyBasedTap-ogj28Uc: Something has changed in the UI judging by view hierarchy. Proceed.
10:05:07.944 [ INFO] maestro.cli.runner.CliConsoleListener.onCommandFinished: Tap on id: signup-continue COMPLETED
10:05:07.944 [ INFO] maestro.cli.runner.CliConsoleListener.onCommandFinished: Run about-you.yaml COMPLETED
10:05:07.944 [ INFO] maestro.cli.runner.CliConsoleListener.onCommandStart: Assert that "Profilini tamamla" is visible RUNNING
10:05:08.069 [ INFO] maestro.cli.runner.CliConsoleListener.onCommandFinished: Assert that "Profilini tamamla" is visible COMPLETED
10:05:08.069 [ INFO] maestro.cli.runner.CliConsoleListener.onCommandStart: Take screenshot 03c-extras RUNNING
10:05:08.069 [ INFO] maestro.Maestro.takeScreenshot: Taking screenshot
10:05:08.070 [TRACE] maestro.utils.ScreenshotUtils.takeScreenshot: Taking screenshot to output sink
10:05:08.138 [ INFO] maestro.cli.runner.CliConsoleListener.onCommandFinished: Take screenshot 03c-extras COMPLETED
10:05:08.139 [ INFO] maestro.cli.runner.CliConsoleListener.onCommandStart: Scrolling DOWN until id: signup-skip is visible with speed 40, visibility percentage 100%, timeout 20000 ms, with centering disabled RUNNING
10:05:08.269 [ INFO] maestro.orchestra.Orchestra.scrollUntilVisible: Scrolling try count: 0, DeviceWidth: 320, DeviceWidth: 640
10:05:08.269 [ INFO] maestro.orchestra.Orchestra.scrollUntilVisible: Element bounds: Bounds(x=20, y=560, width=280, height=48)
10:05:08.270 [ INFO] maestro.orchestra.Orchestra.scrollUntilVisible: Visibility Percent: 1.0
10:05:08.288 [ INFO] maestro.orchestra.Orchestra.scrollUntilVisible: Command centerElement: ScrollUntilVisibleCommand(selector=ElementSelector(textRegex=null, idRegex=signup-skip, size=null, below=null, above=null, leftOf=null, rightOf=null, containsChild=null, containsDescendants=null, traits=null, index=null, enabled=null, optional=false, selected=null, checked=null, focused=null, childOf=null, css=null), direction=DOWN, scrollDuration=601, visibilityPercentage=100, timeout=20000, waitToSettleTimeoutMs=null, centerElement=false, originalSpeedValue=40, label=null, optional=false).centerElement
10:05:08.288 [ INFO] maestro.orchestra.Orchestra.scrollUntilVisible: visibilityPercentageNormalized: 1.0
10:05:08.288 [ INFO] maestro.cli.runner.CliConsoleListener.onCommandFinished: Scrolling DOWN until id: signup-skip is visible with speed 40, visibility percentage 100%, timeout 20000 ms, with centering disabled COMPLETED
10:05:08.288 [ INFO] maestro.cli.runner.CliConsoleListener.onCommandStart: Tap on id: signup-skip RUNNING
10:05:08.413 [ INFO] maestro.Maestro.tap-HgV9Ck0: Tapping on element:  UiElement(treeNode=TreeNode(attributes={text=, accessibilityText=Şimdilik geç, hintText=, ignoreBoundsFiltering=false, resource-id=signup-skip, clickable=true, bounds=[20,560][300,608], enabled=true, focused=false, checked=false, scrollable=false, selected=false, class=android.widget.Button, important-for-accessibility=true, error=}, children=[TreeNode(attributes={text=Şimdilik geç, accessibilityText=, hintText=, ignoreBoundsFiltering=false, resource-id=, clickable=false, bounds=[115,574][205,594], enabled=true, focused=false, checked=false, scrollable=false, selected=false, class=android.widget.TextView, important-for-accessibility=true, error=}, children=[], clickable=false, enabled=true, focused=false, checked=false, selected=false)], clickable=true, enabled=true, focused=false, checked=false, selected=false), bounds=Bounds(x=20, y=560, width=280, height=48))
10:05:09.676 [ INFO] maestro.Maestro.tap-HgV9Ck0: Tap aimed via settled hierarchy
10:05:09.677 [ INFO] maestro.Maestro.hierarchyBasedTap-ogj28Uc: Tapping at (160, 584) using hierarchy based logic for wait
10:05:11.541 [ INFO] maestro.Maestro.hierarchyBasedTap-ogj28Uc: Something has changed in the UI judging by view hierarchy. Proceed.
10:05:11.541 [ INFO] maestro.cli.runner.CliConsoleListener.onCommandFinished: Tap on id: signup-skip COMPLETED
10:05:11.541 [ INFO] maestro.cli.runner.CliConsoleListener.onCommandStart: Assert that "Liste" is visible RUNNING
10:05:11.714 [ INFO] maestro.cli.runner.CliConsoleListener.onCommandFinished: Assert that "Liste" is visible COMPLETED
10:05:11.714 [ INFO] maestro.cli.runner.CliConsoleListener.onCommandStart: Take screenshot 04-explore RUNNING
10:05:11.715 [ INFO] maestro.Maestro.takeScreenshot: Taking screenshot
10:05:11.715 [TRACE] maestro.utils.ScreenshotUtils.takeScreenshot: Taking screenshot to output sink
10:05:11.744 [ INFO] maestro.cli.runner.CliConsoleListener.onCommandFinished: Take screenshot 04-explore COMPLETED
10:05:11.744 [ INFO] maestro.cli.runner.CliConsoleListener.onCommandFinished: Run flows/01-login.yaml COMPLETED
10:05:11.744 [ INFO] maestro.cli.runner.CliConsoleListener.onCommandStart: Run flows/01b-design.yaml RUNNING
10:05:11.745 [ INFO] maestro.cli.runner.CliConsoleListener.onCommandStart: Apply configuration RUNNING
10:05:11.745 [ INFO] maestro.cli.runner.CliConsoleListener.onCommandFinished: Apply configuration COMPLETED
10:05:11.745 [ INFO] maestro.cli.runner.CliConsoleListener.onCommandStart: Tap on id: tab-profile RUNNING
10:05:11.939 [ INFO] maestro.Maestro.tap-HgV9Ck0: Tapping on element:  UiElement(treeNode=TreeNode(attributes={text=, accessibilityText=Profil, hintText=, ignoreBoundsFiltering=false, resource-id=tab-profile, clickable=true, bounds=[242,568][296,632], enabled=true, focused=false, checked=false, scrollable=false, selected=false, class=android.view.View, important-for-accessibility=true, error=}, children=[TreeNode(attributes={text=, accessibilityText=, hintText=, ignoreBoundsFiltering=false, resource-id=, clickable=false, bounds=[257,580][281,604], enabled=true, focused=false, checked=false, scrollable=false, selected=false, class=android.widget.ImageView, important-for-accessibility=false, error=}, children=[], clickable=false, enabled=true, focused=false, checked=false, selected=false), TreeNode(attributes={text=Profil, accessibilityText=, hintText=, ignoreBoundsFiltering=false, resource-id=, clickable=false, bounds=[253,612][284,628], enabled=true, focused=false, checked=false, scrollable=false, selected=false, class=android.widget.TextView, important-for-accessibility=true, error=}, children=[], clickable=false, enabled=true, focused=false, checked=false, selected=false)], clickable=true, enabled=true, focused=false, checked=false, selected=false), bounds=Bounds(x=242, y=568, width=54, height=64))
10:05:13.216 [ INFO] maestro.Maestro.tap-HgV9Ck0: Tap aimed via settled hierarchy
10:05:13.217 [ INFO] maestro.Maestro.hierarchyBasedTap-ogj28Uc: Tapping at (269, 600) using hierarchy based logic for wait
10:05:14.675 [ INFO] maestro.Maestro.hierarchyBasedTap-ogj28Uc: Something has changed in the UI judging by view hierarchy. Proceed.
10:05:14.675 [ INFO] maestro.cli.runner.CliConsoleListener.onCommandFinished: Tap on id: tab-profile COMPLETED
10:05:14.675 [ INFO] maestro.cli.runner.CliConsoleListener.onCommandStart: Tap on "Ayarlar" RUNNING
10:05:14.815 [ INFO] maestro.Maestro.tap-HgV9Ck0: Tapping on element:  UiElement(treeNode=TreeNode(attributes={text=, accessibilityText=Ayarlar, hintText=, ignoreBoundsFiltering=false, resource-id=, clickable=true, bounds=[268,36][312,80], enabled=true, focused=false, checked=false, scrollable=false, selected=false, class=android.widget.Button, important-for-accessibility=true, error=}, children=[TreeNode(attributes={text=, accessibilityText=, hintText=, ignoreBoundsFiltering=false, resource-id=, clickable=false, bounds=[278,45][302,71], enabled=true, focused=false, checked=false, scrollable=false, selected=false, class=android.widget.TextView, important-for-accessibility=true, error=}, children=[], clickable=false, enabled=true, focused=false, checked=false, selected=false)], clickable=true, enabled=true, focused=false, checked=false, selected=false), bounds=Bounds(x=268, y=36, width=44, height=44))
10:05:16.115 [ INFO] maestro.Maestro.tap-HgV9Ck0: Tap aimed via settled hierarchy
10:05:16.116 [ INFO] maestro.Maestro.hierarchyBasedTap-ogj28Uc: Tapping at (290, 58) using hierarchy based logic for wait
10:05:17.130 [ INFO] maestro.Maestro.hierarchyBasedTap-ogj28Uc: Something has changed in the UI judging by view hierarchy. Proceed.
10:05:17.130 [ INFO] maestro.cli.runner.CliConsoleListener.onCommandFinished: Tap on "Ayarlar" COMPLETED
10:05:17.130 [ INFO] maestro.cli.runner.CliConsoleListener.onCommandStart: Assert that "Tasarım \(test\)" is visible RUNNING
10:05:17.287 [ INFO] maestro.cli.runner.CliConsoleListener.onCommandFinished: Assert that "Tasarım \(test\)" is visible COMPLETED
10:05:17.288 [ INFO] maestro.cli.runner.CliConsoleListener.onCommandStart: Tap on id: design-scheme-${SCHEME} RUNNING
10:05:17.406 [ INFO] maestro.Maestro.tap-HgV9Ck0: Tapping on element:  UiElement(treeNode=TreeNode(attributes={text=, accessibilityText=Koyu, hintText=, ignoreBoundsFiltering=false, resource-id=design-scheme-dark, clickable=true, bounds=[75,254][130,298], enabled=true, focused=false, checked=false, scrollable=false, selected=false, class=android.view.View, important-for-accessibility=true, error=}, children=[TreeNode(attributes={text=Koyu, accessibilityText=, hintText=, ignoreBoundsFiltering=false, resource-id=, clickable=false, bounds=[87,267][118,284], enabled=true, focused=false, checked=false, scrollable=false, selected=false, class=android.widget.TextView, important-for-accessibility=true, error=}, children=[], clickable=false, enabled=true, focused=false, checked=false, selected=false)], clickable=true, enabled=true, focused=false, checked=false, selected=false), bounds=Bounds(x=75, y=254, width=55, height=44))
10:05:18.713 [ INFO] maestro.Maestro.tap-HgV9Ck0: Tap aimed via settled hierarchy
10:05:18.714 [ INFO] maestro.Maestro.hierarchyBasedTap-ogj28Uc: Tapping at (102, 276) using hierarchy based logic for wait
10:05:19.573 [ INFO] maestro.Maestro.hierarchyBasedTap-ogj28Uc: Something has changed in the UI judging by view hierarchy. Proceed.
10:05:19.573 [ INFO] maestro.cli.runner.CliConsoleListener.onCommandFinished: Tap on id: design-scheme-${SCHEME} COMPLETED
10:05:19.573 [ INFO] maestro.cli.runner.CliConsoleListener.onCommandStart: Take screenshot 04b-design RUNNING
10:05:19.573 [ INFO] maestro.Maestro.takeScreenshot: Taking screenshot
10:05:19.574 [TRACE] maestro.utils.ScreenshotUtils.takeScreenshot: Taking screenshot to output sink
10:05:19.602 [ INFO] maestro.cli.runner.CliConsoleListener.onCommandFinished: Take screenshot 04b-design COMPLETED
10:05:19.602 [ INFO] maestro.cli.runner.CliConsoleListener.onCommandStart: Tap on "Geri" RUNNING
10:05:19.755 [ INFO] maestro.Maestro.tap-HgV9Ck0: Tapping on element:  UiElement(treeNode=TreeNode(attributes={text=, accessibilityText=Geri, hintText=, ignoreBoundsFiltering=false, resource-id=, clickable=true, bounds=[8,36][52,80], enabled=true, focused=false, checked=false, scrollable=false, selected=false, class=android.widget.Button, important-for-accessibility=true, error=}, children=[TreeNode(attributes={text=, accessibilityText=, hintText=, ignoreBoundsFiltering=false, resource-id=, clickable=false, bounds=[18,45][42,71], enabled=true, focused=false, checked=false, scrollable=false, selected=false, class=android.widget.TextView, important-for-accessibility=true, error=}, children=[], clickable=false, enabled=true, focused=false, checked=false, selected=false)], clickable=true, enabled=true, focused=false, checked=false, selected=false), bounds=Bounds(x=8, y=36, width=44, height=44))
10:05:20.998 [ INFO] maestro.Maestro.tap-HgV9Ck0: Tap aimed via settled hierarchy
10:05:20.999 [ INFO] maestro.Maestro.hierarchyBasedTap-ogj28Uc: Tapping at (30, 58) using hierarchy based logic for wait
10:05:22.003 [ INFO] maestro.Maestro.hierarchyBasedTap-ogj28Uc: Something has changed in the UI judging by view hierarchy. Proceed.
10:05:22.004 [ INFO] maestro.cli.runner.CliConsoleListener.onCommandFinished: Tap on "Geri" COMPLETED
10:05:22.004 [ INFO] maestro.cli.runner.CliConsoleListener.onCommandStart: Tap on id: tab-explore RUNNING
10:05:22.143 [ INFO] maestro.Maestro.tap-HgV9Ck0: Tapping on element:  UiElement(treeNode=TreeNode(attributes={text=, accessibilityText=Keşfet, hintText=, ignoreBoundsFiltering=false, resource-id=tab-explore, clickable=true, bounds=[24,568][78,632], enabled=true, focused=false, checked=false, scrollable=false, selected=false, class=android.view.View, important-for-accessibility=true, error=}, children=[TreeNode(attributes={text=, accessibilityText=, hintText=, ignoreBoundsFiltering=false, resource-id=, clickable=false, bounds=[39,580][63,604], enabled=true, focused=false, checked=false, scrollable=false, selected=false, class=android.widget.ImageView, important-for-accessibility=false, error=}, children=[], clickable=false, enabled=true, focused=false, checked=false, selected=false), TreeNode(attributes={text=Keşfet, accessibilityText=, hintText=, ignoreBoundsFiltering=false, resource-id=, clickable=false, bounds=[33,612][69,628], enabled=true, focused=false, checked=false, scrollable=false, selected=false, class=android.widget.TextView, important-for-accessibility=true, error=}, children=[], clickable=false, enabled=true, focused=false, checked=false, selected=false)], clickable=true, enabled=true, focused=false, checked=false, selected=false), bounds=Bounds(x=24, y=568, width=54, height=64))
10:05:23.419 [ INFO] maestro.Maestro.tap-HgV9Ck0: Tap aimed via settled hierarchy
10:05:23.420 [ INFO] maestro.Maestro.hierarchyBasedTap-ogj28Uc: Tapping at (51, 600) using hierarchy based logic for wait
10:05:24.660 [ INFO] maestro.Maestro.hierarchyBasedTap-ogj28Uc: Something has changed in the UI judging by view hierarchy. Proceed.
10:05:24.660 [ INFO] maestro.cli.runner.CliConsoleListener.onCommandFinished: Tap on id: tab-explore COMPLETED
10:05:24.660 [ INFO] maestro.cli.runner.CliConsoleListener.onCommandStart: Assert that "Liste" is visible RUNNING
10:05:24.856 [ INFO] maestro.cli.runner.CliConsoleListener.onCommandFinished: Assert that "Liste" is visible COMPLETED
10:05:24.856 [ INFO] maestro.cli.runner.CliConsoleListener.onCommandFinished: Run flows/01b-design.yaml COMPLETED
10:05:24.857 [ INFO] maestro.cli.runner.CliConsoleListener.onCommandStart: Run flows/01c-preview.yaml RUNNING
10:05:24.857 [ INFO] maestro.cli.runner.CliConsoleListener.onCommandStart: Apply configuration RUNNING
10:05:24.857 [ INFO] maestro.cli.runner.CliConsoleListener.onCommandFinished: Apply configuration COMPLETED
10:05:24.857 [ INFO] maestro.cli.runner.CliConsoleListener.onCommandStart: Tap on id: tab-profile RUNNING
10:05:24.966 [ INFO] maestro.Maestro.tap-HgV9Ck0: Tapping on element:  UiElement(treeNode=TreeNode(attributes={text=, accessibilityText=Profil, hintText=, ignoreBoundsFiltering=false, resource-id=tab-profile, clickable=true, bounds=[242,568][296,632], enabled=true, focused=false, checked=false, scrollable=false, selected=false, class=android.view.View, important-for-accessibility=true, error=}, children=[TreeNode(attributes={text=, accessibilityText=, hintText=, ignoreBoundsFiltering=false, resource-id=, clickable=false, bounds=[257,580][281,604], enabled=true, focused=false, checked=false, scrollable=false, selected=false, class=android.widget.ImageView, important-for-accessibility=false, error=}, children=[], clickable=false, enabled=true, focused=false, checked=false, selected=false), TreeNode(attributes={text=Profil, accessibilityText=, hintText=, ignoreBoundsFiltering=false, resource-id=, clickable=false, bounds=[253,612][284,628], enabled=true, focused=false, checked=false, scrollable=false, selected=false, class=android.widget.TextView, important-for-accessibility=true, error=}, children=[], clickable=false, enabled=true, focused=false, checked=false, selected=false)], clickable=true, enabled=true, focused=false, checked=false, selected=false), bounds=Bounds(x=242, y=568, width=54, height=64))
10:05:26.306 [ INFO] maestro.Maestro.tap-HgV9Ck0: Tap aimed via settled hierarchy
10:05:26.307 [ INFO] maestro.Maestro.hierarchyBasedTap-ogj28Uc: Tapping at (269, 600) using hierarchy based logic for wait
10:05:27.465 [ INFO] maestro.Maestro.hierarchyBasedTap-ogj28Uc: Something has changed in the UI judging by view hierarchy. Proceed.
10:05:27.466 [ INFO] maestro.cli.runner.CliConsoleListener.onCommandFinished: Tap on id: tab-profile COMPLETED
10:05:27.466 [ INFO] maestro.cli.runner.CliConsoleListener.onCommandStart: Tap on "Ayarlar" RUNNING
10:05:27.570 [ INFO] maestro.Maestro.tap-HgV9Ck0: Tapping on element:  UiElement(treeNode=TreeNode(attributes={text=, accessibilityText=Ayarlar, hintText=, ignoreBoundsFiltering=false, resource-id=, clickable=true, bounds=[268,36][312,80], enabled=true, focused=false, checked=false, scrollable=false, selected=false, class=android.widget.Button, important-for-accessibility=true, error=}, children=[TreeNode(attributes={text=, accessibilityText=, hintText=, ignoreBoundsFiltering=false, resource-id=, clickable=false, bounds=[278,45][302,71], enabled=true, focused=false, checked=false, scrollable=false, selected=false, class=android.widget.TextView, important-for-accessibility=true, error=}, children=[], clickable=false, enabled=true, focused=false, checked=false, selected=false)], clickable=true, enabled=true, focused=false, checked=false, selected=false), bounds=Bounds(x=268, y=36, width=44, height=44))
10:05:28.853 [ INFO] maestro.Maestro.tap-HgV9Ck0: Tap aimed via settled hierarchy
10:05:28.854 [ INFO] maestro.Maestro.hierarchyBasedTap-ogj28Uc: Tapping at (290, 58) using hierarchy based logic for wait
10:05:29.831 [ INFO] maestro.Maestro.hierarchyBasedTap-ogj28Uc: Something has changed in the UI judging by view hierarchy. Proceed.
10:05:29.832 [ INFO] maestro.cli.runner.CliConsoleListener.onCommandFinished: Tap on "Ayarlar" COMPLETED
10:05:29.832 [ INFO] maestro.cli.runner.CliConsoleListener.onCommandStart: Scrolling DOWN until id: preview-open is visible with speed 40, visibility percentage 100%, timeout 30000 ms, with centering disabled RUNNING
10:05:29.964 [ INFO] maestro.orchestra.Orchestra.scrollUntilVisible: Scrolling try count: 0, DeviceWidth: 320, DeviceWidth: 640
10:05:29.964 [ INFO] maestro.orchestra.Orchestra.scrollUntilVisible: Element bounds: Bounds(x=20, y=316, width=280, height=48)
10:05:29.964 [ INFO] maestro.orchestra.Orchestra.scrollUntilVisible: Visibility Percent: 1.0
10:05:29.964 [ INFO] maestro.orchestra.Orchestra.scrollUntilVisible: Command centerElement: ScrollUntilVisibleCommand(selector=ElementSelector(textRegex=null, idRegex=preview-open, size=null, below=null, above=null, leftOf=null, rightOf=null, containsChild=null, containsDescendants=null, traits=null, index=null, enabled=null, optional=false, selected=null, checked=null, focused=null, childOf=null, css=null), direction=DOWN, scrollDuration=601, visibilityPercentage=100, timeout=30000, waitToSettleTimeoutMs=null, centerElement=false, originalSpeedValue=40, label=null, optional=false).centerElement
10:05:29.965 [ INFO] maestro.orchestra.Orchestra.scrollUntilVisible: visibilityPercentageNormalized: 1.0
10:05:29.965 [ INFO] maestro.cli.runner.CliConsoleListener.onCommandFinished: Scrolling DOWN until id: preview-open is visible with speed 40, visibility percentage 100%, timeout 30000 ms, with centering disabled COMPLETED
10:05:29.965 [ INFO] maestro.cli.runner.CliConsoleListener.onCommandStart: Tap on id: preview-open RUNNING
10:05:30.080 [ INFO] maestro.Maestro.tap-HgV9Ck0: Tapping on element:  UiElement(treeNode=TreeNode(attributes={text=, accessibilityText=Bileşen önizlemesini aç, hintText=, ignoreBoundsFiltering=false, resource-id=preview-open, clickable=true, bounds=[20,316][300,364], enabled=true, focused=false, checked=false, scrollable=false, selected=false, class=android.widget.Button, important-for-accessibility=true, error=}, children=[TreeNode(attributes={text=, accessibilityText=, hintText=, ignoreBoundsFiltering=false, resource-id=, clickable=false, bounds=[20,316][300,364], enabled=true, focused=false, checked=false, scrollable=false, selected=false, class=android.view.ViewGroup, important-for-accessibility=false, error=}, children=[], clickable=false, enabled=true, focused=false, checked=false, selected=false), TreeNode(attributes={text=Bileşen önizlemesini aç, accessibilityText=, hintText=, ignoreBoundsFiltering=false, resource-id=, clickable=false, bounds=[74,330][246,350], enabled=true, focused=false, checked=false, scrollable=false, selected=false, class=android.widget.TextView, important-for-accessibility=true, error=}, children=[], clickable=false, enabled=true, focused=false, checked=false, selected=false)], clickable=true, enabled=true, focused=false, checked=false, selected=false), bounds=Bounds(x=20, y=316, width=280, height=48))
10:05:31.319 [ INFO] maestro.Maestro.tap-HgV9Ck0: Tap aimed via settled hierarchy
10:05:31.319 [ INFO] maestro.Maestro.hierarchyBasedTap-ogj28Uc: Tapping at (160, 340) using hierarchy based logic for wait
10:05:32.700 [ INFO] maestro.Maestro.hierarchyBasedTap-ogj28Uc: Something has changed in the UI judging by view hierarchy. Proceed.
10:05:32.700 [ INFO] maestro.cli.runner.CliConsoleListener.onCommandFinished: Tap on id: preview-open COMPLETED
10:05:32.700 [ INFO] maestro.cli.runner.CliConsoleListener.onCommandStart: Assert that id: preview-games is visible RUNNING
10:05:32.869 [ INFO] maestro.cli.runner.CliConsoleListener.onCommandFinished: Assert that id: preview-games is visible COMPLETED
10:05:32.869 [ INFO] maestro.cli.runner.CliConsoleListener.onCommandStart: Take screenshot 04c-preview-games-1 RUNNING
10:05:32.869 [ INFO] maestro.Maestro.takeScreenshot: Taking screenshot
10:05:32.870 [TRACE] maestro.utils.ScreenshotUtils.takeScreenshot: Taking screenshot to output sink
10:05:32.897 [ INFO] maestro.cli.runner.CliConsoleListener.onCommandFinished: Take screenshot 04c-preview-games-1 COMPLETED
10:05:32.897 [ INFO] maestro.cli.runner.CliConsoleListener.onCommandStart: Scrolling DOWN until id: preview-buttons is visible with speed 40, visibility percentage 100%, timeout 30000 ms, with centering enabled RUNNING
10:05:33.103 [ INFO] maestro.orchestra.Orchestra.scrollUntilVisible: Scrolling try count: 0, DeviceWidth: 320, DeviceWidth: 640
10:05:33.103 [ INFO] maestro.orchestra.Orchestra.scrollUntilVisible: Element bounds: Bounds(x=33, y=283, width=254, height=340)
10:05:33.103 [ INFO] maestro.orchestra.Orchestra.scrollUntilVisible: Visibility Percent: 1.0
10:05:33.103 [ INFO] maestro.orchestra.Orchestra.scrollUntilVisible: Command centerElement: ScrollUntilVisibleCommand(selector=ElementSelector(textRegex=null, idRegex=preview-buttons, size=null, below=null, above=null, leftOf=null, rightOf=null, containsChild=null, containsDescendants=null, traits=null, index=null, enabled=null, optional=false, selected=null, checked=null, focused=null, childOf=null, css=null), direction=DOWN, scrollDuration=601, visibilityPercentage=100, timeout=30000, waitToSettleTimeoutMs=null, centerElement=true, originalSpeedValue=40, label=null, optional=false).centerElement
10:05:33.103 [ INFO] maestro.orchestra.Orchestra.scrollUntilVisible: visibilityPercentageNormalized: 1.0
10:05:33.110 [ INFO] maestro.Maestro.swipeFromCenter: Swiping UP from center
10:05:35.227 [ INFO] maestro.orchestra.Orchestra.scrollUntilVisible: Scrolling try count: 1, DeviceWidth: 320, DeviceWidth: 640
10:05:35.227 [ INFO] maestro.orchestra.Orchestra.scrollUntilVisible: Element bounds: Bounds(x=33, y=24, width=254, height=313)
10:05:35.227 [ INFO] maestro.orchestra.Orchestra.scrollUntilVisible: Visibility Percent: 1.0
10:05:35.227 [ INFO] maestro.orchestra.Orchestra.scrollUntilVisible: Command centerElement: ScrollUntilVisibleCommand(selector=ElementSelector(textRegex=null, idRegex=preview-buttons, size=null, below=null, above=null, leftOf=null, rightOf=null, containsChild=null, containsDescendants=null, traits=null, index=null, enabled=null, optional=false, selected=null, checked=null, focused=null, childOf=null, css=null), direction=DOWN, scrollDuration=601, visibilityPercentage=100, timeout=30000, waitToSettleTimeoutMs=null, centerElement=true, originalSpeedValue=40, label=null, optional=false).centerElement
10:05:35.227 [ INFO] maestro.orchestra.Orchestra.scrollUntilVisible: visibilityPercentageNormalized: 1.0
10:05:35.227 [ INFO] maestro.cli.runner.CliConsoleListener.onCommandFinished: Scrolling DOWN until id: preview-buttons is visible with speed 40, visibility percentage 100%, timeout 30000 ms, with centering enabled COMPLETED
10:05:35.227 [ INFO] maestro.cli.runner.CliConsoleListener.onCommandStart: Take screenshot 04g-buttons RUNNING
10:05:35.228 [ INFO] maestro.Maestro.takeScreenshot: Taking screenshot
10:05:35.228 [TRACE] maestro.utils.ScreenshotUtils.takeScreenshot: Taking screenshot to output sink
10:05:35.258 [ INFO] maestro.cli.runner.CliConsoleListener.onCommandFinished: Take screenshot 04g-buttons COMPLETED
10:05:35.258 [ INFO] maestro.cli.runner.CliConsoleListener.onCommandStart: Scrolling DOWN until id: turn-start is visible with speed 40, visibility percentage 100%, timeout 30000 ms, with centering enabled RUNNING
10:05:36.013 [ WARN] maestro.orchestra.Orchestra.scrollUntilVisible: Error: maestro.MaestroException$ElementNotFound: Element not found: Id matching regex: turn-start
10:05:36.056 [ INFO] maestro.Maestro.swipeFromCenter: Swiping UP from center
10:05:38.722 [ WARN] maestro.orchestra.Orchestra.scrollUntilVisible: Error: maestro.MaestroException$ElementNotFound: Element not found: Id matching regex: turn-start
10:05:38.728 [ INFO] maestro.Maestro.swipeFromCenter: Swiping UP from center
10:05:40.954 [ INFO] maestro.orchestra.Orchestra.scrollUntilVisible: Scrolling try count: 0, DeviceWidth: 320, DeviceWidth: 640
10:05:40.954 [ INFO] maestro.orchestra.Orchestra.scrollUntilVisible: Element bounds: Bounds(x=62, y=580, width=196, height=60)
10:05:40.955 [ INFO] maestro.orchestra.Orchestra.scrollUntilVisible: Visibility Percent: 1.0
10:05:40.955 [ INFO] maestro.orchestra.Orchestra.scrollUntilVisible: Command centerElement: ScrollUntilVisibleCommand(selector=ElementSelector(textRegex=null, idRegex=turn-start, size=null, below=null, above=null, leftOf=null, rightOf=null, containsChild=null, containsDescendants=null, traits=null, index=null, enabled=null, optional=false, selected=null, checked=null, focused=null, childOf=null, css=null), direction=DOWN, scrollDuration=601, visibilityPercentage=100, timeout=30000, waitToSettleTimeoutMs=null, centerElement=true, originalSpeedValue=40, label=null, optional=false).centerElement
10:05:40.956 [ INFO] maestro.orchestra.Orchestra.scrollUntilVisible: visibilityPercentageNormalized: 1.0
10:05:40.961 [ INFO] maestro.Maestro.swipeFromCenter: Swiping UP from center
10:05:43.033 [ INFO] maestro.orchestra.Orchestra.scrollUntilVisible: Scrolling try count: 1, DeviceWidth: 320, DeviceWidth: 640
10:05:43.033 [ INFO] maestro.orchestra.Orchestra.scrollUntilVisible: Element bounds: Bounds(x=62, y=296, width=196, height=196)
10:05:43.033 [ INFO] maestro.orchestra.Orchestra.scrollUntilVisible: Visibility Percent: 1.0
10:05:43.033 [ INFO] maestro.orchestra.Orchestra.scrollUntilVisible: Command centerElement: ScrollUntilVisibleCommand(selector=ElementSelector(textRegex=null, idRegex=turn-start, size=null, below=null, above=null, leftOf=null, rightOf=null, containsChild=null, containsDescendants=null, traits=null, index=null, enabled=null, optional=false, selected=null, checked=null, focused=null, childOf=null, css=null), direction=DOWN, scrollDuration=601, visibilityPercentage=100, timeout=30000, waitToSettleTimeoutMs=null, centerElement=true, originalSpeedValue=40, label=null, optional=false).centerElement
10:05:43.033 [ INFO] maestro.orchestra.Orchestra.scrollUntilVisible: visibilityPercentageNormalized: 1.0
10:05:43.034 [ INFO] maestro.cli.runner.CliConsoleListener.onCommandFinished: Scrolling DOWN until id: turn-start is visible with speed 40, visibility percentage 100%, timeout 30000 ms, with centering enabled COMPLETED
10:05:43.034 [ INFO] maestro.cli.runner.CliConsoleListener.onCommandStart: Take screenshot 04c-preview-games-2 RUNNING
10:05:43.034 [ INFO] maestro.Maestro.takeScreenshot: Taking screenshot
10:05:43.034 [TRACE] maestro.utils.ScreenshotUtils.takeScreenshot: Taking screenshot to output sink
10:05:43.060 [ INFO] maestro.cli.runner.CliConsoleListener.onCommandFinished: Take screenshot 04c-preview-games-2 COMPLETED
10:05:43.061 [ INFO] maestro.cli.runner.CliConsoleListener.onCommandStart: Scrolling DOWN until id: turn-countdown is visible with speed 40, visibility percentage 100%, timeout 30000 ms, with centering enabled RUNNING
10:05:43.832 [ WARN] maestro.orchestra.Orchestra.scrollUntilVisible: Error: maestro.MaestroException$ElementNotFound: Element not found: Id matching regex: turn-countdown
10:05:43.837 [ INFO] maestro.Maestro.swipeFromCenter: Swiping UP from center
10:05:45.944 [ INFO] maestro.orchestra.Orchestra.scrollUntilVisible: Scrolling try count: 0, DeviceWidth: 320, DeviceWidth: 640
10:05:45.945 [ INFO] maestro.orchestra.Orchestra.scrollUntilVisible: Element bounds: Bounds(x=84, y=579, width=152, height=61)
10:05:45.945 [ INFO] maestro.orchestra.Orchestra.scrollUntilVisible: Visibility Percent: 1.0
10:05:45.945 [ INFO] maestro.orchestra.Orchestra.scrollUntilVisible: Command centerElement: ScrollUntilVisibleCommand(selector=ElementSelector(textRegex=null, idRegex=turn-countdown, size=null, below=null, above=null, leftOf=null, rightOf=null, containsChild=null, containsDescendants=null, traits=null, index=null, enabled=null, optional=false, selected=null, checked=null, focused=null, childOf=null, css=null), direction=DOWN, scrollDuration=601, visibilityPercentage=100, timeout=30000, waitToSettleTimeoutMs=null, centerElement=true, originalSpeedValue=40, label=null, optional=false).centerElement
10:05:45.945 [ INFO] maestro.orchestra.Orchestra.scrollUntilVisible: visibilityPercentageNormalized: 1.0
10:05:45.950 [ INFO] maestro.Maestro.swipeFromCenter: Swiping UP from center
10:05:47.914 [ INFO] maestro.orchestra.Orchestra.scrollUntilVisible: Scrolling try count: 1, DeviceWidth: 320, DeviceWidth: 640
10:05:47.914 [ INFO] maestro.orchestra.Orchestra.scrollUntilVisible: Element bounds: Bounds(x=84, y=294, width=152, height=152)
10:05:47.914 [ INFO] maestro.orchestra.Orchestra.scrollUntilVisible: Visibility Percent: 1.0
10:05:47.914 [ INFO] maestro.orchestra.Orchestra.scrollUntilVisible: Command centerElement: ScrollUntilVisibleCommand(selector=ElementSelector(textRegex=null, idRegex=turn-countdown, size=null, below=null, above=null, leftOf=null, rightOf=null, containsChild=null, containsDescendants=null, traits=null, index=null, enabled=null, optional=false, selected=null, checked=null, focused=null, childOf=null, css=null), direction=DOWN, scrollDuration=601, visibilityPercentage=100, timeout=30000, waitToSettleTimeoutMs=null, centerElement=true, originalSpeedValue=40, label=null, optional=false).centerElement
10:05:47.914 [ INFO] maestro.orchestra.Orchestra.scrollUntilVisible: visibilityPercentageNormalized: 1.0
10:05:47.914 [ INFO] maestro.cli.runner.CliConsoleListener.onCommandFinished: Scrolling DOWN until id: turn-countdown is visible with speed 40, visibility percentage 100%, timeout 30000 ms, with centering enabled COMPLETED
10:05:47.914 [ INFO] maestro.cli.runner.CliConsoleListener.onCommandStart: Take screenshot 04c-preview-games-3 RUNNING
10:05:47.915 [ INFO] maestro.Maestro.takeScreenshot: Taking screenshot
10:05:47.915 [TRACE] maestro.utils.ScreenshotUtils.takeScreenshot: Taking screenshot to output sink
10:05:47.941 [ INFO] maestro.cli.runner.CliConsoleListener.onCommandFinished: Take screenshot 04c-preview-games-3 COMPLETED
10:05:47.941 [ INFO] maestro.cli.runner.CliConsoleListener.onCommandStart: Scrolling DOWN until id: time-up is visible with speed 40, visibility percentage 100%, timeout 30000 ms, with centering enabled RUNNING
10:05:48.627 [ WARN] maestro.orchestra.Orchestra.scrollUntilVisible: Error: maestro.MaestroException$ElementNotFound: Element not found: Id matching regex: time-up
10:05:48.633 [ INFO] maestro.Maestro.swipeFromCenter: Swiping UP from center
10:05:50.649 [ INFO] maestro.orchestra.Orchestra.scrollUntilVisible: Scrolling try count: 0, DeviceWidth: 320, DeviceWidth: 640
10:05:50.649 [ INFO] maestro.orchestra.Orchestra.scrollUntilVisible: Element bounds: Bounds(x=33, y=481, width=254, height=159)
10:05:50.649 [ INFO] maestro.orchestra.Orchestra.scrollUntilVisible: Visibility Percent: 1.0
10:05:50.649 [ INFO] maestro.orchestra.Orchestra.scrollUntilVisible: Command centerElement: ScrollUntilVisibleCommand(selector=ElementSelector(textRegex=null, idRegex=time-up, size=null, below=null, above=null, leftOf=null, rightOf=null, containsChild=null, containsDescendants=null, traits=null, index=null, enabled=null, optional=false, selected=null, checked=null, focused=null, childOf=null, css=null), direction=DOWN, scrollDuration=601, visibilityPercentage=100, timeout=30000, waitToSettleTimeoutMs=null, centerElement=true, originalSpeedValue=40, label=null, optional=false).centerElement
10:05:50.649 [ INFO] maestro.orchestra.Orchestra.scrollUntilVisible: visibilityPercentageNormalized: 1.0
10:05:50.699 [ INFO] maestro.Maestro.swipeFromCenter: Swiping UP from center
10:05:52.701 [ INFO] maestro.orchestra.Orchestra.scrollUntilVisible: Scrolling try count: 1, DeviceWidth: 320, DeviceWidth: 640
10:05:52.701 [ INFO] maestro.orchestra.Orchestra.scrollUntilVisible: Element bounds: Bounds(x=33, y=188, width=254, height=400)
10:05:52.701 [ INFO] maestro.orchestra.Orchestra.scrollUntilVisible: Visibility Percent: 1.0
10:05:52.701 [ INFO] maestro.orchestra.Orchestra.scrollUntilVisible: Command centerElement: ScrollUntilVisibleCommand(selector=ElementSelector(textRegex=null, idRegex=time-up, size=null, below=null, above=null, leftOf=null, rightOf=null, containsChild=null, containsDescendants=null, traits=null, index=null, enabled=null, optional=false, selected=null, checked=null, focused=null, childOf=null, css=null), direction=DOWN, scrollDuration=601, visibilityPercentage=100, timeout=30000, waitToSettleTimeoutMs=null, centerElement=true, originalSpeedValue=40, label=null, optional=false).centerElement
10:05:52.701 [ INFO] maestro.orchestra.Orchestra.scrollUntilVisible: visibilityPercentageNormalized: 1.0
10:05:52.701 [ INFO] maestro.cli.runner.CliConsoleListener.onCommandFinished: Scrolling DOWN until id: time-up is visible with speed 40, visibility percentage 100%, timeout 30000 ms, with centering enabled COMPLETED
10:05:52.701 [ INFO] maestro.cli.runner.CliConsoleListener.onCommandStart: Take screenshot 04c-preview-games-4 RUNNING
10:05:52.702 [ INFO] maestro.Maestro.takeScreenshot: Taking screenshot
10:05:52.702 [TRACE] maestro.utils.ScreenshotUtils.takeScreenshot: Taking screenshot to output sink
10:05:52.727 [ INFO] maestro.cli.runner.CliConsoleListener.onCommandFinished: Take screenshot 04c-preview-games-4 COMPLETED
10:05:52.727 [ INFO] maestro.cli.runner.CliConsoleListener.onCommandStart: Scrolling DOWN until id: preview-intro is visible with speed 40, visibility percentage 100%, timeout 30000 ms, with centering disabled RUNNING
10:05:53.413 [ WARN] maestro.orchestra.Orchestra.scrollUntilVisible: Error: maestro.MaestroException$ElementNotFound: Element not found: Id matching regex: preview-intro
10:05:53.418 [ INFO] maestro.Maestro.swipeFromCenter: Swiping UP from center
10:05:55.153 [ INFO] maestro.orchestra.Orchestra.scrollUntilVisible: Scrolling try count: 0, DeviceWidth: 320, DeviceWidth: 640
10:05:55.154 [ INFO] maestro.orchestra.Orchestra.scrollUntilVisible: Element bounds: Bounds(x=33, y=547, width=254, height=48)
10:05:55.154 [ INFO] maestro.orchestra.Orchestra.scrollUntilVisible: Visibility Percent: 1.0
10:05:55.154 [ INFO] maestro.orchestra.Orchestra.scrollUntilVisible: Command centerElement: ScrollUntilVisibleCommand(selector=ElementSelector(textRegex=null, idRegex=preview-intro, size=null, below=null, above=null, leftOf=null, rightOf=null, containsChild=null, containsDescendants=null, traits=null, index=null, enabled=null, optional=false, selected=null, checked=null, focused=null, childOf=null, css=null), direction=DOWN, scrollDuration=601, visibilityPercentage=100, timeout=30000, waitToSettleTimeoutMs=null, centerElement=false, originalSpeedValue=40, label=null, optional=false).centerElement
10:05:55.154 [ INFO] maestro.orchestra.Orchestra.scrollUntilVisible: visibilityPercentageNormalized: 1.0
10:05:55.154 [ INFO] maestro.cli.runner.CliConsoleListener.onCommandFinished: Scrolling DOWN until id: preview-intro is visible with speed 40, visibility percentage 100%, timeout 30000 ms, with centering disabled COMPLETED
10:05:55.154 [ INFO] maestro.cli.runner.CliConsoleListener.onCommandStart: Tap on id: preview-confirm RUNNING
10:05:55.285 [ INFO] maestro.Maestro.tap-HgV9Ck0: Tapping on element:  UiElement(treeNode=TreeNode(attributes={text=, accessibilityText=Oyunu bitir, hintText=, ignoreBoundsFiltering=false, resource-id=preview-confirm, clickable=true, bounds=[33,487][287,535], enabled=true, focused=false, checked=false, scrollable=false, selected=false, class=android.widget.Button, important-for-accessibility=true, error=}, children=[TreeNode(attributes={text=, accessibilityText=, hintText=, ignoreBoundsFiltering=false, resource-id=, clickable=false, bounds=[33,487][287,535], enabled=true, focused=false, checked=false, scrollable=false, selected=false, class=android.view.ViewGroup, important-for-accessibility=false, error=}, children=[], clickable=false, enabled=true, focused=false, checked=false, selected=false), TreeNode(attributes={text=Oyunu bitir, accessibilityText=, hintText=, ignoreBoundsFiltering=false, resource-id=, clickable=false, bounds=[118,501][202,521], enabled=true, focused=false, checked=false, scrollable=false, selected=false, class=android.widget.TextView, important-for-accessibility=true, error=}, children=[], clickable=false, enabled=true, focused=false, checked=false, selected=false)], clickable=true, enabled=true, focused=false, checked=false, selected=false), bounds=Bounds(x=33, y=487, width=254, height=48))
10:05:56.597 [ INFO] maestro.Maestro.tap-HgV9Ck0: Tap aimed via settled hierarchy
10:05:56.597 [ INFO] maestro.Maestro.hierarchyBasedTap-ogj28Uc: Tapping at (160, 511) using hierarchy based logic for wait
10:05:57.732 [ INFO] maestro.Maestro.hierarchyBasedTap-ogj28Uc: Something has changed in the UI judging by view hierarchy. Proceed.
10:05:57.732 [ INFO] maestro.cli.runner.CliConsoleListener.onCommandFinished: Tap on id: preview-confirm COMPLETED
10:05:57.732 [ INFO] maestro.cli.runner.CliConsoleListener.onCommandStart: Assert that id: preview-confirm-ok is visible RUNNING
10:05:57.846 [ INFO] maestro.cli.runner.CliConsoleListener.onCommandFinished: Assert that id: preview-confirm-ok is visible COMPLETED
10:05:57.846 [ INFO] maestro.cli.runner.CliConsoleListener.onCommandStart: Take screenshot 04c-preview-confirm RUNNING
10:05:57.846 [ INFO] maestro.Maestro.takeScreenshot: Taking screenshot
10:05:57.847 [TRACE] maestro.utils.ScreenshotUtils.takeScreenshot: Taking screenshot to output sink
10:05:57.956 [ INFO] maestro.cli.runner.CliConsoleListener.onCommandFinished: Take screenshot 04c-preview-confirm COMPLETED
10:05:57.956 [ INFO] maestro.cli.runner.CliConsoleListener.onCommandStart: Tap on id: preview-confirm-ok-cancel RUNNING
10:05:58.027 [ INFO] maestro.Maestro.tap-HgV9Ck0: Tapping on element:  UiElement(treeNode=TreeNode(attributes={text=, accessibilityText=Devam et, hintText=, ignoreBoundsFiltering=false, resource-id=preview-confirm-ok-cancel, clickable=true, bounds=[24,568][155,616], enabled=true, focused=false, checked=false, scrollable=false, selected=false, class=android.widget.Button, important-for-accessibility=true, error=}, children=[TreeNode(attributes={text=, accessibilityText=, hintText=, ignoreBoundsFiltering=false, resource-id=, clickable=false, bounds=[24,568][155,616], enabled=true, focused=false, checked=false, scrollable=false, selected=false, class=android.view.ViewGroup, important-for-accessibility=false, error=}, children=[], clickable=false, enabled=true, focused=false, checked=false, selected=false), TreeNode(attributes={text=Devam et, accessibilityText=, hintText=, ignoreBoundsFiltering=false, resource-id=, clickable=false, bounds=[54,582][125,602], enabled=true, focused=false, checked=false, scrollable=false, selected=false, class=android.widget.TextView, important-for-accessibility=true, error=}, children=[], clickable=false, enabled=true, focused=false, checked=false, selected=false)], clickable=true, enabled=true, focused=false, checked=false, selected=false), bounds=Bounds(x=24, y=568, width=131, height=48))
10:05:59.232 [ INFO] maestro.Maestro.tap-HgV9Ck0: Tap aimed via settled hierarchy
10:05:59.233 [ INFO] maestro.Maestro.hierarchyBasedTap-ogj28Uc: Tapping at (89, 592) using hierarchy based logic for wait
10:06:01.338 [ INFO] maestro.Maestro.hierarchyBasedTap-ogj28Uc: Something has changed in the UI judging by view hierarchy. Proceed.
10:06:01.339 [ INFO] maestro.cli.runner.CliConsoleListener.onCommandFinished: Tap on id: preview-confirm-ok-cancel COMPLETED
10:06:01.339 [ INFO] maestro.cli.runner.CliConsoleListener.onCommandStart: Tap on id: preview-intro RUNNING
10:06:01.477 [ INFO] maestro.Maestro.tap-HgV9Ck0: Tapping on element:  UiElement(treeNode=TreeNode(attributes={text=, accessibilityText=Sesli Tabu nasıl oynanır?, hintText=, ignoreBoundsFiltering=false, resource-id=preview-intro, clickable=true, bounds=[33,547][287,595], enabled=true, focused=false, checked=false, scrollable=false, selected=false, class=android.widget.Button, important-for-accessibility=true, error=}, children=[TreeNode(attributes={text=, accessibilityText=, hintText=, ignoreBoundsFiltering=false, resource-id=, clickable=false, bounds=[33,547][287,595], enabled=true, focused=false, checked=false, scrollable=false, selected=false, class=android.view.ViewGroup, important-for-accessibility=false, error=}, children=[], clickable=false, enabled=true, focused=false, checked=false, selected=false), TreeNode(attributes={text=Sesli Tabu nasıl oynanır?, accessibilityText=, hintText=, ignoreBoundsFiltering=false, resource-id=, clickable=false, bounds=[69,561][252,581], enabled=true, focused=false, checked=false, scrollable=false, selected=false, class=android.widget.TextView, important-for-accessibility=true, error=}, children=[], clickable=false, enabled=true, focused=false, checked=false, selected=false)], clickable=true, enabled=true, focused=false, checked=false, selected=false), bounds=Bounds(x=33, y=547, width=254, height=48))
10:06:02.734 [ INFO] maestro.Maestro.tap-HgV9Ck0: Tap aimed via settled hierarchy
10:06:02.735 [ INFO] maestro.Maestro.hierarchyBasedTap-ogj28Uc: Tapping at (160, 571) using hierarchy based logic for wait
10:06:03.668 [ INFO] maestro.Maestro.hierarchyBasedTap-ogj28Uc: Something has changed in the UI judging by view hierarchy. Proceed.
10:06:03.668 [ INFO] maestro.cli.runner.CliConsoleListener.onCommandFinished: Tap on id: preview-intro COMPLETED
10:06:03.668 [ INFO] maestro.cli.runner.CliConsoleListener.onCommandStart: Assert that id: intro-done is visible RUNNING
10:06:03.785 [ INFO] maestro.cli.runner.CliConsoleListener.onCommandFinished: Assert that id: intro-done is visible COMPLETED
10:06:03.785 [ INFO] maestro.cli.runner.CliConsoleListener.onCommandStart: Take screenshot 04c-preview-intro RUNNING
10:06:03.786 [ INFO] maestro.Maestro.takeScreenshot: Taking screenshot
10:06:03.786 [TRACE] maestro.utils.ScreenshotUtils.takeScreenshot: Taking screenshot to output sink
10:06:03.850 [ INFO] maestro.cli.runner.CliConsoleListener.onCommandFinished: Take screenshot 04c-preview-intro COMPLETED
10:06:03.850 [ INFO] maestro.cli.runner.CliConsoleListener.onCommandStart: Tap on id: intro-skip RUNNING
10:06:03.961 [ INFO] maestro.Maestro.tap-HgV9Ck0: Tapping on element:  UiElement(treeNode=TreeNode(attributes={text=, accessibilityText=Geç, hintText=, ignoreBoundsFiltering=false, resource-id=intro-skip, clickable=true, bounds=[256,44][300,88], enabled=true, focused=false, checked=false, scrollable=false, selected=false, class=android.widget.Button, important-for-accessibility=true, error=}, children=[TreeNode(attributes={text=Geç, accessibilityText=, hintText=, ignoreBoundsFiltering=false, resource-id=, clickable=false, bounds=[277,57][300,75], enabled=true, focused=false, checked=false, scrollable=false, selected=false, class=android.widget.TextView, important-for-accessibility=true, error=}, children=[], clickable=false, enabled=true, focused=false, checked=false, selected=false)], clickable=true, enabled=true, focused=false, checked=false, selected=false), bounds=Bounds(x=256, y=44, width=44, height=44))
10:06:05.265 [ INFO] maestro.Maestro.tap-HgV9Ck0: Tap aimed via settled hierarchy
10:06:05.265 [ INFO] maestro.Maestro.hierarchyBasedTap-ogj28Uc: Tapping at (278, 66) using hierarchy based logic for wait
10:06:06.473 [ INFO] maestro.Maestro.hierarchyBasedTap-ogj28Uc: Something has changed in the UI judging by view hierarchy. Proceed.
10:06:06.473 [ INFO] maestro.cli.runner.CliConsoleListener.onCommandFinished: Tap on id: intro-skip COMPLETED
10:06:06.473 [ INFO] maestro.cli.runner.CliConsoleListener.onCommandStart: Press back RUNNING
10:06:06.474 [ INFO] maestro.Maestro.backPress: Pressing back
10:06:07.343 [ INFO] maestro.cli.runner.CliConsoleListener.onCommandFinished: Press back COMPLETED
10:06:07.343 [ INFO] maestro.cli.runner.CliConsoleListener.onCommandStart: Assert that id: preview-open is visible RUNNING
10:06:07.463 [ INFO] maestro.cli.runner.CliConsoleListener.onCommandFinished: Assert that id: preview-open is visible COMPLETED
10:06:07.463 [ INFO] maestro.cli.runner.CliConsoleListener.onCommandStart: Tap on id: preview-open RUNNING
10:06:07.575 [ INFO] maestro.Maestro.tap-HgV9Ck0: Tapping on element:  UiElement(treeNode=TreeNode(attributes={text=, accessibilityText=Bileşen önizlemesini aç, hintText=, ignoreBoundsFiltering=false, resource-id=preview-open, clickable=true, bounds=[20,316][300,364], enabled=true, focused=false, checked=false, scrollable=false, selected=false, class=android.widget.Button, important-for-accessibility=true, error=}, children=[TreeNode(attributes={text=, accessibilityText=, hintText=, ignoreBoundsFiltering=false, resource-id=, clickable=false, bounds=[20,316][300,364], enabled=true, focused=false, checked=false, scrollable=false, selected=false, class=android.view.ViewGroup, important-for-accessibility=false, error=}, children=[], clickable=false, enabled=true, focused=false, checked=false, selected=false), TreeNode(attributes={text=Bileşen önizlemesini aç, accessibilityText=, hintText=, ignoreBoundsFiltering=false, resource-id=, clickable=false, bounds=[74,330][246,350], enabled=true, focused=false, checked=false, scrollable=false, selected=false, class=android.widget.TextView, important-for-accessibility=true, error=}, children=[], clickable=false, enabled=true, focused=false, checked=false, selected=false)], clickable=true, enabled=true, focused=false, checked=false, selected=false), bounds=Bounds(x=20, y=316, width=280, height=48))
10:06:08.824 [ INFO] maestro.Maestro.tap-HgV9Ck0: Tap aimed via settled hierarchy
10:06:08.824 [ INFO] maestro.Maestro.hierarchyBasedTap-ogj28Uc: Tapping at (160, 340) using hierarchy based logic for wait
10:06:10.172 [ INFO] maestro.Maestro.hierarchyBasedTap-ogj28Uc: Something has changed in the UI judging by view hierarchy. Proceed.
10:06:10.172 [ INFO] maestro.cli.runner.CliConsoleListener.onCommandFinished: Tap on id: preview-open COMPLETED
10:06:10.172 [ INFO] maestro.cli.runner.CliConsoleListener.onCommandStart: Assert that id: preview-set-sahtekar is visible RUNNING
10:06:10.348 [ INFO] maestro.cli.runner.CliConsoleListener.onCommandFinished: Assert that id: preview-set-sahtekar is visible COMPLETED
10:06:10.349 [ INFO] maestro.cli.runner.CliConsoleListener.onCommandStart: Tap on id: preview-set-sahtekar RUNNING
10:06:10.505 [ INFO] maestro.Maestro.tap-HgV9Ck0: Tapping on element:  UiElement(treeNode=TreeNode(attributes={text=, accessibilityText=Sahtekar, hintText=, ignoreBoundsFiltering=false, resource-id=preview-set-sahtekar, clickable=true, bounds=[95,138][186,178], enabled=true, focused=false, checked=false, scrollable=false, selected=false, class=android.widget.Button, important-for-accessibility=true, error=}, children=[TreeNode(attributes={text=, accessibilityText=, hintText=, ignoreBoundsFiltering=false, resource-id=, clickable=false, bounds=[95,138][186,178], enabled=true, focused=false, checked=false, scrollable=false, selected=false, class=android.view.ViewGroup, important-for-accessibility=false, error=}, children=[], clickable=false, enabled=true, focused=false, checked=false, selected=false), TreeNode(attributes={text=Sahtekar, accessibilityText=, hintText=, ignoreBoundsFiltering=false, resource-id=, clickable=false, bounds=[111,149][170,167], enabled=true, focused=false, checked=false, scrollable=false, selected=false, class=android.widget.TextView, important-for-accessibility=true, error=}, children=[], clickable=false, enabled=true, focused=false, checked=false, selected=false)], clickable=true, enabled=true, focused=false, checked=false, selected=false), bounds=Bounds(x=95, y=138, width=91, height=40))
10:06:11.813 [ INFO] maestro.Maestro.tap-HgV9Ck0: Tap aimed via settled hierarchy
10:06:11.814 [ INFO] maestro.Maestro.hierarchyBasedTap-ogj28Uc: Tapping at (140, 158) using hierarchy based logic for wait
10:06:12.901 [ INFO] maestro.Maestro.hierarchyBasedTap-ogj28Uc: Something has changed in the UI judging by view hierarchy. Proceed.
10:06:12.902 [ INFO] maestro.cli.runner.CliConsoleListener.onCommandFinished: Tap on id: preview-set-sahtekar COMPLETED
10:06:12.902 [ INFO] maestro.cli.runner.CliConsoleListener.onCommandStart: Assert that id: sahtekar-pass is visible RUNNING
10:06:13.075 [ INFO] maestro.cli.runner.CliConsoleListener.onCommandFinished: Assert that id: sahtekar-pass is visible COMPLETED
10:06:13.075 [ INFO] maestro.cli.runner.CliConsoleListener.onCommandStart: Take screenshot 04d-sahtekar-pass RUNNING
10:06:13.075 [ INFO] maestro.Maestro.takeScreenshot: Taking screenshot
10:06:13.076 [TRACE] maestro.utils.ScreenshotUtils.takeScreenshot: Taking screenshot to output sink
10:06:13.102 [ INFO] maestro.cli.runner.CliConsoleListener.onCommandFinished: Take screenshot 04d-sahtekar-pass COMPLETED
10:06:13.102 [ INFO] maestro.cli.runner.CliConsoleListener.onCommandStart: Scrolling DOWN until id: preview-card-word is visible with speed 40, visibility percentage 100%, timeout 30000 ms, with centering enabled RUNNING
10:06:13.862 [ WARN] maestro.orchestra.Orchestra.scrollUntilVisible: Error: maestro.MaestroException$ElementNotFound: Element not found: Id matching regex: preview-card-word
10:06:13.868 [ INFO] maestro.Maestro.swipeFromCenter: Swiping UP from center
10:06:16.505 [ WARN] maestro.orchestra.Orchestra.scrollUntilVisible: Error: maestro.MaestroException$ElementNotFound: Element not found: Id matching regex: preview-card-word
10:06:16.512 [ INFO] maestro.Maestro.swipeFromCenter: Swiping UP from center
10:06:19.127 [ WARN] maestro.orchestra.Orchestra.scrollUntilVisible: Error: maestro.MaestroException$ElementNotFound: Element not found: Id matching regex: preview-card-word
10:06:19.132 [ INFO] maestro.Maestro.swipeFromCenter: Swiping UP from center
10:06:21.853 [ WARN] maestro.orchestra.Orchestra.scrollUntilVisible: Error: maestro.MaestroException$ElementNotFound: Element not found: Id matching regex: preview-card-word
10:06:21.858 [ INFO] maestro.Maestro.swipeFromCenter: Swiping UP from center
10:06:23.966 [ INFO] maestro.orchestra.Orchestra.scrollUntilVisible: Scrolling try count: 0, DeviceWidth: 320, DeviceWidth: 640
10:06:23.966 [ INFO] maestro.orchestra.Orchestra.scrollUntilVisible: Element bounds: Bounds(x=33, y=451, width=254, height=189)
10:06:23.966 [ INFO] maestro.orchestra.Orchestra.scrollUntilVisible: Visibility Percent: 1.0
10:06:23.966 [ INFO] maestro.orchestra.Orchestra.scrollUntilVisible: Command centerElement: ScrollUntilVisibleCommand(selector=ElementSelector(textRegex=null, idRegex=preview-card-word, size=null, below=null, above=null, leftOf=null, rightOf=null, containsChild=null, containsDescendants=null, traits=null, index=null, enabled=null, optional=false, selected=null, checked=null, focused=null, childOf=null, css=null), direction=DOWN, scrollDuration=601, visibilityPercentage=100, timeout=30000, waitToSettleTimeoutMs=null, centerElement=true, originalSpeedValue=40, label=null, optional=false).centerElement
10:06:23.966 [ INFO] maestro.orchestra.Orchestra.scrollUntilVisible: visibilityPercentageNormalized: 1.0
10:06:24.015 [ INFO] maestro.Maestro.swipeFromCenter: Swiping UP from center
10:06:26.138 [ INFO] maestro.orchestra.Orchestra.scrollUntilVisible: Scrolling try count: 1, DeviceWidth: 320, DeviceWidth: 640
10:06:26.138 [ INFO] maestro.orchestra.Orchestra.scrollUntilVisible: Element bounds: Bounds(x=33, y=159, width=254, height=481)
10:06:26.138 [ INFO] maestro.orchestra.Orchestra.scrollUntilVisible: Visibility Percent: 1.0
10:06:26.138 [ INFO] maestro.orchestra.Orchestra.scrollUntilVisible: Command centerElement: ScrollUntilVisibleCommand(selector=ElementSelector(textRegex=null, idRegex=preview-card-word, size=null, below=null, above=null, leftOf=null, rightOf=null, containsChild=null, containsDescendants=null, traits=null, index=null, enabled=null, optional=false, selected=null, checked=null, focused=null, childOf=null, css=null), direction=DOWN, scrollDuration=601, visibilityPercentage=100, timeout=30000, waitToSettleTimeoutMs=null, centerElement=true, originalSpeedValue=40, label=null, optional=false).centerElement
10:06:26.138 [ INFO] maestro.orchestra.Orchestra.scrollUntilVisible: visibilityPercentageNormalized: 1.0
10:06:26.138 [ INFO] maestro.cli.runner.CliConsoleListener.onCommandFinished: Scrolling DOWN until id: preview-card-word is visible with speed 40, visibility percentage 100%, timeout 30000 ms, with centering enabled COMPLETED
10:06:26.139 [ INFO] maestro.cli.runner.CliConsoleListener.onCommandStart: Take screenshot 04d-sahtekar-word RUNNING
10:06:26.139 [ INFO] maestro.Maestro.takeScreenshot: Taking screenshot
10:06:26.139 [TRACE] maestro.utils.ScreenshotUtils.takeScreenshot: Taking screenshot to output sink
10:06:26.163 [ INFO] maestro.cli.runner.CliConsoleListener.onCommandFinished: Take screenshot 04d-sahtekar-word COMPLETED
10:06:26.164 [ INFO] maestro.cli.runner.CliConsoleListener.onCommandStart: Scrolling DOWN until id: preview-card-imposter is visible with speed 40, visibility percentage 100%, timeout 30000 ms, with centering enabled RUNNING
10:06:26.909 [ WARN] maestro.orchestra.Orchestra.scrollUntilVisible: Error: maestro.MaestroException$ElementNotFound: Element not found: Id matching regex: preview-card-imposter
10:06:26.914 [ INFO] maestro.Maestro.swipeFromCenter: Swiping UP from center
10:06:28.983 [ INFO] maestro.orchestra.Orchestra.scrollUntilVisible: Scrolling try count: 0, DeviceWidth: 320, DeviceWidth: 640
10:06:28.983 [ INFO] maestro.orchestra.Orchestra.scrollUntilVisible: Element bounds: Bounds(x=33, y=440, width=254, height=200)
10:06:28.983 [ INFO] maestro.orchestra.Orchestra.scrollUntilVisible: Visibility Percent: 1.0
10:06:28.983 [ INFO] maestro.orchestra.Orchestra.scrollUntilVisible: Command centerElement: ScrollUntilVisibleCommand(selector=ElementSelector(textRegex=null, idRegex=preview-card-imposter, size=null, below=null, above=null, leftOf=null, rightOf=null, containsChild=null, containsDescendants=null, traits=null, index=null, enabled=null, optional=false, selected=null, checked=null, focused=null, childOf=null, css=null), direction=DOWN, scrollDuration=601, visibilityPercentage=100, timeout=30000, waitToSettleTimeoutMs=null, centerElement=true, originalSpeedValue=40, label=null, optional=false).centerElement
10:06:28.983 [ INFO] maestro.orchestra.Orchestra.scrollUntilVisible: visibilityPercentageNormalized: 1.0
10:06:29.032 [ INFO] maestro.Maestro.swipeFromCenter: Swiping UP from center
10:06:31.081 [ INFO] maestro.orchestra.Orchestra.scrollUntilVisible: Scrolling try count: 1, DeviceWidth: 320, DeviceWidth: 640
10:06:31.081 [ INFO] maestro.orchestra.Orchestra.scrollUntilVisible: Element bounds: Bounds(x=33, y=149, width=254, height=491)
10:06:31.081 [ INFO] maestro.orchestra.Orchestra.scrollUntilVisible: Visibility Percent: 1.0
10:06:31.081 [ INFO] maestro.orchestra.Orchestra.scrollUntilVisible: Command centerElement: ScrollUntilVisibleCommand(selector=ElementSelector(textRegex=null, idRegex=preview-card-imposter, size=null, below=null, above=null, leftOf=null, rightOf=null, containsChild=null, containsDescendants=null, traits=null, index=null, enabled=null, optional=false, selected=null, checked=null, focused=null, childOf=null, css=null), direction=DOWN, scrollDuration=601, visibilityPercentage=100, timeout=30000, waitToSettleTimeoutMs=null, centerElement=true, originalSpeedValue=40, label=null, optional=false).centerElement
10:06:31.081 [ INFO] maestro.orchestra.Orchestra.scrollUntilVisible: visibilityPercentageNormalized: 1.0
10:06:31.082 [ INFO] maestro.cli.runner.CliConsoleListener.onCommandFinished: Scrolling DOWN until id: preview-card-imposter is visible with speed 40, visibility percentage 100%, timeout 30000 ms, with centering enabled COMPLETED
10:06:31.082 [ INFO] maestro.cli.runner.CliConsoleListener.onCommandStart: Take screenshot 04d-sahtekar-imposter RUNNING
10:06:31.082 [ INFO] maestro.Maestro.takeScreenshot: Taking screenshot
10:06:31.082 [TRACE] maestro.utils.ScreenshotUtils.takeScreenshot: Taking screenshot to output sink
10:06:31.105 [ INFO] maestro.cli.runner.CliConsoleListener.onCommandFinished: Take screenshot 04d-sahtekar-imposter COMPLETED
10:06:31.105 [ INFO] maestro.cli.runner.CliConsoleListener.onCommandStart: Scrolling DOWN until id: sahtekar-clues is visible with speed 40, visibility percentage 100%, timeout 30000 ms, with centering enabled RUNNING
10:06:31.905 [ WARN] maestro.orchestra.Orchestra.scrollUntilVisible: Error: maestro.MaestroException$ElementNotFound: Element not found: Id matching regex: sahtekar-clues
10:06:31.911 [ INFO] maestro.Maestro.swipeFromCenter: Swiping UP from center
10:06:33.982 [ INFO] maestro.orchestra.Orchestra.scrollUntilVisible: Scrolling try count: 0, DeviceWidth: 320, DeviceWidth: 640
10:06:33.982 [ INFO] maestro.orchestra.Orchestra.scrollUntilVisible: Element bounds: Bounds(x=33, y=426, width=254, height=214)
10:06:33.982 [ INFO] maestro.orchestra.Orchestra.scrollUntilVisible: Visibility Percent: 1.0
10:06:33.982 [ INFO] maestro.orchestra.Orchestra.scrollUntilVisible: Command centerElement: ScrollUntilVisibleCommand(selector=ElementSelector(textRegex=null, idRegex=sahtekar-clues, size=null, below=null, above=null, leftOf=null, rightOf=null, containsChild=null, containsDescendants=null, traits=null, index=null, enabled=null, optional=false, selected=null, checked=null, focused=null, childOf=null, css=null), direction=DOWN, scrollDuration=601, visibilityPercentage=100, timeout=30000, waitToSettleTimeoutMs=null, centerElement=true, originalSpeedValue=40, label=null, optional=false).centerElement
10:06:33.982 [ INFO] maestro.orchestra.Orchestra.scrollUntilVisible: visibilityPercentageNormalized: 1.0
10:06:33.988 [ INFO] maestro.Maestro.swipeFromCenter: Swiping UP from center
10:06:36.042 [ INFO] maestro.orchestra.Orchestra.scrollUntilVisible: Scrolling try count: 1, DeviceWidth: 320, DeviceWidth: 640
10:06:36.042 [ INFO] maestro.orchestra.Orchestra.scrollUntilVisible: Element bounds: Bounds(x=33, y=141, width=254, height=499)
10:06:36.042 [ INFO] maestro.orchestra.Orchestra.scrollUntilVisible: Visibility Percent: 1.0
10:06:36.042 [ INFO] maestro.orchestra.Orchestra.scrollUntilVisible: Command centerElement: ScrollUntilVisibleCommand(selector=ElementSelector(textRegex=null, idRegex=sahtekar-clues, size=null, below=null, above=null, leftOf=null, rightOf=null, containsChild=null, containsDescendants=null, traits=null, index=null, enabled=null, optional=false, selected=null, checked=null, focused=null, childOf=null, css=null), direction=DOWN, scrollDuration=601, visibilityPercentage=100, timeout=30000, waitToSettleTimeoutMs=null, centerElement=true, originalSpeedValue=40, label=null, optional=false).centerElement
10:06:36.042 [ INFO] maestro.orchestra.Orchestra.scrollUntilVisible: visibilityPercentageNormalized: 1.0
10:06:36.042 [ INFO] maestro.cli.runner.CliConsoleListener.onCommandFinished: Scrolling DOWN until id: sahtekar-clues is visible with speed 40, visibility percentage 100%, timeout 30000 ms, with centering enabled COMPLETED
10:06:36.042 [ INFO] maestro.cli.runner.CliConsoleListener.onCommandStart: Take screenshot 04d-sahtekar-clues RUNNING
10:06:36.043 [ INFO] maestro.Maestro.takeScreenshot: Taking screenshot
10:06:36.043 [TRACE] maestro.utils.ScreenshotUtils.takeScreenshot: Taking screenshot to output sink
10:06:36.070 [ INFO] maestro.cli.runner.CliConsoleListener.onCommandFinished: Take screenshot 04d-sahtekar-clues COMPLETED
10:06:36.070 [ INFO] maestro.cli.runner.CliConsoleListener.onCommandStart: Scrolling DOWN until id: sahtekar-vote is visible with speed 40, visibility percentage 100%, timeout 30000 ms, with centering enabled RUNNING
10:06:36.890 [ WARN] maestro.orchestra.Orchestra.scrollUntilVisible: Error: maestro.MaestroException$ElementNotFound: Element not found: Id matching regex: sahtekar-vote
10:06:36.895 [ INFO] maestro.Maestro.swipeFromCenter: Swiping UP from center
10:06:38.966 [ INFO] maestro.orchestra.Orchestra.scrollUntilVisible: Scrolling try count: 0, DeviceWidth: 320, DeviceWidth: 640
10:06:38.966 [ INFO] maestro.orchestra.Orchestra.scrollUntilVisible: Element bounds: Bounds(x=33, y=486, width=254, height=154)
10:06:38.967 [ INFO] maestro.orchestra.Orchestra.scrollUntilVisible: Visibility Percent: 1.0
10:06:38.967 [ INFO] maestro.orchestra.Orchestra.scrollUntilVisible: Command centerElement: ScrollUntilVisibleCommand(selector=ElementSelector(textRegex=null, idRegex=sahtekar-vote, size=null, below=null, above=null, leftOf=null, rightOf=null, containsChild=null, containsDescendants=null, traits=null, index=null, enabled=null, optional=false, selected=null, checked=null, focused=null, childOf=null, css=null), direction=DOWN, scrollDuration=601, visibilityPercentage=100, timeout=30000, waitToSettleTimeoutMs=null, centerElement=true, originalSpeedValue=40, label=null, optional=false).centerElement
10:06:38.967 [ INFO] maestro.orchestra.Orchestra.scrollUntilVisible: visibilityPercentageNormalized: 1.0
10:06:38.972 [ INFO] maestro.Maestro.swipeFromCenter: Swiping UP from center
10:06:41.046 [ INFO] maestro.orchestra.Orchestra.scrollUntilVisible: Scrolling try count: 1, DeviceWidth: 320, DeviceWidth: 640
10:06:41.046 [ INFO] maestro.orchestra.Orchestra.scrollUntilVisible: Element bounds: Bounds(x=33, y=201, width=254, height=439)
10:06:41.047 [ INFO] maestro.orchestra.Orchestra.scrollUntilVisible: Visibility Percent: 1.0
10:06:41.047 [ INFO] maestro.orchestra.Orchestra.scrollUntilVisible: Command centerElement: ScrollUntilVisibleCommand(selector=ElementSelector(textRegex=null, idRegex=sahtekar-vote, size=null, below=null, above=null, leftOf=null, rightOf=null, containsChild=null, containsDescendants=null, traits=null, index=null, enabled=null, optional=false, selected=null, checked=null, focused=null, childOf=null, css=null), direction=DOWN, scrollDuration=601, visibilityPercentage=100, timeout=30000, waitToSettleTimeoutMs=null, centerElement=true, originalSpeedValue=40, label=null, optional=false).centerElement
10:06:41.047 [ INFO] maestro.orchestra.Orchestra.scrollUntilVisible: visibilityPercentageNormalized: 1.0
10:06:41.047 [ INFO] maestro.cli.runner.CliConsoleListener.onCommandFinished: Scrolling DOWN until id: sahtekar-vote is visible with speed 40, visibility percentage 100%, timeout 30000 ms, with centering enabled COMPLETED
10:06:41.047 [ INFO] maestro.cli.runner.CliConsoleListener.onCommandStart: Take screenshot 04d-sahtekar-vote RUNNING
10:06:41.047 [ INFO] maestro.Maestro.takeScreenshot: Taking screenshot
10:06:41.048 [TRACE] maestro.utils.ScreenshotUtils.takeScreenshot: Taking screenshot to output sink
10:06:41.075 [ INFO] maestro.cli.runner.CliConsoleListener.onCommandFinished: Take screenshot 04d-sahtekar-vote COMPLETED
10:06:41.076 [ INFO] maestro.cli.runner.CliConsoleListener.onCommandStart: Scrolling DOWN until id: sahtekar-guess is visible with speed 40, visibility percentage 100%, timeout 30000 ms, with centering enabled RUNNING
10:06:41.894 [ WARN] maestro.orchestra.Orchestra.scrollUntilVisible: Error: maestro.MaestroException$ElementNotFound: Element not found: Id matching regex: sahtekar-guess
10:06:41.899 [ INFO] maestro.Maestro.swipeFromCenter: Swiping UP from center
10:06:44.007 [ INFO] maestro.orchestra.Orchestra.scrollUntilVisible: Scrolling try count: 0, DeviceWidth: 320, DeviceWidth: 640
10:06:44.007 [ INFO] maestro.orchestra.Orchestra.scrollUntilVisible: Element bounds: Bounds(x=33, y=540, width=254, height=100)
10:06:44.007 [ INFO] maestro.orchestra.Orchestra.scrollUntilVisible: Visibility Percent: 1.0
10:06:44.007 [ INFO] maestro.orchestra.Orchestra.scrollUntilVisible: Command centerElement: ScrollUntilVisibleCommand(selector=ElementSelector(textRegex=null, idRegex=sahtekar-guess, size=null, below=null, above=null, leftOf=null, rightOf=null, containsChild=null, containsDescendants=null, traits=null, index=null, enabled=null, optional=false, selected=null, checked=null, focused=null, childOf=null, css=null), direction=DOWN, scrollDuration=601, visibilityPercentage=100, timeout=30000, waitToSettleTimeoutMs=null, centerElement=true, originalSpeedValue=40, label=null, optional=false).centerElement
10:06:44.007 [ INFO] maestro.orchestra.Orchestra.scrollUntilVisible: visibilityPercentageNormalized: 1.0
10:06:44.011 [ INFO] maestro.Maestro.swipeFromCenter: Swiping UP from center
10:06:46.099 [ INFO] maestro.orchestra.Orchestra.scrollUntilVisible: Scrolling try count: 1, DeviceWidth: 320, DeviceWidth: 640
10:06:46.100 [ INFO] maestro.orchestra.Orchestra.scrollUntilVisible: Element bounds: Bounds(x=33, y=255, width=254, height=385)
10:06:46.100 [ INFO] maestro.orchestra.Orchestra.scrollUntilVisible: Visibility Percent: 1.0
10:06:46.100 [ INFO] maestro.orchestra.Orchestra.scrollUntilVisible: Command centerElement: ScrollUntilVisibleCommand(selector=ElementSelector(textRegex=null, idRegex=sahtekar-guess, size=null, below=null, above=null, leftOf=null, rightOf=null, containsChild=null, containsDescendants=null, traits=null, index=null, enabled=null, optional=false, selected=null, checked=null, focused=null, childOf=null, css=null), direction=DOWN, scrollDuration=601, visibilityPercentage=100, timeout=30000, waitToSettleTimeoutMs=null, centerElement=true, originalSpeedValue=40, label=null, optional=false).centerElement
10:06:46.100 [ INFO] maestro.orchestra.Orchestra.scrollUntilVisible: visibilityPercentageNormalized: 1.0
10:06:46.100 [ INFO] maestro.cli.runner.CliConsoleListener.onCommandFinished: Scrolling DOWN until id: sahtekar-guess is visible with speed 40, visibility percentage 100%, timeout 30000 ms, with centering enabled COMPLETED
10:06:46.100 [ INFO] maestro.cli.runner.CliConsoleListener.onCommandStart: Take screenshot 04d-sahtekar-guess RUNNING
10:06:46.101 [ INFO] maestro.Maestro.takeScreenshot: Taking screenshot
10:06:46.101 [TRACE] maestro.utils.ScreenshotUtils.takeScreenshot: Taking screenshot to output sink
10:06:46.181 [ INFO] maestro.cli.runner.CliConsoleListener.onCommandFinished: Take screenshot 04d-sahtekar-guess COMPLETED
10:06:46.181 [ INFO] maestro.cli.runner.CliConsoleListener.onCommandStart: Scrolling DOWN until id: sahtekar-guess-wait is visible with speed 40, visibility percentage 100%, timeout 30000 ms, with centering enabled RUNNING
10:06:46.930 [ WARN] maestro.orchestra.Orchestra.scrollUntilVisible: Error: maestro.MaestroException$ElementNotFound: Element not found: Id matching regex: sahtekar-guess-wait
10:06:46.936 [ INFO] maestro.Maestro.swipeFromCenter: Swiping UP from center
10:06:49.019 [ INFO] maestro.orchestra.Orchestra.scrollUntilVisible: Scrolling try count: 0, DeviceWidth: 320, DeviceWidth: 640
10:06:49.019 [ INFO] maestro.orchestra.Orchestra.scrollUntilVisible: Element bounds: Bounds(x=33, y=599, width=254, height=41)
10:06:49.019 [ INFO] maestro.orchestra.Orchestra.scrollUntilVisible: Visibility Percent: 1.0
10:06:49.019 [ INFO] maestro.orchestra.Orchestra.scrollUntilVisible: Command centerElement: ScrollUntilVisibleCommand(selector=ElementSelector(textRegex=null, idRegex=sahtekar-guess-wait, size=null, below=null, above=null, leftOf=null, rightOf=null, containsChild=null, containsDescendants=null, traits=null, index=null, enabled=null, optional=false, selected=null, checked=null, focused=null, childOf=null, css=null), direction=DOWN, scrollDuration=601, visibilityPercentage=100, timeout=30000, waitToSettleTimeoutMs=null, centerElement=true, originalSpeedValue=40, label=null, optional=false).centerElement
10:06:49.019 [ INFO] maestro.orchestra.Orchestra.scrollUntilVisible: visibilityPercentageNormalized: 1.0
10:06:49.024 [ INFO] maestro.Maestro.swipeFromCenter: Swiping UP from center
10:06:51.058 [ INFO] maestro.orchestra.Orchestra.scrollUntilVisible: Scrolling try count: 1, DeviceWidth: 320, DeviceWidth: 640
10:06:51.058 [ INFO] maestro.orchestra.Orchestra.scrollUntilVisible: Element bounds: Bounds(x=33, y=314, width=254, height=326)
10:06:51.058 [ INFO] maestro.orchestra.Orchestra.scrollUntilVisible: Visibility Percent: 1.0
10:06:51.058 [ INFO] maestro.orchestra.Orchestra.scrollUntilVisible: Command centerElement: ScrollUntilVisibleCommand(selector=ElementSelector(textRegex=null, idRegex=sahtekar-guess-wait, size=null, below=null, above=null, leftOf=null, rightOf=null, containsChild=null, containsDescendants=null, traits=null, index=null, enabled=null, optional=false, selected=null, checked=null, focused=null, childOf=null, css=null), direction=DOWN, scrollDuration=601, visibilityPercentage=100, timeout=30000, waitToSettleTimeoutMs=null, centerElement=true, originalSpeedValue=40, label=null, optional=false).centerElement
10:06:51.058 [ INFO] maestro.orchestra.Orchestra.scrollUntilVisible: visibilityPercentageNormalized: 1.0
10:06:51.108 [ INFO] maestro.Maestro.swipeFromCenter: Swiping UP from center
10:06:53.182 [ INFO] maestro.orchestra.Orchestra.scrollUntilVisible: Scrolling try count: 2, DeviceWidth: 320, DeviceWidth: 640
10:06:53.183 [ INFO] maestro.orchestra.Orchestra.scrollUntilVisible: Element bounds: Bounds(x=33, y=29, width=254, height=496)
10:06:53.183 [ INFO] maestro.orchestra.Orchestra.scrollUntilVisible: Visibility Percent: 1.0
10:06:53.183 [ INFO] maestro.orchestra.Orchestra.scrollUntilVisible: Command centerElement: ScrollUntilVisibleCommand(selector=ElementSelector(textRegex=null, idRegex=sahtekar-guess-wait, size=null, below=null, above=null, leftOf=null, rightOf=null, containsChild=null, containsDescendants=null, traits=null, index=null, enabled=null, optional=false, selected=null, checked=null, focused=null, childOf=null, css=null), direction=DOWN, scrollDuration=601, visibilityPercentage=100, timeout=30000, waitToSettleTimeoutMs=null, centerElement=true, originalSpeedValue=40, label=null, optional=false).centerElement
10:06:53.183 [ INFO] maestro.orchestra.Orchestra.scrollUntilVisible: visibilityPercentageNormalized: 1.0
10:06:53.183 [ INFO] maestro.cli.runner.CliConsoleListener.onCommandFinished: Scrolling DOWN until id: sahtekar-guess-wait is visible with speed 40, visibility percentage 100%, timeout 30000 ms, with centering enabled COMPLETED
10:06:53.183 [ INFO] maestro.cli.runner.CliConsoleListener.onCommandStart: Take screenshot 04d-sahtekar-guess-wait RUNNING
10:06:53.184 [ INFO] maestro.Maestro.takeScreenshot: Taking screenshot
10:06:53.185 [TRACE] maestro.utils.ScreenshotUtils.takeScreenshot: Taking screenshot to output sink
10:06:53.212 [ INFO] maestro.cli.runner.CliConsoleListener.onCommandFinished: Take screenshot 04d-sahtekar-guess-wait COMPLETED
10:06:53.212 [ INFO] maestro.cli.runner.CliConsoleListener.onCommandStart: Scrolling DOWN until id: sahtekar-reveal is visible with speed 40, visibility percentage 100%, timeout 30000 ms, with centering enabled RUNNING
10:06:53.398 [ INFO] maestro.orchestra.Orchestra.scrollUntilVisible: Scrolling try count: 0, DeviceWidth: 320, DeviceWidth: 640
10:06:53.398 [ INFO] maestro.orchestra.Orchestra.scrollUntilVisible: Element bounds: Bounds(x=33, y=595, width=254, height=45)
10:06:53.398 [ INFO] maestro.orchestra.Orchestra.scrollUntilVisible: Visibility Percent: 1.0
10:06:53.398 [ INFO] maestro.orchestra.Orchestra.scrollUntilVisible: Command centerElement: ScrollUntilVisibleCommand(selector=ElementSelector(textRegex=null, idRegex=sahtekar-reveal, size=null, below=null, above=null, leftOf=null, rightOf=null, containsChild=null, containsDescendants=null, traits=null, index=null, enabled=null, optional=false, selected=null, checked=null, focused=null, childOf=null, css=null), direction=DOWN, scrollDuration=601, visibilityPercentage=100, timeout=30000, waitToSettleTimeoutMs=null, centerElement=true, originalSpeedValue=40, label=null, optional=false).centerElement
10:06:53.398 [ INFO] maestro.orchestra.Orchestra.scrollUntilVisible: visibilityPercentageNormalized: 1.0
10:06:53.403 [ INFO] maestro.Maestro.swipeFromCenter: Swiping UP from center
10:06:55.466 [ INFO] maestro.orchestra.Orchestra.scrollUntilVisible: Scrolling try count: 1, DeviceWidth: 320, DeviceWidth: 640
10:06:55.466 [ INFO] maestro.orchestra.Orchestra.scrollUntilVisible: Element bounds: Bounds(x=33, y=303, width=254, height=337)
10:06:55.466 [ INFO] maestro.orchestra.Orchestra.scrollUntilVisible: Visibility Percent: 1.0
10:06:55.466 [ INFO] maestro.orchestra.Orchestra.scrollUntilVisible: Command centerElement: ScrollUntilVisibleCommand(selector=ElementSelector(textRegex=null, idRegex=sahtekar-reveal, size=null, below=null, above=null, leftOf=null, rightOf=null, containsChild=null, containsDescendants=null, traits=null, index=null, enabled=null, optional=false, selected=null, checked=null, focused=null, childOf=null, css=null), direction=DOWN, scrollDuration=601, visibilityPercentage=100, timeout=30000, waitToSettleTimeoutMs=null, centerElement=true, originalSpeedValue=40, label=null, optional=false).centerElement
10:06:55.466 [ INFO] maestro.orchestra.Orchestra.scrollUntilVisible: visibilityPercentageNormalized: 1.0
10:06:55.512 [ INFO] maestro.Maestro.swipeFromCenter: Swiping UP from center
10:06:57.567 [ INFO] maestro.orchestra.Orchestra.scrollUntilVisible: Scrolling try count: 2, DeviceWidth: 320, DeviceWidth: 640
10:06:57.567 [ INFO] maestro.orchestra.Orchestra.scrollUntilVisible: Element bounds: Bounds(x=33, y=24, width=254, height=616)
10:06:57.567 [ INFO] maestro.orchestra.Orchestra.scrollUntilVisible: Visibility Percent: 1.0
10:06:57.567 [ INFO] maestro.orchestra.Orchestra.scrollUntilVisible: Command centerElement: ScrollUntilVisibleCommand(selector=ElementSelector(textRegex=null, idRegex=sahtekar-reveal, size=null, below=null, above=null, leftOf=null, rightOf=null, containsChild=null, containsDescendants=null, traits=null, index=null, enabled=null, optional=false, selected=null, checked=null, focused=null, childOf=null, css=null), direction=DOWN, scrollDuration=601, visibilityPercentage=100, timeout=30000, waitToSettleTimeoutMs=null, centerElement=true, originalSpeedValue=40, label=null, optional=false).centerElement
10:06:57.567 [ INFO] maestro.orchestra.Orchestra.scrollUntilVisible: visibilityPercentageNormalized: 1.0
10:06:57.567 [ INFO] maestro.cli.runner.CliConsoleListener.onCommandFinished: Scrolling DOWN until id: sahtekar-reveal is visible with speed 40, visibility percentage 100%, timeout 30000 ms, with centering enabled COMPLETED
10:06:57.568 [ INFO] maestro.cli.runner.CliConsoleListener.onCommandStart: Take screenshot 04d-sahtekar-reveal RUNNING
10:06:57.568 [ INFO] maestro.Maestro.takeScreenshot: Taking screenshot
10:06:57.568 [TRACE] maestro.utils.ScreenshotUtils.takeScreenshot: Taking screenshot to output sink
10:06:57.596 [ INFO] maestro.cli.runner.CliConsoleListener.onCommandFinished: Take screenshot 04d-sahtekar-reveal COMPLETED
10:06:57.596 [ INFO] maestro.cli.runner.CliConsoleListener.onCommandStart: Press back RUNNING
10:06:57.596 [ INFO] maestro.Maestro.backPress: Pressing back
10:06:58.440 [ INFO] maestro.cli.runner.CliConsoleListener.onCommandFinished: Press back COMPLETED
10:06:58.440 [ INFO] maestro.cli.runner.CliConsoleListener.onCommandStart: Assert that id: preview-open is visible RUNNING
10:06:58.584 [ INFO] maestro.cli.runner.CliConsoleListener.onCommandFinished: Assert that id: preview-open is visible COMPLETED
10:06:58.584 [ INFO] maestro.cli.runner.CliConsoleListener.onCommandStart: Tap on id: preview-open RUNNING
10:06:58.691 [ INFO] maestro.Maestro.tap-HgV9Ck0: Tapping on element:  UiElement(treeNode=TreeNode(attributes={text=, accessibilityText=Bileşen önizlemesini aç, hintText=, ignoreBoundsFiltering=false, resource-id=preview-open, clickable=true, bounds=[20,316][300,364], enabled=true, focused=false, checked=false, scrollable=false, selected=false, class=android.widget.Button, important-for-accessibility=true, error=}, children=[TreeNode(attributes={text=, accessibilityText=, hintText=, ignoreBoundsFiltering=false, resource-id=, clickable=false, bounds=[20,316][300,364], enabled=true, focused=false, checked=false, scrollable=false, selected=false, class=android.view.ViewGroup, important-for-accessibility=false, error=}, children=[], clickable=false, enabled=true, focused=false, checked=false, selected=false), TreeNode(attributes={text=Bileşen önizlemesini aç, accessibilityText=, hintText=, ignoreBoundsFiltering=false, resource-id=, clickable=false, bounds=[74,330][246,350], enabled=true, focused=false, checked=false, scrollable=false, selected=false, class=android.widget.TextView, important-for-accessibility=true, error=}, children=[], clickable=false, enabled=true, focused=false, checked=false, selected=false)], clickable=true, enabled=true, focused=false, checked=false, selected=false), bounds=Bounds(x=20, y=316, width=280, height=48))
10:06:59.998 [ INFO] maestro.Maestro.tap-HgV9Ck0: Tap aimed via settled hierarchy
10:06:59.999 [ INFO] maestro.Maestro.hierarchyBasedTap-ogj28Uc: Tapping at (160, 340) using hierarchy based logic for wait
10:07:01.342 [ INFO] maestro.Maestro.hierarchyBasedTap-ogj28Uc: Something has changed in the UI judging by view hierarchy. Proceed.
10:07:01.343 [ INFO] maestro.cli.runner.CliConsoleListener.onCommandFinished: Tap on id: preview-open COMPLETED
10:07:01.343 [ INFO] maestro.cli.runner.CliConsoleListener.onCommandStart: Assert that id: preview-set-say is visible RUNNING
10:07:01.494 [ INFO] maestro.cli.runner.CliConsoleListener.onCommandFinished: Assert that id: preview-set-say is visible COMPLETED
10:07:01.494 [ INFO] maestro.cli.runner.CliConsoleListener.onCommandStart: Tap on id: preview-set-say RUNNING
10:07:01.652 [ INFO] maestro.Maestro.tap-HgV9Ck0: Tapping on element:  UiElement(treeNode=TreeNode(attributes={text=, accessibilityText=Harf · Şarkı, hintText=, ignoreBoundsFiltering=false, resource-id=preview-set-say, clickable=true, bounds=[194,138][300,178], enabled=true, focused=false, checked=false, scrollable=false, selected=false, class=android.widget.Button, important-for-accessibility=true, error=}, children=[TreeNode(attributes={text=, accessibilityText=, hintText=, ignoreBoundsFiltering=false, resource-id=, clickable=false, bounds=[194,138][300,178], enabled=true, focused=false, checked=false, scrollable=false, selected=false, class=android.view.ViewGroup, important-for-accessibility=false, error=}, children=[], clickable=false, enabled=true, focused=false, checked=false, selected=false), TreeNode(attributes={text=Harf · Şarkı, accessibilityText=, hintText=, ignoreBoundsFiltering=false, resource-id=, clickable=false, bounds=[210,149][284,167], enabled=true, focused=false, checked=false, scrollable=false, selected=false, class=android.widget.TextView, important-for-accessibility=true, error=}, children=[], clickable=false, enabled=true, focused=false, checked=false, selected=false)], clickable=true, enabled=true, focused=false, checked=false, selected=false), bounds=Bounds(x=194, y=138, width=106, height=40))
10:07:02.967 [ INFO] maestro.Maestro.tap-HgV9Ck0: Tap aimed via settled hierarchy
10:07:02.967 [ INFO] maestro.Maestro.hierarchyBasedTap-ogj28Uc: Tapping at (247, 158) using hierarchy based logic for wait
10:07:04.106 [ INFO] maestro.Maestro.hierarchyBasedTap-ogj28Uc: Something has changed in the UI judging by view hierarchy. Proceed.
10:07:04.107 [ INFO] maestro.cli.runner.CliConsoleListener.onCommandFinished: Tap on id: preview-set-say COMPLETED
10:07:04.107 [ INFO] maestro.cli.runner.CliConsoleListener.onCommandStart: Assert that id: preview-letters is visible RUNNING
10:07:04.321 [ INFO] maestro.cli.runner.CliConsoleListener.onCommandFinished: Assert that id: preview-letters is visible COMPLETED
10:07:04.321 [ INFO] maestro.cli.runner.CliConsoleListener.onCommandStart: Take screenshot 04e-say-letters RUNNING
10:07:04.322 [ INFO] maestro.Maestro.takeScreenshot: Taking screenshot
10:07:04.322 [TRACE] maestro.utils.ScreenshotUtils.takeScreenshot: Taking screenshot to output sink
10:07:04.379 [ INFO] maestro.cli.runner.CliConsoleListener.onCommandFinished: Take screenshot 04e-say-letters COMPLETED
10:07:04.379 [ INFO] maestro.cli.runner.CliConsoleListener.onCommandStart: Scrolling DOWN until id: preview-object is visible with speed 40, visibility percentage 100%, timeout 30000 ms, with centering enabled RUNNING
10:07:05.156 [ WARN] maestro.orchestra.Orchestra.scrollUntilVisible: Error: maestro.MaestroException$ElementNotFound: Element not found: Id matching regex: preview-object
10:07:05.199 [ INFO] maestro.Maestro.swipeFromCenter: Swiping UP from center
10:07:07.477 [ INFO] maestro.orchestra.Orchestra.scrollUntilVisible: Scrolling try count: 0, DeviceWidth: 320, DeviceWidth: 640
10:07:07.477 [ INFO] maestro.orchestra.Orchestra.scrollUntilVisible: Element bounds: Bounds(x=33, y=364, width=254, height=276)
10:07:07.477 [ INFO] maestro.orchestra.Orchestra.scrollUntilVisible: Visibility Percent: 1.0
10:07:07.477 [ INFO] maestro.orchestra.Orchestra.scrollUntilVisible: Command centerElement: ScrollUntilVisibleCommand(selector=ElementSelector(textRegex=null, idRegex=preview-object, size=null, below=null, above=null, leftOf=null, rightOf=null, containsChild=null, containsDescendants=null, traits=null, index=null, enabled=null, optional=false, selected=null, checked=null, focused=null, childOf=null, css=null), direction=DOWN, scrollDuration=601, visibilityPercentage=100, timeout=30000, waitToSettleTimeoutMs=null, centerElement=true, originalSpeedValue=40, label=null, optional=false).centerElement
10:07:07.477 [ INFO] maestro.orchestra.Orchestra.scrollUntilVisible: visibilityPercentageNormalized: 1.0
10:07:07.517 [ INFO] maestro.Maestro.swipeFromCenter: Swiping UP from center
10:07:09.639 [ INFO] maestro.orchestra.Orchestra.scrollUntilVisible: Scrolling try count: 1, DeviceWidth: 320, DeviceWidth: 640
10:07:09.639 [ INFO] maestro.orchestra.Orchestra.scrollUntilVisible: Element bounds: Bounds(x=33, y=92, width=254, height=288)
10:07:09.639 [ INFO] maestro.orchestra.Orchestra.scrollUntilVisible: Visibility Percent: 1.0
10:07:09.639 [ INFO] maestro.orchestra.Orchestra.scrollUntilVisible: Command centerElement: ScrollUntilVisibleCommand(selector=ElementSelector(textRegex=null, idRegex=preview-object, size=null, below=null, above=null, leftOf=null, rightOf=null, containsChild=null, containsDescendants=null, traits=null, index=null, enabled=null, optional=false, selected=null, checked=null, focused=null, childOf=null, css=null), direction=DOWN, scrollDuration=601, visibilityPercentage=100, timeout=30000, waitToSettleTimeoutMs=null, centerElement=true, originalSpeedValue=40, label=null, optional=false).centerElement
10:07:09.639 [ INFO] maestro.orchestra.Orchestra.scrollUntilVisible: visibilityPercentageNormalized: 1.0
10:07:09.639 [ INFO] maestro.cli.runner.CliConsoleListener.onCommandFinished: Scrolling DOWN until id: preview-object is visible with speed 40, visibility percentage 100%, timeout 30000 ms, with centering enabled COMPLETED
10:07:09.639 [ INFO] maestro.cli.runner.CliConsoleListener.onCommandStart: Take screenshot 04e-say-object RUNNING
10:07:09.640 [ INFO] maestro.Maestro.takeScreenshot: Taking screenshot
10:07:09.640 [TRACE] maestro.utils.ScreenshotUtils.takeScreenshot: Taking screenshot to output sink
10:07:09.713 [ INFO] maestro.cli.runner.CliConsoleListener.onCommandFinished: Take screenshot 04e-say-object COMPLETED
10:07:09.713 [ INFO] maestro.cli.runner.CliConsoleListener.onCommandStart: Scrolling DOWN until id: objection-result is visible with speed 40, visibility percentage 100%, timeout 30000 ms, with centering enabled RUNNING
10:07:09.914 [ INFO] maestro.orchestra.Orchestra.scrollUntilVisible: Scrolling try count: 0, DeviceWidth: 320, DeviceWidth: 640
10:07:09.915 [ INFO] maestro.orchestra.Orchestra.scrollUntilVisible: Element bounds: Bounds(x=33, y=450, width=254, height=97)
10:07:09.915 [ INFO] maestro.orchestra.Orchestra.scrollUntilVisible: Visibility Percent: 1.0
10:07:09.915 [ INFO] maestro.orchestra.Orchestra.scrollUntilVisible: Command centerElement: ScrollUntilVisibleCommand(selector=ElementSelector(textRegex=null, idRegex=objection-result, size=null, below=null, above=null, leftOf=null, rightOf=null, containsChild=null, containsDescendants=null, traits=null, index=null, enabled=null, optional=false, selected=null, checked=null, focused=null, childOf=null, css=null), direction=DOWN, scrollDuration=601, visibilityPercentage=100, timeout=30000, waitToSettleTimeoutMs=null, centerElement=true, originalSpeedValue=40, label=null, optional=false).centerElement
10:07:09.915 [ INFO] maestro.orchestra.Orchestra.scrollUntilVisible: visibilityPercentageNormalized: 1.0
10:07:09.961 [ INFO] maestro.Maestro.swipeFromCenter: Swiping UP from center
10:07:11.970 [ INFO] maestro.orchestra.Orchestra.scrollUntilVisible: Scrolling try count: 1, DeviceWidth: 320, DeviceWidth: 640
10:07:11.970 [ INFO] maestro.orchestra.Orchestra.scrollUntilVisible: Element bounds: Bounds(x=33, y=164, width=254, height=97)
10:07:11.970 [ INFO] maestro.orchestra.Orchestra.scrollUntilVisible: Visibility Percent: 1.0
10:07:11.971 [ INFO] maestro.orchestra.Orchestra.scrollUntilVisible: Command centerElement: ScrollUntilVisibleCommand(selector=ElementSelector(textRegex=null, idRegex=objection-result, size=null, below=null, above=null, leftOf=null, rightOf=null, containsChild=null, containsDescendants=null, traits=null, index=null, enabled=null, optional=false, selected=null, checked=null, focused=null, childOf=null, css=null), direction=DOWN, scrollDuration=601, visibilityPercentage=100, timeout=30000, waitToSettleTimeoutMs=null, centerElement=true, originalSpeedValue=40, label=null, optional=false).centerElement
10:07:11.971 [ INFO] maestro.orchestra.Orchestra.scrollUntilVisible: visibilityPercentageNormalized: 1.0
10:07:11.971 [ INFO] maestro.cli.runner.CliConsoleListener.onCommandFinished: Scrolling DOWN until id: objection-result is visible with speed 40, visibility percentage 100%, timeout 30000 ms, with centering enabled COMPLETED
10:07:11.971 [ INFO] maestro.cli.runner.CliConsoleListener.onCommandStart: Take screenshot 04e-say-objected RUNNING
10:07:11.971 [ INFO] maestro.Maestro.takeScreenshot: Taking screenshot
10:07:11.972 [TRACE] maestro.utils.ScreenshotUtils.takeScreenshot: Taking screenshot to output sink
10:07:11.997 [ INFO] maestro.cli.runner.CliConsoleListener.onCommandFinished: Take screenshot 04e-say-objected COMPLETED
10:07:11.997 [ INFO] maestro.cli.runner.CliConsoleListener.onCommandStart: Scrolling DOWN until id: preview-song is visible with speed 40, visibility percentage 100%, timeout 30000 ms, with centering enabled RUNNING
10:07:12.167 [ INFO] maestro.orchestra.Orchestra.scrollUntilVisible: Scrolling try count: 0, DeviceWidth: 320, DeviceWidth: 640
10:07:12.167 [ INFO] maestro.orchestra.Orchestra.scrollUntilVisible: Element bounds: Bounds(x=33, y=347, width=254, height=293)
10:07:12.167 [ INFO] maestro.orchestra.Orchestra.scrollUntilVisible: Visibility Percent: 1.0
10:07:12.167 [ INFO] maestro.orchestra.Orchestra.scrollUntilVisible: Command centerElement: ScrollUntilVisibleCommand(selector=ElementSelector(textRegex=null, idRegex=preview-song, size=null, below=null, above=null, leftOf=null, rightOf=null, containsChild=null, containsDescendants=null, traits=null, index=null, enabled=null, optional=false, selected=null, checked=null, focused=null, childOf=null, css=null), direction=DOWN, scrollDuration=601, visibilityPercentage=100, timeout=30000, waitToSettleTimeoutMs=null, centerElement=true, originalSpeedValue=40, label=null, optional=false).centerElement
10:07:12.167 [ INFO] maestro.orchestra.Orchestra.scrollUntilVisible: visibilityPercentageNormalized: 1.0
10:07:12.173 [ INFO] maestro.Maestro.swipeFromCenter: Swiping UP from center
10:07:14.207 [ INFO] maestro.orchestra.Orchestra.scrollUntilVisible: Scrolling try count: 1, DeviceWidth: 320, DeviceWidth: 640
10:07:14.207 [ INFO] maestro.orchestra.Orchestra.scrollUntilVisible: Element bounds: Bounds(x=33, y=61, width=254, height=560)
10:07:14.207 [ INFO] maestro.orchestra.Orchestra.scrollUntilVisible: Visibility Percent: 1.0
10:07:14.207 [ INFO] maestro.orchestra.Orchestra.scrollUntilVisible: Command centerElement: ScrollUntilVisibleCommand(selector=ElementSelector(textRegex=null, idRegex=preview-song, size=null, below=null, above=null, leftOf=null, rightOf=null, containsChild=null, containsDescendants=null, traits=null, index=null, enabled=null, optional=false, selected=null, checked=null, focused=null, childOf=null, css=null), direction=DOWN, scrollDuration=601, visibilityPercentage=100, timeout=30000, waitToSettleTimeoutMs=null, centerElement=true, originalSpeedValue=40, label=null, optional=false).centerElement
10:07:14.207 [ INFO] maestro.orchestra.Orchestra.scrollUntilVisible: visibilityPercentageNormalized: 1.0
10:07:14.207 [ INFO] maestro.cli.runner.CliConsoleListener.onCommandFinished: Scrolling DOWN until id: preview-song is visible with speed 40, visibility percentage 100%, timeout 30000 ms, with centering enabled COMPLETED
10:07:14.207 [ INFO] maestro.cli.runner.CliConsoleListener.onCommandStart: Take screenshot 04e-say-song RUNNING
10:07:14.208 [ INFO] maestro.Maestro.takeScreenshot: Taking screenshot
10:07:14.208 [TRACE] maestro.utils.ScreenshotUtils.takeScreenshot: Taking screenshot to output sink
10:07:14.239 [ INFO] maestro.cli.runner.CliConsoleListener.onCommandFinished: Take screenshot 04e-say-song COMPLETED
10:07:14.239 [ INFO] maestro.cli.runner.CliConsoleListener.onCommandStart: Scrolling DOWN until id: preview-song-object is visible with speed 40, visibility percentage 100%, timeout 30000 ms, with centering enabled RUNNING
10:07:15.042 [ WARN] maestro.orchestra.Orchestra.scrollUntilVisible: Error: maestro.MaestroException$ElementNotFound: Element not found: Id matching regex: preview-song-object
10:07:15.047 [ INFO] maestro.Maestro.swipeFromCenter: Swiping UP from center
10:07:17.127 [ INFO] maestro.orchestra.Orchestra.scrollUntilVisible: Scrolling try count: 0, DeviceWidth: 320, DeviceWidth: 640
10:07:17.127 [ INFO] maestro.orchestra.Orchestra.scrollUntilVisible: Element bounds: Bounds(x=33, y=406, width=254, height=206)
10:07:17.127 [ INFO] maestro.orchestra.Orchestra.scrollUntilVisible: Visibility Percent: 1.0
10:07:17.127 [ INFO] maestro.orchestra.Orchestra.scrollUntilVisible: Command centerElement: ScrollUntilVisibleCommand(selector=ElementSelector(textRegex=null, idRegex=preview-song-object, size=null, below=null, above=null, leftOf=null, rightOf=null, containsChild=null, containsDescendants=null, traits=null, index=null, enabled=null, optional=false, selected=null, checked=null, focused=null, childOf=null, css=null), direction=DOWN, scrollDuration=601, visibilityPercentage=100, timeout=30000, waitToSettleTimeoutMs=null, centerElement=true, originalSpeedValue=40, label=null, optional=false).centerElement
10:07:17.127 [ INFO] maestro.orchestra.Orchestra.scrollUntilVisible: visibilityPercentageNormalized: 1.0
10:07:17.131 [ INFO] maestro.Maestro.swipeFromCenter: Swiping UP from center
10:07:18.495 [ INFO] maestro.orchestra.Orchestra.scrollUntilVisible: Scrolling try count: 1, DeviceWidth: 320, DeviceWidth: 640
10:07:18.495 [ INFO] maestro.orchestra.Orchestra.scrollUntilVisible: Element bounds: Bounds(x=33, y=389, width=254, height=206)
10:07:18.495 [ INFO] maestro.orchestra.Orchestra.scrollUntilVisible: Visibility Percent: 1.0
10:07:18.495 [ INFO] maestro.orchestra.Orchestra.scrollUntilVisible: Command centerElement: ScrollUntilVisibleCommand(selector=ElementSelector(textRegex=null, idRegex=preview-song-object, size=null, below=null, above=null, leftOf=null, rightOf=null, containsChild=null, containsDescendants=null, traits=null, index=null, enabled=null, optional=false, selected=null, checked=null, focused=null, childOf=null, css=null), direction=DOWN, scrollDuration=601, visibilityPercentage=100, timeout=30000, waitToSettleTimeoutMs=null, centerElement=true, originalSpeedValue=40, label=null, optional=false).centerElement
10:07:18.495 [ INFO] maestro.orchestra.Orchestra.scrollUntilVisible: visibilityPercentageNormalized: 1.0
10:07:18.500 [ INFO] maestro.Maestro.swipeFromCenter: Swiping UP from center
10:07:19.577 [ INFO] maestro.orchestra.Orchestra.scrollUntilVisible: Scrolling try count: 2, DeviceWidth: 320, DeviceWidth: 640
10:07:19.578 [ INFO] maestro.orchestra.Orchestra.scrollUntilVisible: Element bounds: Bounds(x=33, y=389, width=254, height=206)
10:07:19.578 [ INFO] maestro.orchestra.Orchestra.scrollUntilVisible: Visibility Percent: 1.0
10:07:19.578 [ INFO] maestro.orchestra.Orchestra.scrollUntilVisible: Command centerElement: ScrollUntilVisibleCommand(selector=ElementSelector(textRegex=null, idRegex=preview-song-object, size=null, below=null, above=null, leftOf=null, rightOf=null, containsChild=null, containsDescendants=null, traits=null, index=null, enabled=null, optional=false, selected=null, checked=null, focused=null, childOf=null, css=null), direction=DOWN, scrollDuration=601, visibilityPercentage=100, timeout=30000, waitToSettleTimeoutMs=null, centerElement=true, originalSpeedValue=40, label=null, optional=false).centerElement
10:07:19.578 [ INFO] maestro.orchestra.Orchestra.scrollUntilVisible: visibilityPercentageNormalized: 1.0
10:07:19.584 [ INFO] maestro.Maestro.swipeFromCenter: Swiping UP from center
10:07:20.648 [ INFO] maestro.orchestra.Orchestra.scrollUntilVisible: Scrolling try count: 3, DeviceWidth: 320, DeviceWidth: 640
10:07:20.648 [ INFO] maestro.orchestra.Orchestra.scrollUntilVisible: Element bounds: Bounds(x=33, y=389, width=254, height=206)
10:07:20.648 [ INFO] maestro.orchestra.Orchestra.scrollUntilVisible: Visibility Percent: 1.0
10:07:20.648 [ INFO] maestro.orchestra.Orchestra.scrollUntilVisible: Command centerElement: ScrollUntilVisibleCommand(selector=ElementSelector(textRegex=null, idRegex=preview-song-object, size=null, below=null, above=null, leftOf=null, rightOf=null, containsChild=null, containsDescendants=null, traits=null, index=null, enabled=null, optional=false, selected=null, checked=null, focused=null, childOf=null, css=null), direction=DOWN, scrollDuration=601, visibilityPercentage=100, timeout=30000, waitToSettleTimeoutMs=null, centerElement=true, originalSpeedValue=40, label=null, optional=false).centerElement
10:07:20.648 [ INFO] maestro.orchestra.Orchestra.scrollUntilVisible: visibilityPercentageNormalized: 1.0
10:07:20.686 [ INFO] maestro.Maestro.swipeFromCenter: Swiping UP from center
10:07:21.723 [ INFO] maestro.orchestra.Orchestra.scrollUntilVisible: Scrolling try count: 4, DeviceWidth: 320, DeviceWidth: 640
10:07:21.723 [ INFO] maestro.orchestra.Orchestra.scrollUntilVisible: Element bounds: Bounds(x=33, y=389, width=254, height=206)
10:07:21.723 [ INFO] maestro.orchestra.Orchestra.scrollUntilVisible: Visibility Percent: 1.0
10:07:21.723 [ INFO] maestro.orchestra.Orchestra.scrollUntilVisible: Command centerElement: ScrollUntilVisibleCommand(selector=ElementSelector(textRegex=null, idRegex=preview-song-object, size=null, below=null, above=null, leftOf=null, rightOf=null, containsChild=null, containsDescendants=null, traits=null, index=null, enabled=null, optional=false, selected=null, checked=null, focused=null, childOf=null, css=null), direction=DOWN, scrollDuration=601, visibilityPercentage=100, timeout=30000, waitToSettleTimeoutMs=null, centerElement=true, originalSpeedValue=40, label=null, optional=false).centerElement
10:07:21.723 [ INFO] maestro.orchestra.Orchestra.scrollUntilVisible: visibilityPercentageNormalized: 1.0
10:07:21.729 [ INFO] maestro.Maestro.swipeFromCenter: Swiping UP from center
10:07:22.768 [ INFO] maestro.orchestra.Orchestra.scrollUntilVisible: Scrolling try count: 5, DeviceWidth: 320, DeviceWidth: 640
10:07:22.768 [ INFO] maestro.orchestra.Orchestra.scrollUntilVisible: Element bounds: Bounds(x=33, y=389, width=254, height=206)
10:07:22.768 [ INFO] maestro.orchestra.Orchestra.scrollUntilVisible: Visibility Percent: 1.0
10:07:22.768 [ INFO] maestro.orchestra.Orchestra.scrollUntilVisible: Command centerElement: ScrollUntilVisibleCommand(selector=ElementSelector(textRegex=null, idRegex=preview-song-object, size=null, below=null, above=null, leftOf=null, rightOf=null, containsChild=null, containsDescendants=null, traits=null, index=null, enabled=null, optional=false, selected=null, checked=null, focused=null, childOf=null, css=null), direction=DOWN, scrollDuration=601, visibilityPercentage=100, timeout=30000, waitToSettleTimeoutMs=null, centerElement=true, originalSpeedValue=40, label=null, optional=false).centerElement
10:07:22.768 [ INFO] maestro.orchestra.Orchestra.scrollUntilVisible: visibilityPercentageNormalized: 1.0
10:07:22.768 [ INFO] maestro.cli.runner.CliConsoleListener.onCommandFinished: Scrolling DOWN until id: preview-song-object is visible with speed 40, visibility percentage 100%, timeout 30000 ms, with centering enabled COMPLETED
10:07:22.768 [ INFO] maestro.cli.runner.CliConsoleListener.onCommandStart: Take screenshot 04e-say-song-object RUNNING
10:07:22.769 [ INFO] maestro.Maestro.takeScreenshot: Taking screenshot
10:07:22.769 [TRACE] maestro.utils.ScreenshotUtils.takeScreenshot: Taking screenshot to output sink
10:07:22.800 [ INFO] maestro.cli.runner.CliConsoleListener.onCommandFinished: Take screenshot 04e-say-song-object COMPLETED
10:07:22.800 [ INFO] maestro.cli.runner.CliConsoleListener.onCommandStart: Press back RUNNING
10:07:22.800 [ INFO] maestro.Maestro.backPress: Pressing back
10:07:23.643 [ INFO] maestro.cli.runner.CliConsoleListener.onCommandFinished: Press back COMPLETED
10:07:23.643 [ INFO] maestro.cli.runner.CliConsoleListener.onCommandStart: Assert that id: preview-open is visible RUNNING
10:07:23.772 [ INFO] maestro.cli.runner.CliConsoleListener.onCommandFinished: Assert that id: preview-open is visible COMPLETED
10:07:23.772 [ INFO] maestro.cli.runner.CliConsoleListener.onCommandStart: Tap on id: preview-open RUNNING
10:07:23.905 [ INFO] maestro.Maestro.tap-HgV9Ck0: Tapping on element:  UiElement(treeNode=TreeNode(attributes={text=, accessibilityText=Bileşen önizlemesini aç, hintText=, ignoreBoundsFiltering=false, resource-id=preview-open, clickable=true, bounds=[20,316][300,364], enabled=true, focused=false, checked=false, scrollable=false, selected=false, class=android.widget.Button, important-for-accessibility=true, error=}, children=[TreeNode(attributes={text=, accessibilityText=, hintText=, ignoreBoundsFiltering=false, resource-id=, clickable=false, bounds=[20,316][300,364], enabled=true, focused=false, checked=false, scrollable=false, selected=false, class=android.view.ViewGroup, important-for-accessibility=false, error=}, children=[], clickable=false, enabled=true, focused=false, checked=false, selected=false), TreeNode(attributes={text=Bileşen önizlemesini aç, accessibilityText=, hintText=, ignoreBoundsFiltering=false, resource-id=, clickable=false, bounds=[74,330][246,350], enabled=true, focused=false, checked=false, scrollable=false, selected=false, class=android.widget.TextView, important-for-accessibility=true, error=}, children=[], clickable=false, enabled=true, focused=false, checked=false, selected=false)], clickable=true, enabled=true, focused=false, checked=false, selected=false), bounds=Bounds(x=20, y=316, width=280, height=48))
10:07:25.151 [ INFO] maestro.Maestro.tap-HgV9Ck0: Tap aimed via settled hierarchy
10:07:25.151 [ INFO] maestro.Maestro.hierarchyBasedTap-ogj28Uc: Tapping at (160, 340) using hierarchy based logic for wait
10:07:26.480 [ INFO] maestro.Maestro.hierarchyBasedTap-ogj28Uc: Something has changed in the UI judging by view hierarchy. Proceed.
10:07:26.480 [ INFO] maestro.cli.runner.CliConsoleListener.onCommandFinished: Tap on id: preview-open COMPLETED
10:07:26.480 [ INFO] maestro.cli.runner.CliConsoleListener.onCommandStart: Assert that id: preview-set-ibre is visible RUNNING
10:07:26.640 [ INFO] maestro.cli.runner.CliConsoleListener.onCommandFinished: Assert that id: preview-set-ibre is visible COMPLETED
10:07:26.640 [ INFO] maestro.cli.runner.CliConsoleListener.onCommandStart: Tap on id: preview-set-ibre RUNNING
10:07:26.792 [ INFO] maestro.Maestro.tap-HgV9Ck0: Tapping on element:  UiElement(treeNode=TreeNode(attributes={text=, accessibilityText=İbre, hintText=, ignoreBoundsFiltering=false, resource-id=preview-set-ibre, clickable=true, bounds=[20,186][78,226], enabled=true, focused=false, checked=false, scrollable=false, selected=false, class=android.widget.Button, important-for-accessibility=true, error=}, children=[TreeNode(attributes={text=, accessibilityText=, hintText=, ignoreBoundsFiltering=false, resource-id=, clickable=false, bounds=[20,186][78,226], enabled=true, focused=false, checked=false, scrollable=false, selected=false, class=android.view.ViewGroup, important-for-accessibility=false, error=}, children=[], clickable=false, enabled=true, focused=false, checked=false, selected=false), TreeNode(attributes={text=İbre, accessibilityText=, hintText=, ignoreBoundsFiltering=false, resource-id=, clickable=false, bounds=[36,197][62,215], enabled=true, focused=false, checked=false, scrollable=false, selected=false, class=android.widget.TextView, important-for-accessibility=true, error=}, children=[], clickable=false, enabled=true, focused=false, checked=false, selected=false)], clickable=true, enabled=true, focused=false, checked=false, selected=false), bounds=Bounds(x=20, y=186, width=58, height=40))
10:07:28.083 [ INFO] maestro.Maestro.tap-HgV9Ck0: Tap aimed via settled hierarchy
10:07:28.084 [ INFO] maestro.Maestro.hierarchyBasedTap-ogj28Uc: Tapping at (49, 206) using hierarchy based logic for wait
10:07:29.223 [ INFO] maestro.Maestro.hierarchyBasedTap-ogj28Uc: Something has changed in the UI judging by view hierarchy. Proceed.
10:07:29.223 [ INFO] maestro.cli.runner.CliConsoleListener.onCommandFinished: Tap on id: preview-set-ibre COMPLETED
10:07:29.223 [ INFO] maestro.cli.runner.CliConsoleListener.onCommandStart: Assert that id: ibre-hold is visible RUNNING
10:07:29.325 [ INFO] maestro.cli.runner.CliConsoleListener.onCommandFinished: Assert that id: ibre-hold is visible COMPLETED
10:07:29.325 [ INFO] maestro.cli.runner.CliConsoleListener.onCommandStart: Take screenshot 04f-ibre-hold RUNNING
10:07:29.326 [ INFO] maestro.Maestro.takeScreenshot: Taking screenshot
10:07:29.326 [TRACE] maestro.utils.ScreenshotUtils.takeScreenshot: Taking screenshot to output sink
10:07:29.350 [ INFO] maestro.cli.runner.CliConsoleListener.onCommandFinished: Take screenshot 04f-ibre-hold COMPLETED
10:07:29.350 [ INFO] maestro.cli.runner.CliConsoleListener.onCommandStart: Scrolling DOWN until id: preview-needle is visible with speed 40, visibility percentage 100%, timeout 30000 ms, with centering enabled RUNNING
10:07:29.492 [ INFO] maestro.orchestra.Orchestra.scrollUntilVisible: Scrolling try count: 0, DeviceWidth: 320, DeviceWidth: 640
10:07:29.492 [ INFO] maestro.orchestra.Orchestra.scrollUntilVisible: Element bounds: Bounds(x=33, y=525, width=254, height=115)
10:07:29.492 [ INFO] maestro.orchestra.Orchestra.scrollUntilVisible: Visibility Percent: 1.0
10:07:29.492 [ INFO] maestro.orchestra.Orchestra.scrollUntilVisible: Command centerElement: ScrollUntilVisibleCommand(selector=ElementSelector(textRegex=null, idRegex=preview-needle, size=null, below=null, above=null, leftOf=null, rightOf=null, containsChild=null, containsDescendants=null, traits=null, index=null, enabled=null, optional=false, selected=null, checked=null, focused=null, childOf=null, css=null), direction=DOWN, scrollDuration=601, visibilityPercentage=100, timeout=30000, waitToSettleTimeoutMs=null, centerElement=true, originalSpeedValue=40, label=null, optional=false).centerElement
10:07:29.492 [ INFO] maestro.orchestra.Orchestra.scrollUntilVisible: visibilityPercentageNormalized: 1.0
10:07:29.497 [ INFO] maestro.Maestro.swipeFromCenter: Swiping UP from center
10:07:31.403 [ INFO] maestro.orchestra.Orchestra.scrollUntilVisible: Scrolling try count: 1, DeviceWidth: 320, DeviceWidth: 640
10:07:31.403 [ INFO] maestro.orchestra.Orchestra.scrollUntilVisible: Element bounds: Bounds(x=33, y=238, width=254, height=228)
10:07:31.403 [ INFO] maestro.orchestra.Orchestra.scrollUntilVisible: Visibility Percent: 1.0
10:07:31.403 [ INFO] maestro.orchestra.Orchestra.scrollUntilVisible: Command centerElement: ScrollUntilVisibleCommand(selector=ElementSelector(textRegex=null, idRegex=preview-needle, size=null, below=null, above=null, leftOf=null, rightOf=null, containsChild=null, containsDescendants=null, traits=null, index=null, enabled=null, optional=false, selected=null, checked=null, focused=null, childOf=null, css=null), direction=DOWN, scrollDuration=601, visibilityPercentage=100, timeout=30000, waitToSettleTimeoutMs=null, centerElement=true, originalSpeedValue=40, label=null, optional=false).centerElement
10:07:31.403 [ INFO] maestro.orchestra.Orchestra.scrollUntilVisible: visibilityPercentageNormalized: 1.0
10:07:31.404 [ INFO] maestro.cli.runner.CliConsoleListener.onCommandFinished: Scrolling DOWN until id: preview-needle is visible with speed 40, visibility percentage 100%, timeout 30000 ms, with centering enabled COMPLETED
10:07:31.404 [ INFO] maestro.cli.runner.CliConsoleListener.onCommandStart: Tap on id: ibre-plus RUNNING
10:07:31.501 [ INFO] maestro.Maestro.tap-HgV9Ck0: Tapping on element:  UiElement(treeNode=TreeNode(attributes={text=, accessibilityText=İbreyi sağa al, hintText=, ignoreBoundsFiltering=false, resource-id=ibre-plus, clickable=true, bounds=[191,418][239,466], enabled=true, focused=false, checked=false, scrollable=false, selected=false, class=android.widget.Button, important-for-accessibility=true, error=}, children=[TreeNode(attributes={text=, accessibilityText=, hintText=, ignoreBoundsFiltering=false, resource-id=, clickable=false, bounds=[191,418][239,466], enabled=true, focused=false, checked=false, scrollable=false, selected=false, class=android.view.ViewGroup, important-for-accessibility=false, error=}, children=[], clickable=false, enabled=true, focused=false, checked=false, selected=false), TreeNode(attributes={text=+, accessibilityText=, hintText=, ignoreBoundsFiltering=false, resource-id=, clickable=false, bounds=[208,428][221,456], enabled=true, focused=false, checked=false, scrollable=false, selected=false, class=android.widget.TextView, important-for-accessibility=true, error=}, children=[], clickable=false, enabled=true, focused=false, checked=false, selected=false)], clickable=true, enabled=true, focused=false, checked=false, selected=false), bounds=Bounds(x=191, y=418, width=48, height=48))
10:07:32.718 [ INFO] maestro.Maestro.tap-HgV9Ck0: Tap aimed via settled hierarchy
10:07:32.719 [ INFO] maestro.Maestro.hierarchyBasedTap-ogj28Uc: Tapping at (215, 442) using hierarchy based logic for wait
10:07:33.699 [ INFO] maestro.Maestro.hierarchyBasedTap-ogj28Uc: Something has changed in the UI judging by view hierarchy. Proceed.
10:07:33.699 [ INFO] maestro.cli.runner.CliConsoleListener.onCommandFinished: Tap on id: ibre-plus COMPLETED
10:07:33.699 [ INFO] maestro.cli.runner.CliConsoleListener.onCommandStart: Take screenshot 04f-ibre-needle RUNNING
10:07:33.700 [ INFO] maestro.Maestro.takeScreenshot: Taking screenshot
10:07:33.700 [TRACE] maestro.utils.ScreenshotUtils.takeScreenshot: Taking screenshot to output sink
10:07:33.726 [ INFO] maestro.cli.runner.CliConsoleListener.onCommandFinished: Take screenshot 04f-ibre-needle COMPLETED
10:07:33.726 [ INFO] maestro.cli.runner.CliConsoleListener.onCommandStart: Scrolling DOWN until id: preview-side is visible with speed 40, visibility percentage 100%, timeout 30000 ms, with centering enabled RUNNING
10:07:33.863 [ INFO] maestro.orchestra.Orchestra.scrollUntilVisible: Scrolling try count: 0, DeviceWidth: 320, DeviceWidth: 640
10:07:33.863 [ INFO] maestro.orchestra.Orchestra.scrollUntilVisible: Element bounds: Bounds(x=33, y=536, width=254, height=104)
10:07:33.863 [ INFO] maestro.orchestra.Orchestra.scrollUntilVisible: Visibility Percent: 1.0
10:07:33.863 [ INFO] maestro.orchestra.Orchestra.scrollUntilVisible: Command centerElement: ScrollUntilVisibleCommand(selector=ElementSelector(textRegex=null, idRegex=preview-side, size=null, below=null, above=null, leftOf=null, rightOf=null, containsChild=null, containsDescendants=null, traits=null, index=null, enabled=null, optional=false, selected=null, checked=null, focused=null, childOf=null, css=null), direction=DOWN, scrollDuration=601, visibilityPercentage=100, timeout=30000, waitToSettleTimeoutMs=null, centerElement=true, originalSpeedValue=40, label=null, optional=false).centerElement
10:07:33.863 [ INFO] maestro.orchestra.Orchestra.scrollUntilVisible: visibilityPercentageNormalized: 1.0
10:07:33.868 [ INFO] maestro.Maestro.swipeFromCenter: Swiping UP from center
10:07:35.882 [ INFO] maestro.orchestra.Orchestra.scrollUntilVisible: Scrolling try count: 1, DeviceWidth: 320, DeviceWidth: 640
10:07:35.882 [ INFO] maestro.orchestra.Orchestra.scrollUntilVisible: Element bounds: Bounds(x=33, y=244, width=254, height=304)
10:07:35.882 [ INFO] maestro.orchestra.Orchestra.scrollUntilVisible: Visibility Percent: 1.0
10:07:35.882 [ INFO] maestro.orchestra.Orchestra.scrollUntilVisible: Command centerElement: ScrollUntilVisibleCommand(selector=ElementSelector(textRegex=null, idRegex=preview-side, size=null, below=null, above=null, leftOf=null, rightOf=null, containsChild=null, containsDescendants=null, traits=null, index=null, enabled=null, optional=false, selected=null, checked=null, focused=null, childOf=null, css=null), direction=DOWN, scrollDuration=601, visibilityPercentage=100, timeout=30000, waitToSettleTimeoutMs=null, centerElement=true, originalSpeedValue=40, label=null, optional=false).centerElement
10:07:35.882 [ INFO] maestro.orchestra.Orchestra.scrollUntilVisible: visibilityPercentageNormalized: 1.0
10:07:35.882 [ INFO] maestro.cli.runner.CliConsoleListener.onCommandFinished: Scrolling DOWN until id: preview-side is visible with speed 40, visibility percentage 100%, timeout 30000 ms, with centering enabled COMPLETED
10:07:35.882 [ INFO] maestro.cli.runner.CliConsoleListener.onCommandStart: Take screenshot 04f-ibre-side RUNNING
10:07:35.883 [ INFO] maestro.Maestro.takeScreenshot: Taking screenshot
10:07:35.883 [TRACE] maestro.utils.ScreenshotUtils.takeScreenshot: Taking screenshot to output sink
10:07:35.923 [ INFO] maestro.cli.runner.CliConsoleListener.onCommandFinished: Take screenshot 04f-ibre-side COMPLETED
10:07:35.923 [ INFO] maestro.cli.runner.CliConsoleListener.onCommandStart: Scrolling DOWN until id: ibre-reveal is visible with speed 40, visibility percentage 100%, timeout 30000 ms, with centering enabled RUNNING
10:07:36.092 [ INFO] maestro.orchestra.Orchestra.scrollUntilVisible: Scrolling try count: 0, DeviceWidth: 320, DeviceWidth: 640
10:07:36.092 [ INFO] maestro.orchestra.Orchestra.scrollUntilVisible: Element bounds: Bounds(x=33, y=618, width=254, height=22)
10:07:36.092 [ INFO] maestro.orchestra.Orchestra.scrollUntilVisible: Visibility Percent: 1.0
10:07:36.092 [ INFO] maestro.orchestra.Orchestra.scrollUntilVisible: Command centerElement: ScrollUntilVisibleCommand(selector=ElementSelector(textRegex=null, idRegex=ibre-reveal, size=null, below=null, above=null, leftOf=null, rightOf=null, containsChild=null, containsDescendants=null, traits=null, index=null, enabled=null, optional=false, selected=null, checked=null, focused=null, childOf=null, css=null), direction=DOWN, scrollDuration=601, visibilityPercentage=100, timeout=30000, waitToSettleTimeoutMs=null, centerElement=true, originalSpeedValue=40, label=null, optional=false).centerElement
10:07:36.093 [ INFO] maestro.orchestra.Orchestra.scrollUntilVisible: visibilityPercentageNormalized: 1.0
10:07:36.143 [ INFO] maestro.Maestro.swipeFromCenter: Swiping UP from center
10:07:38.036 [ INFO] maestro.orchestra.Orchestra.scrollUntilVisible: Scrolling try count: 1, DeviceWidth: 320, DeviceWidth: 640
10:07:38.036 [ INFO] maestro.orchestra.Orchestra.scrollUntilVisible: Element bounds: Bounds(x=33, y=332, width=254, height=308)
10:07:38.037 [ INFO] maestro.orchestra.Orchestra.scrollUntilVisible: Visibility Percent: 1.0
10:07:38.037 [ INFO] maestro.orchestra.Orchestra.scrollUntilVisible: Command centerElement: ScrollUntilVisibleCommand(selector=ElementSelector(textRegex=null, idRegex=ibre-reveal, size=null, below=null, above=null, leftOf=null, rightOf=null, containsChild=null, containsDescendants=null, traits=null, index=null, enabled=null, optional=false, selected=null, checked=null, focused=null, childOf=null, css=null), direction=DOWN, scrollDuration=601, visibilityPercentage=100, timeout=30000, waitToSettleTimeoutMs=null, centerElement=true, originalSpeedValue=40, label=null, optional=false).centerElement
10:07:38.037 [ INFO] maestro.orchestra.Orchestra.scrollUntilVisible: visibilityPercentageNormalized: 1.0
10:07:38.041 [ INFO] maestro.Maestro.swipeFromCenter: Swiping UP from center
10:07:39.407 [ INFO] maestro.orchestra.Orchestra.scrollUntilVisible: Scrolling try count: 2, DeviceWidth: 320, DeviceWidth: 640
10:07:39.407 [ INFO] maestro.orchestra.Orchestra.scrollUntilVisible: Element bounds: Bounds(x=33, y=253, width=254, height=342)
10:07:39.407 [ INFO] maestro.orchestra.Orchestra.scrollUntilVisible: Visibility Percent: 1.0
10:07:39.407 [ INFO] maestro.orchestra.Orchestra.scrollUntilVisible: Command centerElement: ScrollUntilVisibleCommand(selector=ElementSelector(textRegex=null, idRegex=ibre-reveal, size=null, below=null, above=null, leftOf=null, rightOf=null, containsChild=null, containsDescendants=null, traits=null, index=null, enabled=null, optional=false, selected=null, checked=null, focused=null, childOf=null, css=null), direction=DOWN, scrollDuration=601, visibilityPercentage=100, timeout=30000, waitToSettleTimeoutMs=null, centerElement=true, originalSpeedValue=40, label=null, optional=false).centerElement
10:07:39.407 [ INFO] maestro.orchestra.Orchestra.scrollUntilVisible: visibilityPercentageNormalized: 1.0
10:07:39.408 [ INFO] maestro.cli.runner.CliConsoleListener.onCommandFinished: Scrolling DOWN until id: ibre-reveal is visible with speed 40, visibility percentage 100%, timeout 30000 ms, with centering enabled COMPLETED
10:07:39.408 [ INFO] maestro.cli.runner.CliConsoleListener.onCommandStart: Take screenshot 04f-ibre-reveal RUNNING
10:07:39.408 [ INFO] maestro.Maestro.takeScreenshot: Taking screenshot
10:07:39.408 [TRACE] maestro.utils.ScreenshotUtils.takeScreenshot: Taking screenshot to output sink
10:07:39.438 [ INFO] maestro.cli.runner.CliConsoleListener.onCommandFinished: Take screenshot 04f-ibre-reveal COMPLETED
10:07:39.438 [ INFO] maestro.cli.runner.CliConsoleListener.onCommandStart: Press back RUNNING
10:07:39.438 [ INFO] maestro.Maestro.backPress: Pressing back
10:07:40.283 [ INFO] maestro.cli.runner.CliConsoleListener.onCommandFinished: Press back COMPLETED
10:07:40.283 [ INFO] maestro.cli.runner.CliConsoleListener.onCommandStart: Assert that id: preview-open is visible RUNNING
10:07:40.388 [ INFO] maestro.cli.runner.CliConsoleListener.onCommandFinished: Assert that id: preview-open is visible COMPLETED
10:07:40.388 [ INFO] maestro.cli.runner.CliConsoleListener.onCommandStart: Tap on id: preview-open RUNNING
10:07:40.484 [ INFO] maestro.Maestro.tap-HgV9Ck0: Tapping on element:  UiElement(treeNode=TreeNode(attributes={text=, accessibilityText=Bileşen önizlemesini aç, hintText=, ignoreBoundsFiltering=false, resource-id=preview-open, clickable=true, bounds=[20,316][300,364], enabled=true, focused=false, checked=false, scrollable=false, selected=false, class=android.widget.Button, important-for-accessibility=true, error=}, children=[TreeNode(attributes={text=, accessibilityText=, hintText=, ignoreBoundsFiltering=false, resource-id=, clickable=false, bounds=[20,316][300,364], enabled=true, focused=false, checked=false, scrollable=false, selected=false, class=android.view.ViewGroup, important-for-accessibility=false, error=}, children=[], clickable=false, enabled=true, focused=false, checked=false, selected=false), TreeNode(attributes={text=Bileşen önizlemesini aç, accessibilityText=, hintText=, ignoreBoundsFiltering=false, resource-id=, clickable=false, bounds=[74,330][246,350], enabled=true, focused=false, checked=false, scrollable=false, selected=false, class=android.widget.TextView, important-for-accessibility=true, error=}, children=[], clickable=false, enabled=true, focused=false, checked=false, selected=false)], clickable=true, enabled=true, focused=false, checked=false, selected=false), bounds=Bounds(x=20, y=316, width=280, height=48))
10:07:41.707 [ INFO] maestro.Maestro.tap-HgV9Ck0: Tap aimed via settled hierarchy
10:07:41.708 [ INFO] maestro.Maestro.hierarchyBasedTap-ogj28Uc: Tapping at (160, 340) using hierarchy based logic for wait
10:07:43.208 [ INFO] maestro.Maestro.hierarchyBasedTap-ogj28Uc: Something has changed in the UI judging by view hierarchy. Proceed.
10:07:43.208 [ INFO] maestro.cli.runner.CliConsoleListener.onCommandFinished: Tap on id: preview-open COMPLETED
10:07:43.208 [ INFO] maestro.cli.runner.CliConsoleListener.onCommandStart: Assert that id: preview-set-chat is visible RUNNING
10:07:43.356 [ INFO] maestro.cli.runner.CliConsoleListener.onCommandFinished: Assert that id: preview-set-chat is visible COMPLETED
10:07:43.356 [ INFO] maestro.cli.runner.CliConsoleListener.onCommandStart: Tap on id: preview-set-chat RUNNING
10:07:43.498 [ INFO] maestro.Maestro.tap-HgV9Ck0: Tapping on element:  UiElement(treeNode=TreeNode(attributes={text=, accessibilityText=Sohbet, hintText=, ignoreBoundsFiltering=false, resource-id=preview-set-chat, clickable=true, bounds=[86,186][165,226], enabled=true, focused=false, checked=false, scrollable=false, selected=false, class=android.widget.Button, important-for-accessibility=true, error=}, children=[TreeNode(attributes={text=, accessibilityText=, hintText=, ignoreBoundsFiltering=false, resource-id=, clickable=false, bounds=[86,186][165,226], enabled=true, focused=false, checked=false, scrollable=false, selected=false, class=android.view.ViewGroup, important-for-accessibility=false, error=}, children=[], clickable=false, enabled=true, focused=false, checked=false, selected=false), TreeNode(attributes={text=Sohbet, accessibilityText=, hintText=, ignoreBoundsFiltering=false, resource-id=, clickable=false, bounds=[102,197][149,215], enabled=true, focused=false, checked=false, scrollable=false, selected=false, class=android.widget.TextView, important-for-accessibility=true, error=}, children=[], clickable=false, enabled=true, focused=false, checked=false, selected=false)], clickable=true, enabled=true, focused=false, checked=false, selected=false), bounds=Bounds(x=86, y=186, width=79, height=40))
10:07:44.755 [ INFO] maestro.Maestro.tap-HgV9Ck0: Tap aimed via settled hierarchy
10:07:44.756 [ INFO] maestro.Maestro.hierarchyBasedTap-ogj28Uc: Tapping at (125, 206) using hierarchy based logic for wait
10:07:46.099 [ INFO] maestro.Maestro.hierarchyBasedTap-ogj28Uc: Something has changed in the UI judging by view hierarchy. Proceed.
10:07:46.099 [ INFO] maestro.cli.runner.CliConsoleListener.onCommandFinished: Tap on id: preview-set-chat COMPLETED
10:07:46.100 [ INFO] maestro.cli.runner.CliConsoleListener.onCommandStart: Assert that id: preview-chat is visible RUNNING
10:07:46.224 [ INFO] maestro.cli.runner.CliConsoleListener.onCommandFinished: Assert that id: preview-chat is visible COMPLETED
10:07:46.224 [ INFO] maestro.cli.runner.CliConsoleListener.onCommandStart: Take screenshot 04i-chat-bubbles RUNNING
10:07:46.225 [ INFO] maestro.Maestro.takeScreenshot: Taking screenshot
10:07:46.225 [TRACE] maestro.utils.ScreenshotUtils.takeScreenshot: Taking screenshot to output sink
10:07:46.251 [ INFO] maestro.cli.runner.CliConsoleListener.onCommandFinished: Take screenshot 04i-chat-bubbles COMPLETED
10:07:46.251 [ INFO] maestro.cli.runner.CliConsoleListener.onCommandStart: Long press on id: preview-bubble RUNNING
10:07:46.392 [ INFO] maestro.Maestro.tap-HgV9Ck0: Tapping on element:  UiElement(treeNode=TreeNode(attributes={text=, accessibilityText=Yarın aynı yerde mi?, hintText=, ignoreBoundsFiltering=false, resource-id=preview-bubble, clickable=true, bounds=[73,366][243,405], enabled=true, focused=false, checked=false, scrollable=false, selected=false, class=android.view.ViewGroup, important-for-accessibility=true, error=}, children=[TreeNode(attributes={text=, accessibilityText=, hintText=, ignoreBoundsFiltering=false, resource-id=, clickable=false, bounds=[73,366][243,405], enabled=true, focused=false, checked=false, scrollable=false, selected=false, class=android.view.ViewGroup, important-for-accessibility=false, error=}, children=[], clickable=false, enabled=true, focused=false, checked=false, selected=false), TreeNode(attributes={text=Yarın aynı yerde mi?, accessibilityText=, hintText=, ignoreBoundsFiltering=false, resource-id=, clickable=false, bounds=[87,374][229,397], enabled=true, focused=false, checked=false, scrollable=false, selected=false, class=android.widget.TextView, important-for-accessibility=true, error=}, children=[], clickable=false, enabled=true, focused=false, checked=false, selected=false)], clickable=true, enabled=true, focused=false, checked=false, selected=false), bounds=Bounds(x=73, y=366, width=170, height=39))
10:07:47.659 [ INFO] maestro.Maestro.tap-HgV9Ck0: Tap aimed via settled hierarchy
10:07:47.660 [ INFO] maestro.Maestro.hierarchyBasedTap-ogj28Uc: Tapping at (158, 385) using hierarchy based logic for wait
10:07:50.913 [ INFO] maestro.Maestro.hierarchyBasedTap-ogj28Uc: Something has changed in the UI judging by view hierarchy. Proceed.
10:07:50.914 [ INFO] maestro.cli.runner.CliConsoleListener.onCommandFinished: Long press on id: preview-bubble COMPLETED
10:07:50.914 [ INFO] maestro.cli.runner.CliConsoleListener.onCommandStart: Assert that id: reaction-bar is visible RUNNING
10:07:51.069 [ INFO] maestro.cli.runner.CliConsoleListener.onCommandFinished: Assert that id: reaction-bar is visible COMPLETED
10:07:51.069 [ INFO] maestro.cli.runner.CliConsoleListener.onCommandStart: Take screenshot 04i-chat-reaction-bar RUNNING
10:07:51.069 [ INFO] maestro.Maestro.takeScreenshot: Taking screenshot
10:07:51.069 [TRACE] maestro.utils.ScreenshotUtils.takeScreenshot: Taking screenshot to output sink
10:07:51.094 [ INFO] maestro.cli.runner.CliConsoleListener.onCommandFinished: Take screenshot 04i-chat-reaction-bar COMPLETED
10:07:51.095 [ INFO] maestro.cli.runner.CliConsoleListener.onCommandStart: Tap on id: react-5 RUNNING
10:07:51.202 [ INFO] maestro.Maestro.tap-HgV9Ck0: Tapping on element:  UiElement(treeNode=TreeNode(attributes={text=, accessibilityText=🔥 ile tepki ver, hintText=, ignoreBoundsFiltering=false, resource-id=react-5, clickable=true, bounds=[257,370][301,414], enabled=true, focused=false, checked=false, scrollable=false, selected=false, class=android.view.View, important-for-accessibility=true, error=}, children=[TreeNode(attributes={text=🔥, accessibilityText=, hintText=, ignoreBoundsFiltering=false, resource-id=, clickable=false, bounds=[264,378][293,406], enabled=true, focused=false, checked=false, scrollable=false, selected=false, class=android.widget.TextView, important-for-accessibility=true, error=}, children=[], clickable=false, enabled=true, focused=false, checked=false, selected=false)], clickable=true, enabled=true, focused=false, checked=false, selected=false), bounds=Bounds(x=257, y=370, width=44, height=44))
10:07:52.475 [ INFO] maestro.Maestro.tap-HgV9Ck0: Tap aimed via settled hierarchy
10:07:52.476 [ INFO] maestro.Maestro.hierarchyBasedTap-ogj28Uc: Tapping at (279, 392) using hierarchy based logic for wait
10:07:53.453 [ INFO] maestro.Maestro.hierarchyBasedTap-ogj28Uc: Something has changed in the UI judging by view hierarchy. Proceed.
10:07:53.453 [ INFO] maestro.cli.runner.CliConsoleListener.onCommandFinished: Tap on id: react-5 COMPLETED
10:07:53.453 [ INFO] maestro.cli.runner.CliConsoleListener.onCommandStart: Assert that id: reaction-bar is not visible RUNNING
10:07:54.075 [ INFO] maestro.cli.runner.CliConsoleListener.onCommandFinished: Assert that id: reaction-bar is not visible COMPLETED
10:07:54.075 [ INFO] maestro.cli.runner.CliConsoleListener.onCommandStart: Scrolling DOWN until id: reply-strip is visible with speed 40, visibility percentage 100%, timeout 30000 ms, with centering enabled RUNNING
10:07:54.709 [ WARN] maestro.orchestra.Orchestra.scrollUntilVisible: Error: maestro.MaestroException$ElementNotFound: Element not found: Id matching regex: reply-strip
10:07:54.713 [ INFO] maestro.Maestro.swipeFromCenter: Swiping UP from center
10:07:56.634 [ INFO] maestro.orchestra.Orchestra.scrollUntilVisible: Scrolling try count: 0, DeviceWidth: 320, DeviceWidth: 640
10:07:56.634 [ INFO] maestro.orchestra.Orchestra.scrollUntilVisible: Element bounds: Bounds(x=49, y=369, width=222, height=48)
10:07:56.634 [ INFO] maestro.orchestra.Orchestra.scrollUntilVisible: Visibility Percent: 1.0
10:07:56.634 [ INFO] maestro.orchestra.Orchestra.scrollUntilVisible: Command centerElement: ScrollUntilVisibleCommand(selector=ElementSelector(textRegex=null, idRegex=reply-strip, size=null, below=null, above=null, leftOf=null, rightOf=null, containsChild=null, containsDescendants=null, traits=null, index=null, enabled=null, optional=false, selected=null, checked=null, focused=null, childOf=null, css=null), direction=DOWN, scrollDuration=601, visibilityPercentage=100, timeout=30000, waitToSettleTimeoutMs=null, centerElement=true, originalSpeedValue=40, label=null, optional=false).centerElement
10:07:56.634 [ INFO] maestro.orchestra.Orchestra.scrollUntilVisible: visibilityPercentageNormalized: 1.0
10:07:56.634 [ INFO] maestro.cli.runner.CliConsoleListener.onCommandFinished: Scrolling DOWN until id: reply-strip is visible with speed 40, visibility percentage 100%, timeout 30000 ms, with centering enabled COMPLETED
10:07:56.634 [ INFO] maestro.cli.runner.CliConsoleListener.onCommandStart: Take screenshot 04i-chat-reply RUNNING
10:07:56.635 [ INFO] maestro.Maestro.takeScreenshot: Taking screenshot
10:07:56.635 [TRACE] maestro.utils.ScreenshotUtils.takeScreenshot: Taking screenshot to output sink
10:07:56.664 [ INFO] maestro.cli.runner.CliConsoleListener.onCommandFinished: Take screenshot 04i-chat-reply COMPLETED
10:07:56.664 [ INFO] maestro.cli.runner.CliConsoleListener.onCommandStart: Scrolling DOWN until id: preview-incoming is visible with speed 40, visibility percentage 100%, timeout 30000 ms, with centering enabled RUNNING
10:07:57.373 [ WARN] maestro.orchestra.Orchestra.scrollUntilVisible: Error: maestro.MaestroException$ElementNotFound: Element not found: Id matching regex: preview-incoming
10:07:57.378 [ INFO] maestro.Maestro.swipeFromCenter: Swiping UP from center
10:07:59.219 [ INFO] maestro.orchestra.Orchestra.scrollUntilVisible: Scrolling try count: 0, DeviceWidth: 320, DeviceWidth: 640
10:07:59.220 [ INFO] maestro.orchestra.Orchestra.scrollUntilVisible: Element bounds: Bounds(x=33, y=555, width=254, height=40)
10:07:59.220 [ INFO] maestro.orchestra.Orchestra.scrollUntilVisible: Visibility Percent: 1.0
10:07:59.220 [ INFO] maestro.orchestra.Orchestra.scrollUntilVisible: Command centerElement: ScrollUntilVisibleCommand(selector=ElementSelector(textRegex=null, idRegex=preview-incoming, size=null, below=null, above=null, leftOf=null, rightOf=null, containsChild=null, containsDescendants=null, traits=null, index=null, enabled=null, optional=false, selected=null, checked=null, focused=null, childOf=null, css=null), direction=DOWN, scrollDuration=601, visibilityPercentage=100, timeout=30000, waitToSettleTimeoutMs=null, centerElement=true, originalSpeedValue=40, label=null, optional=false).centerElement
10:07:59.220 [ INFO] maestro.orchestra.Orchestra.scrollUntilVisible: visibilityPercentageNormalized: 1.0
10:07:59.224 [ INFO] maestro.Maestro.swipeFromCenter: Swiping UP from center
10:08:00.212 [ INFO] maestro.orchestra.Orchestra.scrollUntilVisible: Scrolling try count: 1, DeviceWidth: 320, DeviceWidth: 640
10:08:00.213 [ INFO] maestro.orchestra.Orchestra.scrollUntilVisible: Element bounds: Bounds(x=33, y=555, width=254, height=40)
10:08:00.213 [ INFO] maestro.orchestra.Orchestra.scrollUntilVisible: Visibility Percent: 1.0
10:08:00.213 [ INFO] maestro.orchestra.Orchestra.scrollUntilVisible: Command centerElement: ScrollUntilVisibleCommand(selector=ElementSelector(textRegex=null, idRegex=preview-incoming, size=null, below=null, above=null, leftOf=null, rightOf=null, containsChild=null, containsDescendants=null, traits=null, index=null, enabled=null, optional=false, selected=null, checked=null, focused=null, childOf=null, css=null), direction=DOWN, scrollDuration=601, visibilityPercentage=100, timeout=30000, waitToSettleTimeoutMs=null, centerElement=true, originalSpeedValue=40, label=null, optional=false).centerElement
10:08:00.213 [ INFO] maestro.orchestra.Orchestra.scrollUntilVisible: visibilityPercentageNormalized: 1.0
10:08:00.254 [ INFO] maestro.Maestro.swipeFromCenter: Swiping UP from center
10:08:01.272 [ INFO] maestro.orchestra.Orchestra.scrollUntilVisible: Scrolling try count: 2, DeviceWidth: 320, DeviceWidth: 640
10:08:01.272 [ INFO] maestro.orchestra.Orchestra.scrollUntilVisible: Element bounds: Bounds(x=33, y=555, width=254, height=40)
10:08:01.272 [ INFO] maestro.orchestra.Orchestra.scrollUntilVisible: Visibility Percent: 1.0
10:08:01.272 [ INFO] maestro.orchestra.Orchestra.scrollUntilVisible: Command centerElement: ScrollUntilVisibleCommand(selector=ElementSelector(textRegex=null, idRegex=preview-incoming, size=null, below=null, above=null, leftOf=null, rightOf=null, containsChild=null, containsDescendants=null, traits=null, index=null, enabled=null, optional=false, selected=null, checked=null, focused=null, childOf=null, css=null), direction=DOWN, scrollDuration=601, visibilityPercentage=100, timeout=30000, waitToSettleTimeoutMs=null, centerElement=true, originalSpeedValue=40, label=null, optional=false).centerElement
10:08:01.272 [ INFO] maestro.orchestra.Orchestra.scrollUntilVisible: visibilityPercentageNormalized: 1.0
10:08:01.314 [ INFO] maestro.Maestro.swipeFromCenter: Swiping UP from center
10:08:02.336 [ INFO] maestro.orchestra.Orchestra.scrollUntilVisible: Scrolling try count: 3, DeviceWidth: 320, DeviceWidth: 640
10:08:02.336 [ INFO] maestro.orchestra.Orchestra.scrollUntilVisible: Element bounds: Bounds(x=33, y=555, width=254, height=40)
10:08:02.336 [ INFO] maestro.orchestra.Orchestra.scrollUntilVisible: Visibility Percent: 1.0
10:08:02.336 [ INFO] maestro.orchestra.Orchestra.scrollUntilVisible: Command centerElement: ScrollUntilVisibleCommand(selector=ElementSelector(textRegex=null, idRegex=preview-incoming, size=null, below=null, above=null, leftOf=null, rightOf=null, containsChild=null, containsDescendants=null, traits=null, index=null, enabled=null, optional=false, selected=null, checked=null, focused=null, childOf=null, css=null), direction=DOWN, scrollDuration=601, visibilityPercentage=100, timeout=30000, waitToSettleTimeoutMs=null, centerElement=true, originalSpeedValue=40, label=null, optional=false).centerElement
10:08:02.336 [ INFO] maestro.orchestra.Orchestra.scrollUntilVisible: visibilityPercentageNormalized: 1.0
10:08:02.341 [ INFO] maestro.Maestro.swipeFromCenter: Swiping UP from center
10:08:03.320 [ INFO] maestro.orchestra.Orchestra.scrollUntilVisible: Scrolling try count: 4, DeviceWidth: 320, DeviceWidth: 640
10:08:03.321 [ INFO] maestro.orchestra.Orchestra.scrollUntilVisible: Element bounds: Bounds(x=33, y=555, width=254, height=40)
10:08:03.321 [ INFO] maestro.orchestra.Orchestra.scrollUntilVisible: Visibility Percent: 1.0
10:08:03.321 [ INFO] maestro.orchestra.Orchestra.scrollUntilVisible: Command centerElement: ScrollUntilVisibleCommand(selector=ElementSelector(textRegex=null, idRegex=preview-incoming, size=null, below=null, above=null, leftOf=null, rightOf=null, containsChild=null, containsDescendants=null, traits=null, index=null, enabled=null, optional=false, selected=null, checked=null, focused=null, childOf=null, css=null), direction=DOWN, scrollDuration=601, visibilityPercentage=100, timeout=30000, waitToSettleTimeoutMs=null, centerElement=true, originalSpeedValue=40, label=null, optional=false).centerElement
10:08:03.321 [ INFO] maestro.orchestra.Orchestra.scrollUntilVisible: visibilityPercentageNormalized: 1.0
10:08:03.362 [ INFO] maestro.Maestro.swipeFromCenter: Swiping UP from center
10:08:04.368 [ INFO] maestro.orchestra.Orchestra.scrollUntilVisible: Scrolling try count: 5, DeviceWidth: 320, DeviceWidth: 640
10:08:04.368 [ INFO] maestro.orchestra.Orchestra.scrollUntilVisible: Element bounds: Bounds(x=33, y=555, width=254, height=40)
10:08:04.368 [ INFO] maestro.orchestra.Orchestra.scrollUntilVisible: Visibility Percent: 1.0
10:08:04.369 [ INFO] maestro.orchestra.Orchestra.scrollUntilVisible: Command centerElement: ScrollUntilVisibleCommand(selector=ElementSelector(textRegex=null, idRegex=preview-incoming, size=null, below=null, above=null, leftOf=null, rightOf=null, containsChild=null, containsDescendants=null, traits=null, index=null, enabled=null, optional=false, selected=null, checked=null, focused=null, childOf=null, css=null), direction=DOWN, scrollDuration=601, visibilityPercentage=100, timeout=30000, waitToSettleTimeoutMs=null, centerElement=true, originalSpeedValue=40, label=null, optional=false).centerElement
10:08:04.369 [ INFO] maestro.orchestra.Orchestra.scrollUntilVisible: visibilityPercentageNormalized: 1.0
10:08:04.369 [ INFO] maestro.cli.runner.CliConsoleListener.onCommandFinished: Scrolling DOWN until id: preview-incoming is visible with speed 40, visibility percentage 100%, timeout 30000 ms, with centering enabled COMPLETED
10:08:04.369 [ INFO] maestro.cli.runner.CliConsoleListener.onCommandStart: Tap on id: preview-incoming RUNNING
10:08:04.591 [ INFO] maestro.Maestro.tap-HgV9Ck0: Tapping on element:  UiElement(treeNode=TreeNode(attributes={text=, accessibilityText=Mesaj gelsin, hintText=, ignoreBoundsFiltering=false, resource-id=preview-incoming, clickable=true, bounds=[33,555][287,595], enabled=true, focused=false, checked=false, scrollable=false, selected=false, class=android.widget.Button, important-for-accessibility=true, error=}, children=[TreeNode(attributes={text=, accessibilityText=, hintText=, ignoreBoundsFiltering=false, resource-id=, clickable=false, bounds=[33,555][287,595], enabled=true, focused=false, checked=false, scrollable=false, selected=false, class=android.view.ViewGroup, important-for-accessibility=false, error=}, children=[], clickable=false, enabled=true, focused=false, checked=false, selected=false), TreeNode(attributes={text=Mesaj gelsin, accessibilityText=, hintText=, ignoreBoundsFiltering=false, resource-id=, clickable=false, bounds=[120,566][201,584], enabled=true, focused=false, checked=false, scrollable=false, selected=false, class=android.widget.TextView, important-for-accessibility=true, error=}, children=[], clickable=false, enabled=true, focused=false, checked=false, selected=false)], clickable=true, enabled=true, focused=false, checked=false, selected=false), bounds=Bounds(x=33, y=555, width=254, height=40))
10:08:05.847 [ INFO] maestro.Maestro.tap-HgV9Ck0: Tap aimed via settled hierarchy
10:08:05.848 [ INFO] maestro.Maestro.hierarchyBasedTap-ogj28Uc: Tapping at (160, 575) using hierarchy based logic for wait
10:08:07.229 [ INFO] maestro.Maestro.hierarchyBasedTap-ogj28Uc: Something has changed in the UI judging by view hierarchy. Proceed.
10:08:07.229 [ INFO] maestro.cli.runner.CliConsoleListener.onCommandFinished: Tap on id: preview-incoming COMPLETED
10:08:07.229 [ INFO] maestro.cli.runner.CliConsoleListener.onCommandStart: Assert that id: chat-new-messages is visible RUNNING
10:08:07.376 [ INFO] maestro.cli.runner.CliConsoleListener.onCommandFinished: Assert that id: chat-new-messages is visible COMPLETED
10:08:07.376 [ INFO] maestro.cli.runner.CliConsoleListener.onCommandStart: Take screenshot 04i-chat-new-message RUNNING
10:08:07.376 [ INFO] maestro.Maestro.takeScreenshot: Taking screenshot
10:08:07.377 [TRACE] maestro.utils.ScreenshotUtils.takeScreenshot: Taking screenshot to output sink
10:08:07.436 [ INFO] maestro.cli.runner.CliConsoleListener.onCommandFinished: Take screenshot 04i-chat-new-message COMPLETED
10:08:07.436 [ INFO] maestro.cli.runner.CliConsoleListener.onCommandStart: Tap on id: chat-new-messages RUNNING
10:08:07.560 [ INFO] maestro.Maestro.tap-HgV9Ck0: Tapping on element:  UiElement(treeNode=TreeNode(attributes={text=, accessibilityText=Yeni mesaj, en alta in, hintText=, ignoreBoundsFiltering=false, resource-id=chat-new-messages, clickable=true, bounds=[97,491][224,531], enabled=true, focused=false, checked=false, scrollable=false, selected=false, class=android.widget.Button, important-for-accessibility=true, error=}, children=[TreeNode(attributes={text=, accessibilityText=, hintText=, ignoreBoundsFiltering=false, resource-id=, clickable=false, bounds=[97,491][224,531], enabled=true, focused=false, checked=false, scrollable=false, selected=false, class=android.view.ViewGroup, important-for-accessibility=false, error=}, children=[], clickable=false, enabled=true, focused=false, checked=false, selected=false), TreeNode(attributes={text=, accessibilityText=, hintText=, ignoreBoundsFiltering=false, resource-id=, clickable=false, bounds=[115,502][131,520], enabled=true, focused=false, checked=false, scrollable=false, selected=false, class=android.widget.TextView, important-for-accessibility=true, error=}, children=[], clickable=false, enabled=true, focused=false, checked=false, selected=false), TreeNode(attributes={text=Yeni mesaj, accessibilityText=, hintText=, ignoreBoundsFiltering=false, resource-id=, clickable=false, bounds=[137,502][206,520], enabled=true, focused=false, checked=false, scrollable=false, selected=false, class=android.widget.TextView, important-for-accessibility=true, error=}, children=[], clickable=false, enabled=true, focused=false, checked=false, selected=false)], clickable=true, enabled=true, focused=false, checked=false, selected=false), bounds=Bounds(x=97, y=491, width=127, height=40))
10:08:08.865 [ INFO] maestro.Maestro.tap-HgV9Ck0: Tap aimed via settled hierarchy
10:08:08.865 [ INFO] maestro.Maestro.hierarchyBasedTap-ogj28Uc: Tapping at (160, 511) using hierarchy based logic for wait
10:08:09.800 [ INFO] maestro.Maestro.hierarchyBasedTap-ogj28Uc: Something has changed in the UI judging by view hierarchy. Proceed.
10:08:09.800 [ INFO] maestro.cli.runner.CliConsoleListener.onCommandFinished: Tap on id: chat-new-messages COMPLETED
10:08:09.800 [ INFO] maestro.cli.runner.CliConsoleListener.onCommandStart: Assert that id: chat-new-messages is not visible RUNNING
10:08:10.500 [ INFO] maestro.cli.runner.CliConsoleListener.onCommandFinished: Assert that id: chat-new-messages is not visible COMPLETED
10:08:10.500 [ INFO] maestro.cli.runner.CliConsoleListener.onCommandStart: Press back RUNNING
10:08:10.500 [ INFO] maestro.Maestro.backPress: Pressing back
10:08:11.291 [ INFO] maestro.cli.runner.CliConsoleListener.onCommandFinished: Press back COMPLETED
10:08:11.291 [ INFO] maestro.cli.runner.CliConsoleListener.onCommandStart: Assert that id: preview-open is visible RUNNING
10:08:11.391 [ INFO] maestro.cli.runner.CliConsoleListener.onCommandFinished: Assert that id: preview-open is visible COMPLETED
10:08:11.391 [ INFO] maestro.cli.runner.CliConsoleListener.onCommandStart: Press back RUNNING
10:08:11.391 [ INFO] maestro.Maestro.backPress: Pressing back
10:08:12.268 [ INFO] maestro.cli.runner.CliConsoleListener.onCommandFinished: Press back COMPLETED
10:08:12.268 [ INFO] maestro.cli.runner.CliConsoleListener.onCommandStart: Tap on id: tab-activities RUNNING
10:08:12.367 [ INFO] maestro.Maestro.tap-HgV9Ck0: Tapping on element:  UiElement(treeNode=TreeNode(attributes={text=, accessibilityText=Aktiviteler, hintText=, ignoreBoundsFiltering=false, resource-id=tab-activities, clickable=true, bounds=[78,568][133,632], enabled=true, focused=false, checked=false, scrollable=false, selected=false, class=android.view.View, important-for-accessibility=true, error=}, children=[TreeNode(attributes={text=, accessibilityText=, hintText=, ignoreBoundsFiltering=false, resource-id=, clickable=false, bounds=[93,580][117,604], enabled=true, focused=false, checked=false, scrollable=false, selected=false, class=android.widget.ImageView, important-for-accessibility=false, error=}, children=[], clickable=false, enabled=true, focused=false, checked=false, selected=false), TreeNode(attributes={text=Aktiviteler, accessibilityText=, hintText=, ignoreBoundsFiltering=false, resource-id=, clickable=false, bounds=[78,612][132,628], enabled=true, focused=false, checked=false, scrollable=false, selected=false, class=android.widget.TextView, important-for-accessibility=true, error=}, children=[], clickable=false, enabled=true, focused=false, checked=false, selected=false)], clickable=true, enabled=true, focused=false, checked=false, selected=false), bounds=Bounds(x=78, y=568, width=55, height=64))
10:08:13.656 [ INFO] maestro.Maestro.tap-HgV9Ck0: Tap aimed via settled hierarchy
10:08:13.657 [ INFO] maestro.Maestro.hierarchyBasedTap-ogj28Uc: Tapping at (105, 600) using hierarchy based logic for wait
10:08:15.013 [ INFO] maestro.Maestro.hierarchyBasedTap-ogj28Uc: Something has changed in the UI judging by view hierarchy. Proceed.
10:08:15.013 [ INFO] maestro.cli.runner.CliConsoleListener.onCommandFinished: Tap on id: tab-activities COMPLETED
10:08:15.013 [ INFO] maestro.cli.runner.CliConsoleListener.onCommandStart: Assert that id: activities-solo-card-tabu is visible RUNNING
10:08:15.131 [ INFO] maestro.cli.runner.CliConsoleListener.onCommandFinished: Assert that id: activities-solo-card-tabu is visible COMPLETED
10:08:15.131 [ INFO] maestro.cli.runner.CliConsoleListener.onCommandStart: Take screenshot 04h-activities RUNNING
10:08:15.132 [ INFO] maestro.Maestro.takeScreenshot: Taking screenshot
10:08:15.132 [TRACE] maestro.utils.ScreenshotUtils.takeScreenshot: Taking screenshot to output sink
10:08:15.210 [ INFO] maestro.cli.runner.CliConsoleListener.onCommandFinished: Take screenshot 04h-activities COMPLETED
10:08:15.210 [ INFO] maestro.cli.runner.CliConsoleListener.onCommandStart: Scrolling DOWN until id: activities-room-card-sahtekar is visible with speed 40, visibility percentage 100%, timeout 30000 ms, with centering enabled RUNNING
10:08:15.398 [ INFO] maestro.orchestra.Orchestra.scrollUntilVisible: Scrolling try count: 0, DeviceWidth: 320, DeviceWidth: 640
10:08:15.399 [ INFO] maestro.orchestra.Orchestra.scrollUntilVisible: Element bounds: Bounds(x=166, y=548, width=118, height=92)
10:08:15.399 [ INFO] maestro.orchestra.Orchestra.scrollUntilVisible: Visibility Percent: 1.0
10:08:15.399 [ INFO] maestro.orchestra.Orchestra.scrollUntilVisible: Command centerElement: ScrollUntilVisibleCommand(selector=ElementSelector(textRegex=null, idRegex=activities-room-card-sahtekar, size=null, below=null, above=null, leftOf=null, rightOf=null, containsChild=null, containsDescendants=null, traits=null, index=null, enabled=null, optional=false, selected=null, checked=null, focused=null, childOf=null, css=null), direction=DOWN, scrollDuration=601, visibilityPercentage=100, timeout=30000, waitToSettleTimeoutMs=null, centerElement=true, originalSpeedValue=40, label=null, optional=false).centerElement
10:08:15.399 [ INFO] maestro.orchestra.Orchestra.scrollUntilVisible: visibilityPercentageNormalized: 1.0
10:08:15.440 [ INFO] maestro.Maestro.swipeFromCenter: Swiping UP from center
10:08:17.417 [ INFO] maestro.orchestra.Orchestra.scrollUntilVisible: Scrolling try count: 1, DeviceWidth: 320, DeviceWidth: 640
10:08:17.417 [ INFO] maestro.orchestra.Orchestra.scrollUntilVisible: Element bounds: Bounds(x=166, y=265, width=118, height=92)
10:08:17.417 [ INFO] maestro.orchestra.Orchestra.scrollUntilVisible: Visibility Percent: 1.0
10:08:17.417 [ INFO] maestro.orchestra.Orchestra.scrollUntilVisible: Command centerElement: ScrollUntilVisibleCommand(selector=ElementSelector(textRegex=null, idRegex=activities-room-card-sahtekar, size=null, below=null, above=null, leftOf=null, rightOf=null, containsChild=null, containsDescendants=null, traits=null, index=null, enabled=null, optional=false, selected=null, checked=null, focused=null, childOf=null, css=null), direction=DOWN, scrollDuration=601, visibilityPercentage=100, timeout=30000, waitToSettleTimeoutMs=null, centerElement=true, originalSpeedValue=40, label=null, optional=false).centerElement
10:08:17.418 [ INFO] maestro.orchestra.Orchestra.scrollUntilVisible: visibilityPercentageNormalized: 1.0
10:08:17.418 [ INFO] maestro.cli.runner.CliConsoleListener.onCommandFinished: Scrolling DOWN until id: activities-room-card-sahtekar is visible with speed 40, visibility percentage 100%, timeout 30000 ms, with centering enabled COMPLETED
10:08:17.418 [ INFO] maestro.cli.runner.CliConsoleListener.onCommandStart: Tap on id: activities-room-card-sahtekar RUNNING
10:08:17.523 [ INFO] maestro.Maestro.tap-HgV9Ck0: Tapping on element:  UiElement(treeNode=TreeNode(attributes={text=, accessibilityText=Sahtekar, hintText=, ignoreBoundsFiltering=false, resource-id=activities-room-card-sahtekar, clickable=true, bounds=[166,265][284,357], enabled=true, focused=false, checked=false, scrollable=false, selected=false, class=android.widget.Button, important-for-accessibility=true, error=}, children=[TreeNode(attributes={text=, accessibilityText=, hintText=, ignoreBoundsFiltering=false, resource-id=, clickable=false, bounds=[166,265][284,357], enabled=true, focused=false, checked=false, scrollable=false, selected=false, class=android.view.ViewGroup, important-for-accessibility=false, error=}, children=[TreeNode(attributes={text=Sahtekar, accessibilityText=, hintText=, ignoreBoundsFiltering=false, resource-id=, clickable=false, bounds=[178,277][272,296], enabled=true, focused=false, checked=false, scrollable=false, selected=false, class=android.widget.TextView, important-for-accessibility=true, error=}, children=[], clickable=false, enabled=true, focused=false, checked=false, selected=false), TreeNode(attributes={text=, accessibilityText=, hintText=, ignoreBoundsFiltering=false, resource-id=, clickable=false, bounds=[234,309][284,357], enabled=true, focused=false, checked=false, scrollable=false, selected=false, class=android.widget.ImageView, important-for-accessibility=false, error=}, children=[], clickable=false, enabled=true, focused=false, checked=false, selected=false)], clickable=false, enabled=true, focused=false, checked=false, selected=false)], clickable=true, enabled=true, focused=false, checked=false, selected=false), bounds=Bounds(x=166, y=265, width=118, height=92))
10:08:18.816 [ INFO] maestro.Maestro.tap-HgV9Ck0: Tap aimed via settled hierarchy
10:08:18.817 [ INFO] maestro.Maestro.hierarchyBasedTap-ogj28Uc: Tapping at (225, 311) using hierarchy based logic for wait
10:08:19.679 [ INFO] maestro.Maestro.hierarchyBasedTap-ogj28Uc: Something has changed in the UI judging by view hierarchy. Proceed.
10:08:19.679 [ INFO] maestro.cli.runner.CliConsoleListener.onCommandFinished: Tap on id: activities-room-card-sahtekar COMPLETED
10:08:19.679 [ INFO] maestro.cli.runner.CliConsoleListener.onCommandStart: Scrolling DOWN until id: activities-venue-sahtekar is visible with speed 40, visibility percentage 100%, timeout 30000 ms, with centering enabled RUNNING
10:08:19.793 [ INFO] maestro.orchestra.Orchestra.scrollUntilVisible: Scrolling try count: 0, DeviceWidth: 320, DeviceWidth: 640
10:08:19.793 [ INFO] maestro.orchestra.Orchestra.scrollUntilVisible: Element bounds: Bounds(x=24, y=508, width=272, height=48)
10:08:19.793 [ INFO] maestro.orchestra.Orchestra.scrollUntilVisible: Visibility Percent: 1.0
10:08:19.793 [ INFO] maestro.orchestra.Orchestra.scrollUntilVisible: Command centerElement: ScrollUntilVisibleCommand(selector=ElementSelector(textRegex=null, idRegex=activities-venue-sahtekar, size=null, below=null, above=null, leftOf=null, rightOf=null, containsChild=null, containsDescendants=null, traits=null, index=null, enabled=null, optional=false, selected=null, checked=null, focused=null, childOf=null, css=null), direction=DOWN, scrollDuration=601, visibilityPercentage=100, timeout=30000, waitToSettleTimeoutMs=null, centerElement=true, originalSpeedValue=40, label=null, optional=false).centerElement
10:08:19.793 [ INFO] maestro.orchestra.Orchestra.scrollUntilVisible: visibilityPercentageNormalized: 1.0
10:08:19.834 [ INFO] maestro.Maestro.swipeFromCenter: Swiping UP from center
10:08:20.763 [ INFO] maestro.orchestra.Orchestra.scrollUntilVisible: Scrolling try count: 1, DeviceWidth: 320, DeviceWidth: 640
10:08:20.764 [ INFO] maestro.orchestra.Orchestra.scrollUntilVisible: Element bounds: Bounds(x=24, y=508, width=272, height=48)
10:08:20.764 [ INFO] maestro.orchestra.Orchestra.scrollUntilVisible: Visibility Percent: 1.0
10:08:20.764 [ INFO] maestro.orchestra.Orchestra.scrollUntilVisible: Command centerElement: ScrollUntilVisibleCommand(selector=ElementSelector(textRegex=null, idRegex=activities-venue-sahtekar, size=null, below=null, above=null, leftOf=null, rightOf=null, containsChild=null, containsDescendants=null, traits=null, index=null, enabled=null, optional=false, selected=null, checked=null, focused=null, childOf=null, css=null), direction=DOWN, scrollDuration=601, visibilityPercentage=100, timeout=30000, waitToSettleTimeoutMs=null, centerElement=true, originalSpeedValue=40, label=null, optional=false).centerElement
10:08:20.764 [ INFO] maestro.orchestra.Orchestra.scrollUntilVisible: visibilityPercentageNormalized: 1.0
10:08:20.768 [ INFO] maestro.Maestro.swipeFromCenter: Swiping UP from center
10:08:21.659 [ INFO] maestro.orchestra.Orchestra.scrollUntilVisible: Scrolling try count: 2, DeviceWidth: 320, DeviceWidth: 640
10:08:21.659 [ INFO] maestro.orchestra.Orchestra.scrollUntilVisible: Element bounds: Bounds(x=24, y=508, width=272, height=48)
10:08:21.659 [ INFO] maestro.orchestra.Orchestra.scrollUntilVisible: Visibility Percent: 1.0
10:08:21.659 [ INFO] maestro.orchestra.Orchestra.scrollUntilVisible: Command centerElement: ScrollUntilVisibleCommand(selector=ElementSelector(textRegex=null, idRegex=activities-venue-sahtekar, size=null, below=null, above=null, leftOf=null, rightOf=null, containsChild=null, containsDescendants=null, traits=null, index=null, enabled=null, optional=false, selected=null, checked=null, focused=null, childOf=null, css=null), direction=DOWN, scrollDuration=601, visibilityPercentage=100, timeout=30000, waitToSettleTimeoutMs=null, centerElement=true, originalSpeedValue=40, label=null, optional=false).centerElement
10:08:21.659 [ INFO] maestro.orchestra.Orchestra.scrollUntilVisible: visibilityPercentageNormalized: 1.0
10:08:21.702 [ INFO] maestro.Maestro.swipeFromCenter: Swiping UP from center
10:08:22.579 [ INFO] maestro.orchestra.Orchestra.scrollUntilVisible: Scrolling try count: 3, DeviceWidth: 320, DeviceWidth: 640
10:08:22.579 [ INFO] maestro.orchestra.Orchestra.scrollUntilVisible: Element bounds: Bounds(x=24, y=508, width=272, height=48)
10:08:22.579 [ INFO] maestro.orchestra.Orchestra.scrollUntilVisible: Visibility Percent: 1.0
10:08:22.579 [ INFO] maestro.orchestra.Orchestra.scrollUntilVisible: Command centerElement: ScrollUntilVisibleCommand(selector=ElementSelector(textRegex=null, idRegex=activities-venue-sahtekar, size=null, below=null, above=null, leftOf=null, rightOf=null, containsChild=null, containsDescendants=null, traits=null, index=null, enabled=null, optional=false, selected=null, checked=null, focused=null, childOf=null, css=null), direction=DOWN, scrollDuration=601, visibilityPercentage=100, timeout=30000, waitToSettleTimeoutMs=null, centerElement=true, originalSpeedValue=40, label=null, optional=false).centerElement
10:08:22.579 [ INFO] maestro.orchestra.Orchestra.scrollUntilVisible: visibilityPercentageNormalized: 1.0
10:08:22.584 [ INFO] maestro.Maestro.swipeFromCenter: Swiping UP from center
10:08:23.447 [ INFO] maestro.orchestra.Orchestra.scrollUntilVisible: Scrolling try count: 4, DeviceWidth: 320, DeviceWidth: 640
10:08:23.448 [ INFO] maestro.orchestra.Orchestra.scrollUntilVisible: Element bounds: Bounds(x=24, y=508, width=272, height=48)
10:08:23.448 [ INFO] maestro.orchestra.Orchestra.scrollUntilVisible: Visibility Percent: 1.0
10:08:23.448 [ INFO] maestro.orchestra.Orchestra.scrollUntilVisible: Command centerElement: ScrollUntilVisibleCommand(selector=ElementSelector(textRegex=null, idRegex=activities-venue-sahtekar, size=null, below=null, above=null, leftOf=null, rightOf=null, containsChild=null, containsDescendants=null, traits=null, index=null, enabled=null, optional=false, selected=null, checked=null, focused=null, childOf=null, css=null), direction=DOWN, scrollDuration=601, visibilityPercentage=100, timeout=30000, waitToSettleTimeoutMs=null, centerElement=true, originalSpeedValue=40, label=null, optional=false).centerElement
10:08:23.448 [ INFO] maestro.orchestra.Orchestra.scrollUntilVisible: visibilityPercentageNormalized: 1.0
10:08:23.490 [ INFO] maestro.Maestro.swipeFromCenter: Swiping UP from center
10:08:24.371 [ INFO] maestro.orchestra.Orchestra.scrollUntilVisible: Scrolling try count: 5, DeviceWidth: 320, DeviceWidth: 640
10:08:24.371 [ INFO] maestro.orchestra.Orchestra.scrollUntilVisible: Element bounds: Bounds(x=24, y=508, width=272, height=48)
10:08:24.371 [ INFO] maestro.orchestra.Orchestra.scrollUntilVisible: Visibility Percent: 1.0
10:08:24.372 [ INFO] maestro.orchestra.Orchestra.scrollUntilVisible: Command centerElement: ScrollUntilVisibleCommand(selector=ElementSelector(textRegex=null, idRegex=activities-venue-sahtekar, size=null, below=null, above=null, leftOf=null, rightOf=null, containsChild=null, containsDescendants=null, traits=null, index=null, enabled=null, optional=false, selected=null, checked=null, focused=null, childOf=null, css=null), direction=DOWN, scrollDuration=601, visibilityPercentage=100, timeout=30000, waitToSettleTimeoutMs=null, centerElement=true, originalSpeedValue=40, label=null, optional=false).centerElement
10:08:24.372 [ INFO] maestro.orchestra.Orchestra.scrollUntilVisible: visibilityPercentageNormalized: 1.0
10:08:24.372 [ INFO] maestro.cli.runner.CliConsoleListener.onCommandFinished: Scrolling DOWN until id: activities-venue-sahtekar is visible with speed 40, visibility percentage 100%, timeout 30000 ms, with centering enabled COMPLETED
10:08:24.372 [ INFO] maestro.cli.runner.CliConsoleListener.onCommandStart: Take screenshot 04h-activities-sheet RUNNING
10:08:24.372 [ INFO] maestro.Maestro.takeScreenshot: Taking screenshot
10:08:24.373 [TRACE] maestro.utils.ScreenshotUtils.takeScreenshot: Taking screenshot to output sink
10:08:24.402 [ INFO] maestro.cli.runner.CliConsoleListener.onCommandFinished: Take screenshot 04h-activities-sheet COMPLETED
10:08:24.402 [ INFO] maestro.cli.runner.CliConsoleListener.onCommandStart: Scrolling DOWN until id: activities-sheet-close is visible with speed 40, visibility percentage 100%, timeout 30000 ms, with centering disabled RUNNING
10:08:24.515 [ INFO] maestro.orchestra.Orchestra.scrollUntilVisible: Scrolling try count: 0, DeviceWidth: 320, DeviceWidth: 640
10:08:24.515 [ INFO] maestro.orchestra.Orchestra.scrollUntilVisible: Element bounds: Bounds(x=24, y=568, width=272, height=48)
10:08:24.515 [ INFO] maestro.orchestra.Orchestra.scrollUntilVisible: Visibility Percent: 1.0
10:08:24.515 [ INFO] maestro.orchestra.Orchestra.scrollUntilVisible: Command centerElement: ScrollUntilVisibleCommand(selector=ElementSelector(textRegex=null, idRegex=activities-sheet-close, size=null, below=null, above=null, leftOf=null, rightOf=null, containsChild=null, containsDescendants=null, traits=null, index=null, enabled=null, optional=false, selected=null, checked=null, focused=null, childOf=null, css=null), direction=DOWN, scrollDuration=601, visibilityPercentage=100, timeout=30000, waitToSettleTimeoutMs=null, centerElement=false, originalSpeedValue=40, label=null, optional=false).centerElement
10:08:24.515 [ INFO] maestro.orchestra.Orchestra.scrollUntilVisible: visibilityPercentageNormalized: 1.0
10:08:24.515 [ INFO] maestro.cli.runner.CliConsoleListener.onCommandFinished: Scrolling DOWN until id: activities-sheet-close is visible with speed 40, visibility percentage 100%, timeout 30000 ms, with centering disabled COMPLETED
10:08:24.515 [ INFO] maestro.cli.runner.CliConsoleListener.onCommandStart: Tap on id: activities-sheet-close RUNNING
10:08:24.583 [ INFO] maestro.Maestro.tap-HgV9Ck0: Tapping on element:  UiElement(treeNode=TreeNode(attributes={text=, accessibilityText=Kapat, hintText=, ignoreBoundsFiltering=false, resource-id=activities-sheet-close, clickable=true, bounds=[24,568][296,616], enabled=true, focused=false, checked=false, scrollable=false, selected=false, class=android.widget.Button, important-for-accessibility=true, error=}, children=[TreeNode(attributes={text=Kapat, accessibilityText=, hintText=, ignoreBoundsFiltering=false, resource-id=, clickable=false, bounds=[138,582][182,602], enabled=true, focused=false, checked=false, scrollable=false, selected=false, class=android.widget.TextView, important-for-accessibility=true, error=}, children=[], clickable=false, enabled=true, focused=false, checked=false, selected=false)], clickable=true, enabled=true, focused=false, checked=false, selected=false), bounds=Bounds(x=24, y=568, width=272, height=48))
10:08:25.803 [ INFO] maestro.Maestro.tap-HgV9Ck0: Tap aimed via settled hierarchy
10:08:25.803 [ INFO] maestro.Maestro.hierarchyBasedTap-ogj28Uc: Tapping at (160, 592) using hierarchy based logic for wait
10:08:26.784 [ INFO] maestro.Maestro.hierarchyBasedTap-ogj28Uc: Something has changed in the UI judging by view hierarchy. Proceed.
10:08:26.784 [ INFO] maestro.cli.runner.CliConsoleListener.onCommandFinished: Tap on id: activities-sheet-close COMPLETED
10:08:26.784 [ INFO] maestro.cli.runner.CliConsoleListener.onCommandStart: Tap on id: tab-explore RUNNING
10:08:26.886 [ INFO] maestro.Maestro.tap-HgV9Ck0: Tapping on element:  UiElement(treeNode=TreeNode(attributes={text=, accessibilityText=Keşfet, hintText=, ignoreBoundsFiltering=false, resource-id=tab-explore, clickable=true, bounds=[24,568][78,632], enabled=true, focused=false, checked=false, scrollable=false, selected=false, class=android.view.View, important-for-accessibility=true, error=}, children=[TreeNode(attributes={text=, accessibilityText=, hintText=, ignoreBoundsFiltering=false, resource-id=, clickable=false, bounds=[39,580][63,604], enabled=true, focused=false, checked=false, scrollable=false, selected=false, class=android.widget.ImageView, important-for-accessibility=false, error=}, children=[], clickable=false, enabled=true, focused=false, checked=false, selected=false), TreeNode(attributes={text=Keşfet, accessibilityText=, hintText=, ignoreBoundsFiltering=false, resource-id=, clickable=false, bounds=[33,612][69,628], enabled=true, focused=false, checked=false, scrollable=false, selected=false, class=android.widget.TextView, important-for-accessibility=true, error=}, children=[], clickable=false, enabled=true, focused=false, checked=false, selected=false)], clickable=true, enabled=true, focused=false, checked=false, selected=false), bounds=Bounds(x=24, y=568, width=54, height=64))
10:08:28.180 [ INFO] maestro.Maestro.tap-HgV9Ck0: Tap aimed via settled hierarchy
10:08:28.181 [ INFO] maestro.Maestro.hierarchyBasedTap-ogj28Uc: Tapping at (51, 600) using hierarchy based logic for wait
10:08:29.157 [ INFO] maestro.Maestro.hierarchyBasedTap-ogj28Uc: Something has changed in the UI judging by view hierarchy. Proceed.
10:08:29.157 [ INFO] maestro.cli.runner.CliConsoleListener.onCommandFinished: Tap on id: tab-explore COMPLETED
10:08:29.157 [ INFO] maestro.cli.runner.CliConsoleListener.onCommandStart: Assert that "Liste" is visible RUNNING
10:08:29.252 [ INFO] maestro.cli.runner.CliConsoleListener.onCommandFinished: Assert that "Liste" is visible COMPLETED
10:08:29.252 [ INFO] maestro.cli.runner.CliConsoleListener.onCommandFinished: Run flows/01c-preview.yaml COMPLETED
10:08:29.252 [ INFO] maestro.cli.runner.CliConsoleListener.onCommandStart: Run flows/02-checkin.yaml RUNNING
10:08:29.252 [ INFO] maestro.cli.runner.CliConsoleListener.onCommandStart: Apply configuration RUNNING
10:08:29.253 [ INFO] maestro.cli.runner.CliConsoleListener.onCommandFinished: Apply configuration COMPLETED
10:08:29.253 [ INFO] maestro.cli.runner.CliConsoleListener.onCommandStart: Scrolling DOWN until "E2E Kafe" is visible with speed 40, visibility percentage 100%, timeout 30000 ms, with centering disabled RUNNING
10:08:29.387 [ INFO] maestro.orchestra.Orchestra.scrollUntilVisible: Scrolling try count: 0, DeviceWidth: 320, DeviceWidth: 640
10:08:29.387 [ INFO] maestro.orchestra.Orchestra.scrollUntilVisible: Element bounds: Bounds(x=102, y=155, width=142, height=23)
10:08:29.387 [ INFO] maestro.orchestra.Orchestra.scrollUntilVisible: Visibility Percent: 1.0
10:08:29.387 [ INFO] maestro.orchestra.Orchestra.scrollUntilVisible: Command centerElement: ScrollUntilVisibleCommand(selector=ElementSelector(textRegex=E2E Kafe, idRegex=null, size=null, below=null, above=null, leftOf=null, rightOf=null, containsChild=null, containsDescendants=null, traits=null, index=null, enabled=null, optional=false, selected=null, checked=null, focused=null, childOf=null, css=null), direction=DOWN, scrollDuration=601, visibilityPercentage=100, timeout=30000, waitToSettleTimeoutMs=null, centerElement=false, originalSpeedValue=40, label=null, optional=false).centerElement
10:08:29.387 [ INFO] maestro.orchestra.Orchestra.scrollUntilVisible: visibilityPercentageNormalized: 1.0
10:08:29.387 [ INFO] maestro.cli.runner.CliConsoleListener.onCommandFinished: Scrolling DOWN until "E2E Kafe" is visible with speed 40, visibility percentage 100%, timeout 30000 ms, with centering disabled COMPLETED
10:08:29.387 [ INFO] maestro.cli.runner.CliConsoleListener.onCommandStart: Take screenshot 05-explore-list RUNNING
10:08:29.388 [ INFO] maestro.Maestro.takeScreenshot: Taking screenshot
10:08:29.388 [TRACE] maestro.utils.ScreenshotUtils.takeScreenshot: Taking screenshot to output sink
10:08:29.415 [ INFO] maestro.cli.runner.CliConsoleListener.onCommandFinished: Take screenshot 05-explore-list COMPLETED
10:08:29.415 [ INFO] maestro.cli.runner.CliConsoleListener.onCommandStart: Tap on "Harita" RUNNING
10:08:29.547 [ INFO] maestro.Maestro.tap-HgV9Ck0: Tapping on element:  UiElement(treeNode=TreeNode(attributes={text=, accessibilityText=Harita, hintText=, ignoreBoundsFiltering=false, resource-id=, clickable=true, bounds=[202,38][246,82], enabled=true, focused=false, checked=false, scrollable=false, selected=false, class=android.view.View, important-for-accessibility=true, error=}, children=[TreeNode(attributes={text=, accessibilityText=, hintText=, ignoreBoundsFiltering=false, resource-id=, clickable=false, bounds=[214,49][234,70], enabled=true, focused=false, checked=false, scrollable=false, selected=false, class=android.widget.TextView, important-for-accessibility=true, error=}, children=[], clickable=false, enabled=true, focused=false, checked=false, selected=false)], clickable=true, enabled=true, focused=false, checked=false, selected=false), bounds=Bounds(x=202, y=38, width=44, height=44))
10:08:30.854 [ INFO] maestro.Maestro.tap-HgV9Ck0: Tap aimed via settled hierarchy
10:08:30.855 [ INFO] maestro.Maestro.hierarchyBasedTap-ogj28Uc: Tapping at (224, 60) using hierarchy based logic for wait
10:08:31.875 [ INFO] maestro.Maestro.hierarchyBasedTap-ogj28Uc: Something has changed in the UI judging by view hierarchy. Proceed.
10:08:31.876 [ INFO] maestro.cli.runner.CliConsoleListener.onCommandFinished: Tap on "Harita" COMPLETED
10:08:31.876 [ INFO] maestro.cli.runner.CliConsoleListener.onCommandStart: Assert that id: explore-map-ready is visible RUNNING
10:08:34.677 [ INFO] maestro.cli.runner.CliConsoleListener.onCommandFinished: Assert that id: explore-map-ready is visible COMPLETED
10:08:34.677 [ INFO] maestro.cli.runner.CliConsoleListener.onCommandStart: Assert that "Keşfet" is visible RUNNING
10:08:34.836 [ INFO] maestro.cli.runner.CliConsoleListener.onCommandFinished: Assert that "Keşfet" is visible COMPLETED
10:08:34.837 [ INFO] maestro.cli.runner.CliConsoleListener.onCommandStart: Assert that "Liste" is visible RUNNING
10:08:34.912 [ INFO] maestro.cli.runner.CliConsoleListener.onCommandFinished: Assert that "Liste" is visible COMPLETED
10:08:34.912 [ INFO] maestro.cli.runner.CliConsoleListener.onCommandStart: Take screenshot 05b-explore-map RUNNING
10:08:34.913 [ INFO] maestro.Maestro.takeScreenshot: Taking screenshot
10:08:34.913 [TRACE] maestro.utils.ScreenshotUtils.takeScreenshot: Taking screenshot to output sink
10:08:35.028 [ INFO] maestro.cli.runner.CliConsoleListener.onCommandFinished: Take screenshot 05b-explore-map COMPLETED
10:08:35.028 [ INFO] maestro.cli.runner.CliConsoleListener.onCommandStart: Run ${const end = Date.now() + 4000; while (Date.now() < end) {} } RUNNING
10:08:39.044 [ INFO] maestro.cli.runner.CliConsoleListener.onCommandFinished: Run ${const end = Date.now() + 4000; while (Date.now() < end) {} } COMPLETED
10:08:39.044 [ INFO] maestro.cli.runner.CliConsoleListener.onCommandStart: Take screenshot 05c-explore-map-settled RUNNING
10:08:39.044 [ INFO] maestro.Maestro.takeScreenshot: Taking screenshot
10:08:39.045 [TRACE] maestro.utils.ScreenshotUtils.takeScreenshot: Taking screenshot to output sink
10:08:39.086 [ INFO] maestro.cli.runner.CliConsoleListener.onCommandFinished: Take screenshot 05c-explore-map-settled COMPLETED
10:08:39.087 [ INFO] maestro.cli.runner.CliConsoleListener.onCommandStart: Tap on "Liste" RUNNING
10:08:39.205 [ INFO] maestro.Maestro.tap-HgV9Ck0: Tapping on element:  UiElement(treeNode=TreeNode(attributes={text=, accessibilityText=Liste, hintText=, ignoreBoundsFiltering=false, resource-id=, clickable=true, bounds=[156,38][200,82], enabled=true, focused=false, checked=false, scrollable=false, selected=false, class=android.view.View, important-for-accessibility=true, error=}, children=[TreeNode(attributes={text=, accessibilityText=, hintText=, ignoreBoundsFiltering=false, resource-id=, clickable=false, bounds=[168,49][188,70], enabled=true, focused=false, checked=false, scrollable=false, selected=false, class=android.widget.TextView, important-for-accessibility=true, error=}, children=[], clickable=false, enabled=true, focused=false, checked=false, selected=false)], clickable=true, enabled=true, focused=false, checked=false, selected=false), bounds=Bounds(x=156, y=38, width=44, height=44))
10:08:40.432 [ INFO] maestro.Maestro.tap-HgV9Ck0: Tap aimed via settled hierarchy
10:08:40.432 [ INFO] maestro.Maestro.hierarchyBasedTap-ogj28Uc: Tapping at (178, 60) using hierarchy based logic for wait
10:08:41.349 [ INFO] maestro.Maestro.hierarchyBasedTap-ogj28Uc: Something has changed in the UI judging by view hierarchy. Proceed.
10:08:41.349 [ INFO] maestro.cli.runner.CliConsoleListener.onCommandFinished: Tap on "Liste" COMPLETED
10:08:41.349 [ INFO] maestro.cli.runner.CliConsoleListener.onCommandStart: Scrolling DOWN until "E2E Kafe" is visible with speed 40, visibility percentage 100%, timeout 30000 ms, with centering disabled RUNNING
10:08:41.492 [ INFO] maestro.orchestra.Orchestra.scrollUntilVisible: Scrolling try count: 0, DeviceWidth: 320, DeviceWidth: 640
10:08:41.493 [ INFO] maestro.orchestra.Orchestra.scrollUntilVisible: Element bounds: Bounds(x=102, y=155, width=142, height=23)
10:08:41.493 [ INFO] maestro.orchestra.Orchestra.scrollUntilVisible: Visibility Percent: 1.0
10:08:41.493 [ INFO] maestro.orchestra.Orchestra.scrollUntilVisible: Command centerElement: ScrollUntilVisibleCommand(selector=ElementSelector(textRegex=E2E Kafe, idRegex=null, size=null, below=null, above=null, leftOf=null, rightOf=null, containsChild=null, containsDescendants=null, traits=null, index=null, enabled=null, optional=false, selected=null, checked=null, focused=null, childOf=null, css=null), direction=DOWN, scrollDuration=601, visibilityPercentage=100, timeout=30000, waitToSettleTimeoutMs=null, centerElement=false, originalSpeedValue=40, label=null, optional=false).centerElement
10:08:41.493 [ INFO] maestro.orchestra.Orchestra.scrollUntilVisible: visibilityPercentageNormalized: 1.0
10:08:41.493 [ INFO] maestro.cli.runner.CliConsoleListener.onCommandFinished: Scrolling DOWN until "E2E Kafe" is visible with speed 40, visibility percentage 100%, timeout 30000 ms, with centering disabled COMPLETED
10:08:41.493 [ INFO] maestro.cli.runner.CliConsoleListener.onCommandStart: Tap on "E2E Kafe" RUNNING
10:08:41.626 [ INFO] maestro.Maestro.tap-HgV9Ck0: Tapping on element:  UiElement(treeNode=TreeNode(attributes={text=E2E Kafe, accessibilityText=, hintText=, ignoreBoundsFiltering=false, resource-id=, clickable=false, bounds=[102,155][244,178], enabled=true, focused=false, checked=false, scrollable=false, selected=false, class=android.widget.TextView, important-for-accessibility=true, error=}, children=[], clickable=false, enabled=true, focused=false, checked=false, selected=false), bounds=Bounds(x=102, y=155, width=142, height=23))
10:08:42.908 [ INFO] maestro.Maestro.tap-HgV9Ck0: Tap aimed via settled hierarchy
10:08:42.909 [ INFO] maestro.Maestro.hierarchyBasedTap-ogj28Uc: Tapping at (173, 166) using hierarchy based logic for wait
10:08:44.116 [ INFO] maestro.Maestro.hierarchyBasedTap-ogj28Uc: Something has changed in the UI judging by view hierarchy. Proceed.
10:08:44.116 [ INFO] maestro.cli.runner.CliConsoleListener.onCommandFinished: Tap on "E2E Kafe" COMPLETED
10:08:44.116 [ INFO] maestro.cli.runner.CliConsoleListener.onCommandStart: Assert that "Buraya giriş yap" is visible RUNNING
10:08:44.237 [ INFO] maestro.cli.runner.CliConsoleListener.onCommandFinished: Assert that "Buraya giriş yap" is visible COMPLETED
10:08:44.237 [ INFO] maestro.cli.runner.CliConsoleListener.onCommandStart: Take screenshot 06-venue-detail RUNNING
10:08:44.238 [ INFO] maestro.Maestro.takeScreenshot: Taking screenshot
10:08:44.238 [TRACE] maestro.utils.ScreenshotUtils.takeScreenshot: Taking screenshot to output sink
10:08:44.298 [ INFO] maestro.cli.runner.CliConsoleListener.onCommandFinished: Take screenshot 06-venue-detail COMPLETED
10:08:44.299 [ INFO] maestro.cli.runner.CliConsoleListener.onCommandStart: Press back RUNNING
10:08:44.299 [ INFO] maestro.Maestro.backPress: Pressing back
10:08:45.118 [ INFO] maestro.cli.runner.CliConsoleListener.onCommandFinished: Press back COMPLETED
10:08:45.119 [ INFO] maestro.cli.runner.CliConsoleListener.onCommandStart: Run ../scripts/bot.js RUNNING
10:08:45.247 [ INFO] maestro.cli.runner.CliConsoleListener.onCommandFinished: Run ../scripts/bot.js COMPLETED
10:08:45.248 [ INFO] maestro.cli.runner.CliConsoleListener.onCommandStart: Launch app "app.kabuk.mobile" RUNNING
10:08:45.918 [DEBUG] maestro.Maestro.setPermissionInternal: Failed to set permission android.permission.READ_EXTERNAL_STORAGE for app app.kabuk.mobile: shell command failed (exit -1): 
Exception occurred while executing 'grant':
java.lang.SecurityException: Package app.kabuk.mobile has not requested permission android.permission.READ_EXTERNAL_STORAGE
	at com.android.server.pm.permission.PermissionManagerServiceImpl.grantRuntimePermissionInternal(PermissionManagerServiceImpl.java:1423)
	at com.android.server.pm.permission.PermissionManagerServiceImpl.grantRuntimePermission(PermissionManagerServiceImpl.java:1337)
	at com.android.server.pm.permission.PermissionManagerService.grantRuntimePermission(PermissionManagerService.java:551)
	at android.permission.PermissionManager.grantRuntimePermission(PermissionManager.java:609)
	at com.android.server.pm.PackageManagerShellCommand.runGrantRevokePermission(PackageManagerShellCommand.java:2672)
	at com.android.server.pm.PackageManagerShellCommand.onCommand(PackageManagerShellCommand.java:291)
	at com.android.modules.utils.BasicShellCommandHandler.exec(BasicShellCommandHandler.java:97)
	at android.os.ShellCommand.exec(ShellCommand.java:38)
	at com.android.server.pm.PackageManagerService$IPackageManagerImpl.onShellCommand(PackageManagerService.java:6350)
	at android.os.Binder.shellCommand(Binder.java:1068)
	at android.os.Binder.onTransact(Binder.java:888)
	at android.content.pm.IPackageManager$Stub.onTransact(IPackageManager.java:4352)
	at com.android.server.pm.PackageManagerService$IPackageManagerImpl.onTransact(PackageManagerService.java:6334)
	at android.os.Binder.execTransactInternal(Binder.java:1344)
	at android.os.Binder.execTransact(Binder.java:1275)

10:08:45.986 [DEBUG] maestro.Maestro.setPermissionInternal: Failed to set permission android.permission.WRITE_EXTERNAL_STORAGE for app app.kabuk.mobile: shell command failed (exit -1): 
Exception occurred while executing 'grant':
java.lang.SecurityException: Package app.kabuk.mobile has not requested permission android.permission.WRITE_EXTERNAL_STORAGE
	at com.android.server.pm.permission.PermissionManagerServiceImpl.grantRuntimePermissionInternal(PermissionManagerServiceImpl.java:1423)
	at com.android.server.pm.permission.PermissionManagerServiceImpl.grantRuntimePermission(PermissionManagerServiceImpl.java:1337)
	at com.android.server.pm.permission.PermissionManagerService.grantRuntimePermission(PermissionManagerService.java:551)
	at android.permission.PermissionManager.grantRuntimePermission(PermissionManager.java:609)
	at com.android.server.pm.PackageManagerShellCommand.runGrantRevokePermission(PackageManagerShellCommand.java:2672)
	at com.android.server.pm.PackageManagerShellCommand.onCommand(PackageManagerShellCommand.java:291)
	at com.android.modules.utils.BasicShellCommandHandler.exec(BasicShellCommandHandler.java:97)
	at android.os.ShellCommand.exec(ShellCommand.java:38)
	at com.android.server.pm.PackageManagerService$IPackageManagerImpl.onShellCommand(PackageManagerService.java:6350)
	at android.os.Binder.shellCommand(Binder.java:1068)
	at android.os.Binder.onTransact(Binder.java:888)
	at android.content.pm.IPackageManager$Stub.onTransact(IPackageManager.java:4352)
	at com.android.server.pm.PackageManagerService$IPackageManagerImpl.onTransact(PackageManagerService.java:6334)
	at android.os.Binder.execTransactInternal(Binder.java:1344)
	at android.os.Binder.execTransact(Binder.java:1275)

10:08:46.258 [DEBUG] maestro.Maestro.setPermissionInternal: Failed to set permission com.google.android.finsky.permission.BIND_GET_INSTALL_REFERRER_SERVICE for app app.kabuk.mobile: shell command failed (exit -1): 
Exception occurred while executing 'grant':
java.lang.IllegalArgumentException: Unknown permission: com.google.android.finsky.permission.BIND_GET_INSTALL_REFERRER_SERVICE
	at com.android.server.pm.permission.PermissionManagerServiceImpl.grantRuntimePermissionInternal(PermissionManagerServiceImpl.java:1380)
	at com.android.server.pm.permission.PermissionManagerServiceImpl.grantRuntimePermission(PermissionManagerServiceImpl.java:1337)
	at com.android.server.pm.permission.PermissionManagerService.grantRuntimePermission(PermissionManagerService.java:551)
	at android.permission.PermissionManager.grantRuntimePermission(PermissionManager.java:609)
	at com.android.server.pm.PackageManagerShellCommand.runGrantRevokePermission(PackageManagerShellCommand.java:2672)
	at com.android.server.pm.PackageManagerShellCommand.onCommand(PackageManagerShellCommand.java:291)
	at com.android.modules.utils.BasicShellCommandHandler.exec(BasicShellCommandHandler.java:97)
	at android.os.ShellCommand.exec(ShellCommand.java:38)
	at com.android.server.pm.PackageManagerService$IPackageManagerImpl.onShellCommand(PackageManagerService.java:6350)
	at android.os.Binder.shellCommand(Binder.java:1068)
	at android.os.Binder.onTransact(Binder.java:888)
	at android.content.pm.IPackageManager$Stub.onTransact(IPackageManager.java:4352)
	at com.android.server.pm.PackageManagerService$IPackageManagerImpl.onTransact(PackageManagerService.java:6334)
	at android.os.Binder.execTransactInternal(Binder.java:1344)
	at android.os.Binder.execTransact(Binder.java:1275)

10:08:46.276 [DEBUG] maestro.Maestro.setPermissionInternal: Failed to set permission com.sec.android.provider.badge.permission.READ for app app.kabuk.mobile: shell command failed (exit -1): 
Exception occurred while executing 'grant':
java.lang.IllegalArgumentException: Unknown permission: com.sec.android.provider.badge.permission.READ
	at com.android.server.pm.permission.PermissionManagerServiceImpl.grantRuntimePermissionInternal(PermissionManagerServiceImpl.java:1380)
	at com.android.server.pm.permission.PermissionManagerServiceImpl.grantRuntimePermission(PermissionManagerServiceImpl.java:1337)
	at com.android.server.pm.permission.PermissionManagerService.grantRuntimePermission(PermissionManagerService.java:551)
	at android.permission.PermissionManager.grantRuntimePermission(PermissionManager.java:609)
	at com.android.server.pm.PackageManagerShellCommand.runGrantRevokePermission(PackageManagerShellCommand.java:2672)
	at com.android.server.pm.PackageManagerShellCommand.onCommand(PackageManagerShellCommand.java:291)
	at com.android.modules.utils.BasicShellCommandHandler.exec(BasicShellCommandHandler.java:97)
	at android.os.ShellCommand.exec(ShellCommand.java:38)
	at com.android.server.pm.PackageManagerService$IPackageManagerImpl.onShellCommand(PackageManagerService.java:6350)
	at android.os.Binder.shellCommand(Binder.java:1068)
	at android.os.Binder.onTransact(Binder.java:888)
	at android.content.pm.IPackageManager$Stub.onTransact(IPackageManager.java:4352)
	at com.android.server.pm.PackageManagerService$IPackageManagerImpl.onTransact(PackageManagerService.java:6334)
	at android.os.Binder.execTransactInternal(Binder.java:1344)
	at android.os.Binder.execTransact(Binder.java:1275)

10:08:46.294 [DEBUG] maestro.Maestro.setPermissionInternal: Failed to set permission com.sec.android.provider.badge.permission.WRITE for app app.kabuk.mobile: shell command failed (exit -1): 
Exception occurred while executing 'grant':
java.lang.IllegalArgumentException: Unknown permission: com.sec.android.provider.badge.permission.WRITE
	at com.android.server.pm.permission.PermissionManagerServiceImpl.grantRuntimePermissionInternal(PermissionManagerServiceImpl.java:1380)
	at com.android.server.pm.permission.PermissionManagerServiceImpl.grantRuntimePermission(PermissionManagerServiceImpl.java:1337)
	at com.android.server.pm.permission.PermissionManagerService.grantRuntimePermission(PermissionManagerService.java:551)
	at android.permission.PermissionManager.grantRuntimePermission(PermissionManager.java:609)
	at com.android.server.pm.PackageManagerShellCommand.runGrantRevokePermission(PackageManagerShellCommand.java:2672)
	at com.android.server.pm.PackageManagerShellCommand.onCommand(PackageManagerShellCommand.java:291)
	at com.android.modules.utils.BasicShellCommandHandler.exec(BasicShellCommandHandler.java:97)
	at android.os.ShellCommand.exec(ShellCommand.java:38)
	at com.android.server.pm.PackageManagerService$IPackageManagerImpl.onShellCommand(PackageManagerService.java:6350)
	at android.os.Binder.shellCommand(Binder.java:1068)
	at android.os.Binder.onTransact(Binder.java:888)
	at android.content.pm.IPackageManager$Stub.onTransact(IPackageManager.java:4352)
	at com.android.server.pm.PackageManagerService$IPackageManagerImpl.onTransact(PackageManagerService.java:6334)
	at android.os.Binder.execTransactInternal(Binder.java:1344)
	at android.os.Binder.execTransact(Binder.java:1275)

10:08:46.314 [DEBUG] maestro.Maestro.setPermissionInternal: Failed to set permission com.htc.launcher.permission.READ_SETTINGS for app app.kabuk.mobile: shell command failed (exit -1): 
Exception occurred while executing 'grant':
java.lang.IllegalArgumentException: Unknown permission: com.htc.launcher.permission.READ_SETTINGS
	at com.android.server.pm.permission.PermissionManagerServiceImpl.grantRuntimePermissionInternal(PermissionManagerServiceImpl.java:1380)
	at com.android.server.pm.permission.PermissionManagerServiceImpl.grantRuntimePermission(PermissionManagerServiceImpl.java:1337)
	at com.android.server.pm.permission.PermissionManagerService.grantRuntimePermission(PermissionManagerService.java:551)
	at android.permission.PermissionManager.grantRuntimePermission(PermissionManager.java:609)
	at com.android.server.pm.PackageManagerShellCommand.runGrantRevokePermission(PackageManagerShellCommand.java:2672)
	at com.android.server.pm.PackageManagerShellCommand.onCommand(PackageManagerShellCommand.java:291)
	at com.android.modules.utils.BasicShellCommandHandler.exec(BasicShellCommandHandler.java:97)
	at android.os.ShellCommand.exec(ShellCommand.java:38)
	at com.android.server.pm.PackageManagerService$IPackageManagerImpl.onShellCommand(PackageManagerService.java:6350)
	at android.os.Binder.shellCommand(Binder.java:1068)
	at android.os.Binder.onTransact(Binder.java:888)
	at android.content.pm.IPackageManager$Stub.onTransact(IPackageManager.java:4352)
	at com.android.server.pm.PackageManagerService$IPackageManagerImpl.onTransact(PackageManagerService.java:6334)
	at android.os.Binder.execTransactInternal(Binder.java:1344)
	at android.os.Binder.execTransact(Binder.java:1275)

10:08:46.332 [DEBUG] maestro.Maestro.setPermissionInternal: Failed to set permission com.htc.launcher.permission.UPDATE_SHORTCUT for app app.kabuk.mobile: shell command failed (exit -1): 
Exception occurred while executing 'grant':
java.lang.IllegalArgumentException: Unknown permission: com.htc.launcher.permission.UPDATE_SHORTCUT
	at com.android.server.pm.permission.PermissionManagerServiceImpl.grantRuntimePermissionInternal(PermissionManagerServiceImpl.java:1380)
	at com.android.server.pm.permission.PermissionManagerServiceImpl.grantRuntimePermission(PermissionManagerServiceImpl.java:1337)
	at com.android.server.pm.permission.PermissionManagerService.grantRuntimePermission(PermissionManagerService.java:551)
	at android.permission.PermissionManager.grantRuntimePermission(PermissionManager.java:609)
	at com.android.server.pm.PackageManagerShellCommand.runGrantRevokePermission(PackageManagerShellCommand.java:2672)
	at com.android.server.pm.PackageManagerShellCommand.onCommand(PackageManagerShellCommand.java:291)
	at com.android.modules.utils.BasicShellCommandHandler.exec(BasicShellCommandHandler.java:97)
	at android.os.ShellCommand.exec(ShellCommand.java:38)
	at com.android.server.pm.PackageManagerService$IPackageManagerImpl.onShellCommand(PackageManagerService.java:6350)
	at android.os.Binder.shellCommand(Binder.java:1068)
	at android.os.Binder.onTransact(Binder.java:888)
	at android.content.pm.IPackageManager$Stub.onTransact(IPackageManager.java:4352)
	at com.android.server.pm.PackageManagerService$IPackageManagerImpl.onTransact(PackageManagerService.java:6334)
	at android.os.Binder.execTransactInternal(Binder.java:1344)
	at android.os.Binder.execTransact(Binder.java:1275)

10:08:46.350 [DEBUG] maestro.Maestro.setPermissionInternal: Failed to set permission com.sonyericsson.home.permission.BROADCAST_BADGE for app app.kabuk.mobile: shell command failed (exit -1): 
Exception occurred while executing 'grant':
java.lang.IllegalArgumentException: Unknown permission: com.sonyericsson.home.permission.BROADCAST_BADGE
	at com.android.server.pm.permission.PermissionManagerServiceImpl.grantRuntimePermissionInternal(PermissionManagerServiceImpl.java:1380)
	at com.android.server.pm.permission.PermissionManagerServiceImpl.grantRuntimePermission(PermissionManagerServiceImpl.java:1337)
	at com.android.server.pm.permission.PermissionManagerService.grantRuntimePermission(PermissionManagerService.java:551)
	at android.permission.PermissionManager.grantRuntimePermission(PermissionManager.java:609)
	at com.android.server.pm.PackageManagerShellCommand.runGrantRevokePermission(PackageManagerShellCommand.java:2672)
	at com.android.server.pm.PackageManagerShellCommand.onCommand(PackageManagerShellCommand.java:291)
	at com.android.modules.utils.BasicShellCommandHandler.exec(BasicShellCommandHandler.java:97)
	at android.os.ShellCommand.exec(ShellCommand.java:38)
	at com.android.server.pm.PackageManagerService$IPackageManagerImpl.onShellCommand(PackageManagerService.java:6350)
	at android.os.Binder.shellCommand(Binder.java:1068)
	at android.os.Binder.onTransact(Binder.java:888)
	at android.content.pm.IPackageManager$Stub.onTransact(IPackageManager.java:4352)
	at com.android.server.pm.PackageManagerService$IPackageManagerImpl.onTransact(PackageManagerService.java:6334)
	at android.os.Binder.execTransactInternal(Binder.java:1344)
	at android.os.Binder.execTransact(Binder.java:1275)

10:08:46.369 [DEBUG] maestro.Maestro.setPermissionInternal: Failed to set permission com.sonymobile.home.permission.PROVIDER_INSERT_BADGE for app app.kabuk.mobile: shell command failed (exit -1): 
Exception occurred while executing 'grant':
java.lang.IllegalArgumentException: Unknown permission: com.sonymobile.home.permission.PROVIDER_INSERT_BADGE
	at com.android.server.pm.permission.PermissionManagerServiceImpl.grantRuntimePermissionInternal(PermissionManagerServiceImpl.java:1380)
	at com.android.server.pm.permission.PermissionManagerServiceImpl.grantRuntimePermission(PermissionManagerServiceImpl.java:1337)
	at com.android.server.pm.permission.PermissionManagerService.grantRuntimePermission(PermissionManagerService.java:551)
	at android.permission.PermissionManager.grantRuntimePermission(PermissionManager.java:609)
	at com.android.server.pm.PackageManagerShellCommand.runGrantRevokePermission(PackageManagerShellCommand.java:2672)
	at com.android.server.pm.PackageManagerShellCommand.onCommand(PackageManagerShellCommand.java:291)
	at com.android.modules.utils.BasicShellCommandHandler.exec(BasicShellCommandHandler.java:97)
	at android.os.ShellCommand.exec(ShellCommand.java:38)
	at com.android.server.pm.PackageManagerService$IPackageManagerImpl.onShellCommand(PackageManagerService.java:6350)
	at android.os.Binder.shellCommand(Binder.java:1068)
	at android.os.Binder.onTransact(Binder.java:888)
	at android.content.pm.IPackageManager$Stub.onTransact(IPackageManager.java:4352)
	at com.android.server.pm.PackageManagerService$IPackageManagerImpl.onTransact(PackageManagerService.java:6334)
	at android.os.Binder.execTransactInternal(Binder.java:1344)
	at android.os.Binder.execTransact(Binder.java:1275)

10:08:46.388 [DEBUG] maestro.Maestro.setPermissionInternal: Failed to set permission com.anddoes.launcher.permission.UPDATE_COUNT for app app.kabuk.mobile: shell command failed (exit -1): 
Exception occurred while executing 'grant':
java.lang.IllegalArgumentException: Unknown permission: com.anddoes.launcher.permission.UPDATE_COUNT
	at com.android.server.pm.permission.PermissionManagerServiceImpl.grantRuntimePermissionInternal(PermissionManagerServiceImpl.java:1380)
	at com.android.server.pm.permission.PermissionManagerServiceImpl.grantRuntimePermission(PermissionManagerServiceImpl.java:1337)
	at com.android.server.pm.permission.PermissionManagerService.grantRuntimePermission(PermissionManagerService.java:551)
	at android.permission.PermissionManager.grantRuntimePermission(PermissionManager.java:609)
	at com.android.server.pm.PackageManagerShellCommand.runGrantRevokePermission(PackageManagerShellCommand.java:2672)
	at com.android.server.pm.PackageManagerShellCommand.onCommand(PackageManagerShellCommand.java:291)
	at com.android.modules.utils.BasicShellCommandHandler.exec(BasicShellCommandHandler.java:97)
	at android.os.ShellCommand.exec(ShellCommand.java:38)
	at com.android.server.pm.PackageManagerService$IPackageManagerImpl.onShellCommand(PackageManagerService.java:6350)
	at android.os.Binder.shellCommand(Binder.java:1068)
	at android.os.Binder.onTransact(Binder.java:888)
	at android.content.pm.IPackageManager$Stub.onTransact(IPackageManager.java:4352)
	at com.android.server.pm.PackageManagerService$IPackageManagerImpl.onTransact(PackageManagerService.java:6334)
	at android.os.Binder.execTransactInternal(Binder.java:1344)
	at android.os.Binder.execTransact(Binder.java:1275)

10:08:46.407 [DEBUG] maestro.Maestro.setPermissionInternal: Failed to set permission com.majeur.launcher.permission.UPDATE_BADGE for app app.kabuk.mobile: shell command failed (exit -1): 
Exception occurred while executing 'grant':
java.lang.IllegalArgumentException: Unknown permission: com.majeur.launcher.permission.UPDATE_BADGE
	at com.android.server.pm.permission.PermissionManagerServiceImpl.grantRuntimePermissionInternal(PermissionManagerServiceImpl.java:1380)
	at com.android.server.pm.permission.PermissionManagerServiceImpl.grantRuntimePermission(PermissionManagerServiceImpl.java:1337)
	at com.android.server.pm.permission.PermissionManagerService.grantRuntimePermission(PermissionManagerService.java:551)
	at android.permission.PermissionManager.grantRuntimePermission(PermissionManager.java:609)
	at com.android.server.pm.PackageManagerShellCommand.runGrantRevokePermission(PackageManagerShellCommand.java:2672)
	at com.android.server.pm.PackageManagerShellCommand.onCommand(PackageManagerShellCommand.java:291)
	at com.android.modules.utils.BasicShellCommandHandler.exec(BasicShellCommandHandler.java:97)
	at android.os.ShellCommand.exec(ShellCommand.java:38)
	at com.android.server.pm.PackageManagerService$IPackageManagerImpl.onShellCommand(PackageManagerService.java:6350)
	at android.os.Binder.shellCommand(Binder.java:1068)
	at android.os.Binder.onTransact(Binder.java:888)
	at android.content.pm.IPackageManager$Stub.onTransact(IPackageManager.java:4352)
	at com.android.server.pm.PackageManagerService$IPackageManagerImpl.onTransact(PackageManagerService.java:6334)
	at android.os.Binder.execTransactInternal(Binder.java:1344)
	at android.os.Binder.execTransact(Binder.java:1275)

10:08:46.426 [DEBUG] maestro.Maestro.setPermissionInternal: Failed to set permission com.huawei.android.launcher.permission.CHANGE_BADGE for app app.kabuk.mobile: shell command failed (exit -1): 
Exception occurred while executing 'grant':
java.lang.IllegalArgumentException: Unknown permission: com.huawei.android.launcher.permission.CHANGE_BADGE
	at com.android.server.pm.permission.PermissionManagerServiceImpl.grantRuntimePermissionInternal(PermissionManagerServiceImpl.java:1380)
	at com.android.server.pm.permission.PermissionManagerServiceImpl.grantRuntimePermission(PermissionManagerServiceImpl.java:1337)
	at com.android.server.pm.permission.PermissionManagerService.grantRuntimePermission(PermissionManagerService.java:551)
	at android.permission.PermissionManager.grantRuntimePermission(PermissionManager.java:609)
	at com.android.server.pm.PackageManagerShellCommand.runGrantRevokePermission(PackageManagerShellCommand.java:2672)
	at com.android.server.pm.PackageManagerShellCommand.onCommand(PackageManagerShellCommand.java:291)
	at com.android.modules.utils.BasicShellCommandHandler.exec(BasicShellCommandHandler.java:97)
	at android.os.ShellCommand.exec(ShellCommand.java:38)
	at com.android.server.pm.PackageManagerService$IPackageManagerImpl.onShellCommand(PackageManagerService.java:6350)
	at android.os.Binder.shellCommand(Binder.java:1068)
	at android.os.Binder.onTransact(Binder.java:888)
	at android.content.pm.IPackageManager$Stub.onTransact(IPackageManager.java:4352)
	at com.android.server.pm.PackageManagerService$IPackageManagerImpl.onTransact(PackageManagerService.java:6334)
	at android.os.Binder.execTransactInternal(Binder.java:1344)
	at android.os.Binder.execTransact(Binder.java:1275)

10:08:46.445 [DEBUG] maestro.Maestro.setPermissionInternal: Failed to set permission com.huawei.android.launcher.permission.READ_SETTINGS for app app.kabuk.mobile: shell command failed (exit -1): 
Exception occurred while executing 'grant':
java.lang.IllegalArgumentException: Unknown permission: com.huawei.android.launcher.permission.READ_SETTINGS
	at com.android.server.pm.permission.PermissionManagerServiceImpl.grantRuntimePermissionInternal(PermissionManagerServiceImpl.java:1380)
	at com.android.server.pm.permission.PermissionManagerServiceImpl.grantRuntimePermission(PermissionManagerServiceImpl.java:1337)
	at com.android.server.pm.permission.PermissionManagerService.grantRuntimePermission(PermissionManagerService.java:551)
	at android.permission.PermissionManager.grantRuntimePermission(PermissionManager.java:609)
	at com.android.server.pm.PackageManagerShellCommand.runGrantRevokePermission(PackageManagerShellCommand.java:2672)
	at com.android.server.pm.PackageManagerShellCommand.onCommand(PackageManagerShellCommand.java:291)
	at com.android.modules.utils.BasicShellCommandHandler.exec(BasicShellCommandHandler.java:97)
	at android.os.ShellCommand.exec(ShellCommand.java:38)
	at com.android.server.pm.PackageManagerService$IPackageManagerImpl.onShellCommand(PackageManagerService.java:6350)
	at android.os.Binder.shellCommand(Binder.java:1068)
	at android.os.Binder.onTransact(Binder.java:888)
	at android.content.pm.IPackageManager$Stub.onTransact(IPackageManager.java:4352)
	at com.android.server.pm.PackageManagerService$IPackageManagerImpl.onTransact(PackageManagerService.java:6334)
	at android.os.Binder.execTransactInternal(Binder.java:1344)
	at android.os.Binder.execTransact(Binder.java:1275)

10:08:46.464 [DEBUG] maestro.Maestro.setPermissionInternal: Failed to set permission com.huawei.android.launcher.permission.WRITE_SETTINGS for app app.kabuk.mobile: shell command failed (exit -1): 
Exception occurred while executing 'grant':
java.lang.IllegalArgumentException: Unknown permission: com.huawei.android.launcher.permission.WRITE_SETTINGS
	at com.android.server.pm.permission.PermissionManagerServiceImpl.grantRuntimePermissionInternal(PermissionManagerServiceImpl.java:1380)
	at com.android.server.pm.permission.PermissionManagerServiceImpl.grantRuntimePermission(PermissionManagerServiceImpl.java:1337)
	at com.android.server.pm.permission.PermissionManagerService.grantRuntimePermission(PermissionManagerService.java:551)
	at android.permission.PermissionManager.grantRuntimePermission(PermissionManager.java:609)
	at com.android.server.pm.PackageManagerShellCommand.runGrantRevokePermission(PackageManagerShellCommand.java:2672)
	at com.android.server.pm.PackageManagerShellCommand.onCommand(PackageManagerShellCommand.java:291)
	at com.android.modules.utils.BasicShellCommandHandler.exec(BasicShellCommandHandler.java:97)
	at android.os.ShellCommand.exec(ShellCommand.java:38)
	at com.android.server.pm.PackageManagerService$IPackageManagerImpl.onShellCommand(PackageManagerService.java:6350)
	at android.os.Binder.shellCommand(Binder.java:1068)
	at android.os.Binder.onTransact(Binder.java:888)
	at android.content.pm.IPackageManager$Stub.onTransact(IPackageManager.java:4352)
	at com.android.server.pm.PackageManagerService$IPackageManagerImpl.onTransact(PackageManagerService.java:6334)
	at android.os.Binder.execTransactInternal(Binder.java:1344)
	at android.os.Binder.execTransact(Binder.java:1275)

10:08:46.481 [DEBUG] maestro.Maestro.setPermissionInternal: Failed to set permission android.permission.READ_APP_BADGE for app app.kabuk.mobile: shell command failed (exit -1): 
Exception occurred while executing 'grant':
java.lang.IllegalArgumentException: Unknown permission: android.permission.READ_APP_BADGE
	at com.android.server.pm.permission.PermissionManagerServiceImpl.grantRuntimePermissionInternal(PermissionManagerServiceImpl.java:1380)
	at com.android.server.pm.permission.PermissionManagerServiceImpl.grantRuntimePermission(PermissionManagerServiceImpl.java:1337)
	at com.android.server.pm.permission.PermissionManagerService.grantRuntimePermission(PermissionManagerService.java:551)
	at android.permission.PermissionManager.grantRuntimePermission(PermissionManager.java:609)
	at com.android.server.pm.PackageManagerShellCommand.runGrantRevokePermission(PackageManagerShellCommand.java:2672)
	at com.android.server.pm.PackageManagerShellCommand.onCommand(PackageManagerShellCommand.java:291)
	at com.android.modules.utils.BasicShellCommandHandler.exec(BasicShellCommandHandler.java:97)
	at android.os.ShellCommand.exec(ShellCommand.java:38)
	at com.android.server.pm.PackageManagerService$IPackageManagerImpl.onShellCommand(PackageManagerService.java:6350)
	at android.os.Binder.shellCommand(Binder.java:1068)
	at android.os.Binder.onTransact(Binder.java:888)
	at android.content.pm.IPackageManager$Stub.onTransact(IPackageManager.java:4352)
	at com.android.server.pm.PackageManagerService$IPackageManagerImpl.onTransact(PackageManagerService.java:6334)
	at android.os.Binder.execTransactInternal(Binder.java:1344)
	at android.os.Binder.execTransact(Binder.java:1275)

10:08:46.503 [DEBUG] maestro.Maestro.setPermissionInternal: Failed to set permission com.oppo.launcher.permission.READ_SETTINGS for app app.kabuk.mobile: shell command failed (exit -1): 
Exception occurred while executing 'grant':
java.lang.IllegalArgumentException: Unknown permission: com.oppo.launcher.permission.READ_SETTINGS
	at com.android.server.pm.permission.PermissionManagerServiceImpl.grantRuntimePermissionInternal(PermissionManagerServiceImpl.java:1380)
	at com.android.server.pm.permission.PermissionManagerServiceImpl.grantRuntimePermission(PermissionManagerServiceImpl.java:1337)
	at com.android.server.pm.permission.PermissionManagerService.grantRuntimePermission(PermissionManagerService.java:551)
	at android.permission.PermissionManager.grantRuntimePermission(PermissionManager.java:609)
	at com.android.server.pm.PackageManagerShellCommand.runGrantRevokePermission(PackageManagerShellCommand.java:2672)
	at com.android.server.pm.PackageManagerShellCommand.onCommand(PackageManagerShellCommand.java:291)
	at com.android.modules.utils.BasicShellCommandHandler.exec(BasicShellCommandHandler.java:97)
	at android.os.ShellCommand.exec(ShellCommand.java:38)
	at com.android.server.pm.PackageManagerService$IPackageManagerImpl.onShellCommand(PackageManagerService.java:6350)
	at android.os.Binder.shellCommand(Binder.java:1068)
	at android.os.Binder.onTransact(Binder.java:888)
	at android.content.pm.IPackageManager$Stub.onTransact(IPackageManager.java:4352)
	at com.android.server.pm.PackageManagerService$IPackageManagerImpl.onTransact(PackageManagerService.java:6334)
	at android.os.Binder.execTransactInternal(Binder.java:1344)
	at android.os.Binder.execTransact(Binder.java:1275)

10:08:46.524 [DEBUG] maestro.Maestro.setPermissionInternal: Failed to set permission com.oppo.launcher.permission.WRITE_SETTINGS for app app.kabuk.mobile: shell command failed (exit -1): 
Exception occurred while executing 'grant':
java.lang.IllegalArgumentException: Unknown permission: com.oppo.launcher.permission.WRITE_SETTINGS
	at com.android.server.pm.permission.PermissionManagerServiceImpl.grantRuntimePermissionInternal(PermissionManagerServiceImpl.java:1380)
	at com.android.server.pm.permission.PermissionManagerServiceImpl.grantRuntimePermission(PermissionManagerServiceImpl.java:1337)
	at com.android.server.pm.permission.PermissionManagerService.grantRuntimePermission(PermissionManagerService.java:551)
	at android.permission.PermissionManager.grantRuntimePermission(PermissionManager.java:609)
	at com.android.server.pm.PackageManagerShellCommand.runGrantRevokePermission(PackageManagerShellCommand.java:2672)
	at com.android.server.pm.PackageManagerShellCommand.onCommand(PackageManagerShellCommand.java:291)
	at com.android.modules.utils.BasicShellCommandHandler.exec(BasicShellCommandHandler.java:97)
	at android.os.ShellCommand.exec(ShellCommand.java:38)
	at com.android.server.pm.PackageManagerService$IPackageManagerImpl.onShellCommand(PackageManagerService.java:6350)
	at android.os.Binder.shellCommand(Binder.java:1068)
	at android.os.Binder.onTransact(Binder.java:888)
	at android.content.pm.IPackageManager$Stub.onTransact(IPackageManager.java:4352)
	at com.android.server.pm.PackageManagerService$IPackageManagerImpl.onTransact(PackageManagerService.java:6334)
	at android.os.Binder.execTransactInternal(Binder.java:1344)
	at android.os.Binder.execTransact(Binder.java:1275)

10:08:46.545 [DEBUG] maestro.Maestro.setPermissionInternal: Failed to set permission me.everything.badger.permission.BADGE_COUNT_READ for app app.kabuk.mobile: shell command failed (exit -1): 
Exception occurred while executing 'grant':
java.lang.IllegalArgumentException: Unknown permission: me.everything.badger.permission.BADGE_COUNT_READ
	at com.android.server.pm.permission.PermissionManagerServiceImpl.grantRuntimePermissionInternal(PermissionManagerServiceImpl.java:1380)
	at com.android.server.pm.permission.PermissionManagerServiceImpl.grantRuntimePermission(PermissionManagerServiceImpl.java:1337)
	at com.android.server.pm.permission.PermissionManagerService.grantRuntimePermission(PermissionManagerService.java:551)
	at android.permission.PermissionManager.grantRuntimePermission(PermissionManager.java:609)
	at com.android.server.pm.PackageManagerShellCommand.runGrantRevokePermission(PackageManagerShellCommand.java:2672)
	at com.android.server.pm.PackageManagerShellCommand.onCommand(PackageManagerShellCommand.java:291)
	at com.android.modules.utils.BasicShellCommandHandler.exec(BasicShellCommandHandler.java:97)
	at android.os.ShellCommand.exec(ShellCommand.java:38)
	at com.android.server.pm.PackageManagerService$IPackageManagerImpl.onShellCommand(PackageManagerService.java:6350)
	at android.os.Binder.shellCommand(Binder.java:1068)
	at android.os.Binder.onTransact(Binder.java:888)
	at android.content.pm.IPackageManager$Stub.onTransact(IPackageManager.java:4352)
	at com.android.server.pm.PackageManagerService$IPackageManagerImpl.onTransact(PackageManagerService.java:6334)
	at android.os.Binder.execTransactInternal(Binder.java:1344)
	at android.os.Binder.execTransact(Binder.java:1275)

10:08:46.564 [DEBUG] maestro.Maestro.setPermissionInternal: Failed to set permission me.everything.badger.permission.BADGE_COUNT_WRITE for app app.kabuk.mobile: shell command failed (exit -1): 
Exception occurred while executing 'grant':
java.lang.IllegalArgumentException: Unknown permission: me.everything.badger.permission.BADGE_COUNT_WRITE
	at com.android.server.pm.permission.PermissionManagerServiceImpl.grantRuntimePermissionInternal(PermissionManagerServiceImpl.java:1380)
	at com.android.server.pm.permission.PermissionManagerServiceImpl.grantRuntimePermission(PermissionManagerServiceImpl.java:1337)
	at com.android.server.pm.permission.PermissionManagerService.grantRuntimePermission(PermissionManagerService.java:551)
	at android.permission.PermissionManager.grantRuntimePermission(PermissionManager.java:609)
	at com.android.server.pm.PackageManagerShellCommand.runGrantRevokePermission(PackageManagerShellCommand.java:2672)
	at com.android.server.pm.PackageManagerShellCommand.onCommand(PackageManagerShellCommand.java:291)
	at com.android.modules.utils.BasicShellCommandHandler.exec(BasicShellCommandHandler.java:97)
	at android.os.ShellCommand.exec(ShellCommand.java:38)
	at com.android.server.pm.PackageManagerService$IPackageManagerImpl.onShellCommand(PackageManagerService.java:6350)
	at android.os.Binder.shellCommand(Binder.java:1068)
	at android.os.Binder.onTransact(Binder.java:888)
	at android.content.pm.IPackageManager$Stub.onTransact(IPackageManager.java:4352)
	at com.android.server.pm.PackageManagerService$IPackageManagerImpl.onTransact(PackageManagerService.java:6334)
	at android.os.Binder.execTransactInternal(Binder.java:1344)
	at android.os.Binder.execTransact(Binder.java:1275)

10:08:46.566 [ INFO] maestro.Maestro.launchApp$lambda$5: Launching app app.kabuk.mobile
10:08:46.566 [ INFO] maestro.Maestro.launchApp$lambda$5: Stopping app.kabuk.mobile app during launch
10:08:46.744 [ INFO] maestro.cli.runner.CliConsoleListener.onCommandFinished: Launch app "app.kabuk.mobile" COMPLETED
10:08:46.744 [ INFO] maestro.cli.runner.CliConsoleListener.onCommandStart: Assert that "Yeni mekanlar yakında." is visible RUNNING
10:08:50.134 [ INFO] maestro.cli.runner.CliConsoleListener.onCommandFinished: Assert that "Yeni mekanlar yakında." is visible COMPLETED
10:08:50.134 [ INFO] maestro.cli.runner.CliConsoleListener.onCommandStart: Assert that "E2E Kafe" is visible RUNNING
10:08:50.563 [ INFO] maestro.cli.runner.CliConsoleListener.onCommandFinished: Assert that "E2E Kafe" is visible COMPLETED
10:08:50.563 [ INFO] maestro.cli.runner.CliConsoleListener.onCommandStart: Assert that "Liste" is not visible RUNNING
10:08:51.215 [ INFO] maestro.cli.runner.CliConsoleListener.onCommandFinished: Assert that "Liste" is not visible COMPLETED
10:08:51.215 [ INFO] maestro.cli.runner.CliConsoleListener.onCommandStart: Take screenshot 06b-explore-single RUNNING
10:08:51.216 [ INFO] maestro.Maestro.takeScreenshot: Taking screenshot
10:08:51.216 [TRACE] maestro.utils.ScreenshotUtils.takeScreenshot: Taking screenshot to output sink
10:08:51.252 [ INFO] maestro.cli.runner.CliConsoleListener.onCommandFinished: Take screenshot 06b-explore-single COMPLETED
10:08:51.252 [ INFO] maestro.cli.runner.CliConsoleListener.onCommandStart: Tap on "Buraya giriş yap" RUNNING
10:08:51.515 [ INFO] maestro.Maestro.tap-HgV9Ck0: Tapping on element:  UiElement(treeNode=TreeNode(attributes={text=Buraya giriş yap, accessibilityText=, hintText=, ignoreBoundsFiltering=false, resource-id=, clickable=false, bounds=[93,374][228,396], enabled=true, focused=false, checked=false, scrollable=false, selected=false, class=android.widget.TextView, important-for-accessibility=true, error=}, children=[], clickable=false, enabled=true, focused=false, checked=false, selected=false), bounds=Bounds(x=93, y=374, width=135, height=22))
10:08:52.727 [ INFO] maestro.Maestro.tap-HgV9Ck0: Tap aimed via settled hierarchy
10:08:52.727 [ INFO] maestro.Maestro.hierarchyBasedTap-ogj28Uc: Tapping at (160, 385) using hierarchy based logic for wait
10:08:54.036 [ INFO] maestro.Maestro.hierarchyBasedTap-ogj28Uc: Something has changed in the UI judging by view hierarchy. Proceed.
10:08:54.036 [ INFO] maestro.cli.runner.CliConsoleListener.onCommandFinished: Tap on "Buraya giriş yap" COMPLETED
10:08:54.036 [ INFO] maestro.cli.runner.CliConsoleListener.onCommandStart: Assert that "Konumumu kullan" is visible RUNNING
10:08:54.104 [ INFO] maestro.cli.runner.CliConsoleListener.onCommandFinished: Assert that "Konumumu kullan" is visible COMPLETED
10:08:54.105 [ INFO] maestro.cli.runner.CliConsoleListener.onCommandStart: Tap on "Konumumun bu amaçla kullanılmasına açık rıza veriyorum." RUNNING
10:08:54.176 [ INFO] maestro.Maestro.tap-HgV9Ck0: Tapping on element:  UiElement(treeNode=TreeNode(attributes={text=Konumumun bu amaçla kullanılmasına açık rıza veriyorum., accessibilityText=, hintText=, ignoreBoundsFiltering=false, resource-id=, clickable=false, bounds=[58,358][300,427], enabled=true, focused=false, checked=false, scrollable=false, selected=false, class=android.widget.TextView, important-for-accessibility=true, error=}, children=[], clickable=false, enabled=true, focused=false, checked=false, selected=false), bounds=Bounds(x=58, y=358, width=242, height=69))
10:08:55.416 [ INFO] maestro.Maestro.tap-HgV9Ck0: Tap aimed via settled hierarchy
10:08:55.416 [ INFO] maestro.Maestro.hierarchyBasedTap-ogj28Uc: Tapping at (179, 392) using hierarchy based logic for wait
10:08:56.272 [ INFO] maestro.Maestro.hierarchyBasedTap-ogj28Uc: Something has changed in the UI judging by view hierarchy. Proceed.
10:08:56.272 [ INFO] maestro.cli.runner.CliConsoleListener.onCommandFinished: Tap on "Konumumun bu amaçla kullanılmasına açık rıza veriyorum." COMPLETED
10:08:56.272 [ INFO] maestro.cli.runner.CliConsoleListener.onCommandStart: Take screenshot 07-location-consent RUNNING
10:08:56.273 [ INFO] maestro.Maestro.takeScreenshot: Taking screenshot
10:08:56.273 [TRACE] maestro.utils.ScreenshotUtils.takeScreenshot: Taking screenshot to output sink
10:08:56.296 [ INFO] maestro.cli.runner.CliConsoleListener.onCommandFinished: Take screenshot 07-location-consent COMPLETED
10:08:56.296 [ INFO] maestro.cli.runner.CliConsoleListener.onCommandStart: Set location (${OUTSIDE_LAT}, ${OUTSIDE_LNG}) RUNNING
10:08:56.304 [ INFO] maestro.Maestro.setLocation$lambda$50: Setting location: (40.9999999410393, 28.643693994615862)
10:08:56.306 [ INFO] maestro.drivers.AndroidDriver.setLocation$lambda$50: [Start] Setting up for mocking location 40.9999999410393, 28.643693994615862
10:08:56.493 [ INFO] maestro.drivers.AndroidDriver.setLocation$lambda$50: [Done] Setting up for mocking location 40.9999999410393, 28.643693994615862
10:08:56.504 [ INFO] maestro.cli.runner.CliConsoleListener.onCommandFinished: Set location (${OUTSIDE_LAT}, ${OUTSIDE_LNG}) COMPLETED
10:08:56.504 [ INFO] maestro.cli.runner.CliConsoleListener.onCommandStart: Tap on "Konumumu kullan" RUNNING
10:08:56.681 [ INFO] maestro.Maestro.tap-HgV9Ck0: Tapping on element:  UiElement(treeNode=TreeNode(attributes={text=Konumumu kullan, accessibilityText=, hintText=, ignoreBoundsFiltering=false, resource-id=, clickable=false, bounds=[92,574][228,594], enabled=true, focused=false, checked=false, scrollable=false, selected=false, class=android.widget.TextView, important-for-accessibility=true, error=}, children=[], clickable=false, enabled=true, focused=false, checked=false, selected=false), bounds=Bounds(x=92, y=574, width=136, height=20))
10:08:57.924 [ INFO] maestro.Maestro.tap-HgV9Ck0: Tap aimed via settled hierarchy
10:08:57.924 [ INFO] maestro.Maestro.hierarchyBasedTap-ogj28Uc: Tapping at (160, 584) using hierarchy based logic for wait
10:08:59.156 [ INFO] maestro.Maestro.hierarchyBasedTap-ogj28Uc: Something has changed in the UI judging by view hierarchy. Proceed.
10:08:59.156 [ INFO] maestro.cli.runner.CliConsoleListener.onCommandFinished: Tap on "Konumumu kullan" COMPLETED
10:08:59.156 [ INFO] maestro.cli.runner.CliConsoleListener.onCommandStart: Assert that "Kampüsün içinde görünmüyorsun. Kampüse girince tekrar dene." is visible RUNNING
10:08:59.232 [ INFO] maestro.cli.runner.CliConsoleListener.onCommandFinished: Assert that "Kampüsün içinde görünmüyorsun. Kampüse girince tekrar dene." is visible COMPLETED
10:08:59.233 [ INFO] maestro.cli.runner.CliConsoleListener.onCommandStart: Take screenshot 08-too-far RUNNING
10:08:59.233 [ INFO] maestro.Maestro.takeScreenshot: Taking screenshot
10:08:59.234 [TRACE] maestro.utils.ScreenshotUtils.takeScreenshot: Taking screenshot to output sink
10:08:59.300 [ INFO] maestro.cli.runner.CliConsoleListener.onCommandFinished: Take screenshot 08-too-far COMPLETED
10:08:59.301 [ INFO] maestro.cli.runner.CliConsoleListener.onCommandStart: Set location (${INSIDE_LAT}, ${INSIDE_LNG}) RUNNING
10:08:59.306 [ INFO] maestro.Maestro.setLocation$lambda$50: Setting location: (41, 28.64)
10:08:59.348 [ INFO] maestro.cli.runner.CliConsoleListener.onCommandFinished: Set location (${INSIDE_LAT}, ${INSIDE_LNG}) COMPLETED
10:08:59.348 [ INFO] maestro.cli.runner.CliConsoleListener.onCommandStart: Tap on "Konumumu kullan" RUNNING
10:08:59.436 [ INFO] maestro.Maestro.tap-HgV9Ck0: Tapping on element:  UiElement(treeNode=TreeNode(attributes={text=Konumumu kullan, accessibilityText=, hintText=, ignoreBoundsFiltering=false, resource-id=, clickable=false, bounds=[92,574][228,594], enabled=true, focused=false, checked=false, scrollable=false, selected=false, class=android.widget.TextView, important-for-accessibility=true, error=}, children=[], clickable=false, enabled=true, focused=false, checked=false, selected=false), bounds=Bounds(x=92, y=574, width=136, height=20))
10:09:01.184 [ INFO] maestro.Maestro.tap-HgV9Ck0: Tap aimed via settled hierarchy
10:09:01.185 [ INFO] maestro.Maestro.hierarchyBasedTap-ogj28Uc: Tapping at (160, 584) using hierarchy based logic for wait
10:09:02.524 [ INFO] maestro.Maestro.hierarchyBasedTap-ogj28Uc: Something has changed in the UI judging by view hierarchy. Proceed.
10:09:02.524 [ INFO] maestro.cli.runner.CliConsoleListener.onCommandFinished: Tap on "Konumumu kullan" COMPLETED
10:09:02.524 [ INFO] maestro.cli.runner.CliConsoleListener.onCommandStart: Assert that "Neredesin\?" is visible RUNNING
10:09:02.645 [ INFO] maestro.cli.runner.CliConsoleListener.onCommandFinished: Assert that "Neredesin\?" is visible COMPLETED
10:09:02.645 [ INFO] maestro.cli.runner.CliConsoleListener.onCommandStart: Take screenshot 08b-spot RUNNING
10:09:02.645 [ INFO] maestro.Maestro.takeScreenshot: Taking screenshot
10:09:02.646 [TRACE] maestro.utils.ScreenshotUtils.takeScreenshot: Taking screenshot to output sink
10:09:02.708 [ INFO] maestro.cli.runner.CliConsoleListener.onCommandFinished: Take screenshot 08b-spot COMPLETED
10:09:02.708 [ INFO] maestro.cli.runner.CliConsoleListener.onCommandStart: Tap on id: spot-kantin RUNNING
10:09:02.817 [ INFO] maestro.Maestro.tap-HgV9Ck0: Tapping on element:  UiElement(treeNode=TreeNode(attributes={text=, accessibilityText=Kantin, hintText=, ignoreBoundsFiltering=false, resource-id=spot-kantin, clickable=true, bounds=[20,216][300,272], enabled=true, focused=false, checked=false, scrollable=false, selected=false, class=android.widget.RadioButton, important-for-accessibility=true, error=}, children=[TreeNode(attributes={text=, accessibilityText=, hintText=, ignoreBoundsFiltering=false, resource-id=, clickable=false, bounds=[38,232][62,256], enabled=true, focused=false, checked=false, scrollable=false, selected=false, class=android.view.ViewGroup, important-for-accessibility=false, error=}, children=[], clickable=false, enabled=true, focused=false, checked=false, selected=false), TreeNode(attributes={text=Kantin, accessibilityText=, hintText=, ignoreBoundsFiltering=false, resource-id=, clickable=false, bounds=[74,233][282,256], enabled=true, focused=false, checked=false, scrollable=false, selected=false, class=android.widget.TextView, important-for-accessibility=true, error=}, children=[], clickable=false, enabled=true, focused=false, checked=false, selected=false)], clickable=true, enabled=true, focused=false, checked=false, selected=false), bounds=Bounds(x=20, y=216, width=280, height=56))
10:09:04.024 [ INFO] maestro.Maestro.tap-HgV9Ck0: Tap aimed via settled hierarchy
10:09:04.024 [ INFO] maestro.Maestro.hierarchyBasedTap-ogj28Uc: Tapping at (160, 244) using hierarchy based logic for wait
10:09:04.880 [ INFO] maestro.Maestro.hierarchyBasedTap-ogj28Uc: Something has changed in the UI judging by view hierarchy. Proceed.
10:09:04.880 [ INFO] maestro.cli.runner.CliConsoleListener.onCommandFinished: Tap on id: spot-kantin COMPLETED
10:09:04.880 [ INFO] maestro.cli.runner.CliConsoleListener.onCommandStart: Tap on "Devam" RUNNING
10:09:04.949 [ INFO] maestro.Maestro.tap-HgV9Ck0: Tapping on element:  UiElement(treeNode=TreeNode(attributes={text=Devam, accessibilityText=, hintText=, ignoreBoundsFiltering=false, resource-id=, clickable=false, bounds=[134,574][186,594], enabled=true, focused=false, checked=false, scrollable=false, selected=false, class=android.widget.TextView, important-for-accessibility=true, error=}, children=[], clickable=false, enabled=true, focused=false, checked=false, selected=false), bounds=Bounds(x=134, y=574, width=52, height=20))
10:09:06.244 [ INFO] maestro.Maestro.tap-HgV9Ck0: Tap aimed via settled hierarchy
10:09:06.244 [ INFO] maestro.Maestro.hierarchyBasedTap-ogj28Uc: Tapping at (160, 584) using hierarchy based logic for wait
10:09:07.128 [ INFO] maestro.Maestro.hierarchyBasedTap-ogj28Uc: Something has changed in the UI judging by view hierarchy. Proceed.
10:09:07.128 [ INFO] maestro.cli.runner.CliConsoleListener.onCommandFinished: Tap on "Devam" COMPLETED
10:09:07.128 [ INFO] maestro.cli.runner.CliConsoleListener.onCommandStart: Assert that "Masada kaç kişisiniz\?" is visible RUNNING
10:09:07.241 [ INFO] maestro.cli.runner.CliConsoleListener.onCommandFinished: Assert that "Masada kaç kişisiniz\?" is visible COMPLETED
10:09:07.241 [ INFO] maestro.cli.runner.CliConsoleListener.onCommandStart: Assert that "Profille katılmak için önce Profil sekmesinden bir ad seç." is not visible RUNNING
10:09:07.924 [ INFO] maestro.cli.runner.CliConsoleListener.onCommandFinished: Assert that "Profille katılmak için önce Profil sekmesinden bir ad seç." is not visible COMPLETED
10:09:07.924 [ INFO] maestro.cli.runner.CliConsoleListener.onCommandStart: Take screenshot 09-headcount RUNNING
10:09:07.924 [ INFO] maestro.Maestro.takeScreenshot: Taking screenshot
10:09:07.925 [TRACE] maestro.utils.ScreenshotUtils.takeScreenshot: Taking screenshot to output sink
10:09:08.026 [ INFO] maestro.cli.runner.CliConsoleListener.onCommandFinished: Take screenshot 09-headcount COMPLETED
10:09:08.027 [ INFO] maestro.cli.runner.CliConsoleListener.onCommandStart: Tap on id: headcount-2 RUNNING
10:09:08.117 [ INFO] maestro.Maestro.tap-HgV9Ck0: Tapping on element:  UiElement(treeNode=TreeNode(attributes={text=, accessibilityText=2, hintText=, ignoreBoundsFiltering=false, resource-id=headcount-2, clickable=true, bounds=[88,250][144,306], enabled=true, focused=false, checked=false, scrollable=false, selected=false, class=android.widget.RadioButton, important-for-accessibility=true, error=}, children=[TreeNode(attributes={text=, accessibilityText=, hintText=, ignoreBoundsFiltering=false, resource-id=, clickable=false, bounds=[88,250][144,306], enabled=true, focused=false, checked=false, scrollable=false, selected=false, class=android.view.ViewGroup, important-for-accessibility=false, error=}, children=[], clickable=false, enabled=true, focused=false, checked=false, selected=false), TreeNode(attributes={text=2, accessibilityText=, hintText=, ignoreBoundsFiltering=false, resource-id=, clickable=false, bounds=[109,266][122,290], enabled=true, focused=false, checked=false, scrollable=false, selected=false, class=android.widget.TextView, important-for-accessibility=true, error=}, children=[], clickable=false, enabled=true, focused=false, checked=false, selected=false)], clickable=true, enabled=true, focused=false, checked=false, selected=false), bounds=Bounds(x=88, y=250, width=56, height=56))
10:09:09.364 [ INFO] maestro.Maestro.tap-HgV9Ck0: Tap aimed via settled hierarchy
10:09:09.365 [ INFO] maestro.Maestro.hierarchyBasedTap-ogj28Uc: Tapping at (116, 278) using hierarchy based logic for wait
10:09:10.300 [ INFO] maestro.Maestro.hierarchyBasedTap-ogj28Uc: Something has changed in the UI judging by view hierarchy. Proceed.
10:09:10.300 [ INFO] maestro.cli.runner.CliConsoleListener.onCommandFinished: Tap on id: headcount-2 COMPLETED
10:09:10.300 [ INFO] maestro.cli.runner.CliConsoleListener.onCommandStart: Tap on "Masayı aç" RUNNING
10:09:10.417 [ INFO] maestro.Maestro.tap-HgV9Ck0: Tapping on element:  UiElement(treeNode=TreeNode(attributes={text=Masayı aç, accessibilityText=, hintText=, ignoreBoundsFiltering=false, resource-id=, clickable=false, bounds=[124,574][197,594], enabled=true, focused=false, checked=false, scrollable=false, selected=false, class=android.widget.TextView, important-for-accessibility=true, error=}, children=[], clickable=false, enabled=true, focused=false, checked=false, selected=false), bounds=Bounds(x=124, y=574, width=73, height=20))
10:09:11.688 [ INFO] maestro.Maestro.tap-HgV9Ck0: Tap aimed via settled hierarchy
10:09:11.688 [ INFO] maestro.Maestro.hierarchyBasedTap-ogj28Uc: Tapping at (160, 584) using hierarchy based logic for wait
10:09:12.848 [ INFO] maestro.Maestro.hierarchyBasedTap-ogj28Uc: Something has changed in the UI judging by view hierarchy. Proceed.
10:09:12.848 [ INFO] maestro.cli.runner.CliConsoleListener.onCommandFinished: Tap on "Masayı aç" COMPLETED
10:09:12.848 [ INFO] maestro.cli.runner.CliConsoleListener.onCommandStart: Assert that "Masan hazır" is visible RUNNING
10:09:12.960 [ INFO] maestro.cli.runner.CliConsoleListener.onCommandFinished: Assert that "Masan hazır" is visible COMPLETED
10:09:12.960 [ INFO] maestro.cli.runner.CliConsoleListener.onCommandStart: Take screenshot 10-table-ready RUNNING
10:09:12.961 [ INFO] maestro.Maestro.takeScreenshot: Taking screenshot
10:09:12.961 [TRACE] maestro.utils.ScreenshotUtils.takeScreenshot: Taking screenshot to output sink
10:09:12.983 [ INFO] maestro.cli.runner.CliConsoleListener.onCommandFinished: Take screenshot 10-table-ready COMPLETED
10:09:12.984 [ INFO] maestro.cli.runner.CliConsoleListener.onCommandStart: Tap on "Devam" RUNNING
10:09:13.092 [ INFO] maestro.Maestro.tap-HgV9Ck0: Tapping on element:  UiElement(treeNode=TreeNode(attributes={text=Devam, accessibilityText=, hintText=, ignoreBoundsFiltering=false, resource-id=, clickable=false, bounds=[134,574][186,594], enabled=true, focused=false, checked=false, scrollable=false, selected=false, class=android.widget.TextView, important-for-accessibility=true, error=}, children=[], clickable=false, enabled=true, focused=false, checked=false, selected=false), bounds=Bounds(x=134, y=574, width=52, height=20))
10:09:14.364 [ INFO] maestro.Maestro.tap-HgV9Ck0: Tap aimed via settled hierarchy
10:09:14.364 [ INFO] maestro.Maestro.hierarchyBasedTap-ogj28Uc: Tapping at (160, 584) using hierarchy based logic for wait
10:09:15.395 [ INFO] maestro.Maestro.hierarchyBasedTap-ogj28Uc: Something has changed in the UI judging by view hierarchy. Proceed.
10:09:15.395 [ INFO] maestro.cli.runner.CliConsoleListener.onCommandFinished: Tap on "Devam" COMPLETED
10:09:15.395 [ INFO] maestro.cli.runner.CliConsoleListener.onCommandStart: Assert that "Oda kur" is visible RUNNING
10:09:15.527 [ INFO] maestro.cli.runner.CliConsoleListener.onCommandFinished: Assert that "Oda kur" is visible COMPLETED
10:09:15.527 [ INFO] maestro.cli.runner.CliConsoleListener.onCommandStart: Assert that "Noktan: Kantin" is visible RUNNING
10:09:15.633 [ INFO] maestro.cli.runner.CliConsoleListener.onCommandFinished: Assert that "Noktan: Kantin" is visible COMPLETED
10:09:15.633 [ INFO] maestro.cli.runner.CliConsoleListener.onCommandStart: Take screenshot 11-venue RUNNING
10:09:15.634 [ INFO] maestro.Maestro.takeScreenshot: Taking screenshot
10:09:15.634 [TRACE] maestro.utils.ScreenshotUtils.takeScreenshot: Taking screenshot to output sink
10:09:15.694 [ INFO] maestro.cli.runner.CliConsoleListener.onCommandFinished: Take screenshot 11-venue COMPLETED
10:09:15.694 [ INFO] maestro.cli.runner.CliConsoleListener.onCommandFinished: Run flows/02-checkin.yaml COMPLETED
10:09:15.694 [ INFO] maestro.cli.runner.CliConsoleListener.onCommandStart: Run flows/03-name.yaml RUNNING
10:09:15.694 [ INFO] maestro.cli.runner.CliConsoleListener.onCommandStart: Apply configuration RUNNING
10:09:15.694 [ INFO] maestro.cli.runner.CliConsoleListener.onCommandFinished: Apply configuration COMPLETED
10:09:15.694 [ INFO] maestro.cli.runner.CliConsoleListener.onCommandStart: Tap on id: tab-profile RUNNING
10:09:15.841 [ INFO] maestro.Maestro.tap-HgV9Ck0: Tapping on element:  UiElement(treeNode=TreeNode(attributes={text=, accessibilityText=Profil, hintText=, ignoreBoundsFiltering=false, resource-id=tab-profile, clickable=true, bounds=[242,568][296,632], enabled=true, focused=false, checked=false, scrollable=false, selected=false, class=android.view.View, important-for-accessibility=true, error=}, children=[TreeNode(attributes={text=, accessibilityText=, hintText=, ignoreBoundsFiltering=false, resource-id=, clickable=false, bounds=[257,580][281,604], enabled=true, focused=false, checked=false, scrollable=false, selected=false, class=android.widget.ImageView, important-for-accessibility=false, error=}, children=[], clickable=false, enabled=true, focused=false, checked=false, selected=false), TreeNode(attributes={text=Profil, accessibilityText=, hintText=, ignoreBoundsFiltering=false, resource-id=, clickable=false, bounds=[253,612][284,628], enabled=true, focused=false, checked=false, scrollable=false, selected=false, class=android.widget.TextView, important-for-accessibility=true, error=}, children=[], clickable=false, enabled=true, focused=false, checked=false, selected=false)], clickable=true, enabled=true, focused=false, checked=false, selected=false), bounds=Bounds(x=242, y=568, width=54, height=64))
10:09:17.121 [ INFO] maestro.Maestro.tap-HgV9Ck0: Tap aimed via settled hierarchy
10:09:17.121 [ INFO] maestro.Maestro.hierarchyBasedTap-ogj28Uc: Tapping at (269, 600) using hierarchy based logic for wait
10:09:18.553 [ INFO] maestro.Maestro.hierarchyBasedTap-ogj28Uc: Something has changed in the UI judging by view hierarchy. Proceed.
10:09:18.553 [ INFO] maestro.cli.runner.CliConsoleListener.onCommandFinished: Tap on id: tab-profile COMPLETED
10:09:18.553 [ INFO] maestro.cli.runner.CliConsoleListener.onCommandStart: Assert that "Cihaz Masa, \d+" is visible RUNNING
10:09:18.649 [ INFO] maestro.cli.runner.CliConsoleListener.onCommandFinished: Assert that "Cihaz Masa, \d+" is visible COMPLETED
10:09:18.649 [ INFO] maestro.cli.runner.CliConsoleListener.onCommandStart: Assert that ".*2000.*" is not visible RUNNING
10:09:19.342 [ INFO] maestro.cli.runner.CliConsoleListener.onCommandFinished: Assert that ".*2000.*" is not visible COMPLETED
10:09:19.343 [ INFO] maestro.cli.runner.CliConsoleListener.onCommandStart: Take screenshot 12-profile RUNNING
10:09:19.343 [ INFO] maestro.Maestro.takeScreenshot: Taking screenshot
10:09:19.343 [TRACE] maestro.utils.ScreenshotUtils.takeScreenshot: Taking screenshot to output sink
10:09:19.406 [ INFO] maestro.cli.runner.CliConsoleListener.onCommandFinished: Take screenshot 12-profile COMPLETED
10:09:19.406 [ INFO] maestro.cli.runner.CliConsoleListener.onCommandFinished: Run flows/03-name.yaml COMPLETED
10:09:19.406 [ INFO] maestro.cli.runner.CliConsoleListener.onCommandStart: Run flows/04-room-tabu.yaml RUNNING
10:09:19.407 [ INFO] maestro.cli.runner.CliConsoleListener.onCommandStart: Apply configuration RUNNING
10:09:19.407 [ INFO] maestro.cli.runner.CliConsoleListener.onCommandFinished: Apply configuration COMPLETED
10:09:19.407 [ INFO] maestro.cli.runner.CliConsoleListener.onCommandStart: Run ../scripts/bot.js RUNNING
10:09:19.969 [ INFO] maestro.cli.runner.CliConsoleListener.onCommandFinished: Run ../scripts/bot.js COMPLETED
10:09:19.970 [ INFO] maestro.cli.runner.CliConsoleListener.onCommandStart: Run ../scripts/bot.js RUNNING
10:09:20.086 [ INFO] maestro.cli.runner.CliConsoleListener.onCommandFinished: Run ../scripts/bot.js COMPLETED
10:09:20.086 [ INFO] maestro.cli.runner.CliConsoleListener.onCommandStart: Run ../scripts/bot.js RUNNING
10:09:20.393 [ INFO] maestro.cli.runner.CliConsoleListener.onCommandFinished: Run ../scripts/bot.js COMPLETED
10:09:20.394 [ INFO] maestro.cli.runner.CliConsoleListener.onCommandStart: Tap on id: tab-venue RUNNING
10:09:20.510 [ INFO] maestro.Maestro.tap-HgV9Ck0: Tapping on element:  UiElement(treeNode=TreeNode(attributes={text=, accessibilityText=Mekan, hintText=, ignoreBoundsFiltering=false, resource-id=tab-venue, clickable=true, bounds=[133,568][187,632], enabled=true, focused=false, checked=false, scrollable=false, selected=false, class=android.view.View, important-for-accessibility=true, error=}, children=[TreeNode(attributes={text=, accessibilityText=, hintText=, ignoreBoundsFiltering=false, resource-id=, clickable=false, bounds=[140,572][180,612], enabled=true, focused=false, checked=false, scrollable=false, selected=false, class=android.view.ViewGroup, important-for-accessibility=false, error=}, children=[], clickable=false, enabled=true, focused=false, checked=false, selected=false), TreeNode(attributes={text=, accessibilityText=, hintText=, ignoreBoundsFiltering=false, resource-id=, clickable=false, bounds=[148,580][172,604], enabled=true, focused=false, checked=false, scrollable=false, selected=false, class=android.widget.ImageView, important-for-accessibility=false, error=}, children=[], clickable=false, enabled=true, focused=false, checked=false, selected=false), TreeNode(attributes={text=Mekan, accessibilityText=, hintText=, ignoreBoundsFiltering=false, resource-id=, clickable=false, bounds=[141,612][178,628], enabled=true, focused=false, checked=false, scrollable=false, selected=false, class=android.widget.TextView, important-for-accessibility=true, error=}, children=[], clickable=false, enabled=true, focused=false, checked=false, selected=false)], clickable=true, enabled=true, focused=false, checked=false, selected=false), bounds=Bounds(x=133, y=568, width=54, height=64))
10:09:21.811 [ INFO] maestro.Maestro.tap-HgV9Ck0: Tap aimed via settled hierarchy
10:09:21.811 [ INFO] maestro.Maestro.hierarchyBasedTap-ogj28Uc: Tapping at (160, 600) using hierarchy based logic for wait
10:09:23.039 [ INFO] maestro.Maestro.hierarchyBasedTap-ogj28Uc: Something has changed in the UI judging by view hierarchy. Proceed.
10:09:23.039 [ INFO] maestro.cli.runner.CliConsoleListener.onCommandFinished: Tap on id: tab-venue COMPLETED
10:09:23.039 [ INFO] maestro.cli.runner.CliConsoleListener.onCommandStart: Tap on id: reroll-alias RUNNING
10:09:23.183 [ INFO] maestro.Maestro.tap-HgV9Ck0: Tapping on element:  UiElement(treeNode=TreeNode(attributes={text=, accessibilityText=Adı değiştir, hintText=, ignoreBoundsFiltering=false, resource-id=reroll-alias, clickable=true, bounds=[155,327][282,375], enabled=true, focused=false, checked=false, scrollable=false, selected=false, class=android.widget.Button, important-for-accessibility=true, error=}, children=[TreeNode(attributes={text=Adı değiştir, accessibilityText=, hintText=, ignoreBoundsFiltering=false, resource-id=, clickable=false, bounds=[175,341][262,361], enabled=true, focused=false, checked=false, scrollable=false, selected=false, class=android.widget.TextView, important-for-accessibility=true, error=}, children=[], clickable=false, enabled=true, focused=false, checked=false, selected=false)], clickable=true, enabled=true, focused=false, checked=false, selected=false), bounds=Bounds(x=155, y=327, width=127, height=48))
10:09:24.423 [ INFO] maestro.Maestro.tap-HgV9Ck0: Tap aimed via settled hierarchy
10:09:24.424 [ INFO] maestro.Maestro.hierarchyBasedTap-ogj28Uc: Tapping at (218, 351) using hierarchy based logic for wait
10:09:25.543 [ INFO] maestro.Maestro.hierarchyBasedTap-ogj28Uc: Something has changed in the UI judging by view hierarchy. Proceed.
10:09:25.543 [ INFO] maestro.cli.runner.CliConsoleListener.onCommandFinished: Tap on id: reroll-alias COMPLETED
10:09:25.543 [ INFO] maestro.cli.runner.CliConsoleListener.onCommandStart: Assert that "2 hakkın kaldı" is visible RUNNING
10:09:25.675 [ INFO] maestro.cli.runner.CliConsoleListener.onCommandFinished: Assert that "2 hakkın kaldı" is visible COMPLETED
10:09:25.675 [ INFO] maestro.cli.runner.CliConsoleListener.onCommandStart: Take screenshot 11b-alias-rerolled RUNNING
10:09:25.675 [ INFO] maestro.Maestro.takeScreenshot: Taking screenshot
10:09:25.675 [TRACE] maestro.utils.ScreenshotUtils.takeScreenshot: Taking screenshot to output sink
10:09:25.739 [ INFO] maestro.cli.runner.CliConsoleListener.onCommandFinished: Take screenshot 11b-alias-rerolled COMPLETED
10:09:25.739 [ INFO] maestro.cli.runner.CliConsoleListener.onCommandStart: Scrolling DOWN until id: spot-here is visible with speed 40, visibility percentage 100%, timeout 20000 ms, with centering disabled RUNNING
10:09:26.422 [ WARN] maestro.orchestra.Orchestra.scrollUntilVisible: Error: maestro.MaestroException$ElementNotFound: Element not found: Id matching regex: spot-here
10:09:26.427 [ INFO] maestro.Maestro.swipeFromCenter: Swiping UP from center
10:09:28.323 [ INFO] maestro.orchestra.Orchestra.scrollUntilVisible: Scrolling try count: 0, DeviceWidth: 320, DeviceWidth: 640
10:09:28.324 [ INFO] maestro.orchestra.Orchestra.scrollUntilVisible: Element bounds: Bounds(x=36, y=456, width=248, height=48)
10:09:28.324 [ INFO] maestro.orchestra.Orchestra.scrollUntilVisible: Visibility Percent: 1.0
10:09:28.324 [ INFO] maestro.orchestra.Orchestra.scrollUntilVisible: Command centerElement: ScrollUntilVisibleCommand(selector=ElementSelector(textRegex=null, idRegex=spot-here, size=null, below=null, above=null, leftOf=null, rightOf=null, containsChild=null, containsDescendants=null, traits=null, index=null, enabled=null, optional=false, selected=null, checked=null, focused=null, childOf=null, css=null), direction=DOWN, scrollDuration=601, visibilityPercentage=100, timeout=20000, waitToSettleTimeoutMs=null, centerElement=false, originalSpeedValue=40, label=null, optional=false).centerElement
10:09:28.324 [ INFO] maestro.orchestra.Orchestra.scrollUntilVisible: visibilityPercentageNormalized: 1.0
10:09:28.324 [ INFO] maestro.cli.runner.CliConsoleListener.onCommandFinished: Scrolling DOWN until id: spot-here is visible with speed 40, visibility percentage 100%, timeout 20000 ms, with centering disabled COMPLETED
10:09:28.324 [ INFO] maestro.cli.runner.CliConsoleListener.onCommandStart: Assert that "Kütüphane" is visible RUNNING
10:09:28.429 [ INFO] maestro.cli.runner.CliConsoleListener.onCommandFinished: Assert that "Kütüphane" is visible COMPLETED
10:09:28.429 [ INFO] maestro.cli.runner.CliConsoleListener.onCommandStart: Assert that "Katılmak istiyorum" is not visible RUNNING
10:09:29.060 [ INFO] maestro.cli.runner.CliConsoleListener.onCommandFinished: Assert that "Katılmak istiyorum" is not visible COMPLETED
10:09:29.060 [ INFO] maestro.cli.runner.CliConsoleListener.onCommandStart: Take screenshot 12b-lobby-other-spot RUNNING
10:09:29.060 [ INFO] maestro.Maestro.takeScreenshot: Taking screenshot
10:09:29.060 [TRACE] maestro.utils.ScreenshotUtils.takeScreenshot: Taking screenshot to output sink
10:09:29.087 [ INFO] maestro.cli.runner.CliConsoleListener.onCommandFinished: Take screenshot 12b-lobby-other-spot COMPLETED
10:09:29.087 [ INFO] maestro.cli.runner.CliConsoleListener.onCommandStart: Tap on id: spot-here RUNNING
10:09:29.222 [ INFO] maestro.Maestro.tap-HgV9Ck0: Tapping on element:  UiElement(treeNode=TreeNode(attributes={text=, accessibilityText=Bu noktadayım, hintText=, ignoreBoundsFiltering=false, resource-id=spot-here, clickable=true, bounds=[36,456][284,504], enabled=true, focused=false, checked=false, scrollable=false, selected=false, class=android.widget.Button, important-for-accessibility=true, error=}, children=[TreeNode(attributes={text=, accessibilityText=, hintText=, ignoreBoundsFiltering=false, resource-id=, clickable=false, bounds=[36,456][284,504], enabled=true, focused=false, checked=false, scrollable=false, selected=false, class=android.view.ViewGroup, important-for-accessibility=false, error=}, children=[], clickable=false, enabled=true, focused=false, checked=false, selected=false), TreeNode(attributes={text=, accessibilityText=, hintText=, ignoreBoundsFiltering=false, resource-id=, clickable=false, bounds=[90,469][110,490], enabled=true, focused=false, checked=false, scrollable=false, selected=false, class=android.widget.TextView, important-for-accessibility=true, error=}, children=[], clickable=false, enabled=true, focused=false, checked=false, selected=false), TreeNode(attributes={text=Bu noktadayım, accessibilityText=, hintText=, ignoreBoundsFiltering=false, resource-id=, clickable=false, bounds=[118,470][230,490], enabled=true, focused=false, checked=false, scrollable=false, selected=false, class=android.widget.TextView, important-for-accessibility=true, error=}, children=[], clickable=false, enabled=true, focused=false, checked=false, selected=false)], clickable=true, enabled=true, focused=false, checked=false, selected=false), bounds=Bounds(x=36, y=456, width=248, height=48))
10:09:30.433 [ INFO] maestro.Maestro.tap-HgV9Ck0: Tap aimed via settled hierarchy
10:09:30.434 [ INFO] maestro.Maestro.hierarchyBasedTap-ogj28Uc: Tapping at (160, 480) using hierarchy based logic for wait
10:09:31.526 [ INFO] maestro.Maestro.hierarchyBasedTap-ogj28Uc: Something has changed in the UI judging by view hierarchy. Proceed.
10:09:31.526 [ INFO] maestro.cli.runner.CliConsoleListener.onCommandFinished: Tap on id: spot-here COMPLETED
10:09:31.526 [ INFO] maestro.cli.runner.CliConsoleListener.onCommandStart: Scrolling DOWN until "Katılmak istiyorum" is visible with speed 40, visibility percentage 100%, timeout 15000 ms, with centering disabled RUNNING
10:09:31.634 [ INFO] maestro.orchestra.Orchestra.scrollUntilVisible: Scrolling try count: 0, DeviceWidth: 320, DeviceWidth: 640
10:09:31.634 [ INFO] maestro.orchestra.Orchestra.scrollUntilVisible: Element bounds: Bounds(x=90, y=470, width=140, height=20)
10:09:31.634 [ INFO] maestro.orchestra.Orchestra.scrollUntilVisible: Visibility Percent: 1.0
10:09:31.634 [ INFO] maestro.orchestra.Orchestra.scrollUntilVisible: Command centerElement: ScrollUntilVisibleCommand(selector=ElementSelector(textRegex=Katılmak istiyorum, idRegex=null, size=null, below=null, above=null, leftOf=null, rightOf=null, containsChild=null, containsDescendants=null, traits=null, index=null, enabled=null, optional=false, selected=null, checked=null, focused=null, childOf=null, css=null), direction=DOWN, scrollDuration=601, visibilityPercentage=100, timeout=15000, waitToSettleTimeoutMs=null, centerElement=false, originalSpeedValue=40, label=null, optional=false).centerElement
10:09:31.634 [ INFO] maestro.orchestra.Orchestra.scrollUntilVisible: visibilityPercentageNormalized: 1.0
10:09:31.635 [ INFO] maestro.cli.runner.CliConsoleListener.onCommandFinished: Scrolling DOWN until "Katılmak istiyorum" is visible with speed 40, visibility percentage 100%, timeout 15000 ms, with centering disabled COMPLETED
10:09:31.635 [ INFO] maestro.cli.runner.CliConsoleListener.onCommandStart: Take screenshot 12c-lobby-same-spot RUNNING
10:09:31.635 [ INFO] maestro.Maestro.takeScreenshot: Taking screenshot
10:09:31.636 [TRACE] maestro.utils.ScreenshotUtils.takeScreenshot: Taking screenshot to output sink
10:09:31.667 [ INFO] maestro.cli.runner.CliConsoleListener.onCommandFinished: Take screenshot 12c-lobby-same-spot COMPLETED
10:09:31.667 [ INFO] maestro.cli.runner.CliConsoleListener.onCommandStart: Run ../scripts/bot.js RUNNING
10:09:31.744 [ INFO] maestro.cli.runner.CliConsoleListener.onCommandFinished: Run ../scripts/bot.js COMPLETED
10:09:31.744 [ INFO] maestro.cli.runner.CliConsoleListener.onCommandStart: Assert that "Katılmak istiyorum" is not visible RUNNING
10:09:32.591 [ INFO] maestro.cli.runner.CliConsoleListener.onCommandFinished: Assert that "Katılmak istiyorum" is not visible COMPLETED
10:09:32.591 [ INFO] maestro.cli.runner.CliConsoleListener.onCommandStart: Scrolling UP until "Noktan: Kütüphane" is visible with speed 40, visibility percentage 100%, timeout 10000 ms, with centering disabled RUNNING
10:09:32.768 [ INFO] maestro.orchestra.Orchestra.scrollUntilVisible: Scrolling try count: 0, DeviceWidth: 320, DeviceWidth: 640
10:09:32.768 [ INFO] maestro.orchestra.Orchestra.scrollUntilVisible: Element bounds: Bounds(x=66, y=24, width=108, height=17)
10:09:32.768 [ INFO] maestro.orchestra.Orchestra.scrollUntilVisible: Visibility Percent: 1.0
10:09:32.768 [ INFO] maestro.orchestra.Orchestra.scrollUntilVisible: Command centerElement: ScrollUntilVisibleCommand(selector=ElementSelector(textRegex=Noktan: Kütüphane, idRegex=null, size=null, below=null, above=null, leftOf=null, rightOf=null, containsChild=null, containsDescendants=null, traits=null, index=null, enabled=null, optional=false, selected=null, checked=null, focused=null, childOf=null, css=null), direction=UP, scrollDuration=601, visibilityPercentage=100, timeout=10000, waitToSettleTimeoutMs=null, centerElement=false, originalSpeedValue=40, label=null, optional=false).centerElement
10:09:32.768 [ INFO] maestro.orchestra.Orchestra.scrollUntilVisible: visibilityPercentageNormalized: 1.0
10:09:32.768 [ INFO] maestro.cli.runner.CliConsoleListener.onCommandFinished: Scrolling UP until "Noktan: Kütüphane" is visible with speed 40, visibility percentage 100%, timeout 10000 ms, with centering disabled COMPLETED
10:09:32.768 [ INFO] maestro.cli.runner.CliConsoleListener.onCommandStart: Assert that "Oda kur" is visible RUNNING
10:09:32.872 [ INFO] maestro.cli.runner.CliConsoleListener.onCommandFinished: Assert that "Oda kur" is visible COMPLETED
10:09:32.872 [ INFO] maestro.cli.runner.CliConsoleListener.onCommandStart: Tap on "Oda kur" RUNNING
10:09:32.972 [ INFO] maestro.Maestro.tap-HgV9Ck0: Tapping on element:  UiElement(treeNode=TreeNode(attributes={text=Oda kur, accessibilityText=, hintText=, ignoreBoundsFiltering=false, resource-id=, clickable=false, bounds=[57,142][117,162], enabled=true, focused=false, checked=false, scrollable=false, selected=false, class=android.widget.TextView, important-for-accessibility=true, error=}, children=[], clickable=false, enabled=true, focused=false, checked=false, selected=false), bounds=Bounds(x=57, y=142, width=60, height=20))
10:09:34.182 [ INFO] maestro.Maestro.tap-HgV9Ck0: Tap aimed via settled hierarchy
10:09:34.183 [ INFO] maestro.Maestro.hierarchyBasedTap-ogj28Uc: Tapping at (87, 152) using hierarchy based logic for wait
10:09:35.472 [ INFO] maestro.Maestro.hierarchyBasedTap-ogj28Uc: Something has changed in the UI judging by view hierarchy. Proceed.
10:09:35.473 [ INFO] maestro.cli.runner.CliConsoleListener.onCommandFinished: Tap on "Oda kur" COMPLETED
10:09:35.473 [ INFO] maestro.cli.runner.CliConsoleListener.onCommandStart: Assert that id: intent-none is visible RUNNING
10:09:35.581 [ INFO] maestro.cli.runner.CliConsoleListener.onCommandFinished: Assert that id: intent-none is visible COMPLETED
10:09:35.581 [ INFO] maestro.cli.runner.CliConsoleListener.onCommandStart: Tap on id: intent-game RUNNING
10:09:35.650 [ INFO] maestro.Maestro.tap-HgV9Ck0: Tapping on element:  UiElement(treeNode=TreeNode(attributes={text=, accessibilityText=Oyun, hintText=, ignoreBoundsFiltering=false, resource-id=intent-game, clickable=true, bounds=[116,236][204,284], enabled=true, focused=false, checked=false, scrollable=false, selected=false, class=android.widget.RadioButton, important-for-accessibility=true, error=}, children=[TreeNode(attributes={text=, accessibilityText=, hintText=, ignoreBoundsFiltering=false, resource-id=, clickable=false, bounds=[116,236][204,284], enabled=true, focused=false, checked=false, scrollable=false, selected=false, class=android.view.ViewGroup, important-for-accessibility=false, error=}, children=[], clickable=false, enabled=true, focused=false, checked=false, selected=false), TreeNode(attributes={text=Oyun, accessibilityText=, hintText=, ignoreBoundsFiltering=false, resource-id=, clickable=false, bounds=[140,250][180,270], enabled=true, focused=false, checked=false, scrollable=false, selected=false, class=android.widget.TextView, important-for-accessibility=true, error=}, children=[], clickable=false, enabled=true, focused=false, checked=false, selected=false)], clickable=true, enabled=true, focused=false, checked=false, selected=false), bounds=Bounds(x=116, y=236, width=88, height=48))
10:09:36.941 [ INFO] maestro.Maestro.tap-HgV9Ck0: Tap aimed via settled hierarchy
10:09:36.942 [ INFO] maestro.Maestro.hierarchyBasedTap-ogj28Uc: Tapping at (160, 260) using hierarchy based logic for wait
10:09:37.821 [ INFO] maestro.Maestro.hierarchyBasedTap-ogj28Uc: Something has changed in the UI judging by view hierarchy. Proceed.
10:09:37.821 [ INFO] maestro.cli.runner.CliConsoleListener.onCommandFinished: Tap on id: intent-game COMPLETED
10:09:37.821 [ INFO] maestro.cli.runner.CliConsoleListener.onCommandStart: Take screenshot 13-new-room RUNNING
10:09:37.821 [ INFO] maestro.Maestro.takeScreenshot: Taking screenshot
10:09:37.822 [TRACE] maestro.utils.ScreenshotUtils.takeScreenshot: Taking screenshot to output sink
10:09:37.890 [ INFO] maestro.cli.runner.CliConsoleListener.onCommandFinished: Take screenshot 13-new-room COMPLETED
10:09:37.890 [ INFO] maestro.cli.runner.CliConsoleListener.onCommandStart: Scrolling DOWN until "Odayı kur" is visible with speed 40, visibility percentage 100%, timeout 10000 ms, with centering disabled RUNNING
10:09:37.979 [ INFO] maestro.orchestra.Orchestra.scrollUntilVisible: Scrolling try count: 0, DeviceWidth: 320, DeviceWidth: 640
10:09:37.979 [ INFO] maestro.orchestra.Orchestra.scrollUntilVisible: Element bounds: Bounds(x=120, y=576, width=81, height=22)
10:09:37.979 [ INFO] maestro.orchestra.Orchestra.scrollUntilVisible: Visibility Percent: 1.0
10:09:37.979 [ INFO] maestro.orchestra.Orchestra.scrollUntilVisible: Command centerElement: ScrollUntilVisibleCommand(selector=ElementSelector(textRegex=Odayı kur, idRegex=null, size=null, below=null, above=null, leftOf=null, rightOf=null, containsChild=null, containsDescendants=null, traits=null, index=null, enabled=null, optional=false, selected=null, checked=null, focused=null, childOf=null, css=null), direction=DOWN, scrollDuration=601, visibilityPercentage=100, timeout=10000, waitToSettleTimeoutMs=null, centerElement=false, originalSpeedValue=40, label=null, optional=false).centerElement
10:09:37.979 [ INFO] maestro.orchestra.Orchestra.scrollUntilVisible: visibilityPercentageNormalized: 1.0
10:09:37.979 [ INFO] maestro.cli.runner.CliConsoleListener.onCommandFinished: Scrolling DOWN until "Odayı kur" is visible with speed 40, visibility percentage 100%, timeout 10000 ms, with centering disabled COMPLETED
10:09:37.979 [ INFO] maestro.cli.runner.CliConsoleListener.onCommandStart: Assert that id: participation-anonymous is visible RUNNING
10:09:38.089 [ INFO] maestro.cli.runner.CliConsoleListener.onCommandFinished: Assert that id: participation-anonymous is visible COMPLETED
10:09:38.090 [ INFO] maestro.cli.runner.CliConsoleListener.onCommandStart: Take screenshot 13b-new-room-bottom RUNNING
10:09:38.090 [ INFO] maestro.Maestro.takeScreenshot: Taking screenshot
10:09:38.090 [TRACE] maestro.utils.ScreenshotUtils.takeScreenshot: Taking screenshot to output sink
10:09:38.155 [ INFO] maestro.cli.runner.CliConsoleListener.onCommandFinished: Take screenshot 13b-new-room-bottom COMPLETED
10:09:38.155 [ INFO] maestro.cli.runner.CliConsoleListener.onCommandStart: Tap on "Odayı kur" RUNNING
10:09:38.235 [ INFO] maestro.Maestro.tap-HgV9Ck0: Tapping on element:  UiElement(treeNode=TreeNode(attributes={text=Odayı kur, accessibilityText=, hintText=, ignoreBoundsFiltering=false, resource-id=, clickable=false, bounds=[120,576][201,598], enabled=true, focused=false, checked=false, scrollable=false, selected=false, class=android.widget.TextView, important-for-accessibility=true, error=}, children=[], clickable=false, enabled=true, focused=false, checked=false, selected=false), bounds=Bounds(x=120, y=576, width=81, height=22))
10:09:39.461 [ INFO] maestro.Maestro.tap-HgV9Ck0: Tap aimed via settled hierarchy
10:09:39.462 [ INFO] maestro.Maestro.hierarchyBasedTap-ogj28Uc: Tapping at (160, 587) using hierarchy based logic for wait
10:09:40.882 [ INFO] maestro.Maestro.hierarchyBasedTap-ogj28Uc: Something has changed in the UI judging by view hierarchy. Proceed.
10:09:40.882 [ INFO] maestro.cli.runner.CliConsoleListener.onCommandFinished: Tap on "Odayı kur" COMPLETED
10:09:40.882 [ INFO] maestro.cli.runner.CliConsoleListener.onCommandStart: Assert that id: solo-tabu is visible RUNNING
10:09:40.963 [ INFO] maestro.cli.runner.CliConsoleListener.onCommandFinished: Assert that id: solo-tabu is visible COMPLETED
10:09:40.963 [ INFO] maestro.cli.runner.CliConsoleListener.onCommandStart: Take screenshot 14-room-waiting RUNNING
10:09:40.964 [ INFO] maestro.Maestro.takeScreenshot: Taking screenshot
10:09:40.964 [TRACE] maestro.utils.ScreenshotUtils.takeScreenshot: Taking screenshot to output sink
10:09:41.031 [ INFO] maestro.cli.runner.CliConsoleListener.onCommandFinished: Take screenshot 14-room-waiting COMPLETED
10:09:41.031 [ INFO] maestro.cli.runner.CliConsoleListener.onCommandStart: Run ../scripts/bot.js RUNNING
10:09:41.111 [ INFO] maestro.cli.runner.CliConsoleListener.onCommandFinished: Run ../scripts/bot.js COMPLETED
10:09:41.111 [ INFO] maestro.cli.runner.CliConsoleListener.onCommandStart: Assert that "Katılma isteği" is visible RUNNING
10:09:41.948 [ INFO] maestro.cli.runner.CliConsoleListener.onCommandFinished: Assert that "Katılma isteği" is visible COMPLETED
10:09:41.948 [ INFO] maestro.cli.runner.CliConsoleListener.onCommandStart: Take screenshot 15-join-request RUNNING
10:09:41.949 [ INFO] maestro.Maestro.takeScreenshot: Taking screenshot
10:09:41.949 [TRACE] maestro.utils.ScreenshotUtils.takeScreenshot: Taking screenshot to output sink
10:09:41.977 [ INFO] maestro.cli.runner.CliConsoleListener.onCommandFinished: Take screenshot 15-join-request COMPLETED
10:09:41.977 [ INFO] maestro.cli.runner.CliConsoleListener.onCommandStart: Tap on id: join-accept RUNNING
10:09:42.565 [ INFO] maestro.Maestro.tap-HgV9Ck0: Tapping on element:  UiElement(treeNode=TreeNode(attributes={text=, accessibilityText=Kabul, hintText=, ignoreBoundsFiltering=false, resource-id=join-accept, clickable=true, bounds=[165,502][296,550], enabled=true, focused=false, checked=false, scrollable=false, selected=false, class=android.widget.Button, important-for-accessibility=true, error=}, children=[TreeNode(attributes={text=, accessibilityText=, hintText=, ignoreBoundsFiltering=false, resource-id=, clickable=false, bounds=[165,502][296,550], enabled=true, focused=false, checked=false, scrollable=false, selected=false, class=android.view.ViewGroup, important-for-accessibility=false, error=}, children=[], clickable=false, enabled=true, focused=false, checked=false, selected=false), TreeNode(attributes={text=Kabul, accessibilityText=, hintText=, ignoreBoundsFiltering=false, resource-id=, clickable=false, bounds=[209,516][253,536], enabled=true, focused=false, checked=false, scrollable=false, selected=false, class=android.widget.TextView, important-for-accessibility=true, error=}, children=[], clickable=false, enabled=true, focused=false, checked=false, selected=false)], clickable=true, enabled=true, focused=false, checked=false, selected=false), bounds=Bounds(x=165, y=502, width=131, height=48))
10:09:43.864 [ INFO] maestro.Maestro.tap-HgV9Ck0: Tap aimed via settled hierarchy
10:09:43.865 [ INFO] maestro.Maestro.hierarchyBasedTap-ogj28Uc: Tapping at (230, 526) using hierarchy based logic for wait
10:09:44.985 [ INFO] maestro.Maestro.hierarchyBasedTap-ogj28Uc: Something has changed in the UI judging by view hierarchy. Proceed.
10:09:44.985 [ INFO] maestro.cli.runner.CliConsoleListener.onCommandFinished: Tap on id: join-accept COMPLETED
10:09:44.985 [ INFO] maestro.cli.runner.CliConsoleListener.onCommandStart: Assert that id: propose-tabu is visible RUNNING
10:09:45.106 [ INFO] maestro.cli.runner.CliConsoleListener.onCommandFinished: Assert that id: propose-tabu is visible COMPLETED
10:09:45.106 [ INFO] maestro.cli.runner.CliConsoleListener.onCommandStart: Take screenshot 16-room-two-tables RUNNING
10:09:45.106 [ INFO] maestro.Maestro.takeScreenshot: Taking screenshot
10:09:45.107 [TRACE] maestro.utils.ScreenshotUtils.takeScreenshot: Taking screenshot to output sink
10:09:45.170 [ INFO] maestro.cli.runner.CliConsoleListener.onCommandFinished: Take screenshot 16-room-two-tables COMPLETED
10:09:45.170 [ INFO] maestro.cli.runner.CliConsoleListener.onCommandStart: Run ../scripts/bot.js RUNNING
10:09:45.262 [ INFO] maestro.cli.runner.CliConsoleListener.onCommandFinished: Run ../scripts/bot.js COMPLETED
10:09:45.262 [ INFO] maestro.cli.runner.CliConsoleListener.onCommandStart: Assert that id: proposal-accept is visible RUNNING
10:09:45.565 [ INFO] maestro.cli.runner.CliConsoleListener.onCommandFinished: Assert that id: proposal-accept is visible COMPLETED
10:09:45.565 [ INFO] maestro.cli.runner.CliConsoleListener.onCommandStart: Take screenshot 16b-proposal RUNNING
10:09:45.566 [ INFO] maestro.Maestro.takeScreenshot: Taking screenshot
10:09:45.566 [TRACE] maestro.utils.ScreenshotUtils.takeScreenshot: Taking screenshot to output sink
10:09:45.591 [ INFO] maestro.cli.runner.CliConsoleListener.onCommandFinished: Take screenshot 16b-proposal COMPLETED
10:09:45.591 [ INFO] maestro.cli.runner.CliConsoleListener.onCommandStart: Tap on id: proposal-accept RUNNING
10:09:46.129 [ INFO] maestro.Maestro.tap-HgV9Ck0: Tapping on element:  UiElement(treeNode=TreeNode(attributes={text=, accessibilityText=Oynayalım, hintText=, ignoreBoundsFiltering=false, resource-id=proposal-accept, clickable=true, bounds=[165,211][286,259], enabled=true, focused=false, checked=false, scrollable=false, selected=false, class=android.widget.Button, important-for-accessibility=true, error=}, children=[TreeNode(attributes={text=, accessibilityText=, hintText=, ignoreBoundsFiltering=false, resource-id=, clickable=false, bounds=[165,211][286,259], enabled=true, focused=false, checked=false, scrollable=false, selected=false, class=android.view.ViewGroup, important-for-accessibility=false, error=}, children=[], clickable=false, enabled=true, focused=false, checked=false, selected=false), TreeNode(attributes={text=Oynayalım, accessibilityText=, hintText=, ignoreBoundsFiltering=false, resource-id=, clickable=false, bounds=[188,225][263,245], enabled=true, focused=false, checked=false, scrollable=false, selected=false, class=android.widget.TextView, important-for-accessibility=true, error=}, children=[], clickable=false, enabled=true, focused=false, checked=false, selected=false)], clickable=true, enabled=true, focused=false, checked=false, selected=false), bounds=Bounds(x=165, y=211, width=121, height=48))
10:09:47.633 [ INFO] maestro.Maestro.tap-HgV9Ck0: Tap aimed via settled hierarchy
10:09:47.633 [ INFO] maestro.Maestro.hierarchyBasedTap-ogj28Uc: Tapping at (225, 235) using hierarchy based logic for wait
10:09:49.476 [ INFO] maestro.Maestro.hierarchyBasedTap-ogj28Uc: Something has changed in the UI judging by view hierarchy. Proceed.
10:09:49.476 [ INFO] maestro.cli.runner.CliConsoleListener.onCommandFinished: Tap on id: proposal-accept COMPLETED
10:09:49.476 [ INFO] maestro.cli.runner.CliConsoleListener.onCommandStart: Assert that id: first-game-intro is visible RUNNING
10:09:49.545 [ INFO] maestro.cli.runner.CliConsoleListener.onCommandFinished: Assert that id: first-game-intro is visible COMPLETED
10:09:49.545 [ INFO] maestro.cli.runner.CliConsoleListener.onCommandStart: Take screenshot 16c-first-game-intro RUNNING
10:09:49.546 [ INFO] maestro.Maestro.takeScreenshot: Taking screenshot
10:09:49.546 [TRACE] maestro.utils.ScreenshotUtils.takeScreenshot: Taking screenshot to output sink
10:09:49.628 [ INFO] maestro.cli.runner.CliConsoleListener.onCommandFinished: Take screenshot 16c-first-game-intro COMPLETED
10:09:49.629 [ INFO] maestro.cli.runner.CliConsoleListener.onCommandStart: Tap on id: intro-done RUNNING
10:09:49.781 [ INFO] maestro.Maestro.tap-HgV9Ck0: Tapping on element:  UiElement(treeNode=TreeNode(attributes={text=, accessibilityText=Anladım, başlayalım, hintText=, ignoreBoundsFiltering=false, resource-id=intro-done, clickable=true, bounds=[20,572][300,620], enabled=true, focused=false, checked=false, scrollable=false, selected=false, class=android.widget.Button, important-for-accessibility=true, error=}, children=[TreeNode(attributes={text=, accessibilityText=, hintText=, ignoreBoundsFiltering=false, resource-id=, clickable=false, bounds=[20,572][300,620], enabled=true, focused=false, checked=false, scrollable=false, selected=false, class=android.view.ViewGroup, important-for-accessibility=false, error=}, children=[], clickable=false, enabled=true, focused=false, checked=false, selected=false), TreeNode(attributes={text=Anladım, başlayalım, accessibilityText=, hintText=, ignoreBoundsFiltering=false, resource-id=, clickable=false, bounds=[84,586][236,606], enabled=true, focused=false, checked=false, scrollable=false, selected=false, class=android.widget.TextView, important-for-accessibility=true, error=}, children=[], clickable=false, enabled=true, focused=false, checked=false, selected=false)], clickable=true, enabled=true, focused=false, checked=false, selected=false), bounds=Bounds(x=20, y=572, width=280, height=48))
10:09:51.020 [ INFO] maestro.Maestro.tap-HgV9Ck0: Tap aimed via settled hierarchy
10:09:51.021 [ INFO] maestro.Maestro.hierarchyBasedTap-ogj28Uc: Tapping at (160, 596) using hierarchy based logic for wait
10:09:51.857 [ INFO] maestro.Maestro.hierarchyBasedTap-ogj28Uc: Something has changed in the UI judging by view hierarchy. Proceed.
10:09:51.857 [ INFO] maestro.cli.runner.CliConsoleListener.onCommandFinished: Tap on id: intro-done COMPLETED
10:09:51.857 [ INFO] maestro.cli.runner.CliConsoleListener.onCommandStart: Assert that id: turn-start is visible RUNNING
10:09:51.961 [ INFO] maestro.cli.runner.CliConsoleListener.onCommandFinished: Assert that id: turn-start is visible COMPLETED
10:09:51.961 [ INFO] maestro.cli.runner.CliConsoleListener.onCommandStart: Take screenshot 16d-turn-ready RUNNING
10:09:51.961 [ INFO] maestro.Maestro.takeScreenshot: Taking screenshot
10:09:51.962 [TRACE] maestro.utils.ScreenshotUtils.takeScreenshot: Taking screenshot to output sink
10:09:51.984 [ INFO] maestro.cli.runner.CliConsoleListener.onCommandFinished: Take screenshot 16d-turn-ready COMPLETED
10:09:51.984 [ INFO] maestro.cli.runner.CliConsoleListener.onCommandStart: Tap on id: turn-start RUNNING
10:09:52.093 [ INFO] maestro.Maestro.tap-HgV9Ck0: Tapping on element:  UiElement(treeNode=TreeNode(attributes={text=, accessibilityText=Turu başlat, hintText=, ignoreBoundsFiltering=false, resource-id=turn-start, clickable=true, bounds=[62,80][258,170], enabled=true, focused=false, checked=false, scrollable=false, selected=false, class=android.widget.Button, important-for-accessibility=true, error=}, children=[TreeNode(attributes={text=, accessibilityText=, hintText=, ignoreBoundsFiltering=false, resource-id=, clickable=false, bounds=[62,80][258,170], enabled=true, focused=false, checked=false, scrollable=false, selected=false, class=android.view.ViewGroup, important-for-accessibility=false, error=}, children=[], clickable=false, enabled=true, focused=false, checked=false, selected=false), TreeNode(attributes={text=Başla, accessibilityText=, hintText=, ignoreBoundsFiltering=false, resource-id=, clickable=false, bounds=[89,80][231,101], enabled=true, focused=false, checked=false, scrollable=false, selected=false, class=android.widget.TextView, important-for-accessibility=true, error=}, children=[], clickable=false, enabled=true, focused=false, checked=false, selected=false)], clickable=true, enabled=true, focused=false, checked=false, selected=false), bounds=Bounds(x=62, y=80, width=196, height=90))
10:09:53.325 [ INFO] maestro.Maestro.tap-HgV9Ck0: Tap aimed via settled hierarchy
10:09:53.325 [ INFO] maestro.Maestro.hierarchyBasedTap-ogj28Uc: Tapping at (160, 125) using hierarchy based logic for wait
10:09:53.664 [ INFO] maestro.cli.runner.CliConsoleListener.onCommandFinished: Tap on id: turn-start COMPLETED
10:09:53.664 [ INFO] maestro.cli.runner.CliConsoleListener.onCommandStart: Assert that "Kartı görmek için dokun" is visible RUNNING
10:10:03.908 [ INFO] maestro.cli.runner.CliConsoleListener.onCommandFinished: Assert that "Kartı görmek için dokun" is visible COMPLETED
10:10:03.908 [ INFO] maestro.cli.runner.CliConsoleListener.onCommandStart: Take screenshot 17-card-covered RUNNING
10:10:03.909 [ INFO] maestro.Maestro.takeScreenshot: Taking screenshot
10:10:03.909 [TRACE] maestro.utils.ScreenshotUtils.takeScreenshot: Taking screenshot to output sink
10:10:03.935 [ INFO] maestro.cli.runner.CliConsoleListener.onCommandFinished: Take screenshot 17-card-covered COMPLETED
10:10:03.936 [ INFO] maestro.cli.runner.CliConsoleListener.onCommandStart: Tap on "Kartı görmek için dokun" RUNNING
10:10:04.508 [ INFO] maestro.Maestro.tap-HgV9Ck0: Tapping on element:  UiElement(treeNode=TreeNode(attributes={text=Kartı görmek için dokun, accessibilityText=, hintText=, ignoreBoundsFiltering=false, resource-id=, clickable=false, bounds=[42,409][278,465], enabled=true, focused=false, checked=false, scrollable=false, selected=false, class=android.widget.TextView, important-for-accessibility=true, error=}, children=[], clickable=false, enabled=true, focused=false, checked=false, selected=false), bounds=Bounds(x=42, y=409, width=236, height=56))
10:10:05.849 [ INFO] maestro.Maestro.tap-HgV9Ck0: Tap aimed via settled hierarchy
10:10:05.850 [ INFO] maestro.Maestro.hierarchyBasedTap-ogj28Uc: Tapping at (160, 437) using hierarchy based logic for wait
10:10:06.829 [ INFO] maestro.Maestro.hierarchyBasedTap-ogj28Uc: Something has changed in the UI judging by view hierarchy. Proceed.
10:10:06.829 [ INFO] maestro.cli.runner.CliConsoleListener.onCommandFinished: Tap on "Kartı görmek için dokun" COMPLETED
10:10:06.829 [ INFO] maestro.cli.runner.CliConsoleListener.onCommandStart: Assert that id: tabu-card is visible RUNNING
10:10:07.438 [ INFO] maestro.cli.runner.CliConsoleListener.onCommandFinished: Assert that id: tabu-card is visible COMPLETED
10:10:07.438 [ INFO] maestro.cli.runner.CliConsoleListener.onCommandStart: Take screenshot 18-card-open RUNNING
10:10:07.438 [ INFO] maestro.Maestro.takeScreenshot: Taking screenshot
10:10:07.439 [TRACE] maestro.utils.ScreenshotUtils.takeScreenshot: Taking screenshot to output sink
10:10:07.464 [ INFO] maestro.cli.runner.CliConsoleListener.onCommandFinished: Take screenshot 18-card-open COMPLETED
10:10:07.464 [ INFO] maestro.cli.runner.CliConsoleListener.onCommandStart: Tap on id: game-chat RUNNING
10:10:07.582 [ INFO] maestro.Maestro.tap-HgV9Ck0: Tapping on element:  UiElement(treeNode=TreeNode(attributes={text=, accessibilityText=Sohbet, hintText=, ignoreBoundsFiltering=false, resource-id=game-chat, clickable=true, bounds=[260,30][304,74], enabled=true, focused=false, checked=false, scrollable=false, selected=false, class=android.widget.Button, important-for-accessibility=true, error=}, children=[TreeNode(attributes={text=, accessibilityText=, hintText=, ignoreBoundsFiltering=false, resource-id=, clickable=false, bounds=[260,30][304,74], enabled=true, focused=false, checked=false, scrollable=false, selected=false, class=android.view.ViewGroup, important-for-accessibility=false, error=}, children=[], clickable=false, enabled=true, focused=false, checked=false, selected=false), TreeNode(attributes={text=, accessibilityText=, hintText=, ignoreBoundsFiltering=false, resource-id=, clickable=false, bounds=[272,41][292,62], enabled=true, focused=false, checked=false, scrollable=false, selected=false, class=android.widget.TextView, important-for-accessibility=true, error=}, children=[], clickable=false, enabled=true, focused=false, checked=false, selected=false)], clickable=true, enabled=true, focused=false, checked=false, selected=false), bounds=Bounds(x=260, y=30, width=44, height=44))
10:10:08.777 [ INFO] maestro.Maestro.tap-HgV9Ck0: Tap aimed via settled hierarchy
10:10:08.778 [ INFO] maestro.Maestro.hierarchyBasedTap-ogj28Uc: Tapping at (282, 52) using hierarchy based logic for wait
10:10:09.806 [ INFO] maestro.Maestro.hierarchyBasedTap-ogj28Uc: Something has changed in the UI judging by view hierarchy. Proceed.
10:10:09.806 [ INFO] maestro.cli.runner.CliConsoleListener.onCommandFinished: Tap on id: game-chat COMPLETED
10:10:09.806 [ INFO] maestro.cli.runner.CliConsoleListener.onCommandStart: Assert that id: game-chat-panel is visible RUNNING
10:10:09.901 [ INFO] maestro.cli.runner.CliConsoleListener.onCommandFinished: Assert that id: game-chat-panel is visible COMPLETED
10:10:09.901 [ INFO] maestro.cli.runner.CliConsoleListener.onCommandStart: Take screenshot 18b-game-chat RUNNING
10:10:09.902 [ INFO] maestro.Maestro.takeScreenshot: Taking screenshot
10:10:09.902 [TRACE] maestro.utils.ScreenshotUtils.takeScreenshot: Taking screenshot to output sink
10:10:09.966 [ INFO] maestro.cli.runner.CliConsoleListener.onCommandFinished: Take screenshot 18b-game-chat COMPLETED
10:10:09.966 [ INFO] maestro.cli.runner.CliConsoleListener.onCommandStart: Tap on id: chat-back RUNNING
10:10:10.932 [ INFO] maestro.Maestro.tap-HgV9Ck0: Tapping on element:  UiElement(treeNode=TreeNode(attributes={text=, accessibilityText=Geri, hintText=, ignoreBoundsFiltering=false, resource-id=chat-back, clickable=true, bounds=[4,147][48,191], enabled=true, focused=false, checked=false, scrollable=false, selected=false, class=android.widget.Button, important-for-accessibility=true, error=}, children=[TreeNode(attributes={text=, accessibilityText=, hintText=, ignoreBoundsFiltering=false, resource-id=, clickable=false, bounds=[14,156][38,182], enabled=true, focused=false, checked=false, scrollable=false, selected=false, class=android.widget.TextView, important-for-accessibility=true, error=}, children=[], clickable=false, enabled=true, focused=false, checked=false, selected=false)], clickable=true, enabled=true, focused=false, checked=false, selected=false), bounds=Bounds(x=4, y=147, width=44, height=44))
10:10:12.814 [ INFO] maestro.Maestro.tap-HgV9Ck0: Tap aimed via settled hierarchy
10:10:12.815 [ INFO] maestro.Maestro.hierarchyBasedTap-ogj28Uc: Tapping at (26, 169) using hierarchy based logic for wait
10:10:13.745 [ INFO] maestro.Maestro.hierarchyBasedTap-ogj28Uc: Something has changed in the UI judging by view hierarchy. Proceed.
10:10:13.745 [ INFO] maestro.cli.runner.CliConsoleListener.onCommandFinished: Tap on id: chat-back COMPLETED
10:10:13.745 [ INFO] maestro.cli.runner.CliConsoleListener.onCommandStart: Scrolling DOWN until id: tabu-pass is visible with speed 40, visibility percentage 100%, timeout 10000 ms, with centering enabled RUNNING
10:10:13.870 [ INFO] maestro.orchestra.Orchestra.scrollUntilVisible: Scrolling try count: 0, DeviceWidth: 320, DeviceWidth: 640
10:10:13.870 [ INFO] maestro.orchestra.Orchestra.scrollUntilVisible: Element bounds: Bounds(x=165, y=615, width=139, height=25)
10:10:13.870 [ INFO] maestro.orchestra.Orchestra.scrollUntilVisible: Visibility Percent: 1.0
10:10:13.870 [ INFO] maestro.orchestra.Orchestra.scrollUntilVisible: Command centerElement: ScrollUntilVisibleCommand(selector=ElementSelector(textRegex=null, idRegex=tabu-pass, size=null, below=null, above=null, leftOf=null, rightOf=null, containsChild=null, containsDescendants=null, traits=null, index=null, enabled=null, optional=false, selected=null, checked=null, focused=null, childOf=null, css=null), direction=DOWN, scrollDuration=601, visibilityPercentage=100, timeout=10000, waitToSettleTimeoutMs=null, centerElement=true, originalSpeedValue=40, label=null, optional=false).centerElement
10:10:13.870 [ INFO] maestro.orchestra.Orchestra.scrollUntilVisible: visibilityPercentageNormalized: 1.0
10:10:13.912 [ INFO] maestro.Maestro.swipeFromCenter: Swiping UP from center
10:10:15.666 [ INFO] maestro.orchestra.Orchestra.scrollUntilVisible: Scrolling try count: 1, DeviceWidth: 320, DeviceWidth: 640
10:10:15.666 [ INFO] maestro.orchestra.Orchestra.scrollUntilVisible: Element bounds: Bounds(x=165, y=468, width=139, height=64)
10:10:15.666 [ INFO] maestro.orchestra.Orchestra.scrollUntilVisible: Visibility Percent: 1.0
10:10:15.666 [ INFO] maestro.orchestra.Orchestra.scrollUntilVisible: Command centerElement: ScrollUntilVisibleCommand(selector=ElementSelector(textRegex=null, idRegex=tabu-pass, size=null, below=null, above=null, leftOf=null, rightOf=null, containsChild=null, containsDescendants=null, traits=null, index=null, enabled=null, optional=false, selected=null, checked=null, focused=null, childOf=null, css=null), direction=DOWN, scrollDuration=601, visibilityPercentage=100, timeout=10000, waitToSettleTimeoutMs=null, centerElement=true, originalSpeedValue=40, label=null, optional=false).centerElement
10:10:15.666 [ INFO] maestro.orchestra.Orchestra.scrollUntilVisible: visibilityPercentageNormalized: 1.0
10:10:15.708 [ INFO] maestro.Maestro.swipeFromCenter: Swiping UP from center
10:10:17.658 [ INFO] maestro.orchestra.Orchestra.scrollUntilVisible: Scrolling try count: 2, DeviceWidth: 320, DeviceWidth: 640
10:10:17.658 [ INFO] maestro.orchestra.Orchestra.scrollUntilVisible: Element bounds: Bounds(x=165, y=468, width=139, height=64)
10:10:17.658 [ INFO] maestro.orchestra.Orchestra.scrollUntilVisible: Visibility Percent: 1.0
10:10:17.658 [ INFO] maestro.orchestra.Orchestra.scrollUntilVisible: Command centerElement: ScrollUntilVisibleCommand(selector=ElementSelector(textRegex=null, idRegex=tabu-pass, size=null, below=null, above=null, leftOf=null, rightOf=null, containsChild=null, containsDescendants=null, traits=null, index=null, enabled=null, optional=false, selected=null, checked=null, focused=null, childOf=null, css=null), direction=DOWN, scrollDuration=601, visibilityPercentage=100, timeout=10000, waitToSettleTimeoutMs=null, centerElement=true, originalSpeedValue=40, label=null, optional=false).centerElement
10:10:17.658 [ INFO] maestro.orchestra.Orchestra.scrollUntilVisible: visibilityPercentageNormalized: 1.0
10:10:17.700 [ INFO] maestro.Maestro.swipeFromCenter: Swiping UP from center
10:10:19.450 [ INFO] maestro.orchestra.Orchestra.scrollUntilVisible: Scrolling try count: 3, DeviceWidth: 320, DeviceWidth: 640
10:10:19.450 [ INFO] maestro.orchestra.Orchestra.scrollUntilVisible: Element bounds: Bounds(x=165, y=468, width=139, height=64)
10:10:19.450 [ INFO] maestro.orchestra.Orchestra.scrollUntilVisible: Visibility Percent: 1.0
10:10:19.450 [ INFO] maestro.orchestra.Orchestra.scrollUntilVisible: Command centerElement: ScrollUntilVisibleCommand(selector=ElementSelector(textRegex=null, idRegex=tabu-pass, size=null, below=null, above=null, leftOf=null, rightOf=null, containsChild=null, containsDescendants=null, traits=null, index=null, enabled=null, optional=false, selected=null, checked=null, focused=null, childOf=null, css=null), direction=DOWN, scrollDuration=601, visibilityPercentage=100, timeout=10000, waitToSettleTimeoutMs=null, centerElement=true, originalSpeedValue=40, label=null, optional=false).centerElement
10:10:19.450 [ INFO] maestro.orchestra.Orchestra.scrollUntilVisible: visibilityPercentageNormalized: 1.0
10:10:19.457 [ INFO] maestro.Maestro.swipeFromCenter: Swiping UP from center
10:10:20.938 [ INFO] maestro.orchestra.Orchestra.scrollUntilVisible: Scrolling try count: 4, DeviceWidth: 320, DeviceWidth: 640
10:10:20.938 [ INFO] maestro.orchestra.Orchestra.scrollUntilVisible: Element bounds: Bounds(x=165, y=468, width=139, height=64)
10:10:20.938 [ INFO] maestro.orchestra.Orchestra.scrollUntilVisible: Visibility Percent: 1.0
10:10:20.938 [ INFO] maestro.orchestra.Orchestra.scrollUntilVisible: Command centerElement: ScrollUntilVisibleCommand(selector=ElementSelector(textRegex=null, idRegex=tabu-pass, size=null, below=null, above=null, leftOf=null, rightOf=null, containsChild=null, containsDescendants=null, traits=null, index=null, enabled=null, optional=false, selected=null, checked=null, focused=null, childOf=null, css=null), direction=DOWN, scrollDuration=601, visibilityPercentage=100, timeout=10000, waitToSettleTimeoutMs=null, centerElement=true, originalSpeedValue=40, label=null, optional=false).centerElement
10:10:20.938 [ INFO] maestro.orchestra.Orchestra.scrollUntilVisible: visibilityPercentageNormalized: 1.0
10:10:20.976 [ INFO] maestro.Maestro.swipeFromCenter: Swiping UP from center
10:10:22.018 [ INFO] maestro.orchestra.Orchestra.scrollUntilVisible: Scrolling try count: 5, DeviceWidth: 320, DeviceWidth: 640
10:10:22.018 [ INFO] maestro.orchestra.Orchestra.scrollUntilVisible: Element bounds: Bounds(x=165, y=468, width=139, height=64)
10:10:22.018 [ INFO] maestro.orchestra.Orchestra.scrollUntilVisible: Visibility Percent: 1.0
10:10:22.018 [ INFO] maestro.orchestra.Orchestra.scrollUntilVisible: Command centerElement: ScrollUntilVisibleCommand(selector=ElementSelector(textRegex=null, idRegex=tabu-pass, size=null, below=null, above=null, leftOf=null, rightOf=null, containsChild=null, containsDescendants=null, traits=null, index=null, enabled=null, optional=false, selected=null, checked=null, focused=null, childOf=null, css=null), direction=DOWN, scrollDuration=601, visibilityPercentage=100, timeout=10000, waitToSettleTimeoutMs=null, centerElement=true, originalSpeedValue=40, label=null, optional=false).centerElement
10:10:22.018 [ INFO] maestro.orchestra.Orchestra.scrollUntilVisible: visibilityPercentageNormalized: 1.0
10:10:22.018 [ INFO] maestro.cli.runner.CliConsoleListener.onCommandFinished: Scrolling DOWN until id: tabu-pass is visible with speed 40, visibility percentage 100%, timeout 10000 ms, with centering enabled COMPLETED
10:10:22.018 [ INFO] maestro.cli.runner.CliConsoleListener.onCommandStart: Assert that "3 hak" is visible RUNNING
10:10:22.634 [ INFO] maestro.cli.runner.CliConsoleListener.onCommandFinished: Assert that "3 hak" is visible COMPLETED
10:10:22.634 [ INFO] maestro.cli.runner.CliConsoleListener.onCommandStart: Tap on id: tabu-pass RUNNING
10:10:22.710 [ INFO] maestro.Maestro.tap-HgV9Ck0: Tapping on element:  UiElement(treeNode=TreeNode(attributes={text=, accessibilityText=Pas, 3 pas hakkı, hintText=, ignoreBoundsFiltering=false, resource-id=tabu-pass, clickable=true, bounds=[165,468][304,532], enabled=true, focused=false, checked=false, scrollable=false, selected=false, class=android.widget.Button, important-for-accessibility=true, error=}, children=[TreeNode(attributes={text=, accessibilityText=, hintText=, ignoreBoundsFiltering=false, resource-id=, clickable=false, bounds=[165,468][304,532], enabled=true, focused=false, checked=false, scrollable=false, selected=false, class=android.view.ViewGroup, important-for-accessibility=false, error=}, children=[], clickable=false, enabled=true, focused=false, checked=false, selected=false), TreeNode(attributes={text=, accessibilityText=, hintText=, ignoreBoundsFiltering=false, resource-id=, clickable=false, bounds=[184,489][204,510], enabled=true, focused=false, checked=false, scrollable=false, selected=false, class=android.widget.TextView, important-for-accessibility=true, error=}, children=[], clickable=false, enabled=true, focused=false, checked=false, selected=false), TreeNode(attributes={text=Pas, accessibilityText=, hintText=, ignoreBoundsFiltering=false, resource-id=, clickable=false, bounds=[211,489][241,511], enabled=true, focused=false, checked=false, scrollable=false, selected=false, class=android.widget.TextView, important-for-accessibility=true, error=}, children=[], clickable=false, enabled=true, focused=false, checked=false, selected=false), TreeNode(attributes={text=3 hak, accessibilityText=, hintText=, ignoreBoundsFiltering=false, resource-id=, clickable=false, bounds=[245,491][285,511], enabled=true, focused=false, checked=false, scrollable=false, selected=false, class=android.widget.TextView, important-for-accessibility=true, error=}, children=[], clickable=false, enabled=true, focused=false, checked=false, selected=false)], clickable=true, enabled=true, focused=false, checked=false, selected=false), bounds=Bounds(x=165, y=468, width=139, height=64))
10:10:24.509 [ INFO] maestro.Maestro.tap-HgV9Ck0: Tap aimed via settled hierarchy
10:10:24.510 [ INFO] maestro.Maestro.hierarchyBasedTap-ogj28Uc: Tapping at (234, 500) using hierarchy based logic for wait
10:10:25.687 [ INFO] maestro.Maestro.hierarchyBasedTap-ogj28Uc: Something has changed in the UI judging by view hierarchy. Proceed.
10:10:25.687 [ INFO] maestro.cli.runner.CliConsoleListener.onCommandFinished: Tap on id: tabu-pass COMPLETED
10:10:25.687 [ INFO] maestro.cli.runner.CliConsoleListener.onCommandStart: Scrolling DOWN until "2 hak" is visible with speed 40, visibility percentage 100%, timeout 10000 ms, with centering enabled RUNNING
10:10:25.802 [ INFO] maestro.orchestra.Orchestra.scrollUntilVisible: Scrolling try count: 0, DeviceWidth: 320, DeviceWidth: 640
10:10:25.802 [ INFO] maestro.orchestra.Orchestra.scrollUntilVisible: Element bounds: Bounds(x=245, y=491, width=40, height=20)
10:10:25.802 [ INFO] maestro.orchestra.Orchestra.scrollUntilVisible: Visibility Percent: 1.0
10:10:25.802 [ INFO] maestro.orchestra.Orchestra.scrollUntilVisible: Command centerElement: ScrollUntilVisibleCommand(selector=ElementSelector(textRegex=2 hak, idRegex=null, size=null, below=null, above=null, leftOf=null, rightOf=null, containsChild=null, containsDescendants=null, traits=null, index=null, enabled=null, optional=false, selected=null, checked=null, focused=null, childOf=null, css=null), direction=DOWN, scrollDuration=601, visibilityPercentage=100, timeout=10000, waitToSettleTimeoutMs=null, centerElement=true, originalSpeedValue=40, label=null, optional=false).centerElement
10:10:25.802 [ INFO] maestro.orchestra.Orchestra.scrollUntilVisible: visibilityPercentageNormalized: 1.0
10:10:25.844 [ INFO] maestro.Maestro.swipeFromCenter: Swiping UP from center
10:10:26.830 [ INFO] maestro.orchestra.Orchestra.scrollUntilVisible: Scrolling try count: 1, DeviceWidth: 320, DeviceWidth: 640
10:10:26.830 [ INFO] maestro.orchestra.Orchestra.scrollUntilVisible: Element bounds: Bounds(x=245, y=491, width=40, height=20)
10:10:26.830 [ INFO] maestro.orchestra.Orchestra.scrollUntilVisible: Visibility Percent: 1.0
10:10:26.830 [ INFO] maestro.orchestra.Orchestra.scrollUntilVisible: Command centerElement: ScrollUntilVisibleCommand(selector=ElementSelector(textRegex=2 hak, idRegex=null, size=null, below=null, above=null, leftOf=null, rightOf=null, containsChild=null, containsDescendants=null, traits=null, index=null, enabled=null, optional=false, selected=null, checked=null, focused=null, childOf=null, css=null), direction=DOWN, scrollDuration=601, visibilityPercentage=100, timeout=10000, waitToSettleTimeoutMs=null, centerElement=true, originalSpeedValue=40, label=null, optional=false).centerElement
10:10:26.830 [ INFO] maestro.orchestra.Orchestra.scrollUntilVisible: visibilityPercentageNormalized: 1.0
10:10:26.871 [ INFO] maestro.Maestro.swipeFromCenter: Swiping UP from center
10:10:27.811 [ INFO] maestro.orchestra.Orchestra.scrollUntilVisible: Scrolling try count: 2, DeviceWidth: 320, DeviceWidth: 640
10:10:27.811 [ INFO] maestro.orchestra.Orchestra.scrollUntilVisible: Element bounds: Bounds(x=245, y=491, width=40, height=20)
10:10:27.811 [ INFO] maestro.orchestra.Orchestra.scrollUntilVisible: Visibility Percent: 1.0
10:10:27.811 [ INFO] maestro.orchestra.Orchestra.scrollUntilVisible: Command centerElement: ScrollUntilVisibleCommand(selector=ElementSelector(textRegex=2 hak, idRegex=null, size=null, below=null, above=null, leftOf=null, rightOf=null, containsChild=null, containsDescendants=null, traits=null, index=null, enabled=null, optional=false, selected=null, checked=null, focused=null, childOf=null, css=null), direction=DOWN, scrollDuration=601, visibilityPercentage=100, timeout=10000, waitToSettleTimeoutMs=null, centerElement=true, originalSpeedValue=40, label=null, optional=false).centerElement
10:10:27.811 [ INFO] maestro.orchestra.Orchestra.scrollUntilVisible: visibilityPercentageNormalized: 1.0
10:10:27.852 [ INFO] maestro.Maestro.swipeFromCenter: Swiping UP from center
10:10:28.818 [ INFO] maestro.orchestra.Orchestra.scrollUntilVisible: Scrolling try count: 3, DeviceWidth: 320, DeviceWidth: 640
10:10:28.818 [ INFO] maestro.orchestra.Orchestra.scrollUntilVisible: Element bounds: Bounds(x=245, y=491, width=40, height=20)
10:10:28.818 [ INFO] maestro.orchestra.Orchestra.scrollUntilVisible: Visibility Percent: 1.0
10:10:28.818 [ INFO] maestro.orchestra.Orchestra.scrollUntilVisible: Command centerElement: ScrollUntilVisibleCommand(selector=ElementSelector(textRegex=2 hak, idRegex=null, size=null, below=null, above=null, leftOf=null, rightOf=null, containsChild=null, containsDescendants=null, traits=null, index=null, enabled=null, optional=false, selected=null, checked=null, focused=null, childOf=null, css=null), direction=DOWN, scrollDuration=601, visibilityPercentage=100, timeout=10000, waitToSettleTimeoutMs=null, centerElement=true, originalSpeedValue=40, label=null, optional=false).centerElement
10:10:28.818 [ INFO] maestro.orchestra.Orchestra.scrollUntilVisible: visibilityPercentageNormalized: 1.0
10:10:28.859 [ INFO] maestro.Maestro.swipeFromCenter: Swiping UP from center
10:10:29.807 [ INFO] maestro.orchestra.Orchestra.scrollUntilVisible: Scrolling try count: 4, DeviceWidth: 320, DeviceWidth: 640
10:10:29.807 [ INFO] maestro.orchestra.Orchestra.scrollUntilVisible: Element bounds: Bounds(x=245, y=491, width=40, height=20)
10:10:29.807 [ INFO] maestro.orchestra.Orchestra.scrollUntilVisible: Visibility Percent: 1.0
10:10:29.807 [ INFO] maestro.orchestra.Orchestra.scrollUntilVisible: Command centerElement: ScrollUntilVisibleCommand(selector=ElementSelector(textRegex=2 hak, idRegex=null, size=null, below=null, above=null, leftOf=null, rightOf=null, containsChild=null, containsDescendants=null, traits=null, index=null, enabled=null, optional=false, selected=null, checked=null, focused=null, childOf=null, css=null), direction=DOWN, scrollDuration=601, visibilityPercentage=100, timeout=10000, waitToSettleTimeoutMs=null, centerElement=true, originalSpeedValue=40, label=null, optional=false).centerElement
10:10:29.807 [ INFO] maestro.orchestra.Orchestra.scrollUntilVisible: visibilityPercentageNormalized: 1.0
10:10:29.848 [ INFO] maestro.Maestro.swipeFromCenter: Swiping UP from center
10:10:31.443 [ INFO] maestro.orchestra.Orchestra.scrollUntilVisible: Scrolling try count: 5, DeviceWidth: 320, DeviceWidth: 640
10:10:31.443 [ INFO] maestro.orchestra.Orchestra.scrollUntilVisible: Element bounds: Bounds(x=245, y=491, width=40, height=20)
10:10:31.443 [ INFO] maestro.orchestra.Orchestra.scrollUntilVisible: Visibility Percent: 1.0
10:10:31.444 [ INFO] maestro.orchestra.Orchestra.scrollUntilVisible: Command centerElement: ScrollUntilVisibleCommand(selector=ElementSelector(textRegex=2 hak, idRegex=null, size=null, below=null, above=null, leftOf=null, rightOf=null, containsChild=null, containsDescendants=null, traits=null, index=null, enabled=null, optional=false, selected=null, checked=null, focused=null, childOf=null, css=null), direction=DOWN, scrollDuration=601, visibilityPercentage=100, timeout=10000, waitToSettleTimeoutMs=null, centerElement=true, originalSpeedValue=40, label=null, optional=false).centerElement
10:10:31.444 [ INFO] maestro.orchestra.Orchestra.scrollUntilVisible: visibilityPercentageNormalized: 1.0
10:10:31.444 [ INFO] maestro.cli.runner.CliConsoleListener.onCommandFinished: Scrolling DOWN until "2 hak" is visible with speed 40, visibility percentage 100%, timeout 10000 ms, with centering enabled COMPLETED
10:10:31.444 [ INFO] maestro.cli.runner.CliConsoleListener.onCommandStart: Run ../scripts/bot.js RUNNING
10:10:31.543 [ INFO] maestro.cli.runner.CliConsoleListener.onCommandFinished: Run ../scripts/bot.js COMPLETED
10:10:31.543 [ INFO] maestro.cli.runner.CliConsoleListener.onCommandStart: Take screenshot 19-after-marks RUNNING
10:10:31.543 [ INFO] maestro.Maestro.takeScreenshot: Taking screenshot
10:10:31.544 [TRACE] maestro.utils.ScreenshotUtils.takeScreenshot: Taking screenshot to output sink
10:10:31.576 [ INFO] maestro.cli.runner.CliConsoleListener.onCommandFinished: Take screenshot 19-after-marks COMPLETED
10:10:31.576 [ INFO] maestro.cli.runner.CliConsoleListener.onCommandStart: Run ../scripts/bot.js RUNNING
10:10:31.663 [ INFO] maestro.cli.runner.CliConsoleListener.onCommandFinished: Run ../scripts/bot.js COMPLETED
10:10:31.664 [ INFO] maestro.cli.runner.CliConsoleListener.onCommandStart: Assert that id: turn-countdown is visible RUNNING
10:10:32.446 [ INFO] maestro.cli.runner.CliConsoleListener.onCommandFinished: Assert that id: turn-countdown is visible COMPLETED
10:10:32.446 [ INFO] maestro.cli.runner.CliConsoleListener.onCommandStart: Take screenshot 19b-turn-ready-waiting RUNNING
10:10:32.446 [ INFO] maestro.Maestro.takeScreenshot: Taking screenshot
10:10:32.447 [TRACE] maestro.utils.ScreenshotUtils.takeScreenshot: Taking screenshot to output sink
10:10:32.469 [ INFO] maestro.cli.runner.CliConsoleListener.onCommandFinished: Take screenshot 19b-turn-ready-waiting COMPLETED
10:10:32.469 [ INFO] maestro.cli.runner.CliConsoleListener.onCommandStart: Run ../scripts/bot.js RUNNING
10:10:32.541 [ INFO] maestro.cli.runner.CliConsoleListener.onCommandFinished: Run ../scripts/bot.js COMPLETED
10:10:32.542 [ INFO] maestro.cli.runner.CliConsoleListener.onCommandStart: Scrolling UP until ".*Tur 2/6" is visible with speed 40, visibility percentage 100%, timeout 20000 ms, with centering disabled RUNNING
10:10:33.567 [ INFO] maestro.orchestra.Orchestra.scrollUntilVisible: Scrolling try count: 0, DeviceWidth: 320, DeviceWidth: 640
10:10:33.567 [ INFO] maestro.orchestra.Orchestra.scrollUntilVisible: Element bounds: Bounds(x=16, y=96, width=88, height=20)
10:10:33.567 [ INFO] maestro.orchestra.Orchestra.scrollUntilVisible: Visibility Percent: 1.0
10:10:33.567 [ INFO] maestro.orchestra.Orchestra.scrollUntilVisible: Command centerElement: ScrollUntilVisibleCommand(selector=ElementSelector(textRegex=.*Tur 2/6, idRegex=null, size=null, below=null, above=null, leftOf=null, rightOf=null, containsChild=null, containsDescendants=null, traits=null, index=null, enabled=null, optional=false, selected=null, checked=null, focused=null, childOf=null, css=null), direction=UP, scrollDuration=601, visibilityPercentage=100, timeout=20000, waitToSettleTimeoutMs=null, centerElement=false, originalSpeedValue=40, label=null, optional=false).centerElement
10:10:33.567 [ INFO] maestro.orchestra.Orchestra.scrollUntilVisible: visibilityPercentageNormalized: 1.0
10:10:33.568 [ INFO] maestro.cli.runner.CliConsoleListener.onCommandFinished: Scrolling UP until ".*Tur 2/6" is visible with speed 40, visibility percentage 100%, timeout 20000 ms, with centering disabled COMPLETED
10:10:33.568 [ INFO] maestro.cli.runner.CliConsoleListener.onCommandStart: Scrolling DOWN until id: tabu-taboo is visible with speed 40, visibility percentage 100%, timeout 20000 ms, with centering enabled RUNNING
10:10:33.654 [ INFO] maestro.orchestra.Orchestra.scrollUntilVisible: Scrolling try count: 0, DeviceWidth: 320, DeviceWidth: 640
10:10:33.654 [ INFO] maestro.orchestra.Orchestra.scrollUntilVisible: Element bounds: Bounds(x=165, y=636, width=139, height=4)
10:10:33.654 [ INFO] maestro.orchestra.Orchestra.scrollUntilVisible: Visibility Percent: 1.0
10:10:33.654 [ INFO] maestro.orchestra.Orchestra.scrollUntilVisible: Command centerElement: ScrollUntilVisibleCommand(selector=ElementSelector(textRegex=null, idRegex=tabu-taboo, size=null, below=null, above=null, leftOf=null, rightOf=null, containsChild=null, containsDescendants=null, traits=null, index=null, enabled=null, optional=false, selected=null, checked=null, focused=null, childOf=null, css=null), direction=DOWN, scrollDuration=601, visibilityPercentage=100, timeout=20000, waitToSettleTimeoutMs=null, centerElement=true, originalSpeedValue=40, label=null, optional=false).centerElement
10:10:33.654 [ INFO] maestro.orchestra.Orchestra.scrollUntilVisible: visibilityPercentageNormalized: 1.0
10:10:33.736 [ INFO] maestro.Maestro.swipeFromCenter: Swiping UP from center
10:10:35.534 [ INFO] maestro.orchestra.Orchestra.scrollUntilVisible: Scrolling try count: 1, DeviceWidth: 320, DeviceWidth: 640
10:10:35.534 [ INFO] maestro.orchestra.Orchestra.scrollUntilVisible: Element bounds: Bounds(x=165, y=468, width=139, height=64)
10:10:35.534 [ INFO] maestro.orchestra.Orchestra.scrollUntilVisible: Visibility Percent: 1.0
10:10:35.534 [ INFO] maestro.orchestra.Orchestra.scrollUntilVisible: Command centerElement: ScrollUntilVisibleCommand(selector=ElementSelector(textRegex=null, idRegex=tabu-taboo, size=null, below=null, above=null, leftOf=null, rightOf=null, containsChild=null, containsDescendants=null, traits=null, index=null, enabled=null, optional=false, selected=null, checked=null, focused=null, childOf=null, css=null), direction=DOWN, scrollDuration=601, visibilityPercentage=100, timeout=20000, waitToSettleTimeoutMs=null, centerElement=true, originalSpeedValue=40, label=null, optional=false).centerElement
10:10:35.534 [ INFO] maestro.orchestra.Orchestra.scrollUntilVisible: visibilityPercentageNormalized: 1.0
10:10:35.577 [ INFO] maestro.Maestro.swipeFromCenter: Swiping UP from center
10:10:36.934 [ INFO] maestro.orchestra.Orchestra.scrollUntilVisible: Scrolling try count: 2, DeviceWidth: 320, DeviceWidth: 640
10:10:36.934 [ INFO] maestro.orchestra.Orchestra.scrollUntilVisible: Element bounds: Bounds(x=165, y=468, width=139, height=64)
10:10:36.934 [ INFO] maestro.orchestra.Orchestra.scrollUntilVisible: Visibility Percent: 1.0
10:10:36.934 [ INFO] maestro.orchestra.Orchestra.scrollUntilVisible: Command centerElement: ScrollUntilVisibleCommand(selector=ElementSelector(textRegex=null, idRegex=tabu-taboo, size=null, below=null, above=null, leftOf=null, rightOf=null, containsChild=null, containsDescendants=null, traits=null, index=null, enabled=null, optional=false, selected=null, checked=null, focused=null, childOf=null, css=null), direction=DOWN, scrollDuration=601, visibilityPercentage=100, timeout=20000, waitToSettleTimeoutMs=null, centerElement=true, originalSpeedValue=40, label=null, optional=false).centerElement
10:10:36.934 [ INFO] maestro.orchestra.Orchestra.scrollUntilVisible: visibilityPercentageNormalized: 1.0
10:10:36.938 [ INFO] maestro.Maestro.swipeFromCenter: Swiping UP from center
10:10:37.890 [ INFO] maestro.orchestra.Orchestra.scrollUntilVisible: Scrolling try count: 3, DeviceWidth: 320, DeviceWidth: 640
10:10:37.890 [ INFO] maestro.orchestra.Orchestra.scrollUntilVisible: Element bounds: Bounds(x=165, y=468, width=139, height=64)
10:10:37.890 [ INFO] maestro.orchestra.Orchestra.scrollUntilVisible: Visibility Percent: 1.0
10:10:37.890 [ INFO] maestro.orchestra.Orchestra.scrollUntilVisible: Command centerElement: ScrollUntilVisibleCommand(selector=ElementSelector(textRegex=null, idRegex=tabu-taboo, size=null, below=null, above=null, leftOf=null, rightOf=null, containsChild=null, containsDescendants=null, traits=null, index=null, enabled=null, optional=false, selected=null, checked=null, focused=null, childOf=null, css=null), direction=DOWN, scrollDuration=601, visibilityPercentage=100, timeout=20000, waitToSettleTimeoutMs=null, centerElement=true, originalSpeedValue=40, label=null, optional=false).centerElement
10:10:37.890 [ INFO] maestro.orchestra.Orchestra.scrollUntilVisible: visibilityPercentageNormalized: 1.0
10:10:37.932 [ INFO] maestro.Maestro.swipeFromCenter: Swiping UP from center
10:10:39.458 [ INFO] maestro.orchestra.Orchestra.scrollUntilVisible: Scrolling try count: 4, DeviceWidth: 320, DeviceWidth: 640
10:10:39.458 [ INFO] maestro.orchestra.Orchestra.scrollUntilVisible: Element bounds: Bounds(x=165, y=468, width=139, height=64)
10:10:39.458 [ INFO] maestro.orchestra.Orchestra.scrollUntilVisible: Visibility Percent: 1.0
10:10:39.458 [ INFO] maestro.orchestra.Orchestra.scrollUntilVisible: Command centerElement: ScrollUntilVisibleCommand(selector=ElementSelector(textRegex=null, idRegex=tabu-taboo, size=null, below=null, above=null, leftOf=null, rightOf=null, containsChild=null, containsDescendants=null, traits=null, index=null, enabled=null, optional=false, selected=null, checked=null, focused=null, childOf=null, css=null), direction=DOWN, scrollDuration=601, visibilityPercentage=100, timeout=20000, waitToSettleTimeoutMs=null, centerElement=true, originalSpeedValue=40, label=null, optional=false).centerElement
10:10:39.458 [ INFO] maestro.orchestra.Orchestra.scrollUntilVisible: visibilityPercentageNormalized: 1.0
10:10:39.463 [ INFO] maestro.Maestro.swipeFromCenter: Swiping UP from center
10:10:40.922 [ INFO] maestro.orchestra.Orchestra.scrollUntilVisible: Scrolling try count: 5, DeviceWidth: 320, DeviceWidth: 640
10:10:40.922 [ INFO] maestro.orchestra.Orchestra.scrollUntilVisible: Element bounds: Bounds(x=165, y=468, width=139, height=64)
10:10:40.922 [ INFO] maestro.orchestra.Orchestra.scrollUntilVisible: Visibility Percent: 1.0
10:10:40.922 [ INFO] maestro.orchestra.Orchestra.scrollUntilVisible: Command centerElement: ScrollUntilVisibleCommand(selector=ElementSelector(textRegex=null, idRegex=tabu-taboo, size=null, below=null, above=null, leftOf=null, rightOf=null, containsChild=null, containsDescendants=null, traits=null, index=null, enabled=null, optional=false, selected=null, checked=null, focused=null, childOf=null, css=null), direction=DOWN, scrollDuration=601, visibilityPercentage=100, timeout=20000, waitToSettleTimeoutMs=null, centerElement=true, originalSpeedValue=40, label=null, optional=false).centerElement
10:10:40.922 [ INFO] maestro.orchestra.Orchestra.scrollUntilVisible: visibilityPercentageNormalized: 1.0
10:10:40.922 [ INFO] maestro.cli.runner.CliConsoleListener.onCommandFinished: Scrolling DOWN until id: tabu-taboo is visible with speed 40, visibility percentage 100%, timeout 20000 ms, with centering enabled COMPLETED
10:10:40.922 [ INFO] maestro.cli.runner.CliConsoleListener.onCommandStart: Take screenshot 20-judge RUNNING
10:10:40.923 [ INFO] maestro.Maestro.takeScreenshot: Taking screenshot
10:10:40.923 [TRACE] maestro.utils.ScreenshotUtils.takeScreenshot: Taking screenshot to output sink
10:10:40.982 [ INFO] maestro.cli.runner.CliConsoleListener.onCommandFinished: Take screenshot 20-judge COMPLETED
10:10:40.982 [ INFO] maestro.cli.runner.CliConsoleListener.onCommandStart: Tap on id: tabu-correct RUNNING
10:10:41.574 [ INFO] maestro.Maestro.tap-HgV9Ck0: Tapping on element:  UiElement(treeNode=TreeNode(attributes={text=, accessibilityText=Doğru +1, hintText=, ignoreBoundsFiltering=false, resource-id=tabu-correct, clickable=true, bounds=[16,468][155,532], enabled=true, focused=false, checked=false, scrollable=false, selected=false, class=android.widget.Button, important-for-accessibility=true, error=}, children=[TreeNode(attributes={text=, accessibilityText=, hintText=, ignoreBoundsFiltering=false, resource-id=, clickable=false, bounds=[16,468][155,532], enabled=true, focused=false, checked=false, scrollable=false, selected=false, class=android.view.ViewGroup, important-for-accessibility=false, error=}, children=[], clickable=false, enabled=true, focused=false, checked=false, selected=false), TreeNode(attributes={text=, accessibilityText=, hintText=, ignoreBoundsFiltering=false, resource-id=, clickable=false, bounds=[34,489][54,510], enabled=true, focused=false, checked=false, scrollable=false, selected=false, class=android.widget.TextView, important-for-accessibility=true, error=}, children=[], clickable=false, enabled=true, focused=false, checked=false, selected=false), TreeNode(attributes={text=Doğru, accessibilityText=, hintText=, ignoreBoundsFiltering=false, resource-id=, clickable=false, bounds=[60,489][113,511], enabled=true, focused=false, checked=false, scrollable=false, selected=false, class=android.widget.TextView, important-for-accessibility=true, error=}, children=[], clickable=false, enabled=true, focused=false, checked=false, selected=false), TreeNode(attributes={text=+1, accessibilityText=, hintText=, ignoreBoundsFiltering=false, resource-id=, clickable=false, bounds=[117,491][137,511], enabled=true, focused=false, checked=false, scrollable=false, selected=false, class=android.widget.TextView, important-for-accessibility=true, error=}, children=[], clickable=false, enabled=true, focused=false, checked=false, selected=false)], clickable=true, enabled=true, focused=false, checked=false, selected=false), bounds=Bounds(x=16, y=468, width=139, height=64))
10:10:42.650 [ INFO] maestro.Maestro.tap-HgV9Ck0: Tap aimed via settled hierarchy
10:10:42.650 [ INFO] maestro.Maestro.hierarchyBasedTap-ogj28Uc: Tapping at (85, 500) using hierarchy based logic for wait
10:10:44.010 [ INFO] maestro.Maestro.hierarchyBasedTap-ogj28Uc: Something has changed in the UI judging by view hierarchy. Proceed.
10:10:44.010 [ INFO] maestro.cli.runner.CliConsoleListener.onCommandFinished: Tap on id: tabu-correct COMPLETED
10:10:44.010 [ INFO] maestro.cli.runner.CliConsoleListener.onCommandStart: Scrolling DOWN until id: end-game is visible with speed 40, visibility percentage 100%, timeout 10000 ms, with centering enabled RUNNING
10:10:44.534 [ INFO] maestro.orchestra.Orchestra.scrollUntilVisible: Scrolling try count: 0, DeviceWidth: 320, DeviceWidth: 640
10:10:44.534 [ INFO] maestro.orchestra.Orchestra.scrollUntilVisible: Element bounds: Bounds(x=16, y=30, width=44, height=44)
10:10:44.534 [ INFO] maestro.orchestra.Orchestra.scrollUntilVisible: Visibility Percent: 1.0
10:10:44.535 [ INFO] maestro.orchestra.Orchestra.scrollUntilVisible: Command centerElement: ScrollUntilVisibleCommand(selector=ElementSelector(textRegex=null, idRegex=end-game, size=null, below=null, above=null, leftOf=null, rightOf=null, containsChild=null, containsDescendants=null, traits=null, index=null, enabled=null, optional=false, selected=null, checked=null, focused=null, childOf=null, css=null), direction=DOWN, scrollDuration=601, visibilityPercentage=100, timeout=10000, waitToSettleTimeoutMs=null, centerElement=true, originalSpeedValue=40, label=null, optional=false).centerElement
10:10:44.535 [ INFO] maestro.orchestra.Orchestra.scrollUntilVisible: visibilityPercentageNormalized: 1.0
10:10:44.535 [ INFO] maestro.cli.runner.CliConsoleListener.onCommandFinished: Scrolling DOWN until id: end-game is visible with speed 40, visibility percentage 100%, timeout 10000 ms, with centering enabled COMPLETED
10:10:44.535 [ INFO] maestro.cli.runner.CliConsoleListener.onCommandStart: Tap on id: end-game RUNNING
10:10:44.614 [ INFO] maestro.Maestro.tap-HgV9Ck0: Tapping on element:  UiElement(treeNode=TreeNode(attributes={text=, accessibilityText=Oyunu bitir, hintText=, ignoreBoundsFiltering=false, resource-id=end-game, clickable=true, bounds=[16,30][60,74], enabled=true, focused=false, checked=false, scrollable=false, selected=false, class=android.widget.Button, important-for-accessibility=true, error=}, children=[TreeNode(attributes={text=, accessibilityText=, hintText=, ignoreBoundsFiltering=false, resource-id=, clickable=false, bounds=[16,30][60,74], enabled=true, focused=false, checked=false, scrollable=false, selected=false, class=android.view.ViewGroup, important-for-accessibility=false, error=}, children=[], clickable=false, enabled=true, focused=false, checked=false, selected=false), TreeNode(attributes={text=, accessibilityText=, hintText=, ignoreBoundsFiltering=false, resource-id=, clickable=false, bounds=[28,41][48,62], enabled=true, focused=false, checked=false, scrollable=false, selected=false, class=android.widget.TextView, important-for-accessibility=true, error=}, children=[], clickable=false, enabled=true, focused=false, checked=false, selected=false)], clickable=true, enabled=true, focused=false, checked=false, selected=false), bounds=Bounds(x=16, y=30, width=44, height=44))
10:10:45.582 [ INFO] maestro.Maestro.tap-HgV9Ck0: Tap aimed via settled hierarchy
10:10:45.583 [ INFO] maestro.Maestro.hierarchyBasedTap-ogj28Uc: Tapping at (38, 52) using hierarchy based logic for wait
10:10:46.621 [ INFO] maestro.Maestro.hierarchyBasedTap-ogj28Uc: Something has changed in the UI judging by view hierarchy. Proceed.
10:10:46.621 [ INFO] maestro.cli.runner.CliConsoleListener.onCommandFinished: Tap on id: end-game COMPLETED
10:10:46.621 [ INFO] maestro.cli.runner.CliConsoleListener.onCommandStart: Assert that id: end-game-confirm is visible RUNNING
10:10:46.685 [ INFO] maestro.cli.runner.CliConsoleListener.onCommandFinished: Assert that id: end-game-confirm is visible COMPLETED
10:10:46.685 [ INFO] maestro.cli.runner.CliConsoleListener.onCommandStart: Take screenshot 20a-end-confirm RUNNING
10:10:46.686 [ INFO] maestro.Maestro.takeScreenshot: Taking screenshot
10:10:46.686 [TRACE] maestro.utils.ScreenshotUtils.takeScreenshot: Taking screenshot to output sink
10:10:46.796 [ INFO] maestro.cli.runner.CliConsoleListener.onCommandFinished: Take screenshot 20a-end-confirm COMPLETED
10:10:46.796 [ INFO] maestro.cli.runner.CliConsoleListener.onCommandStart: Tap on id: end-game-confirm RUNNING
10:10:46.897 [ INFO] maestro.Maestro.tap-HgV9Ck0: Tapping on element:  UiElement(treeNode=TreeNode(attributes={text=, accessibilityText=Bitir, hintText=, ignoreBoundsFiltering=false, resource-id=end-game-confirm, clickable=true, bounds=[165,568][296,616], enabled=true, focused=false, checked=false, scrollable=false, selected=false, class=android.widget.Button, important-for-accessibility=true, error=}, children=[TreeNode(attributes={text=, accessibilityText=, hintText=, ignoreBoundsFiltering=false, resource-id=, clickable=false, bounds=[165,568][296,616], enabled=true, focused=false, checked=false, scrollable=false, selected=false, class=android.view.ViewGroup, important-for-accessibility=false, error=}, children=[], clickable=false, enabled=true, focused=false, checked=false, selected=false), TreeNode(attributes={text=Bitir, accessibilityText=, hintText=, ignoreBoundsFiltering=false, resource-id=, clickable=false, bounds=[215,582][247,602], enabled=true, focused=false, checked=false, scrollable=false, selected=false, class=android.widget.TextView, important-for-accessibility=true, error=}, children=[], clickable=false, enabled=true, focused=false, checked=false, selected=false)], clickable=true, enabled=true, focused=false, checked=false, selected=false), bounds=Bounds(x=165, y=568, width=131, height=48))
10:10:48.105 [ INFO] maestro.Maestro.tap-HgV9Ck0: Tap aimed via settled hierarchy
10:10:48.106 [ INFO] maestro.Maestro.hierarchyBasedTap-ogj28Uc: Tapping at (230, 592) using hierarchy based logic for wait
10:10:49.444 [ INFO] maestro.Maestro.hierarchyBasedTap-ogj28Uc: Something has changed in the UI judging by view hierarchy. Proceed.
10:10:49.445 [ INFO] maestro.cli.runner.CliConsoleListener.onCommandFinished: Tap on id: end-game-confirm COMPLETED
10:10:49.445 [ INFO] maestro.cli.runner.CliConsoleListener.onCommandStart: Scrolling UP until id: last-game is visible with speed 40, visibility percentage 100%, timeout 15000 ms, with centering disabled RUNNING
10:10:49.536 [ INFO] maestro.orchestra.Orchestra.scrollUntilVisible: Scrolling try count: 0, DeviceWidth: 320, DeviceWidth: 640
10:10:49.537 [ INFO] maestro.orchestra.Orchestra.scrollUntilVisible: Element bounds: Bounds(x=16, y=129, width=288, height=38)
10:10:49.537 [ INFO] maestro.orchestra.Orchestra.scrollUntilVisible: Visibility Percent: 1.0
10:10:49.537 [ INFO] maestro.orchestra.Orchestra.scrollUntilVisible: Command centerElement: ScrollUntilVisibleCommand(selector=ElementSelector(textRegex=null, idRegex=last-game, size=null, below=null, above=null, leftOf=null, rightOf=null, containsChild=null, containsDescendants=null, traits=null, index=null, enabled=null, optional=false, selected=null, checked=null, focused=null, childOf=null, css=null), direction=UP, scrollDuration=601, visibilityPercentage=100, timeout=15000, waitToSettleTimeoutMs=null, centerElement=false, originalSpeedValue=40, label=null, optional=false).centerElement
10:10:49.537 [ INFO] maestro.orchestra.Orchestra.scrollUntilVisible: visibilityPercentageNormalized: 1.0
10:10:49.537 [ INFO] maestro.cli.runner.CliConsoleListener.onCommandFinished: Scrolling UP until id: last-game is visible with speed 40, visibility percentage 100%, timeout 15000 ms, with centering disabled COMPLETED
10:10:49.537 [ INFO] maestro.cli.runner.CliConsoleListener.onCommandStart: Assert that id: propose-sohbet is visible RUNNING
10:10:49.661 [ INFO] maestro.cli.runner.CliConsoleListener.onCommandFinished: Assert that id: propose-sohbet is visible COMPLETED
10:10:49.661 [ INFO] maestro.cli.runner.CliConsoleListener.onCommandStart: Take screenshot 20b-back-to-chat RUNNING
10:10:49.661 [ INFO] maestro.Maestro.takeScreenshot: Taking screenshot
10:10:49.662 [TRACE] maestro.utils.ScreenshotUtils.takeScreenshot: Taking screenshot to output sink
10:10:49.724 [ INFO] maestro.cli.runner.CliConsoleListener.onCommandFinished: Take screenshot 20b-back-to-chat COMPLETED
10:10:49.724 [ INFO] maestro.cli.runner.CliConsoleListener.onCommandStart: Tap on id: propose-sohbet RUNNING
10:10:49.843 [ INFO] maestro.Maestro.tap-HgV9Ck0: Tapping on element:  UiElement(treeNode=TreeNode(attributes={text=, accessibilityText=Sohbet kartları öner, hintText=, ignoreBoundsFiltering=false, resource-id=propose-sohbet, clickable=true, bounds=[166,477][286,569], enabled=true, focused=false, checked=false, scrollable=false, selected=false, class=android.widget.Button, important-for-accessibility=true, error=}, children=[TreeNode(attributes={text=, accessibilityText=, hintText=, ignoreBoundsFiltering=false, resource-id=, clickable=false, bounds=[166,477][286,569], enabled=true, focused=false, checked=false, scrollable=false, selected=false, class=android.view.ViewGroup, important-for-accessibility=false, error=}, children=[TreeNode(attributes={text=Sohbet kartları, accessibilityText=, hintText=, ignoreBoundsFiltering=false, resource-id=, clickable=false, bounds=[178,489][274,527], enabled=true, focused=false, checked=false, scrollable=false, selected=false, class=android.widget.TextView, important-for-accessibility=true, error=}, children=[], clickable=false, enabled=true, focused=false, checked=false, selected=false), TreeNode(attributes={text=, accessibilityText=, hintText=, ignoreBoundsFiltering=false, resource-id=, clickable=false, bounds=[236,521][286,569], enabled=true, focused=false, checked=false, scrollable=false, selected=false, class=android.widget.ImageView, important-for-accessibility=false, error=}, children=[], clickable=false, enabled=true, focused=false, checked=false, selected=false)], clickable=false, enabled=true, focused=false, checked=false, selected=false)], clickable=true, enabled=true, focused=false, checked=false, selected=false), bounds=Bounds(x=166, y=477, width=120, height=92))
10:10:51.130 [ INFO] maestro.Maestro.tap-HgV9Ck0: Tap aimed via settled hierarchy
10:10:51.131 [ INFO] maestro.Maestro.hierarchyBasedTap-ogj28Uc: Tapping at (226, 523) using hierarchy based logic for wait
10:10:52.142 [ INFO] maestro.Maestro.hierarchyBasedTap-ogj28Uc: Something has changed in the UI judging by view hierarchy. Proceed.
10:10:52.142 [ INFO] maestro.cli.runner.CliConsoleListener.onCommandFinished: Tap on id: propose-sohbet COMPLETED
10:10:52.142 [ INFO] maestro.cli.runner.CliConsoleListener.onCommandStart: Assert that "Sohbet kartları önerdin.*" is visible RUNNING
10:10:52.251 [ INFO] maestro.cli.runner.CliConsoleListener.onCommandFinished: Assert that "Sohbet kartları önerdin.*" is visible COMPLETED
10:10:52.251 [ INFO] maestro.cli.runner.CliConsoleListener.onCommandStart: Run ../scripts/bot.js RUNNING
10:10:52.316 [ INFO] maestro.cli.runner.CliConsoleListener.onCommandFinished: Run ../scripts/bot.js COMPLETED
10:10:52.316 [ INFO] maestro.cli.runner.CliConsoleListener.onCommandStart: Assert that id: proposal-not-accepted is visible RUNNING
10:10:53.143 [ INFO] maestro.cli.runner.CliConsoleListener.onCommandFinished: Assert that id: proposal-not-accepted is visible COMPLETED
10:10:53.143 [ INFO] maestro.cli.runner.CliConsoleListener.onCommandStart: Take screenshot 20c-not-accepted RUNNING
10:10:53.143 [ INFO] maestro.Maestro.takeScreenshot: Taking screenshot
10:10:53.144 [TRACE] maestro.utils.ScreenshotUtils.takeScreenshot: Taking screenshot to output sink
10:10:53.167 [ INFO] maestro.cli.runner.CliConsoleListener.onCommandFinished: Take screenshot 20c-not-accepted COMPLETED
10:10:53.167 [ INFO] maestro.cli.runner.CliConsoleListener.onCommandFinished: Run flows/04-room-tabu.yaml COMPLETED
10:10:53.167 [ INFO] maestro.cli.runner.CliConsoleListener.onCommandStart: Run flows/05-reveal-friend-dm.yaml RUNNING
10:10:53.168 [ INFO] maestro.cli.runner.CliConsoleListener.onCommandStart: Apply configuration RUNNING
10:10:53.168 [ INFO] maestro.cli.runner.CliConsoleListener.onCommandFinished: Apply configuration COMPLETED
10:10:53.168 [ INFO] maestro.cli.runner.CliConsoleListener.onCommandStart: Run ../scripts/bot.js RUNNING
10:10:53.201 [ INFO] maestro.cli.runner.CliConsoleListener.onCommandFinished: Run ../scripts/bot.js COMPLETED
10:10:53.201 [ INFO] maestro.cli.runner.CliConsoleListener.onCommandStart: Scrolling DOWN until id: end-room is visible with speed 40, visibility percentage 100%, timeout 20000 ms, with centering disabled RUNNING
10:10:53.572 [ INFO] maestro.orchestra.Orchestra.scrollUntilVisible: Scrolling try count: 0, DeviceWidth: 320, DeviceWidth: 640
10:10:53.572 [ INFO] maestro.orchestra.Orchestra.scrollUntilVisible: Element bounds: Bounds(x=224, y=32, width=40, height=40)
10:10:53.573 [ INFO] maestro.orchestra.Orchestra.scrollUntilVisible: Visibility Percent: 1.0
10:10:53.573 [ INFO] maestro.orchestra.Orchestra.scrollUntilVisible: Command centerElement: ScrollUntilVisibleCommand(selector=ElementSelector(textRegex=null, idRegex=end-room, size=null, below=null, above=null, leftOf=null, rightOf=null, containsChild=null, containsDescendants=null, traits=null, index=null, enabled=null, optional=false, selected=null, checked=null, focused=null, childOf=null, css=null), direction=DOWN, scrollDuration=601, visibilityPercentage=100, timeout=20000, waitToSettleTimeoutMs=null, centerElement=false, originalSpeedValue=40, label=null, optional=false).centerElement
10:10:53.573 [ INFO] maestro.orchestra.Orchestra.scrollUntilVisible: visibilityPercentageNormalized: 1.0
10:10:53.573 [ INFO] maestro.cli.runner.CliConsoleListener.onCommandFinished: Scrolling DOWN until id: end-room is visible with speed 40, visibility percentage 100%, timeout 20000 ms, with centering disabled COMPLETED
10:10:53.573 [ INFO] maestro.cli.runner.CliConsoleListener.onCommandStart: Tap on id: end-room RUNNING
10:10:53.656 [ INFO] maestro.Maestro.tap-HgV9Ck0: Tapping on element:  UiElement(treeNode=TreeNode(attributes={text=, accessibilityText=Odayı bitir, hintText=, ignoreBoundsFiltering=false, resource-id=end-room, clickable=true, bounds=[224,32][264,72], enabled=true, focused=false, checked=false, scrollable=false, selected=false, class=android.widget.Button, important-for-accessibility=true, error=}, children=[TreeNode(attributes={text=, accessibilityText=, hintText=, ignoreBoundsFiltering=false, resource-id=, clickable=false, bounds=[224,32][264,72], enabled=true, focused=false, checked=false, scrollable=false, selected=false, class=android.view.ViewGroup, important-for-accessibility=false, error=}, children=[], clickable=false, enabled=true, focused=false, checked=false, selected=false), TreeNode(attributes={text=, accessibilityText=, hintText=, ignoreBoundsFiltering=false, resource-id=, clickable=false, bounds=[234,41][254,62], enabled=true, focused=false, checked=false, scrollable=false, selected=false, class=android.widget.TextView, important-for-accessibility=true, error=}, children=[], clickable=false, enabled=true, focused=false, checked=false, selected=false)], clickable=true, enabled=true, focused=false, checked=false, selected=false), bounds=Bounds(x=224, y=32, width=40, height=40))
10:10:54.952 [ INFO] maestro.Maestro.tap-HgV9Ck0: Tap aimed via settled hierarchy
10:10:54.952 [ INFO] maestro.Maestro.hierarchyBasedTap-ogj28Uc: Tapping at (244, 52) using hierarchy based logic for wait
10:10:56.185 [ INFO] maestro.Maestro.hierarchyBasedTap-ogj28Uc: Something has changed in the UI judging by view hierarchy. Proceed.
10:10:56.186 [ INFO] maestro.cli.runner.CliConsoleListener.onCommandFinished: Tap on id: end-room COMPLETED
10:10:56.186 [ INFO] maestro.cli.runner.CliConsoleListener.onCommandStart: Assert that "Tanışalım mı\?" is visible RUNNING
10:10:56.294 [ INFO] maestro.cli.runner.CliConsoleListener.onCommandFinished: Assert that "Tanışalım mı\?" is visible COMPLETED
10:10:56.294 [ INFO] maestro.cli.runner.CliConsoleListener.onCommandStart: Take screenshot 21-reveal-question RUNNING
10:10:56.294 [ INFO] maestro.Maestro.takeScreenshot: Taking screenshot
10:10:56.295 [TRACE] maestro.utils.ScreenshotUtils.takeScreenshot: Taking screenshot to output sink
10:10:56.318 [ INFO] maestro.cli.runner.CliConsoleListener.onCommandFinished: Take screenshot 21-reveal-question COMPLETED
10:10:56.318 [ INFO] maestro.cli.runner.CliConsoleListener.onCommandStart: Tap on id: reveal-yes RUNNING
10:10:56.422 [ INFO] maestro.Maestro.tap-HgV9Ck0: Tapping on element:  UiElement(treeNode=TreeNode(attributes={text=, accessibilityText=Evet, hintText=, ignoreBoundsFiltering=false, resource-id=reveal-yes, clickable=true, bounds=[165,313][283,361], enabled=true, focused=false, checked=false, scrollable=false, selected=false, class=android.widget.Button, important-for-accessibility=true, error=}, children=[TreeNode(attributes={text=, accessibilityText=, hintText=, ignoreBoundsFiltering=false, resource-id=, clickable=false, bounds=[165,313][283,361], enabled=true, focused=false, checked=false, scrollable=false, selected=false, class=android.view.ViewGroup, important-for-accessibility=false, error=}, children=[], clickable=false, enabled=true, focused=false, checked=false, selected=false), TreeNode(attributes={text=Evet, accessibilityText=, hintText=, ignoreBoundsFiltering=false, resource-id=, clickable=false, bounds=[208,327][241,347], enabled=true, focused=false, checked=false, scrollable=false, selected=false, class=android.widget.TextView, important-for-accessibility=true, error=}, children=[], clickable=false, enabled=true, focused=false, checked=false, selected=false)], clickable=true, enabled=true, focused=false, checked=false, selected=false), bounds=Bounds(x=165, y=313, width=118, height=48))
10:10:57.449 [ INFO] maestro.Maestro.tap-HgV9Ck0: Tap aimed via settled hierarchy
10:10:57.450 [ INFO] maestro.Maestro.hierarchyBasedTap-ogj28Uc: Tapping at (224, 337) using hierarchy based logic for wait
10:10:59.051 [ INFO] maestro.Maestro.hierarchyBasedTap-ogj28Uc: Something has changed in the UI judging by view hierarchy. Proceed.
10:10:59.051 [ INFO] maestro.cli.runner.CliConsoleListener.onCommandFinished: Tap on id: reveal-yes COMPLETED
10:10:59.051 [ INFO] maestro.cli.runner.CliConsoleListener.onCommandStart: Assert that "Cevabın alındı. Sonuç birazdan." is visible RUNNING
10:10:59.118 [ INFO] maestro.cli.runner.CliConsoleListener.onCommandFinished: Assert that "Cevabın alındı. Sonuç birazdan." is visible COMPLETED
10:10:59.118 [ INFO] maestro.cli.runner.CliConsoleListener.onCommandStart: Take screenshot 22-reveal-answered RUNNING
10:10:59.118 [ INFO] maestro.Maestro.takeScreenshot: Taking screenshot
10:10:59.119 [TRACE] maestro.utils.ScreenshotUtils.takeScreenshot: Taking screenshot to output sink
10:10:59.179 [ INFO] maestro.cli.runner.CliConsoleListener.onCommandFinished: Take screenshot 22-reveal-answered COMPLETED
10:10:59.179 [ INFO] maestro.cli.runner.CliConsoleListener.onCommandStart: Run ../scripts/bot.js RUNNING
10:10:59.246 [ INFO] maestro.cli.runner.CliConsoleListener.onCommandFinished: Run ../scripts/bot.js COMPLETED
10:10:59.246 [ INFO] maestro.cli.runner.CliConsoleListener.onCommandStart: Assert that "Ekranını kaldır, birbirinizi bulun." is visible RUNNING
10:11:00.314 [ INFO] maestro.cli.runner.CliConsoleListener.onCommandFinished: Assert that "Ekranını kaldır, birbirinizi bulun." is visible COMPLETED
10:11:00.315 [ INFO] maestro.cli.runner.CliConsoleListener.onCommandStart: Take screenshot 23-reveal-mutual RUNNING
10:11:00.315 [ INFO] maestro.Maestro.takeScreenshot: Taking screenshot
10:11:00.316 [TRACE] maestro.utils.ScreenshotUtils.takeScreenshot: Taking screenshot to output sink
10:11:00.358 [ INFO] maestro.cli.runner.CliConsoleListener.onCommandFinished: Take screenshot 23-reveal-mutual COMPLETED
10:11:00.358 [ INFO] maestro.cli.runner.CliConsoleListener.onCommandStart: Tap on "Arkadaş ekle" RUNNING
10:11:00.889 [ INFO] maestro.Maestro.tap-HgV9Ck0: Tapping on element:  UiElement(treeNode=TreeNode(attributes={text=Arkadaş ekle, accessibilityText=, hintText=, ignoreBoundsFiltering=false, resource-id=, clickable=false, bounds=[112,455][209,475], enabled=true, focused=false, checked=false, scrollable=false, selected=false, class=android.widget.TextView, important-for-accessibility=true, error=}, children=[], clickable=false, enabled=true, focused=false, checked=false, selected=false), bounds=Bounds(x=112, y=455, width=97, height=20))
10:11:02.113 [ INFO] maestro.Maestro.tap-HgV9Ck0: Tap aimed via settled hierarchy
10:11:02.114 [ INFO] maestro.Maestro.hierarchyBasedTap-ogj28Uc: Tapping at (160, 465) using hierarchy based logic for wait
10:11:03.417 [ INFO] maestro.Maestro.hierarchyBasedTap-ogj28Uc: Something has changed in the UI judging by view hierarchy. Proceed.
10:11:03.417 [ INFO] maestro.cli.runner.CliConsoleListener.onCommandFinished: Tap on "Arkadaş ekle" COMPLETED
10:11:03.417 [ INFO] maestro.cli.runner.CliConsoleListener.onCommandStart: Assert that "Eklendi. İkiniz de basarsanız arkadaş olursunuz." is visible RUNNING
10:11:03.521 [ INFO] maestro.cli.runner.CliConsoleListener.onCommandFinished: Assert that "Eklendi. İkiniz de basarsanız arkadaş olursunuz." is visible COMPLETED
10:11:03.522 [ INFO] maestro.cli.runner.CliConsoleListener.onCommandStart: Take screenshot 24-add-friend-done RUNNING
10:11:03.522 [ INFO] maestro.Maestro.takeScreenshot: Taking screenshot
10:11:03.522 [TRACE] maestro.utils.ScreenshotUtils.takeScreenshot: Taking screenshot to output sink
10:11:03.554 [ INFO] maestro.cli.runner.CliConsoleListener.onCommandFinished: Take screenshot 24-add-friend-done COMPLETED
10:11:03.554 [ INFO] maestro.cli.runner.CliConsoleListener.onCommandStart: Run ../scripts/bot.js RUNNING
10:11:03.638 [ INFO] maestro.cli.runner.CliConsoleListener.onCommandFinished: Run ../scripts/bot.js COMPLETED
10:11:03.639 [ INFO] maestro.cli.runner.CliConsoleListener.onCommandStart: Tap on "Mekana dön" RUNNING
10:11:03.753 [ INFO] maestro.Maestro.tap-HgV9Ck0: Tapping on element:  UiElement(treeNode=TreeNode(attributes={text=Mekana dön, accessibilityText=, hintText=, ignoreBoundsFiltering=false, resource-id=, clickable=false, bounds=[115,512][206,532], enabled=true, focused=false, checked=false, scrollable=false, selected=false, class=android.widget.TextView, important-for-accessibility=true, error=}, children=[], clickable=false, enabled=true, focused=false, checked=false, selected=false), bounds=Bounds(x=115, y=512, width=91, height=20))
10:11:04.937 [ INFO] maestro.Maestro.tap-HgV9Ck0: Tap aimed via settled hierarchy
10:11:04.938 [ INFO] maestro.Maestro.hierarchyBasedTap-ogj28Uc: Tapping at (160, 522) using hierarchy based logic for wait
10:11:06.228 [ INFO] maestro.Maestro.hierarchyBasedTap-ogj28Uc: Something has changed in the UI judging by view hierarchy. Proceed.
10:11:06.228 [ INFO] maestro.cli.runner.CliConsoleListener.onCommandFinished: Tap on "Mekana dön" COMPLETED
10:11:06.228 [ INFO] maestro.cli.runner.CliConsoleListener.onCommandStart: Tap on id: tab-messages RUNNING
10:11:06.363 [ INFO] maestro.Maestro.tap-HgV9Ck0: Tapping on element:  UiElement(treeNode=TreeNode(attributes={text=, accessibilityText=Mesajlar, hintText=, ignoreBoundsFiltering=false, resource-id=tab-messages, clickable=true, bounds=[187,568][242,632], enabled=true, focused=false, checked=false, scrollable=false, selected=false, class=android.view.View, important-for-accessibility=true, error=}, children=[TreeNode(attributes={text=, accessibilityText=, hintText=, ignoreBoundsFiltering=false, resource-id=, clickable=false, bounds=[202,580][226,604], enabled=true, focused=false, checked=false, scrollable=false, selected=false, class=android.widget.ImageView, important-for-accessibility=false, error=}, children=[], clickable=false, enabled=true, focused=false, checked=false, selected=false), TreeNode(attributes={text=Mesajlar, accessibilityText=, hintText=, ignoreBoundsFiltering=false, resource-id=, clickable=false, bounds=[190,612][238,628], enabled=true, focused=false, checked=false, scrollable=false, selected=false, class=android.widget.TextView, important-for-accessibility=true, error=}, children=[], clickable=false, enabled=true, focused=false, checked=false, selected=false)], clickable=true, enabled=true, focused=false, checked=false, selected=false), bounds=Bounds(x=187, y=568, width=55, height=64))
10:11:07.632 [ INFO] maestro.Maestro.tap-HgV9Ck0: Tap aimed via settled hierarchy
10:11:07.633 [ INFO] maestro.Maestro.hierarchyBasedTap-ogj28Uc: Tapping at (214, 600) using hierarchy based logic for wait
10:11:08.818 [ INFO] maestro.Maestro.hierarchyBasedTap-ogj28Uc: Something has changed in the UI judging by view hierarchy. Proceed.
10:11:08.818 [ INFO] maestro.cli.runner.CliConsoleListener.onCommandFinished: Tap on id: tab-messages COMPLETED
10:11:08.818 [ INFO] maestro.cli.runner.CliConsoleListener.onCommandStart: Assert that "Henüz mesaj yok" is visible RUNNING
10:11:08.939 [ INFO] maestro.cli.runner.CliConsoleListener.onCommandFinished: Assert that "Henüz mesaj yok" is visible COMPLETED
10:11:08.939 [ INFO] maestro.cli.runner.CliConsoleListener.onCommandStart: Take screenshot 25-messages RUNNING
10:11:08.939 [ INFO] maestro.Maestro.takeScreenshot: Taking screenshot
10:11:08.939 [TRACE] maestro.utils.ScreenshotUtils.takeScreenshot: Taking screenshot to output sink
10:11:09.001 [ INFO] maestro.cli.runner.CliConsoleListener.onCommandFinished: Take screenshot 25-messages COMPLETED
10:11:09.001 [ INFO] maestro.cli.runner.CliConsoleListener.onCommandStart: Tap on id: inbox-Bot Masa RUNNING
10:11:09.081 [ INFO] maestro.Maestro.tap-HgV9Ck0: Tapping on element:  UiElement(treeNode=TreeNode(attributes={text=, accessibilityText=Bot Masa, Henüz mesaj yok, hintText=, ignoreBoundsFiltering=false, resource-id=inbox-Bot Masa, clickable=true, bounds=[20,96][300,172], enabled=true, focused=false, checked=false, scrollable=false, selected=false, class=android.widget.Button, important-for-accessibility=true, error=}, children=[TreeNode(attributes={text=, accessibilityText=, hintText=, ignoreBoundsFiltering=false, resource-id=, clickable=false, bounds=[24,106][80,162], enabled=true, focused=false, checked=false, scrollable=false, selected=false, class=android.view.ViewGroup, important-for-accessibility=false, error=}, children=[], clickable=false, enabled=true, focused=false, checked=false, selected=false), TreeNode(attributes={text=, accessibilityText=Bot Masa, hintText=, ignoreBoundsFiltering=false, resource-id=, clickable=false, bounds=[28,110][76,158], enabled=true, focused=false, checked=false, scrollable=false, selected=false, class=android.view.ViewGroup, important-for-accessibility=true, error=}, children=[TreeNode(attributes={text=, accessibilityText=, hintText=, ignoreBoundsFiltering=false, resource-id=, clickable=false, bounds=[28,110][76,158], enabled=true, focused=false, checked=false, scrollable=false, selected=false, class=android.view.ViewGroup, important-for-accessibility=false, error=}, children=[TreeNode(attributes={text=BM, accessibilityText=, hintText=, ignoreBoundsFiltering=false, resource-id=, clickable=false, bounds=[39,122][64,145], enabled=true, focused=false, checked=false, scrollable=false, selected=false, class=android.widget.TextView, important-for-accessibility=true, error=}, children=[], clickable=false, enabled=true, focused=false, checked=false, selected=false)], clickable=false, enabled=true, focused=false, checked=false, selected=false)], clickable=false, enabled=true, focused=false, checked=false, selected=false), TreeNode(attributes={text=Bot Masa, accessibilityText=, hintText=, ignoreBoundsFiltering=false, resource-id=, clickable=false, bounds=[94,113][296,136], enabled=true, focused=false, checked=false, scrollable=false, selected=false, class=android.widget.TextView, important-for-accessibility=true, error=}, children=[], clickable=false, enabled=true, focused=false, checked=false, selected=false), TreeNode(attributes={text=Henüz mesaj yok, accessibilityText=, hintText=, ignoreBoundsFiltering=false, resource-id=, clickable=false, bounds=[94,138][296,156], enabled=true, focused=false, checked=false, scrollable=false, selected=false, class=android.widget.TextView, important-for-accessibility=true, error=}, children=[], clickable=false, enabled=true, focused=false, checked=false, selected=false)], clickable=true, enabled=true, focused=false, checked=false, selected=false), bounds=Bounds(x=20, y=96, width=280, height=76))
10:11:10.294 [ INFO] maestro.Maestro.tap-HgV9Ck0: Tap aimed via settled hierarchy
10:11:10.295 [ INFO] maestro.Maestro.hierarchyBasedTap-ogj28Uc: Tapping at (160, 134) using hierarchy based logic for wait
10:11:11.322 [ INFO] maestro.Maestro.hierarchyBasedTap-ogj28Uc: Something has changed in the UI judging by view hierarchy. Proceed.
10:11:11.322 [ INFO] maestro.cli.runner.CliConsoleListener.onCommandFinished: Tap on id: inbox-Bot Masa COMPLETED
10:11:11.322 [ INFO] maestro.cli.runner.CliConsoleListener.onCommandStart: Assert that "Henüz mesaj yok. İlk mesajı sen yaz." is visible RUNNING
10:11:11.435 [ INFO] maestro.cli.runner.CliConsoleListener.onCommandFinished: Assert that "Henüz mesaj yok. İlk mesajı sen yaz." is visible COMPLETED
10:11:11.435 [ INFO] maestro.cli.runner.CliConsoleListener.onCommandStart: Take screenshot 26-dm-empty RUNNING
10:11:11.435 [ INFO] maestro.Maestro.takeScreenshot: Taking screenshot
10:11:11.435 [TRACE] maestro.utils.ScreenshotUtils.takeScreenshot: Taking screenshot to output sink
10:11:11.496 [ INFO] maestro.cli.runner.CliConsoleListener.onCommandFinished: Take screenshot 26-dm-empty COMPLETED
10:11:11.496 [ INFO] maestro.cli.runner.CliConsoleListener.onCommandStart: Tap on id: dm-input RUNNING
10:11:11.566 [ INFO] maestro.Maestro.tap-HgV9Ck0: Tapping on element:  UiElement(treeNode=TreeNode(attributes={text=, accessibilityText=, hintText=Mesaj yaz…, ignoreBoundsFiltering=false, resource-id=dm-input, clickable=true, bounds=[33,584][229,627], enabled=true, focused=false, checked=false, scrollable=false, selected=false, class=android.widget.EditText, important-for-accessibility=true, error=}, children=[], clickable=true, enabled=true, focused=false, checked=false, selected=false), bounds=Bounds(x=33, y=584, width=196, height=43))
10:11:12.850 [ INFO] maestro.Maestro.tap-HgV9Ck0: Tap aimed via settled hierarchy
10:11:12.850 [ INFO] maestro.Maestro.hierarchyBasedTap-ogj28Uc: Tapping at (131, 605) using hierarchy based logic for wait
10:11:13.951 [ INFO] maestro.Maestro.hierarchyBasedTap-ogj28Uc: Something has changed in the UI judging by view hierarchy. Proceed.
10:11:13.951 [ INFO] maestro.cli.runner.CliConsoleListener.onCommandFinished: Tap on id: dm-input COMPLETED
10:11:13.951 [ INFO] maestro.cli.runner.CliConsoleListener.onCommandStart: Input text Merhaba bot RUNNING
10:11:13.951 [ INFO] maestro.Maestro.inputText: Inputting text: Merhaba bot
10:11:16.879 [ INFO] maestro.cli.runner.CliConsoleListener.onCommandFinished: Input text Merhaba bot COMPLETED
10:11:16.879 [ INFO] maestro.cli.runner.CliConsoleListener.onCommandStart: Take screenshot 26b-dm-keyboard RUNNING
10:11:16.880 [ INFO] maestro.Maestro.takeScreenshot: Taking screenshot
10:11:16.880 [TRACE] maestro.utils.ScreenshotUtils.takeScreenshot: Taking screenshot to output sink
10:11:16.973 [ INFO] maestro.cli.runner.CliConsoleListener.onCommandFinished: Take screenshot 26b-dm-keyboard COMPLETED
10:11:16.973 [ INFO] maestro.cli.runner.CliConsoleListener.onCommandStart: Hide Keyboard RUNNING
10:11:16.973 [ INFO] maestro.Maestro.hideKeyboard$lambda$12: Hiding Keyboard
10:11:18.105 [ INFO] maestro.cli.runner.CliConsoleListener.onCommandFinished: Hide Keyboard COMPLETED
10:11:18.105 [ INFO] maestro.cli.runner.CliConsoleListener.onCommandStart: Tap on id: dm-send RUNNING
10:11:18.191 [ INFO] maestro.Maestro.tap-HgV9Ck0: Tapping on element:  UiElement(treeNode=TreeNode(attributes={text=, accessibilityText=Gönder, hintText=, ignoreBoundsFiltering=false, resource-id=dm-send, clickable=true, bounds=[256,582][304,630], enabled=true, focused=false, checked=false, scrollable=false, selected=false, class=android.widget.Button, important-for-accessibility=true, error=}, children=[TreeNode(attributes={text=, accessibilityText=, hintText=, ignoreBoundsFiltering=false, resource-id=, clickable=false, bounds=[256,582][304,630], enabled=true, focused=false, checked=false, scrollable=false, selected=false, class=android.view.ViewGroup, important-for-accessibility=false, error=}, children=[], clickable=false, enabled=true, focused=false, checked=false, selected=false), TreeNode(attributes={text=, accessibilityText=, hintText=, ignoreBoundsFiltering=false, resource-id=, clickable=false, bounds=[270,595][290,616], enabled=true, focused=false, checked=false, scrollable=false, selected=false, class=android.widget.TextView, important-for-accessibility=true, error=}, children=[], clickable=false, enabled=true, focused=false, checked=false, selected=false)], clickable=true, enabled=true, focused=false, checked=false, selected=false), bounds=Bounds(x=256, y=582, width=48, height=48))
10:11:19.458 [ INFO] maestro.Maestro.tap-HgV9Ck0: Tap aimed via settled hierarchy
10:11:19.459 [ INFO] maestro.Maestro.hierarchyBasedTap-ogj28Uc: Tapping at (280, 606) using hierarchy based logic for wait
10:11:20.698 [ INFO] maestro.Maestro.hierarchyBasedTap-ogj28Uc: Something has changed in the UI judging by view hierarchy. Proceed.
10:11:20.698 [ INFO] maestro.cli.runner.CliConsoleListener.onCommandFinished: Tap on id: dm-send COMPLETED
10:11:20.698 [ INFO] maestro.cli.runner.CliConsoleListener.onCommandStart: Assert that "Merhaba bot" is visible RUNNING
10:11:20.820 [ INFO] maestro.cli.runner.CliConsoleListener.onCommandFinished: Assert that "Merhaba bot" is visible COMPLETED
10:11:20.820 [ INFO] maestro.cli.runner.CliConsoleListener.onCommandStart: Run ../scripts/bot.js RUNNING
10:11:20.906 [ INFO] maestro.cli.runner.CliConsoleListener.onCommandFinished: Run ../scripts/bot.js COMPLETED
10:11:20.906 [ INFO] maestro.cli.runner.CliConsoleListener.onCommandStart: Run ../scripts/bot.js RUNNING
10:11:21.024 [ INFO] maestro.cli.runner.CliConsoleListener.onCommandFinished: Run ../scripts/bot.js COMPLETED
10:11:21.024 [ INFO] maestro.cli.runner.CliConsoleListener.onCommandStart: Assert that "Selam cihaz" is visible RUNNING
10:11:21.888 [ INFO] maestro.cli.runner.CliConsoleListener.onCommandFinished: Assert that "Selam cihaz" is visible COMPLETED
10:11:21.888 [ INFO] maestro.cli.runner.CliConsoleListener.onCommandStart: Take screenshot 27-dm RUNNING
10:11:21.888 [ INFO] maestro.Maestro.takeScreenshot: Taking screenshot
10:11:21.889 [TRACE] maestro.utils.ScreenshotUtils.takeScreenshot: Taking screenshot to output sink
10:11:21.910 [ INFO] maestro.cli.runner.CliConsoleListener.onCommandFinished: Take screenshot 27-dm COMPLETED
10:11:21.910 [ INFO] maestro.cli.runner.CliConsoleListener.onCommandStart: Hide Keyboard RUNNING
10:11:21.911 [ INFO] maestro.Maestro.hideKeyboard$lambda$12: Hiding Keyboard
10:11:23.206 [ INFO] maestro.cli.runner.CliConsoleListener.onCommandFinished: Hide Keyboard COMPLETED
10:11:23.206 [ INFO] maestro.cli.runner.CliConsoleListener.onCommandStart: Tap on (Optional) id: chat-back RUNNING
10:11:30.338 [ INFO] maestro.orchestra.Orchestra.executeSubflowCommands: [Command execution subflow] CommandWarned: Element not found: Id matching regex: chat-back
10:11:30.471 [ INFO] maestro.Maestro.takeScreenshot: Taking screenshot
10:11:30.471 [TRACE] maestro.utils.ScreenshotUtils.takeScreenshot: Taking screenshot to output sink
10:11:30.523 [ INFO] maestro.cli.runner.CliConsoleListener.onCommandFinished: Tap on (Optional) id: chat-back WARNED
10:11:30.523 [ INFO] maestro.cli.runner.CliConsoleListener.onCommandStart: Assert that id: tab-messages is visible RUNNING
10:11:30.605 [ INFO] maestro.cli.runner.CliConsoleListener.onCommandFinished: Assert that id: tab-messages is visible COMPLETED
10:11:30.605 [ INFO] maestro.cli.runner.CliConsoleListener.onCommandFinished: Run flows/05-reveal-friend-dm.yaml COMPLETED
10:11:30.605 [ INFO] maestro.cli.runner.CliConsoleListener.onCommandStart: Run flows/05b-dm-ticks-typing.yaml RUNNING
10:11:30.605 [ INFO] maestro.cli.runner.CliConsoleListener.onCommandStart: Apply configuration RUNNING
10:11:30.606 [ INFO] maestro.cli.runner.CliConsoleListener.onCommandFinished: Apply configuration COMPLETED
10:11:30.606 [ INFO] maestro.cli.runner.CliConsoleListener.onCommandStart: Tap on id: inbox-Bot Masa RUNNING
10:11:30.720 [ INFO] maestro.Maestro.tap-HgV9Ck0: Tapping on element:  UiElement(treeNode=TreeNode(attributes={text=, accessibilityText=Bot Masa, Selam cihaz, hintText=, ignoreBoundsFiltering=false, resource-id=inbox-Bot Masa, clickable=true, bounds=[20,96][300,172], enabled=true, focused=false, checked=false, scrollable=false, selected=false, class=android.widget.Button, important-for-accessibility=true, error=}, children=[TreeNode(attributes={text=, accessibilityText=, hintText=, ignoreBoundsFiltering=false, resource-id=, clickable=false, bounds=[24,106][80,162], enabled=true, focused=false, checked=false, scrollable=false, selected=false, class=android.view.ViewGroup, important-for-accessibility=false, error=}, children=[], clickable=false, enabled=true, focused=false, checked=false, selected=false), TreeNode(attributes={text=, accessibilityText=Bot Masa, hintText=, ignoreBoundsFiltering=false, resource-id=, clickable=false, bounds=[28,110][76,158], enabled=true, focused=false, checked=false, scrollable=false, selected=false, class=android.view.ViewGroup, important-for-accessibility=true, error=}, children=[TreeNode(attributes={text=, accessibilityText=, hintText=, ignoreBoundsFiltering=false, resource-id=, clickable=false, bounds=[28,110][76,158], enabled=true, focused=false, checked=false, scrollable=false, selected=false, class=android.view.ViewGroup, important-for-accessibility=false, error=}, children=[TreeNode(attributes={text=BM, accessibilityText=, hintText=, ignoreBoundsFiltering=false, resource-id=, clickable=false, bounds=[39,122][64,145], enabled=true, focused=false, checked=false, scrollable=false, selected=false, class=android.widget.TextView, important-for-accessibility=true, error=}, children=[], clickable=false, enabled=true, focused=false, checked=false, selected=false)], clickable=false, enabled=true, focused=false, checked=false, selected=false)], clickable=false, enabled=true, focused=false, checked=false, selected=false), TreeNode(attributes={text=Bot Masa, accessibilityText=, hintText=, ignoreBoundsFiltering=false, resource-id=, clickable=false, bounds=[94,113][253,136], enabled=true, focused=false, checked=false, scrollable=false, selected=false, class=android.widget.TextView, important-for-accessibility=true, error=}, children=[], clickable=false, enabled=true, focused=false, checked=false, selected=false), TreeNode(attributes={text=10:11, accessibilityText=, hintText=, ignoreBoundsFiltering=false, resource-id=, clickable=false, bounds=[261,115][296,133], enabled=true, focused=false, checked=false, scrollable=false, selected=false, class=android.widget.TextView, important-for-accessibility=true, error=}, children=[], clickable=false, enabled=true, focused=false, checked=false, selected=false), TreeNode(attributes={text=Selam cihaz, accessibilityText=, hintText=, ignoreBoundsFiltering=false, resource-id=, clickable=false, bounds=[94,138][296,156], enabled=true, focused=false, checked=false, scrollable=false, selected=false, class=android.widget.TextView, important-for-accessibility=true, error=}, children=[], clickable=false, enabled=true, focused=false, checked=false, selected=false)], clickable=true, enabled=true, focused=false, checked=false, selected=false), bounds=Bounds(x=20, y=96, width=280, height=76))
10:11:31.946 [ INFO] maestro.Maestro.tap-HgV9Ck0: Tap aimed via settled hierarchy
10:11:31.947 [ INFO] maestro.Maestro.hierarchyBasedTap-ogj28Uc: Tapping at (160, 134) using hierarchy based logic for wait
10:11:32.980 [ INFO] maestro.Maestro.hierarchyBasedTap-ogj28Uc: Something has changed in the UI judging by view hierarchy. Proceed.
10:11:32.980 [ INFO] maestro.cli.runner.CliConsoleListener.onCommandFinished: Tap on id: inbox-Bot Masa COMPLETED
10:11:32.980 [ INFO] maestro.cli.runner.CliConsoleListener.onCommandStart: Assert that "Selam cihaz" is visible RUNNING
10:11:33.073 [ INFO] maestro.cli.runner.CliConsoleListener.onCommandFinished: Assert that "Selam cihaz" is visible COMPLETED
10:11:33.073 [ INFO] maestro.cli.runner.CliConsoleListener.onCommandStart: Tap on id: dm-input RUNNING
10:11:33.161 [ INFO] maestro.Maestro.tap-HgV9Ck0: Tapping on element:  UiElement(treeNode=TreeNode(attributes={text=, accessibilityText=, hintText=Mesaj yaz…, ignoreBoundsFiltering=false, resource-id=dm-input, clickable=true, bounds=[33,584][229,627], enabled=true, focused=false, checked=false, scrollable=false, selected=false, class=android.widget.EditText, important-for-accessibility=true, error=}, children=[], clickable=true, enabled=true, focused=false, checked=false, selected=false), bounds=Bounds(x=33, y=584, width=196, height=43))
10:11:34.409 [ INFO] maestro.Maestro.tap-HgV9Ck0: Tap aimed via settled hierarchy
10:11:34.409 [ INFO] maestro.Maestro.hierarchyBasedTap-ogj28Uc: Tapping at (131, 605) using hierarchy based logic for wait
10:11:35.544 [ INFO] maestro.Maestro.hierarchyBasedTap-ogj28Uc: Something has changed in the UI judging by view hierarchy. Proceed.
10:11:35.544 [ INFO] maestro.cli.runner.CliConsoleListener.onCommandFinished: Tap on id: dm-input COMPLETED
10:11:35.544 [ INFO] maestro.cli.runner.CliConsoleListener.onCommandStart: Input text Okudun mu? RUNNING
10:11:35.545 [ INFO] maestro.Maestro.inputText: Inputting text: Okudun mu?
10:11:38.304 [ INFO] maestro.cli.runner.CliConsoleListener.onCommandFinished: Input text Okudun mu? COMPLETED
10:11:38.304 [ INFO] maestro.cli.runner.CliConsoleListener.onCommandStart: Hide Keyboard RUNNING
10:11:38.304 [ INFO] maestro.Maestro.hideKeyboard$lambda$12: Hiding Keyboard
10:11:39.278 [ INFO] maestro.cli.runner.CliConsoleListener.onCommandFinished: Hide Keyboard COMPLETED
10:11:39.278 [ INFO] maestro.cli.runner.CliConsoleListener.onCommandStart: Tap on id: dm-send RUNNING
10:11:39.397 [ INFO] maestro.Maestro.tap-HgV9Ck0: Tapping on element:  UiElement(treeNode=TreeNode(attributes={text=, accessibilityText=Gönder, hintText=, ignoreBoundsFiltering=false, resource-id=dm-send, clickable=true, bounds=[256,582][304,630], enabled=true, focused=false, checked=false, scrollable=false, selected=false, class=android.widget.Button, important-for-accessibility=true, error=}, children=[TreeNode(attributes={text=, accessibilityText=, hintText=, ignoreBoundsFiltering=false, resource-id=, clickable=false, bounds=[256,582][304,630], enabled=true, focused=false, checked=false, scrollable=false, selected=false, class=android.view.ViewGroup, important-for-accessibility=false, error=}, children=[], clickable=false, enabled=true, focused=false, checked=false, selected=false), TreeNode(attributes={text=, accessibilityText=, hintText=, ignoreBoundsFiltering=false, resource-id=, clickable=false, bounds=[270,595][290,616], enabled=true, focused=false, checked=false, scrollable=false, selected=false, class=android.widget.TextView, important-for-accessibility=true, error=}, children=[], clickable=false, enabled=true, focused=false, checked=false, selected=false)], clickable=true, enabled=true, focused=false, checked=false, selected=false), bounds=Bounds(x=256, y=582, width=48, height=48))
10:11:40.640 [ INFO] maestro.Maestro.tap-HgV9Ck0: Tap aimed via settled hierarchy
10:11:40.641 [ INFO] maestro.Maestro.hierarchyBasedTap-ogj28Uc: Tapping at (280, 606) using hierarchy based logic for wait
10:11:41.705 [ INFO] maestro.Maestro.hierarchyBasedTap-ogj28Uc: Something has changed in the UI judging by view hierarchy. Proceed.
10:11:41.705 [ INFO] maestro.cli.runner.CliConsoleListener.onCommandFinished: Tap on id: dm-send COMPLETED
10:11:41.705 [ INFO] maestro.cli.runner.CliConsoleListener.onCommandStart: Assert that "Okudun mu\?" is visible RUNNING
10:11:41.834 [ INFO] maestro.cli.runner.CliConsoleListener.onCommandFinished: Assert that "Okudun mu\?" is visible COMPLETED
10:11:41.834 [ INFO] maestro.cli.runner.CliConsoleListener.onCommandStart: Run ../scripts/bot.js RUNNING
10:11:41.921 [ INFO] maestro.cli.runner.CliConsoleListener.onCommandFinished: Run ../scripts/bot.js COMPLETED
10:11:41.921 [ INFO] maestro.cli.runner.CliConsoleListener.onCommandStart: Run ../scripts/bot.js RUNNING
10:11:42.088 [ INFO] maestro.cli.runner.CliConsoleListener.onCommandFinished: Run ../scripts/bot.js COMPLETED
10:11:42.088 [ INFO] maestro.cli.runner.CliConsoleListener.onCommandStart: Assert that id: tick-read is visible RUNNING
10:11:42.205 [ INFO] maestro.cli.runner.CliConsoleListener.onCommandFinished: Assert that id: tick-read is visible COMPLETED
10:11:42.205 [ INFO] maestro.cli.runner.CliConsoleListener.onCommandStart: Take screenshot 27b-dm-read RUNNING
10:11:42.205 [ INFO] maestro.Maestro.takeScreenshot: Taking screenshot
10:11:42.206 [TRACE] maestro.utils.ScreenshotUtils.takeScreenshot: Taking screenshot to output sink
10:11:42.230 [ INFO] maestro.cli.runner.CliConsoleListener.onCommandFinished: Take screenshot 27b-dm-read COMPLETED
10:11:42.230 [ INFO] maestro.cli.runner.CliConsoleListener.onCommandStart: Run ../scripts/bot.js RUNNING
10:11:42.294 [ INFO] maestro.cli.runner.CliConsoleListener.onCommandFinished: Run ../scripts/bot.js COMPLETED
10:11:42.294 [ INFO] maestro.cli.runner.CliConsoleListener.onCommandStart: Assert that id: dm-typing is visible RUNNING
10:11:42.956 [ INFO] maestro.cli.runner.CliConsoleListener.onCommandFinished: Assert that id: dm-typing is visible COMPLETED
10:11:42.956 [ INFO] maestro.cli.runner.CliConsoleListener.onCommandStart: Take screenshot 27c-dm-typing RUNNING
10:11:42.957 [ INFO] maestro.Maestro.takeScreenshot: Taking screenshot
10:11:42.957 [TRACE] maestro.utils.ScreenshotUtils.takeScreenshot: Taking screenshot to output sink
10:11:42.982 [ INFO] maestro.cli.runner.CliConsoleListener.onCommandFinished: Take screenshot 27c-dm-typing COMPLETED
10:11:42.982 [ INFO] maestro.cli.runner.CliConsoleListener.onCommandStart: Run ../scripts/bot.js RUNNING
10:11:43.867 [ INFO] maestro.cli.runner.CliConsoleListener.onCommandFinished: Run ../scripts/bot.js COMPLETED
10:11:43.868 [ INFO] maestro.cli.runner.CliConsoleListener.onCommandStart: Assert that "Okudum" is visible RUNNING
10:11:44.661 [ INFO] maestro.cli.runner.CliConsoleListener.onCommandFinished: Assert that "Okudum" is visible COMPLETED
10:11:44.661 [ INFO] maestro.cli.runner.CliConsoleListener.onCommandStart: Assert that id: dm-typing is not visible RUNNING
10:11:45.396 [ INFO] maestro.cli.runner.CliConsoleListener.onCommandFinished: Assert that id: dm-typing is not visible COMPLETED
10:11:45.396 [ INFO] maestro.cli.runner.CliConsoleListener.onCommandStart: Take screenshot 27d-dm-answer RUNNING
10:11:45.396 [ INFO] maestro.Maestro.takeScreenshot: Taking screenshot
10:11:45.397 [TRACE] maestro.utils.ScreenshotUtils.takeScreenshot: Taking screenshot to output sink
10:11:45.458 [ INFO] maestro.cli.runner.CliConsoleListener.onCommandFinished: Take screenshot 27d-dm-answer COMPLETED
10:11:45.458 [ INFO] maestro.cli.runner.CliConsoleListener.onCommandStart: Tap on (Optional) id: chat-back RUNNING
10:11:45.588 [ INFO] maestro.Maestro.tap-HgV9Ck0: Tapping on element:  UiElement(treeNode=TreeNode(attributes={text=, accessibilityText=Geri, hintText=, ignoreBoundsFiltering=false, resource-id=chat-back, clickable=true, bounds=[4,30][48,74], enabled=true, focused=false, checked=false, scrollable=false, selected=false, class=android.widget.Button, important-for-accessibility=true, error=}, children=[TreeNode(attributes={text=, accessibilityText=, hintText=, ignoreBoundsFiltering=false, resource-id=, clickable=false, bounds=[14,39][38,65], enabled=true, focused=false, checked=false, scrollable=false, selected=false, class=android.widget.TextView, important-for-accessibility=true, error=}, children=[], clickable=false, enabled=true, focused=false, checked=false, selected=false)], clickable=true, enabled=true, focused=false, checked=false, selected=false), bounds=Bounds(x=4, y=30, width=44, height=44))
10:11:46.871 [ INFO] maestro.Maestro.tap-HgV9Ck0: Tap aimed via settled hierarchy
10:11:46.872 [ INFO] maestro.Maestro.hierarchyBasedTap-ogj28Uc: Tapping at (26, 52) using hierarchy based logic for wait
10:11:47.819 [ INFO] maestro.Maestro.hierarchyBasedTap-ogj28Uc: Something has changed in the UI judging by view hierarchy. Proceed.
10:11:47.819 [ INFO] maestro.cli.runner.CliConsoleListener.onCommandFinished: Tap on (Optional) id: chat-back COMPLETED
10:11:47.819 [ INFO] maestro.cli.runner.CliConsoleListener.onCommandStart: Assert that id: tab-messages is visible RUNNING
10:11:47.933 [ INFO] maestro.cli.runner.CliConsoleListener.onCommandFinished: Assert that id: tab-messages is visible COMPLETED
10:11:47.933 [ INFO] maestro.cli.runner.CliConsoleListener.onCommandStart: Run ../scripts/bot.js RUNNING
10:11:48.007 [ INFO] maestro.cli.runner.CliConsoleListener.onCommandFinished: Run ../scripts/bot.js COMPLETED
10:11:48.007 [ INFO] maestro.cli.runner.CliConsoleListener.onCommandStart: Assert that id: inbox-typing is visible RUNNING
10:11:48.099 [ INFO] maestro.cli.runner.CliConsoleListener.onCommandFinished: Assert that id: inbox-typing is visible COMPLETED
10:11:48.099 [ INFO] maestro.cli.runner.CliConsoleListener.onCommandStart: Take screenshot 27e-inbox-typing RUNNING
10:11:48.100 [ INFO] maestro.Maestro.takeScreenshot: Taking screenshot
10:11:48.100 [TRACE] maestro.utils.ScreenshotUtils.takeScreenshot: Taking screenshot to output sink
10:11:48.164 [ INFO] maestro.cli.runner.CliConsoleListener.onCommandFinished: Take screenshot 27e-inbox-typing COMPLETED
10:11:48.164 [ INFO] maestro.cli.runner.CliConsoleListener.onCommandFinished: Run flows/05b-dm-ticks-typing.yaml COMPLETED
10:11:48.164 [ INFO] maestro.cli.runner.CliConsoleListener.onCommandStart: Run flows/06-white-screen.yaml RUNNING
10:11:48.165 [ INFO] maestro.cli.runner.CliConsoleListener.onCommandStart: Apply configuration RUNNING
10:11:48.165 [ INFO] maestro.cli.runner.CliConsoleListener.onCommandFinished: Apply configuration COMPLETED
10:11:48.165 [ INFO] maestro.cli.runner.CliConsoleListener.onCommandStart: Tap on id: tab-venue RUNNING
10:11:48.702 [ INFO] maestro.Maestro.tap-HgV9Ck0: Tapping on element:  UiElement(treeNode=TreeNode(attributes={text=, accessibilityText=Mekan, hintText=, ignoreBoundsFiltering=false, resource-id=tab-venue, clickable=true, bounds=[133,568][187,632], enabled=true, focused=false, checked=false, scrollable=false, selected=false, class=android.view.View, important-for-accessibility=true, error=}, children=[TreeNode(attributes={text=, accessibilityText=, hintText=, ignoreBoundsFiltering=false, resource-id=, clickable=false, bounds=[140,572][180,612], enabled=true, focused=false, checked=false, scrollable=false, selected=false, class=android.view.ViewGroup, important-for-accessibility=false, error=}, children=[], clickable=false, enabled=true, focused=false, checked=false, selected=false), TreeNode(attributes={text=, accessibilityText=, hintText=, ignoreBoundsFiltering=false, resource-id=, clickable=false, bounds=[148,580][172,604], enabled=true, focused=false, checked=false, scrollable=false, selected=false, class=android.widget.ImageView, important-for-accessibility=false, error=}, children=[], clickable=false, enabled=true, focused=false, checked=false, selected=false), TreeNode(attributes={text=Mekan, accessibilityText=, hintText=, ignoreBoundsFiltering=false, resource-id=, clickable=false, bounds=[141,612][178,628], enabled=true, focused=false, checked=false, scrollable=false, selected=false, class=android.widget.TextView, important-for-accessibility=true, error=}, children=[], clickable=false, enabled=true, focused=false, checked=false, selected=false)], clickable=true, enabled=true, focused=false, checked=false, selected=false), bounds=Bounds(x=133, y=568, width=54, height=64))
10:11:49.943 [ INFO] maestro.Maestro.tap-HgV9Ck0: Tap aimed via settled hierarchy
10:11:49.943 [ INFO] maestro.Maestro.hierarchyBasedTap-ogj28Uc: Tapping at (160, 600) using hierarchy based logic for wait
10:11:51.111 [ INFO] maestro.Maestro.hierarchyBasedTap-ogj28Uc: Something has changed in the UI judging by view hierarchy. Proceed.
10:11:51.111 [ INFO] maestro.cli.runner.CliConsoleListener.onCommandFinished: Tap on id: tab-venue COMPLETED
10:11:51.111 [ INFO] maestro.cli.runner.CliConsoleListener.onCommandStart: Assert that "Oda kur" is visible RUNNING
10:11:51.250 [ INFO] maestro.cli.runner.CliConsoleListener.onCommandFinished: Assert that "Oda kur" is visible COMPLETED
10:11:51.250 [ INFO] maestro.cli.runner.CliConsoleListener.onCommandStart: Tap on "Oda kur" RUNNING
10:11:51.373 [ INFO] maestro.Maestro.tap-HgV9Ck0: Tapping on element:  UiElement(treeNode=TreeNode(attributes={text=Oda kur, accessibilityText=, hintText=, ignoreBoundsFiltering=false, resource-id=, clickable=false, bounds=[57,427][117,447], enabled=true, focused=false, checked=false, scrollable=false, selected=false, class=android.widget.TextView, important-for-accessibility=true, error=}, children=[], clickable=false, enabled=true, focused=false, checked=false, selected=false), bounds=Bounds(x=57, y=427, width=60, height=20))
10:11:52.625 [ INFO] maestro.Maestro.tap-HgV9Ck0: Tap aimed via settled hierarchy
10:11:52.626 [ INFO] maestro.Maestro.hierarchyBasedTap-ogj28Uc: Tapping at (87, 437) using hierarchy based logic for wait
10:11:53.959 [ INFO] maestro.Maestro.hierarchyBasedTap-ogj28Uc: Something has changed in the UI judging by view hierarchy. Proceed.
10:11:53.959 [ INFO] maestro.cli.runner.CliConsoleListener.onCommandFinished: Tap on "Oda kur" COMPLETED
10:11:53.959 [ INFO] maestro.cli.runner.CliConsoleListener.onCommandStart: Assert that id: intent-none is visible RUNNING
10:11:54.111 [ INFO] maestro.cli.runner.CliConsoleListener.onCommandFinished: Assert that id: intent-none is visible COMPLETED
10:11:54.111 [ INFO] maestro.cli.runner.CliConsoleListener.onCommandStart: Scrolling DOWN until "Odayı kur" is visible with speed 40, visibility percentage 100%, timeout 10000 ms, with centering disabled RUNNING
10:11:54.220 [ INFO] maestro.orchestra.Orchestra.scrollUntilVisible: Scrolling try count: 0, DeviceWidth: 320, DeviceWidth: 640
10:11:54.220 [ INFO] maestro.orchestra.Orchestra.scrollUntilVisible: Element bounds: Bounds(x=120, y=565, width=81, height=22)
10:11:54.220 [ INFO] maestro.orchestra.Orchestra.scrollUntilVisible: Visibility Percent: 1.0
10:11:54.220 [ INFO] maestro.orchestra.Orchestra.scrollUntilVisible: Command centerElement: ScrollUntilVisibleCommand(selector=ElementSelector(textRegex=Odayı kur, idRegex=null, size=null, below=null, above=null, leftOf=null, rightOf=null, containsChild=null, containsDescendants=null, traits=null, index=null, enabled=null, optional=false, selected=null, checked=null, focused=null, childOf=null, css=null), direction=DOWN, scrollDuration=601, visibilityPercentage=100, timeout=10000, waitToSettleTimeoutMs=null, centerElement=false, originalSpeedValue=40, label=null, optional=false).centerElement
10:11:54.220 [ INFO] maestro.orchestra.Orchestra.scrollUntilVisible: visibilityPercentageNormalized: 1.0
10:11:54.221 [ INFO] maestro.cli.runner.CliConsoleListener.onCommandFinished: Scrolling DOWN until "Odayı kur" is visible with speed 40, visibility percentage 100%, timeout 10000 ms, with centering disabled COMPLETED
10:11:54.221 [ INFO] maestro.cli.runner.CliConsoleListener.onCommandStart: Tap on "Odayı kur" RUNNING
10:11:54.331 [ INFO] maestro.Maestro.tap-HgV9Ck0: Tapping on element:  UiElement(treeNode=TreeNode(attributes={text=Odayı kur, accessibilityText=, hintText=, ignoreBoundsFiltering=false, resource-id=, clickable=false, bounds=[120,565][201,587], enabled=true, focused=false, checked=false, scrollable=false, selected=false, class=android.widget.TextView, important-for-accessibility=true, error=}, children=[], clickable=false, enabled=true, focused=false, checked=false, selected=false), bounds=Bounds(x=120, y=565, width=81, height=22))
10:11:55.554 [ INFO] maestro.Maestro.tap-HgV9Ck0: Tap aimed via settled hierarchy
10:11:55.555 [ INFO] maestro.Maestro.hierarchyBasedTap-ogj28Uc: Tapping at (160, 576) using hierarchy based logic for wait
10:11:57.087 [ INFO] maestro.Maestro.hierarchyBasedTap-ogj28Uc: Something has changed in the UI judging by view hierarchy. Proceed.
10:11:57.087 [ INFO] maestro.cli.runner.CliConsoleListener.onCommandFinished: Tap on "Odayı kur" COMPLETED
10:11:57.087 [ INFO] maestro.cli.runner.CliConsoleListener.onCommandStart: Assert that id: solo-tabu is visible RUNNING
10:11:57.164 [ INFO] maestro.cli.runner.CliConsoleListener.onCommandFinished: Assert that id: solo-tabu is visible COMPLETED
10:11:57.164 [ INFO] maestro.cli.runner.CliConsoleListener.onCommandStart: Run ../scripts/bot.js RUNNING
10:11:57.238 [ INFO] maestro.cli.runner.CliConsoleListener.onCommandFinished: Run ../scripts/bot.js COMPLETED
10:11:57.238 [ INFO] maestro.cli.runner.CliConsoleListener.onCommandStart: Assert that "Katılma isteği" is visible RUNNING
10:11:57.923 [ INFO] maestro.cli.runner.CliConsoleListener.onCommandFinished: Assert that "Katılma isteği" is visible COMPLETED
10:11:57.924 [ INFO] maestro.cli.runner.CliConsoleListener.onCommandStart: Tap on id: join-accept RUNNING
10:11:58.002 [ INFO] maestro.Maestro.tap-HgV9Ck0: Tapping on element:  UiElement(treeNode=TreeNode(attributes={text=, accessibilityText=Kabul, hintText=, ignoreBoundsFiltering=false, resource-id=join-accept, clickable=true, bounds=[165,502][296,550], enabled=true, focused=false, checked=false, scrollable=false, selected=false, class=android.widget.Button, important-for-accessibility=true, error=}, children=[TreeNode(attributes={text=, accessibilityText=, hintText=, ignoreBoundsFiltering=false, resource-id=, clickable=false, bounds=[165,502][296,550], enabled=true, focused=false, checked=false, scrollable=false, selected=false, class=android.view.ViewGroup, important-for-accessibility=false, error=}, children=[], clickable=false, enabled=true, focused=false, checked=false, selected=false), TreeNode(attributes={text=Kabul, accessibilityText=, hintText=, ignoreBoundsFiltering=false, resource-id=, clickable=false, bounds=[209,516][253,536], enabled=true, focused=false, checked=false, scrollable=false, selected=false, class=android.widget.TextView, important-for-accessibility=true, error=}, children=[], clickable=false, enabled=true, focused=false, checked=false, selected=false)], clickable=true, enabled=true, focused=false, checked=false, selected=false), bounds=Bounds(x=165, y=502, width=131, height=48))
10:11:58.840 [ INFO] maestro.Maestro.tap-HgV9Ck0: Tap aimed via settled hierarchy
10:11:58.840 [ INFO] maestro.Maestro.hierarchyBasedTap-ogj28Uc: Tapping at (230, 526) using hierarchy based logic for wait
10:12:00.135 [ INFO] maestro.Maestro.hierarchyBasedTap-ogj28Uc: Something has changed in the UI judging by view hierarchy. Proceed.
10:12:00.136 [ INFO] maestro.cli.runner.CliConsoleListener.onCommandFinished: Tap on id: join-accept COMPLETED
10:12:00.136 [ INFO] maestro.cli.runner.CliConsoleListener.onCommandStart: Assert that id: propose-tabu is visible RUNNING
10:12:00.320 [ INFO] maestro.cli.runner.CliConsoleListener.onCommandFinished: Assert that id: propose-tabu is visible COMPLETED
10:12:00.320 [ INFO] maestro.cli.runner.CliConsoleListener.onCommandStart: Tap on id: propose-tabu RUNNING
10:12:00.908 [ INFO] maestro.Maestro.tap-HgV9Ck0: Tapping on element:  UiElement(treeNode=TreeNode(attributes={text=, accessibilityText=Sesli Tabu öner, hintText=, ignoreBoundsFiltering=false, resource-id=propose-tabu, clickable=true, bounds=[34,207][154,299], enabled=true, focused=false, checked=false, scrollable=false, selected=false, class=android.widget.Button, important-for-accessibility=true, error=}, children=[TreeNode(attributes={text=, accessibilityText=, hintText=, ignoreBoundsFiltering=false, resource-id=, clickable=false, bounds=[34,207][154,299], enabled=true, focused=false, checked=false, scrollable=false, selected=false, class=android.view.ViewGroup, important-for-accessibility=false, error=}, children=[TreeNode(attributes={text=Sesli Tabu, accessibilityText=, hintText=, ignoreBoundsFiltering=false, resource-id=, clickable=false, bounds=[46,219][142,238], enabled=true, focused=false, checked=false, scrollable=false, selected=false, class=android.widget.TextView, important-for-accessibility=true, error=}, children=[], clickable=false, enabled=true, focused=false, checked=false, selected=false), TreeNode(attributes={text=, accessibilityText=, hintText=, ignoreBoundsFiltering=false, resource-id=, clickable=false, bounds=[104,251][154,299], enabled=true, focused=false, checked=false, scrollable=false, selected=false, class=android.widget.ImageView, important-for-accessibility=false, error=}, children=[], clickable=false, enabled=true, focused=false, checked=false, selected=false)], clickable=false, enabled=true, focused=false, checked=false, selected=false)], clickable=true, enabled=true, focused=false, checked=false, selected=false), bounds=Bounds(x=34, y=207, width=120, height=92))
10:12:02.143 [ INFO] maestro.Maestro.tap-HgV9Ck0: Tap aimed via settled hierarchy
10:12:02.144 [ INFO] maestro.Maestro.hierarchyBasedTap-ogj28Uc: Tapping at (94, 253) using hierarchy based logic for wait
10:12:03.163 [ INFO] maestro.Maestro.hierarchyBasedTap-ogj28Uc: Something has changed in the UI judging by view hierarchy. Proceed.
10:12:03.163 [ INFO] maestro.cli.runner.CliConsoleListener.onCommandFinished: Tap on id: propose-tabu COMPLETED
10:12:03.163 [ INFO] maestro.cli.runner.CliConsoleListener.onCommandStart: Run ../scripts/bot.js RUNNING
10:12:03.232 [ INFO] maestro.cli.runner.CliConsoleListener.onCommandFinished: Run ../scripts/bot.js COMPLETED
10:12:03.232 [ INFO] maestro.cli.runner.CliConsoleListener.onCommandStart: Assert that id: turn-start is visible RUNNING
10:12:04.107 [ INFO] maestro.cli.runner.CliConsoleListener.onCommandFinished: Assert that id: turn-start is visible COMPLETED
10:12:04.107 [ INFO] maestro.cli.runner.CliConsoleListener.onCommandStart: Tap on id: turn-start RUNNING
10:12:04.171 [ INFO] maestro.Maestro.tap-HgV9Ck0: Tapping on element:  UiElement(treeNode=TreeNode(attributes={text=, accessibilityText=Turu başlat, hintText=, ignoreBoundsFiltering=false, resource-id=turn-start, clickable=true, bounds=[62,80][258,170], enabled=true, focused=false, checked=false, scrollable=false, selected=false, class=android.widget.Button, important-for-accessibility=true, error=}, children=[TreeNode(attributes={text=, accessibilityText=, hintText=, ignoreBoundsFiltering=false, resource-id=, clickable=false, bounds=[62,80][258,170], enabled=true, focused=false, checked=false, scrollable=false, selected=false, class=android.view.ViewGroup, important-for-accessibility=false, error=}, children=[], clickable=false, enabled=true, focused=false, checked=false, selected=false), TreeNode(attributes={text=Başla, accessibilityText=, hintText=, ignoreBoundsFiltering=false, resource-id=, clickable=false, bounds=[89,80][231,101], enabled=true, focused=false, checked=false, scrollable=false, selected=false, class=android.widget.TextView, important-for-accessibility=true, error=}, children=[], clickable=false, enabled=true, focused=false, checked=false, selected=false)], clickable=true, enabled=true, focused=false, checked=false, selected=false), bounds=Bounds(x=62, y=80, width=196, height=90))
10:12:05.398 [ INFO] maestro.Maestro.tap-HgV9Ck0: Tap aimed via settled hierarchy
10:12:05.399 [ INFO] maestro.Maestro.hierarchyBasedTap-ogj28Uc: Tapping at (160, 125) using hierarchy based logic for wait
10:12:05.658 [ INFO] maestro.cli.runner.CliConsoleListener.onCommandFinished: Tap on id: turn-start COMPLETED
10:12:05.659 [ INFO] maestro.cli.runner.CliConsoleListener.onCommandStart: Assert that "Kartı görmek için dokun" is visible RUNNING
10:12:19.696 [ INFO] maestro.cli.runner.CliConsoleListener.onCommandFinished: Assert that "Kartı görmek için dokun" is visible COMPLETED
10:12:19.696 [ INFO] maestro.cli.runner.CliConsoleListener.onCommandStart: Run ../scripts/bot.js RUNNING
10:12:19.758 [ INFO] maestro.cli.runner.CliConsoleListener.onCommandFinished: Run ../scripts/bot.js COMPLETED
10:12:19.758 [ INFO] maestro.cli.runner.CliConsoleListener.onCommandStart: Assert that "Tanışalım mı\?" is visible RUNNING
10:12:20.856 [ INFO] maestro.cli.runner.CliConsoleListener.onCommandFinished: Assert that "Tanışalım mı\?" is visible COMPLETED
10:12:20.856 [ INFO] maestro.cli.runner.CliConsoleListener.onCommandStart: Assert that "Bir şeyler ters gitti" is not visible RUNNING
10:12:21.999 [ INFO] maestro.cli.runner.CliConsoleListener.onCommandFinished: Assert that "Bir şeyler ters gitti" is not visible COMPLETED
10:12:21.999 [ INFO] maestro.cli.runner.CliConsoleListener.onCommandStart: Take screenshot 28-ended-by-bot RUNNING
10:12:21.999 [ INFO] maestro.Maestro.takeScreenshot: Taking screenshot
10:12:22.000 [TRACE] maestro.utils.ScreenshotUtils.takeScreenshot: Taking screenshot to output sink
10:12:22.070 [ INFO] maestro.cli.runner.CliConsoleListener.onCommandFinished: Take screenshot 28-ended-by-bot COMPLETED
10:12:22.070 [ INFO] maestro.cli.runner.CliConsoleListener.onCommandStart: Tap on id: reveal-no RUNNING
10:12:22.707 [ INFO] maestro.Maestro.tap-HgV9Ck0: Tapping on element:  UiElement(treeNode=TreeNode(attributes={text=, accessibilityText=Hayır, hintText=, ignoreBoundsFiltering=false, resource-id=reveal-no, clickable=true, bounds=[37,313][155,361], enabled=true, focused=false, checked=false, scrollable=false, selected=false, class=android.widget.Button, important-for-accessibility=true, error=}, children=[TreeNode(attributes={text=, accessibilityText=, hintText=, ignoreBoundsFiltering=false, resource-id=, clickable=false, bounds=[37,313][155,361], enabled=true, focused=false, checked=false, scrollable=false, selected=false, class=android.view.ViewGroup, important-for-accessibility=false, error=}, children=[], clickable=false, enabled=true, focused=false, checked=false, selected=false), TreeNode(attributes={text=Hayır, accessibilityText=, hintText=, ignoreBoundsFiltering=false, resource-id=, clickable=false, bounds=[76,327][116,347], enabled=true, focused=false, checked=false, scrollable=false, selected=false, class=android.widget.TextView, important-for-accessibility=true, error=}, children=[], clickable=false, enabled=true, focused=false, checked=false, selected=false)], clickable=true, enabled=true, focused=false, checked=false, selected=false), bounds=Bounds(x=37, y=313, width=118, height=48))
10:12:24.043 [ INFO] maestro.Maestro.tap-HgV9Ck0: Tap aimed via settled hierarchy
10:12:24.043 [ INFO] maestro.Maestro.hierarchyBasedTap-ogj28Uc: Tapping at (96, 337) using hierarchy based logic for wait
10:12:25.170 [ INFO] maestro.Maestro.hierarchyBasedTap-ogj28Uc: Something has changed in the UI judging by view hierarchy. Proceed.
10:12:25.170 [ INFO] maestro.cli.runner.CliConsoleListener.onCommandFinished: Tap on id: reveal-no COMPLETED
10:12:25.170 [ INFO] maestro.cli.runner.CliConsoleListener.onCommandStart: Assert that "Güzel oyundu.*" is visible RUNNING
10:12:25.239 [ INFO] maestro.cli.runner.CliConsoleListener.onCommandFinished: Assert that "Güzel oyundu.*" is visible COMPLETED
10:12:25.239 [ INFO] maestro.cli.runner.CliConsoleListener.onCommandStart: Run ../scripts/bot.js RUNNING
10:12:25.314 [ INFO] maestro.cli.runner.CliConsoleListener.onCommandFinished: Run ../scripts/bot.js COMPLETED
10:12:25.314 [ INFO] maestro.cli.runner.CliConsoleListener.onCommandStart: Assert that "Bir şeyler ters gitti" is not visible RUNNING
10:12:25.947 [ INFO] maestro.cli.runner.CliConsoleListener.onCommandFinished: Assert that "Bir şeyler ters gitti" is not visible COMPLETED
10:12:25.947 [ INFO] maestro.cli.runner.CliConsoleListener.onCommandStart: Take screenshot 29-good-game RUNNING
10:12:25.947 [ INFO] maestro.Maestro.takeScreenshot: Taking screenshot
10:12:25.947 [TRACE] maestro.utils.ScreenshotUtils.takeScreenshot: Taking screenshot to output sink
10:12:26.008 [ INFO] maestro.cli.runner.CliConsoleListener.onCommandFinished: Take screenshot 29-good-game COMPLETED
10:12:26.008 [ INFO] maestro.cli.runner.CliConsoleListener.onCommandStart: Tap on "Mekana dön" RUNNING
10:12:26.071 [ INFO] maestro.Maestro.tap-HgV9Ck0: Tapping on element:  UiElement(treeNode=TreeNode(attributes={text=Mekana dön, accessibilityText=, hintText=, ignoreBoundsFiltering=false, resource-id=, clickable=false, bounds=[115,229][206,249], enabled=true, focused=false, checked=false, scrollable=false, selected=false, class=android.widget.TextView, important-for-accessibility=true, error=}, children=[], clickable=false, enabled=true, focused=false, checked=false, selected=false), bounds=Bounds(x=115, y=229, width=91, height=20))
10:12:27.551 [ INFO] maestro.Maestro.tap-HgV9Ck0: Tap aimed via settled hierarchy
10:12:27.551 [ INFO] maestro.Maestro.hierarchyBasedTap-ogj28Uc: Tapping at (160, 239) using hierarchy based logic for wait
10:12:28.501 [ INFO] maestro.Maestro.hierarchyBasedTap-ogj28Uc: Something has changed in the UI judging by view hierarchy. Proceed.
10:12:28.501 [ INFO] maestro.cli.runner.CliConsoleListener.onCommandFinished: Tap on "Mekana dön" COMPLETED
10:12:28.501 [ INFO] maestro.cli.runner.CliConsoleListener.onCommandStart: Assert that "Oda kur" is visible RUNNING
10:12:28.654 [ INFO] maestro.cli.runner.CliConsoleListener.onCommandFinished: Assert that "Oda kur" is visible COMPLETED
10:12:28.654 [ INFO] maestro.cli.runner.CliConsoleListener.onCommandStart: Tap on id: play-with-table RUNNING
10:12:28.755 [ INFO] maestro.Maestro.tap-HgV9Ck0: Tapping on element:  UiElement(treeNode=TreeNode(attributes={text=, accessibilityText=Masanla oyna, hintText=, ignoreBoundsFiltering=false, resource-id=play-with-table, clickable=true, bounds=[166,413][300,461], enabled=true, focused=false, checked=false, scrollable=false, selected=false, class=android.widget.Button, important-for-accessibility=true, error=}, children=[TreeNode(attributes={text=, accessibilityText=, hintText=, ignoreBoundsFiltering=false, resource-id=, clickable=false, bounds=[166,413][300,461], enabled=true, focused=false, checked=false, scrollable=false, selected=false, class=android.view.ViewGroup, important-for-accessibility=false, error=}, children=[], clickable=false, enabled=true, focused=false, checked=false, selected=false), TreeNode(attributes={text=Masanla oyna, accessibilityText=, hintText=, ignoreBoundsFiltering=false, resource-id=, clickable=false, bounds=[182,427][285,447], enabled=true, focused=false, checked=false, scrollable=false, selected=false, class=android.widget.TextView, important-for-accessibility=true, error=}, children=[], clickable=false, enabled=true, focused=false, checked=false, selected=false)], clickable=true, enabled=true, focused=false, checked=false, selected=false), bounds=Bounds(x=166, y=413, width=134, height=48))
10:12:30.064 [ INFO] maestro.Maestro.tap-HgV9Ck0: Tap aimed via settled hierarchy
10:12:30.064 [ INFO] maestro.Maestro.hierarchyBasedTap-ogj28Uc: Tapping at (233, 437) using hierarchy based logic for wait
10:12:31.369 [ INFO] maestro.Maestro.hierarchyBasedTap-ogj28Uc: Something has changed in the UI judging by view hierarchy. Proceed.
10:12:31.369 [ INFO] maestro.cli.runner.CliConsoleListener.onCommandFinished: Tap on id: play-with-table COMPLETED
10:12:31.369 [ INFO] maestro.cli.runner.CliConsoleListener.onCommandStart: Assert that id: solo-tabu is visible RUNNING
10:12:31.450 [ INFO] maestro.cli.runner.CliConsoleListener.onCommandFinished: Assert that id: solo-tabu is visible COMPLETED
10:12:31.450 [ INFO] maestro.cli.runner.CliConsoleListener.onCommandStart: Take screenshot 29b-solo-room RUNNING
10:12:31.450 [ INFO] maestro.Maestro.takeScreenshot: Taking screenshot
10:12:31.450 [TRACE] maestro.utils.ScreenshotUtils.takeScreenshot: Taking screenshot to output sink
10:12:31.512 [ INFO] maestro.cli.runner.CliConsoleListener.onCommandFinished: Take screenshot 29b-solo-room COMPLETED
10:12:31.513 [ INFO] maestro.cli.runner.CliConsoleListener.onCommandStart: Tap on id: solo-tabu RUNNING
10:12:31.628 [ INFO] maestro.Maestro.tap-HgV9Ck0: Tapping on element:  UiElement(treeNode=TreeNode(attributes={text=, accessibilityText=Sesli Tabu başlat, hintText=, ignoreBoundsFiltering=false, resource-id=solo-tabu, clickable=true, bounds=[32,193][154,285], enabled=true, focused=false, checked=false, scrollable=false, selected=false, class=android.widget.Button, important-for-accessibility=true, error=}, children=[TreeNode(attributes={text=, accessibilityText=, hintText=, ignoreBoundsFiltering=false, resource-id=, clickable=false, bounds=[32,193][154,285], enabled=true, focused=false, checked=false, scrollable=false, selected=false, class=android.view.ViewGroup, important-for-accessibility=false, error=}, children=[TreeNode(attributes={text=Sesli Tabu, accessibilityText=, hintText=, ignoreBoundsFiltering=false, resource-id=, clickable=false, bounds=[44,205][142,224], enabled=true, focused=false, checked=false, scrollable=false, selected=false, class=android.widget.TextView, important-for-accessibility=true, error=}, children=[], clickable=false, enabled=true, focused=false, checked=false, selected=false), TreeNode(attributes={text=, accessibilityText=, hintText=, ignoreBoundsFiltering=false, resource-id=, clickable=false, bounds=[104,237][154,285], enabled=true, focused=false, checked=false, scrollable=false, selected=false, class=android.widget.ImageView, important-for-accessibility=false, error=}, children=[], clickable=false, enabled=true, focused=false, checked=false, selected=false)], clickable=false, enabled=true, focused=false, checked=false, selected=false)], clickable=true, enabled=true, focused=false, checked=false, selected=false), bounds=Bounds(x=32, y=193, width=122, height=92))
10:12:32.895 [ INFO] maestro.Maestro.tap-HgV9Ck0: Tap aimed via settled hierarchy
10:12:32.896 [ INFO] maestro.Maestro.hierarchyBasedTap-ogj28Uc: Tapping at (93, 239) using hierarchy based logic for wait
10:12:33.911 [ INFO] maestro.Maestro.hierarchyBasedTap-ogj28Uc: Something has changed in the UI judging by view hierarchy. Proceed.
10:12:33.911 [ INFO] maestro.cli.runner.CliConsoleListener.onCommandFinished: Tap on id: solo-tabu COMPLETED
10:12:33.911 [ INFO] maestro.cli.runner.CliConsoleListener.onCommandStart: Assert that "Takım . başlasın" is visible RUNNING
10:12:33.980 [ INFO] maestro.cli.runner.CliConsoleListener.onCommandFinished: Assert that "Takım . başlasın" is visible COMPLETED
10:12:33.980 [ INFO] maestro.cli.runner.CliConsoleListener.onCommandStart: Take screenshot 29c-solo-tabu RUNNING
10:12:33.980 [ INFO] maestro.Maestro.takeScreenshot: Taking screenshot
10:12:33.980 [TRACE] maestro.utils.ScreenshotUtils.takeScreenshot: Taking screenshot to output sink
10:12:34.038 [ INFO] maestro.cli.runner.CliConsoleListener.onCommandFinished: Take screenshot 29c-solo-tabu COMPLETED
10:12:34.038 [ INFO] maestro.cli.runner.CliConsoleListener.onCommandStart: Scrolling DOWN until id: end-game is visible with speed 40, visibility percentage 100%, timeout 10000 ms, with centering disabled RUNNING
10:12:34.151 [ INFO] maestro.orchestra.Orchestra.scrollUntilVisible: Scrolling try count: 0, DeviceWidth: 320, DeviceWidth: 640
10:12:34.151 [ INFO] maestro.orchestra.Orchestra.scrollUntilVisible: Element bounds: Bounds(x=16, y=30, width=44, height=44)
10:12:34.151 [ INFO] maestro.orchestra.Orchestra.scrollUntilVisible: Visibility Percent: 1.0
10:12:34.151 [ INFO] maestro.orchestra.Orchestra.scrollUntilVisible: Command centerElement: ScrollUntilVisibleCommand(selector=ElementSelector(textRegex=null, idRegex=end-game, size=null, below=null, above=null, leftOf=null, rightOf=null, containsChild=null, containsDescendants=null, traits=null, index=null, enabled=null, optional=false, selected=null, checked=null, focused=null, childOf=null, css=null), direction=DOWN, scrollDuration=601, visibilityPercentage=100, timeout=10000, waitToSettleTimeoutMs=null, centerElement=false, originalSpeedValue=40, label=null, optional=false).centerElement
10:12:34.151 [ INFO] maestro.orchestra.Orchestra.scrollUntilVisible: visibilityPercentageNormalized: 1.0
10:12:34.152 [ INFO] maestro.cli.runner.CliConsoleListener.onCommandFinished: Scrolling DOWN until id: end-game is visible with speed 40, visibility percentage 100%, timeout 10000 ms, with centering disabled COMPLETED
10:12:34.152 [ INFO] maestro.cli.runner.CliConsoleListener.onCommandStart: Tap on id: end-game RUNNING
10:12:34.224 [ INFO] maestro.Maestro.tap-HgV9Ck0: Tapping on element:  UiElement(treeNode=TreeNode(attributes={text=, accessibilityText=Oyunu bitir, hintText=, ignoreBoundsFiltering=false, resource-id=end-game, clickable=true, bounds=[16,30][60,74], enabled=true, focused=false, checked=false, scrollable=false, selected=false, class=android.widget.Button, important-for-accessibility=true, error=}, children=[TreeNode(attributes={text=, accessibilityText=, hintText=, ignoreBoundsFiltering=false, resource-id=, clickable=false, bounds=[16,30][60,74], enabled=true, focused=false, checked=false, scrollable=false, selected=false, class=android.view.ViewGroup, important-for-accessibility=false, error=}, children=[], clickable=false, enabled=true, focused=false, checked=false, selected=false), TreeNode(attributes={text=, accessibilityText=, hintText=, ignoreBoundsFiltering=false, resource-id=, clickable=false, bounds=[28,41][48,62], enabled=true, focused=false, checked=false, scrollable=false, selected=false, class=android.widget.TextView, important-for-accessibility=true, error=}, children=[], clickable=false, enabled=true, focused=false, checked=false, selected=false)], clickable=true, enabled=true, focused=false, checked=false, selected=false), bounds=Bounds(x=16, y=30, width=44, height=44))
10:12:35.459 [ INFO] maestro.Maestro.tap-HgV9Ck0: Tap aimed via settled hierarchy
10:12:35.460 [ INFO] maestro.Maestro.hierarchyBasedTap-ogj28Uc: Tapping at (38, 52) using hierarchy based logic for wait
10:12:36.327 [ INFO] maestro.Maestro.hierarchyBasedTap-ogj28Uc: Something has changed in the UI judging by view hierarchy. Proceed.
10:12:36.327 [ INFO] maestro.cli.runner.CliConsoleListener.onCommandFinished: Tap on id: end-game COMPLETED
10:12:36.327 [ INFO] maestro.cli.runner.CliConsoleListener.onCommandStart: Tap on id: end-game-confirm RUNNING
10:12:36.427 [ INFO] maestro.Maestro.tap-HgV9Ck0: Tapping on element:  UiElement(treeNode=TreeNode(attributes={text=, accessibilityText=Bitir, hintText=, ignoreBoundsFiltering=false, resource-id=end-game-confirm, clickable=true, bounds=[165,568][296,616], enabled=true, focused=false, checked=false, scrollable=false, selected=false, class=android.widget.Button, important-for-accessibility=true, error=}, children=[TreeNode(attributes={text=, accessibilityText=, hintText=, ignoreBoundsFiltering=false, resource-id=, clickable=false, bounds=[165,568][296,616], enabled=true, focused=false, checked=false, scrollable=false, selected=false, class=android.view.ViewGroup, important-for-accessibility=false, error=}, children=[], clickable=false, enabled=true, focused=false, checked=false, selected=false), TreeNode(attributes={text=Bitir, accessibilityText=, hintText=, ignoreBoundsFiltering=false, resource-id=, clickable=false, bounds=[215,582][247,602], enabled=true, focused=false, checked=false, scrollable=false, selected=false, class=android.widget.TextView, important-for-accessibility=true, error=}, children=[], clickable=false, enabled=true, focused=false, checked=false, selected=false)], clickable=true, enabled=true, focused=false, checked=false, selected=false), bounds=Bounds(x=165, y=568, width=131, height=48))
10:12:37.582 [ INFO] maestro.Maestro.tap-HgV9Ck0: Tap aimed via settled hierarchy
10:12:37.582 [ INFO] maestro.Maestro.hierarchyBasedTap-ogj28Uc: Tapping at (230, 592) using hierarchy based logic for wait
10:12:38.981 [ INFO] maestro.Maestro.hierarchyBasedTap-ogj28Uc: Something has changed in the UI judging by view hierarchy. Proceed.
10:12:38.981 [ INFO] maestro.cli.runner.CliConsoleListener.onCommandFinished: Tap on id: end-game-confirm COMPLETED
10:12:38.982 [ INFO] maestro.cli.runner.CliConsoleListener.onCommandStart: Scrolling UP until id: solo-tabu is visible with speed 40, visibility percentage 100%, timeout 15000 ms, with centering disabled RUNNING
10:12:39.094 [ INFO] maestro.orchestra.Orchestra.scrollUntilVisible: Scrolling try count: 0, DeviceWidth: 320, DeviceWidth: 640
10:12:39.094 [ INFO] maestro.orchestra.Orchestra.scrollUntilVisible: Element bounds: Bounds(x=32, y=217, width=122, height=92)
10:12:39.094 [ INFO] maestro.orchestra.Orchestra.scrollUntilVisible: Visibility Percent: 1.0
10:12:39.094 [ INFO] maestro.orchestra.Orchestra.scrollUntilVisible: Command centerElement: ScrollUntilVisibleCommand(selector=ElementSelector(textRegex=null, idRegex=solo-tabu, size=null, below=null, above=null, leftOf=null, rightOf=null, containsChild=null, containsDescendants=null, traits=null, index=null, enabled=null, optional=false, selected=null, checked=null, focused=null, childOf=null, css=null), direction=UP, scrollDuration=601, visibilityPercentage=100, timeout=15000, waitToSettleTimeoutMs=null, centerElement=false, originalSpeedValue=40, label=null, optional=false).centerElement
10:12:39.094 [ INFO] maestro.orchestra.Orchestra.scrollUntilVisible: visibilityPercentageNormalized: 1.0
10:12:39.094 [ INFO] maestro.cli.runner.CliConsoleListener.onCommandFinished: Scrolling UP until id: solo-tabu is visible with speed 40, visibility percentage 100%, timeout 15000 ms, with centering disabled COMPLETED
10:12:39.094 [ INFO] maestro.cli.runner.CliConsoleListener.onCommandStart: Scrolling DOWN until id: solo-sohbet is visible with speed 40, visibility percentage 100%, timeout 15000 ms, with centering disabled RUNNING
10:12:39.214 [ INFO] maestro.orchestra.Orchestra.scrollUntilVisible: Scrolling try count: 0, DeviceWidth: 320, DeviceWidth: 640
10:12:39.214 [ INFO] maestro.orchestra.Orchestra.scrollUntilVisible: Element bounds: Bounds(x=166, y=437, width=122, height=92)
10:12:39.214 [ INFO] maestro.orchestra.Orchestra.scrollUntilVisible: Visibility Percent: 1.0
10:12:39.214 [ INFO] maestro.orchestra.Orchestra.scrollUntilVisible: Command centerElement: ScrollUntilVisibleCommand(selector=ElementSelector(textRegex=null, idRegex=solo-sohbet, size=null, below=null, above=null, leftOf=null, rightOf=null, containsChild=null, containsDescendants=null, traits=null, index=null, enabled=null, optional=false, selected=null, checked=null, focused=null, childOf=null, css=null), direction=DOWN, scrollDuration=601, visibilityPercentage=100, timeout=15000, waitToSettleTimeoutMs=null, centerElement=false, originalSpeedValue=40, label=null, optional=false).centerElement
10:12:39.214 [ INFO] maestro.orchestra.Orchestra.scrollUntilVisible: visibilityPercentageNormalized: 1.0
10:12:39.214 [ INFO] maestro.cli.runner.CliConsoleListener.onCommandFinished: Scrolling DOWN until id: solo-sohbet is visible with speed 40, visibility percentage 100%, timeout 15000 ms, with centering disabled COMPLETED
10:12:39.214 [ INFO] maestro.cli.runner.CliConsoleListener.onCommandStart: Scrolling DOWN until id: end-room is visible with speed 40, visibility percentage 100%, timeout 10000 ms, with centering disabled RUNNING
10:12:39.378 [ INFO] maestro.orchestra.Orchestra.scrollUntilVisible: Scrolling try count: 0, DeviceWidth: 320, DeviceWidth: 640
10:12:39.378 [ INFO] maestro.orchestra.Orchestra.scrollUntilVisible: Element bounds: Bounds(x=224, y=32, width=40, height=40)
10:12:39.378 [ INFO] maestro.orchestra.Orchestra.scrollUntilVisible: Visibility Percent: 1.0
10:12:39.378 [ INFO] maestro.orchestra.Orchestra.scrollUntilVisible: Command centerElement: ScrollUntilVisibleCommand(selector=ElementSelector(textRegex=null, idRegex=end-room, size=null, below=null, above=null, leftOf=null, rightOf=null, containsChild=null, containsDescendants=null, traits=null, index=null, enabled=null, optional=false, selected=null, checked=null, focused=null, childOf=null, css=null), direction=DOWN, scrollDuration=601, visibilityPercentage=100, timeout=10000, waitToSettleTimeoutMs=null, centerElement=false, originalSpeedValue=40, label=null, optional=false).centerElement
10:12:39.378 [ INFO] maestro.orchestra.Orchestra.scrollUntilVisible: visibilityPercentageNormalized: 1.0
10:12:39.378 [ INFO] maestro.cli.runner.CliConsoleListener.onCommandFinished: Scrolling DOWN until id: end-room is visible with speed 40, visibility percentage 100%, timeout 10000 ms, with centering disabled COMPLETED
10:12:39.378 [ INFO] maestro.cli.runner.CliConsoleListener.onCommandStart: Tap on id: end-room RUNNING
10:12:39.490 [ INFO] maestro.Maestro.tap-HgV9Ck0: Tapping on element:  UiElement(treeNode=TreeNode(attributes={text=, accessibilityText=Odayı bitir, hintText=, ignoreBoundsFiltering=false, resource-id=end-room, clickable=true, bounds=[224,32][264,72], enabled=true, focused=false, checked=false, scrollable=false, selected=false, class=android.widget.Button, important-for-accessibility=true, error=}, children=[TreeNode(attributes={text=, accessibilityText=, hintText=, ignoreBoundsFiltering=false, resource-id=, clickable=false, bounds=[224,32][264,72], enabled=true, focused=false, checked=false, scrollable=false, selected=false, class=android.view.ViewGroup, important-for-accessibility=false, error=}, children=[], clickable=false, enabled=true, focused=false, checked=false, selected=false), TreeNode(attributes={text=, accessibilityText=, hintText=, ignoreBoundsFiltering=false, resource-id=, clickable=false, bounds=[234,41][254,62], enabled=true, focused=false, checked=false, scrollable=false, selected=false, class=android.widget.TextView, important-for-accessibility=true, error=}, children=[], clickable=false, enabled=true, focused=false, checked=false, selected=false)], clickable=true, enabled=true, focused=false, checked=false, selected=false), bounds=Bounds(x=224, y=32, width=40, height=40))
10:12:40.689 [ INFO] maestro.Maestro.tap-HgV9Ck0: Tap aimed via settled hierarchy
10:12:40.690 [ INFO] maestro.Maestro.hierarchyBasedTap-ogj28Uc: Tapping at (244, 52) using hierarchy based logic for wait
10:12:42.012 [ INFO] maestro.Maestro.hierarchyBasedTap-ogj28Uc: Something has changed in the UI judging by view hierarchy. Proceed.
10:12:42.012 [ INFO] maestro.cli.runner.CliConsoleListener.onCommandFinished: Tap on id: end-room COMPLETED
10:12:42.012 [ INFO] maestro.cli.runner.CliConsoleListener.onCommandStart: Assert that "Oda kur" is visible RUNNING
10:12:42.111 [ INFO] maestro.cli.runner.CliConsoleListener.onCommandFinished: Assert that "Oda kur" is visible COMPLETED
10:12:42.111 [ INFO] maestro.cli.runner.CliConsoleListener.onCommandFinished: Run flows/06-white-screen.yaml COMPLETED
10:12:42.111 [ INFO] maestro.cli.runner.CliConsoleListener.onCommandStart: Run flows/06b-tabu-coop.yaml RUNNING
10:12:42.112 [ INFO] maestro.cli.runner.CliConsoleListener.onCommandStart: Apply configuration RUNNING
10:12:42.112 [ INFO] maestro.cli.runner.CliConsoleListener.onCommandFinished: Apply configuration COMPLETED
10:12:42.112 [ INFO] maestro.cli.runner.CliConsoleListener.onCommandStart: Run ../scripts/bot.js RUNNING
10:12:42.431 [ INFO] maestro.cli.runner.CliConsoleListener.onCommandFinished: Run ../scripts/bot.js COMPLETED
10:12:42.432 [ INFO] maestro.cli.runner.CliConsoleListener.onCommandStart: Run ../scripts/bot.js RUNNING
10:12:42.526 [ INFO] maestro.cli.runner.CliConsoleListener.onCommandFinished: Run ../scripts/bot.js COMPLETED
10:12:42.526 [ INFO] maestro.cli.runner.CliConsoleListener.onCommandStart: Tap on id: tab-venue RUNNING
10:12:42.613 [ INFO] maestro.Maestro.tap-HgV9Ck0: Tapping on element:  UiElement(treeNode=TreeNode(attributes={text=, accessibilityText=Mekan, hintText=, ignoreBoundsFiltering=false, resource-id=tab-venue, clickable=true, bounds=[133,568][187,632], enabled=true, focused=false, checked=false, scrollable=false, selected=true, class=android.view.View, important-for-accessibility=true, error=}, children=[TreeNode(attributes={text=, accessibilityText=, hintText=, ignoreBoundsFiltering=false, resource-id=, clickable=false, bounds=[140,572][180,612], enabled=true, focused=false, checked=false, scrollable=false, selected=false, class=android.view.ViewGroup, important-for-accessibility=false, error=}, children=[], clickable=false, enabled=true, focused=false, checked=false, selected=false), TreeNode(attributes={text=, accessibilityText=, hintText=, ignoreBoundsFiltering=false, resource-id=, clickable=false, bounds=[148,580][172,604], enabled=true, focused=false, checked=false, scrollable=false, selected=false, class=android.widget.ImageView, important-for-accessibility=false, error=}, children=[], clickable=false, enabled=true, focused=false, checked=false, selected=false), TreeNode(attributes={text=Mekan, accessibilityText=, hintText=, ignoreBoundsFiltering=false, resource-id=, clickable=false, bounds=[141,612][178,628], enabled=true, focused=false, checked=false, scrollable=false, selected=false, class=android.widget.TextView, important-for-accessibility=true, error=}, children=[], clickable=false, enabled=true, focused=false, checked=false, selected=false)], clickable=true, enabled=true, focused=false, checked=false, selected=true), bounds=Bounds(x=133, y=568, width=54, height=64))
10:12:43.911 [ INFO] maestro.Maestro.tap-HgV9Ck0: Tap aimed via settled hierarchy
10:12:43.912 [ INFO] maestro.Maestro.hierarchyBasedTap-ogj28Uc: Tapping at (160, 600) using hierarchy based logic for wait
10:12:44.338 [ INFO] maestro.cli.runner.CliConsoleListener.onCommandFinished: Tap on id: tab-venue COMPLETED
10:12:44.338 [ INFO] maestro.cli.runner.CliConsoleListener.onCommandStart: Assert that "Oda kur" is visible RUNNING
10:12:44.461 [ INFO] maestro.cli.runner.CliConsoleListener.onCommandFinished: Assert that "Oda kur" is visible COMPLETED
10:12:44.461 [ INFO] maestro.cli.runner.CliConsoleListener.onCommandStart: Tap on "Oda kur" RUNNING
10:12:44.591 [ INFO] maestro.Maestro.tap-HgV9Ck0: Tapping on element:  UiElement(treeNode=TreeNode(attributes={text=Oda kur, accessibilityText=, hintText=, ignoreBoundsFiltering=false, resource-id=, clickable=false, bounds=[57,427][117,447], enabled=true, focused=false, checked=false, scrollable=false, selected=false, class=android.widget.TextView, important-for-accessibility=true, error=}, children=[], clickable=false, enabled=true, focused=false, checked=false, selected=false), bounds=Bounds(x=57, y=427, width=60, height=20))
10:12:45.877 [ INFO] maestro.Maestro.tap-HgV9Ck0: Tap aimed via settled hierarchy
10:12:45.878 [ INFO] maestro.Maestro.hierarchyBasedTap-ogj28Uc: Tapping at (87, 437) using hierarchy based logic for wait
10:12:47.184 [ INFO] maestro.Maestro.hierarchyBasedTap-ogj28Uc: Something has changed in the UI judging by view hierarchy. Proceed.
10:12:47.184 [ INFO] maestro.cli.runner.CliConsoleListener.onCommandFinished: Tap on "Oda kur" COMPLETED
10:12:47.184 [ INFO] maestro.cli.runner.CliConsoleListener.onCommandStart: Assert that id: intent-none is visible RUNNING
10:12:47.296 [ INFO] maestro.cli.runner.CliConsoleListener.onCommandFinished: Assert that id: intent-none is visible COMPLETED
10:12:47.296 [ INFO] maestro.cli.runner.CliConsoleListener.onCommandStart: Scrolling DOWN until "Odayı kur" is visible with speed 40, visibility percentage 100%, timeout 10000 ms, with centering disabled RUNNING
10:12:47.408 [ INFO] maestro.orchestra.Orchestra.scrollUntilVisible: Scrolling try count: 0, DeviceWidth: 320, DeviceWidth: 640
10:12:47.408 [ INFO] maestro.orchestra.Orchestra.scrollUntilVisible: Element bounds: Bounds(x=120, y=565, width=81, height=22)
10:12:47.409 [ INFO] maestro.orchestra.Orchestra.scrollUntilVisible: Visibility Percent: 1.0
10:12:47.409 [ INFO] maestro.orchestra.Orchestra.scrollUntilVisible: Command centerElement: ScrollUntilVisibleCommand(selector=ElementSelector(textRegex=Odayı kur, idRegex=null, size=null, below=null, above=null, leftOf=null, rightOf=null, containsChild=null, containsDescendants=null, traits=null, index=null, enabled=null, optional=false, selected=null, checked=null, focused=null, childOf=null, css=null), direction=DOWN, scrollDuration=601, visibilityPercentage=100, timeout=10000, waitToSettleTimeoutMs=null, centerElement=false, originalSpeedValue=40, label=null, optional=false).centerElement
10:12:47.409 [ INFO] maestro.orchestra.Orchestra.scrollUntilVisible: visibilityPercentageNormalized: 1.0
10:12:47.409 [ INFO] maestro.cli.runner.CliConsoleListener.onCommandFinished: Scrolling DOWN until "Odayı kur" is visible with speed 40, visibility percentage 100%, timeout 10000 ms, with centering disabled COMPLETED
10:12:47.409 [ INFO] maestro.cli.runner.CliConsoleListener.onCommandStart: Tap on "Odayı kur" RUNNING
10:12:47.516 [ INFO] maestro.Maestro.tap-HgV9Ck0: Tapping on element:  UiElement(treeNode=TreeNode(attributes={text=Odayı kur, accessibilityText=, hintText=, ignoreBoundsFiltering=false, resource-id=, clickable=false, bounds=[120,565][201,587], enabled=true, focused=false, checked=false, scrollable=false, selected=false, class=android.widget.TextView, important-for-accessibility=true, error=}, children=[], clickable=false, enabled=true, focused=false, checked=false, selected=false), bounds=Bounds(x=120, y=565, width=81, height=22))
10:12:48.800 [ INFO] maestro.Maestro.tap-HgV9Ck0: Tap aimed via settled hierarchy
10:12:48.800 [ INFO] maestro.Maestro.hierarchyBasedTap-ogj28Uc: Tapping at (160, 576) using hierarchy based logic for wait
10:12:49.986 [ INFO] maestro.Maestro.hierarchyBasedTap-ogj28Uc: Something has changed in the UI judging by view hierarchy. Proceed.
10:12:49.986 [ INFO] maestro.cli.runner.CliConsoleListener.onCommandFinished: Tap on "Odayı kur" COMPLETED
10:12:49.986 [ INFO] maestro.cli.runner.CliConsoleListener.onCommandStart: Assert that id: solo-tabu is visible RUNNING
10:12:50.063 [ INFO] maestro.cli.runner.CliConsoleListener.onCommandFinished: Assert that id: solo-tabu is visible COMPLETED
10:12:50.063 [ INFO] maestro.cli.runner.CliConsoleListener.onCommandStart: Run ../scripts/bot.js RUNNING
10:12:50.135 [ INFO] maestro.cli.runner.CliConsoleListener.onCommandFinished: Run ../scripts/bot.js COMPLETED
10:12:50.135 [ INFO] maestro.cli.runner.CliConsoleListener.onCommandStart: Assert that "Katılma isteği" is visible RUNNING
10:12:50.998 [ INFO] maestro.cli.runner.CliConsoleListener.onCommandFinished: Assert that "Katılma isteği" is visible COMPLETED
10:12:50.998 [ INFO] maestro.cli.runner.CliConsoleListener.onCommandStart: Tap on id: join-accept RUNNING
10:12:51.136 [ INFO] maestro.Maestro.tap-HgV9Ck0: Tapping on element:  UiElement(treeNode=TreeNode(attributes={text=, accessibilityText=Kabul, hintText=, ignoreBoundsFiltering=false, resource-id=join-accept, clickable=true, bounds=[165,502][296,550], enabled=true, focused=false, checked=false, scrollable=false, selected=false, class=android.widget.Button, important-for-accessibility=true, error=}, children=[TreeNode(attributes={text=, accessibilityText=, hintText=, ignoreBoundsFiltering=false, resource-id=, clickable=false, bounds=[165,502][296,550], enabled=true, focused=false, checked=false, scrollable=false, selected=false, class=android.view.ViewGroup, important-for-accessibility=false, error=}, children=[], clickable=false, enabled=true, focused=false, checked=false, selected=false), TreeNode(attributes={text=Kabul, accessibilityText=, hintText=, ignoreBoundsFiltering=false, resource-id=, clickable=false, bounds=[209,516][253,536], enabled=true, focused=false, checked=false, scrollable=false, selected=false, class=android.widget.TextView, important-for-accessibility=true, error=}, children=[], clickable=false, enabled=true, focused=false, checked=false, selected=false)], clickable=true, enabled=true, focused=false, checked=false, selected=false), bounds=Bounds(x=165, y=502, width=131, height=48))
10:12:52.199 [ INFO] maestro.Maestro.tap-HgV9Ck0: Tap aimed via settled hierarchy
10:12:52.199 [ INFO] maestro.Maestro.hierarchyBasedTap-ogj28Uc: Tapping at (230, 526) using hierarchy based logic for wait
10:12:53.141 [ INFO] maestro.Maestro.hierarchyBasedTap-ogj28Uc: Something has changed in the UI judging by view hierarchy. Proceed.
10:12:53.142 [ INFO] maestro.cli.runner.CliConsoleListener.onCommandFinished: Tap on id: join-accept COMPLETED
10:12:53.142 [ INFO] maestro.cli.runner.CliConsoleListener.onCommandStart: Assert that id: propose-tabu is visible RUNNING
10:12:53.302 [ INFO] maestro.cli.runner.CliConsoleListener.onCommandFinished: Assert that id: propose-tabu is visible COMPLETED
10:12:53.302 [ INFO] maestro.cli.runner.CliConsoleListener.onCommandStart: Tap on id: propose-tabu RUNNING
10:12:53.427 [ INFO] maestro.Maestro.tap-HgV9Ck0: Tapping on element:  UiElement(treeNode=TreeNode(attributes={text=, accessibilityText=Sesli Tabu öner, hintText=, ignoreBoundsFiltering=false, resource-id=propose-tabu, clickable=true, bounds=[34,207][154,299], enabled=true, focused=false, checked=false, scrollable=false, selected=false, class=android.widget.Button, important-for-accessibility=true, error=}, children=[TreeNode(attributes={text=, accessibilityText=, hintText=, ignoreBoundsFiltering=false, resource-id=, clickable=false, bounds=[34,207][154,299], enabled=true, focused=false, checked=false, scrollable=false, selected=false, class=android.view.ViewGroup, important-for-accessibility=false, error=}, children=[TreeNode(attributes={text=Sesli Tabu, accessibilityText=, hintText=, ignoreBoundsFiltering=false, resource-id=, clickable=false, bounds=[46,219][142,238], enabled=true, focused=false, checked=false, scrollable=false, selected=false, class=android.widget.TextView, important-for-accessibility=true, error=}, children=[], clickable=false, enabled=true, focused=false, checked=false, selected=false), TreeNode(attributes={text=, accessibilityText=, hintText=, ignoreBoundsFiltering=false, resource-id=, clickable=false, bounds=[104,251][154,299], enabled=true, focused=false, checked=false, scrollable=false, selected=false, class=android.widget.ImageView, important-for-accessibility=false, error=}, children=[], clickable=false, enabled=true, focused=false, checked=false, selected=false)], clickable=false, enabled=true, focused=false, checked=false, selected=false)], clickable=true, enabled=true, focused=false, checked=false, selected=false), bounds=Bounds(x=34, y=207, width=120, height=92))
10:12:54.697 [ INFO] maestro.Maestro.tap-HgV9Ck0: Tap aimed via settled hierarchy
10:12:54.698 [ INFO] maestro.Maestro.hierarchyBasedTap-ogj28Uc: Tapping at (94, 253) using hierarchy based logic for wait
10:12:56.315 [ INFO] maestro.Maestro.hierarchyBasedTap-ogj28Uc: Something has changed in the UI judging by view hierarchy. Proceed.
10:12:56.316 [ INFO] maestro.cli.runner.CliConsoleListener.onCommandFinished: Tap on id: propose-tabu COMPLETED
10:12:56.316 [ INFO] maestro.cli.runner.CliConsoleListener.onCommandStart: Run ../scripts/bot.js RUNNING
10:12:56.386 [ INFO] maestro.cli.runner.CliConsoleListener.onCommandFinished: Run ../scripts/bot.js COMPLETED
10:12:56.386 [ INFO] maestro.cli.runner.CliConsoleListener.onCommandStart: Assert that id: turn-start is visible RUNNING
10:12:57.571 [ INFO] maestro.cli.runner.CliConsoleListener.onCommandFinished: Assert that id: turn-start is visible COMPLETED
10:12:57.572 [ INFO] maestro.cli.runner.CliConsoleListener.onCommandStart: Tap on id: turn-start RUNNING
10:12:57.636 [ INFO] maestro.Maestro.tap-HgV9Ck0: Tapping on element:  UiElement(treeNode=TreeNode(attributes={text=, accessibilityText=Turu başlat, hintText=, ignoreBoundsFiltering=false, resource-id=turn-start, clickable=true, bounds=[62,80][258,170], enabled=true, focused=false, checked=false, scrollable=false, selected=false, class=android.widget.Button, important-for-accessibility=true, error=}, children=[TreeNode(attributes={text=, accessibilityText=, hintText=, ignoreBoundsFiltering=false, resource-id=, clickable=false, bounds=[62,80][258,170], enabled=true, focused=false, checked=false, scrollable=false, selected=false, class=android.view.ViewGroup, important-for-accessibility=false, error=}, children=[], clickable=false, enabled=true, focused=false, checked=false, selected=false), TreeNode(attributes={text=Başla, accessibilityText=, hintText=, ignoreBoundsFiltering=false, resource-id=, clickable=false, bounds=[89,80][231,101], enabled=true, focused=false, checked=false, scrollable=false, selected=false, class=android.widget.TextView, important-for-accessibility=true, error=}, children=[], clickable=false, enabled=true, focused=false, checked=false, selected=false)], clickable=true, enabled=true, focused=false, checked=false, selected=false), bounds=Bounds(x=62, y=80, width=196, height=90))
10:12:58.895 [ INFO] maestro.Maestro.tap-HgV9Ck0: Tap aimed via settled hierarchy
10:12:58.896 [ INFO] maestro.Maestro.hierarchyBasedTap-ogj28Uc: Tapping at (160, 125) using hierarchy based logic for wait
10:12:59.191 [ INFO] maestro.cli.runner.CliConsoleListener.onCommandFinished: Tap on id: turn-start COMPLETED
10:12:59.191 [ INFO] maestro.cli.runner.CliConsoleListener.onCommandStart: Assert that "Kartı görmek için dokun" is visible RUNNING
10:13:12.893 [ INFO] maestro.cli.runner.CliConsoleListener.onCommandFinished: Assert that "Kartı görmek için dokun" is visible COMPLETED
10:13:12.894 [ INFO] maestro.cli.runner.CliConsoleListener.onCommandStart: Assert that "Ortak skor" is visible RUNNING
10:13:12.935 [ INFO] maestro.cli.runner.CliConsoleListener.onCommandFinished: Assert that "Ortak skor" is visible COMPLETED
10:13:12.935 [ INFO] maestro.cli.runner.CliConsoleListener.onCommandStart: Tap on "Kartı görmek için dokun" RUNNING
10:13:13.049 [ INFO] maestro.Maestro.tap-HgV9Ck0: Tapping on element:  UiElement(treeNode=TreeNode(attributes={text=Kartı görmek için dokun, accessibilityText=, hintText=, ignoreBoundsFiltering=false, resource-id=, clickable=false, bounds=[42,409][278,465], enabled=true, focused=false, checked=false, scrollable=false, selected=false, class=android.widget.TextView, important-for-accessibility=true, error=}, children=[], clickable=false, enabled=true, focused=false, checked=false, selected=false), bounds=Bounds(x=42, y=409, width=236, height=56))
10:13:14.241 [ INFO] maestro.Maestro.tap-HgV9Ck0: Tap aimed via settled hierarchy
10:13:14.242 [ INFO] maestro.Maestro.hierarchyBasedTap-ogj28Uc: Tapping at (160, 437) using hierarchy based logic for wait
10:13:15.184 [ INFO] maestro.Maestro.hierarchyBasedTap-ogj28Uc: Something has changed in the UI judging by view hierarchy. Proceed.
10:13:15.184 [ INFO] maestro.cli.runner.CliConsoleListener.onCommandFinished: Tap on "Kartı görmek için dokun" COMPLETED
10:13:15.184 [ INFO] maestro.cli.runner.CliConsoleListener.onCommandStart: Assert that id: tabu-card is visible RUNNING
10:13:15.841 [ INFO] maestro.cli.runner.CliConsoleListener.onCommandFinished: Assert that id: tabu-card is visible COMPLETED
10:13:15.841 [ INFO] maestro.cli.runner.CliConsoleListener.onCommandStart: Scrolling DOWN until id: tabu-taboo is visible with speed 40, visibility percentage 100%, timeout 10000 ms, with centering enabled RUNNING
10:13:15.920 [ INFO] maestro.orchestra.Orchestra.scrollUntilVisible: Scrolling try count: 0, DeviceWidth: 320, DeviceWidth: 640
10:13:15.921 [ INFO] maestro.orchestra.Orchestra.scrollUntilVisible: Element bounds: Bounds(x=213, y=615, width=91, height=25)
10:13:15.921 [ INFO] maestro.orchestra.Orchestra.scrollUntilVisible: Visibility Percent: 1.0
10:13:15.921 [ INFO] maestro.orchestra.Orchestra.scrollUntilVisible: Command centerElement: ScrollUntilVisibleCommand(selector=ElementSelector(textRegex=null, idRegex=tabu-taboo, size=null, below=null, above=null, leftOf=null, rightOf=null, containsChild=null, containsDescendants=null, traits=null, index=null, enabled=null, optional=false, selected=null, checked=null, focused=null, childOf=null, css=null), direction=DOWN, scrollDuration=601, visibilityPercentage=100, timeout=10000, waitToSettleTimeoutMs=null, centerElement=true, originalSpeedValue=40, label=null, optional=false).centerElement
10:13:15.921 [ INFO] maestro.orchestra.Orchestra.scrollUntilVisible: visibilityPercentageNormalized: 1.0
10:13:15.963 [ INFO] maestro.Maestro.swipeFromCenter: Swiping UP from center
10:13:17.971 [ INFO] maestro.orchestra.Orchestra.scrollUntilVisible: Scrolling try count: 1, DeviceWidth: 320, DeviceWidth: 640
10:13:17.971 [ INFO] maestro.orchestra.Orchestra.scrollUntilVisible: Element bounds: Bounds(x=213, y=450, width=91, height=64)
10:13:17.971 [ INFO] maestro.orchestra.Orchestra.scrollUntilVisible: Visibility Percent: 1.0
10:13:17.971 [ INFO] maestro.orchestra.Orchestra.scrollUntilVisible: Command centerElement: ScrollUntilVisibleCommand(selector=ElementSelector(textRegex=null, idRegex=tabu-taboo, size=null, below=null, above=null, leftOf=null, rightOf=null, containsChild=null, containsDescendants=null, traits=null, index=null, enabled=null, optional=false, selected=null, checked=null, focused=null, childOf=null, css=null), direction=DOWN, scrollDuration=601, visibilityPercentage=100, timeout=10000, waitToSettleTimeoutMs=null, centerElement=true, originalSpeedValue=40, label=null, optional=false).centerElement
10:13:17.971 [ INFO] maestro.orchestra.Orchestra.scrollUntilVisible: visibilityPercentageNormalized: 1.0
10:13:17.976 [ INFO] maestro.Maestro.swipeFromCenter: Swiping UP from center
10:13:19.837 [ INFO] maestro.orchestra.Orchestra.scrollUntilVisible: Scrolling try count: 2, DeviceWidth: 320, DeviceWidth: 640
10:13:19.837 [ INFO] maestro.orchestra.Orchestra.scrollUntilVisible: Element bounds: Bounds(x=213, y=450, width=91, height=64)
10:13:19.837 [ INFO] maestro.orchestra.Orchestra.scrollUntilVisible: Visibility Percent: 1.0
10:13:19.837 [ INFO] maestro.orchestra.Orchestra.scrollUntilVisible: Command centerElement: ScrollUntilVisibleCommand(selector=ElementSelector(textRegex=null, idRegex=tabu-taboo, size=null, below=null, above=null, leftOf=null, rightOf=null, containsChild=null, containsDescendants=null, traits=null, index=null, enabled=null, optional=false, selected=null, checked=null, focused=null, childOf=null, css=null), direction=DOWN, scrollDuration=601, visibilityPercentage=100, timeout=10000, waitToSettleTimeoutMs=null, centerElement=true, originalSpeedValue=40, label=null, optional=false).centerElement
10:13:19.837 [ INFO] maestro.orchestra.Orchestra.scrollUntilVisible: visibilityPercentageNormalized: 1.0
10:13:19.842 [ INFO] maestro.Maestro.swipeFromCenter: Swiping UP from center
10:13:21.273 [ INFO] maestro.orchestra.Orchestra.scrollUntilVisible: Scrolling try count: 3, DeviceWidth: 320, DeviceWidth: 640
10:13:21.273 [ INFO] maestro.orchestra.Orchestra.scrollUntilVisible: Element bounds: Bounds(x=213, y=450, width=91, height=64)
10:13:21.273 [ INFO] maestro.orchestra.Orchestra.scrollUntilVisible: Visibility Percent: 1.0
10:13:21.273 [ INFO] maestro.orchestra.Orchestra.scrollUntilVisible: Command centerElement: ScrollUntilVisibleCommand(selector=ElementSelector(textRegex=null, idRegex=tabu-taboo, size=null, below=null, above=null, leftOf=null, rightOf=null, containsChild=null, containsDescendants=null, traits=null, index=null, enabled=null, optional=false, selected=null, checked=null, focused=null, childOf=null, css=null), direction=DOWN, scrollDuration=601, visibilityPercentage=100, timeout=10000, waitToSettleTimeoutMs=null, centerElement=true, originalSpeedValue=40, label=null, optional=false).centerElement
10:13:21.273 [ INFO] maestro.orchestra.Orchestra.scrollUntilVisible: visibilityPercentageNormalized: 1.0
10:13:21.316 [ INFO] maestro.Maestro.swipeFromCenter: Swiping UP from center
10:13:22.257 [ INFO] maestro.orchestra.Orchestra.scrollUntilVisible: Scrolling try count: 4, DeviceWidth: 320, DeviceWidth: 640
10:13:22.257 [ INFO] maestro.orchestra.Orchestra.scrollUntilVisible: Element bounds: Bounds(x=213, y=450, width=91, height=64)
10:13:22.257 [ INFO] maestro.orchestra.Orchestra.scrollUntilVisible: Visibility Percent: 1.0
10:13:22.257 [ INFO] maestro.orchestra.Orchestra.scrollUntilVisible: Command centerElement: ScrollUntilVisibleCommand(selector=ElementSelector(textRegex=null, idRegex=tabu-taboo, size=null, below=null, above=null, leftOf=null, rightOf=null, containsChild=null, containsDescendants=null, traits=null, index=null, enabled=null, optional=false, selected=null, checked=null, focused=null, childOf=null, css=null), direction=DOWN, scrollDuration=601, visibilityPercentage=100, timeout=10000, waitToSettleTimeoutMs=null, centerElement=true, originalSpeedValue=40, label=null, optional=false).centerElement
10:13:22.257 [ INFO] maestro.orchestra.Orchestra.scrollUntilVisible: visibilityPercentageNormalized: 1.0
10:13:22.300 [ INFO] maestro.Maestro.swipeFromCenter: Swiping UP from center
10:13:23.829 [ INFO] maestro.orchestra.Orchestra.scrollUntilVisible: Scrolling try count: 5, DeviceWidth: 320, DeviceWidth: 640
10:13:23.829 [ INFO] maestro.orchestra.Orchestra.scrollUntilVisible: Element bounds: Bounds(x=213, y=450, width=91, height=64)
10:13:23.829 [ INFO] maestro.orchestra.Orchestra.scrollUntilVisible: Visibility Percent: 1.0
10:13:23.829 [ INFO] maestro.orchestra.Orchestra.scrollUntilVisible: Command centerElement: ScrollUntilVisibleCommand(selector=ElementSelector(textRegex=null, idRegex=tabu-taboo, size=null, below=null, above=null, leftOf=null, rightOf=null, containsChild=null, containsDescendants=null, traits=null, index=null, enabled=null, optional=false, selected=null, checked=null, focused=null, childOf=null, css=null), direction=DOWN, scrollDuration=601, visibilityPercentage=100, timeout=10000, waitToSettleTimeoutMs=null, centerElement=true, originalSpeedValue=40, label=null, optional=false).centerElement
10:13:23.829 [ INFO] maestro.orchestra.Orchestra.scrollUntilVisible: visibilityPercentageNormalized: 1.0
10:13:23.829 [ INFO] maestro.cli.runner.CliConsoleListener.onCommandFinished: Scrolling DOWN until id: tabu-taboo is visible with speed 40, visibility percentage 100%, timeout 10000 ms, with centering enabled COMPLETED
10:13:23.829 [ INFO] maestro.cli.runner.CliConsoleListener.onCommandStart: Assert that id: tabu-pass is visible RUNNING
10:13:23.901 [ INFO] maestro.cli.runner.CliConsoleListener.onCommandFinished: Assert that id: tabu-pass is visible COMPLETED
10:13:23.901 [ INFO] maestro.cli.runner.CliConsoleListener.onCommandStart: Take screenshot 34-coop-describer RUNNING
10:13:23.901 [ INFO] maestro.Maestro.takeScreenshot: Taking screenshot
10:13:23.901 [TRACE] maestro.utils.ScreenshotUtils.takeScreenshot: Taking screenshot to output sink
10:13:23.968 [ INFO] maestro.cli.runner.CliConsoleListener.onCommandFinished: Take screenshot 34-coop-describer COMPLETED
10:13:23.968 [ INFO] maestro.cli.runner.CliConsoleListener.onCommandStart: Tap on id: tabu-correct RUNNING
10:13:24.081 [ INFO] maestro.Maestro.tap-HgV9Ck0: Tapping on element:  UiElement(treeNode=TreeNode(attributes={text=, accessibilityText=Doğru +1, hintText=, ignoreBoundsFiltering=false, resource-id=tabu-correct, clickable=true, bounds=[16,450][107,514], enabled=true, focused=false, checked=false, scrollable=false, selected=false, class=android.widget.Button, important-for-accessibility=true, error=}, children=[TreeNode(attributes={text=, accessibilityText=, hintText=, ignoreBoundsFiltering=false, resource-id=, clickable=false, bounds=[16,450][107,514], enabled=true, focused=false, checked=false, scrollable=false, selected=false, class=android.view.ViewGroup, important-for-accessibility=false, error=}, children=[], clickable=false, enabled=true, focused=false, checked=false, selected=false), TreeNode(attributes={text=Doğru, accessibilityText=, hintText=, ignoreBoundsFiltering=false, resource-id=, clickable=false, bounds=[35,461][88,483], enabled=true, focused=false, checked=false, scrollable=false, selected=false, class=android.widget.TextView, important-for-accessibility=true, error=}, children=[], clickable=false, enabled=true, focused=false, checked=false, selected=false), TreeNode(attributes={text=+1, accessibilityText=, hintText=, ignoreBoundsFiltering=false, resource-id=, clickable=false, bounds=[51,483][71,503], enabled=true, focused=false, checked=false, scrollable=false, selected=false, class=android.widget.TextView, important-for-accessibility=true, error=}, children=[], clickable=false, enabled=true, focused=false, checked=false, selected=false)], clickable=true, enabled=true, focused=false, checked=false, selected=false), bounds=Bounds(x=16, y=450, width=91, height=64))
10:13:24.896 [ INFO] maestro.Maestro.tap-HgV9Ck0: Tap aimed via settled hierarchy
10:13:24.897 [ INFO] maestro.Maestro.hierarchyBasedTap-ogj28Uc: Tapping at (61, 482) using hierarchy based logic for wait
10:13:26.145 [ INFO] maestro.Maestro.hierarchyBasedTap-ogj28Uc: Something has changed in the UI judging by view hierarchy. Proceed.
10:13:26.145 [ INFO] maestro.cli.runner.CliConsoleListener.onCommandFinished: Tap on id: tabu-correct COMPLETED
10:13:26.145 [ INFO] maestro.cli.runner.CliConsoleListener.onCommandStart: Run ../scripts/bot.js RUNNING
10:13:26.238 [ INFO] maestro.cli.runner.CliConsoleListener.onCommandFinished: Run ../scripts/bot.js COMPLETED
10:13:26.238 [ INFO] maestro.cli.runner.CliConsoleListener.onCommandStart: Run ../scripts/bot.js RUNNING
10:13:26.306 [ INFO] maestro.cli.runner.CliConsoleListener.onCommandFinished: Run ../scripts/bot.js COMPLETED
10:13:26.307 [ INFO] maestro.cli.runner.CliConsoleListener.onCommandStart: Scrolling UP until id: tabu-guessing is visible with speed 40, visibility percentage 100%, timeout 20000 ms, with centering disabled RUNNING
10:13:27.221 [ INFO] maestro.orchestra.Orchestra.scrollUntilVisible: Scrolling try count: 0, DeviceWidth: 320, DeviceWidth: 640
10:13:27.221 [ INFO] maestro.orchestra.Orchestra.scrollUntilVisible: Element bounds: Bounds(x=16, y=322, width=288, height=18)
10:13:27.221 [ INFO] maestro.orchestra.Orchestra.scrollUntilVisible: Visibility Percent: 1.0
10:13:27.221 [ INFO] maestro.orchestra.Orchestra.scrollUntilVisible: Command centerElement: ScrollUntilVisibleCommand(selector=ElementSelector(textRegex=null, idRegex=tabu-guessing, size=null, below=null, above=null, leftOf=null, rightOf=null, containsChild=null, containsDescendants=null, traits=null, index=null, enabled=null, optional=false, selected=null, checked=null, focused=null, childOf=null, css=null), direction=UP, scrollDuration=601, visibilityPercentage=100, timeout=20000, waitToSettleTimeoutMs=null, centerElement=false, originalSpeedValue=40, label=null, optional=false).centerElement
10:13:27.221 [ INFO] maestro.orchestra.Orchestra.scrollUntilVisible: visibilityPercentageNormalized: 1.0
10:13:27.221 [ INFO] maestro.cli.runner.CliConsoleListener.onCommandFinished: Scrolling UP until id: tabu-guessing is visible with speed 40, visibility percentage 100%, timeout 20000 ms, with centering disabled COMPLETED
10:13:27.221 [ INFO] maestro.cli.runner.CliConsoleListener.onCommandStart: Assert that id: tabu-card is not visible RUNNING
10:13:28.425 [ INFO] maestro.cli.runner.CliConsoleListener.onCommandFinished: Assert that id: tabu-card is not visible COMPLETED
10:13:28.425 [ INFO] maestro.cli.runner.CliConsoleListener.onCommandStart: Assert that id: tabu-correct is not visible RUNNING
10:13:29.500 [ INFO] maestro.cli.runner.CliConsoleListener.onCommandFinished: Assert that id: tabu-correct is not visible COMPLETED
10:13:29.500 [ INFO] maestro.cli.runner.CliConsoleListener.onCommandStart: Run ../scripts/bot.js RUNNING
10:13:29.566 [ INFO] maestro.cli.runner.CliConsoleListener.onCommandFinished: Run ../scripts/bot.js COMPLETED
10:13:29.566 [ INFO] maestro.cli.runner.CliConsoleListener.onCommandStart: Take screenshot 35-coop-guesser RUNNING
10:13:29.566 [ INFO] maestro.Maestro.takeScreenshot: Taking screenshot
10:13:29.566 [TRACE] maestro.utils.ScreenshotUtils.takeScreenshot: Taking screenshot to output sink
10:13:29.591 [ INFO] maestro.cli.runner.CliConsoleListener.onCommandFinished: Take screenshot 35-coop-guesser COMPLETED
10:13:29.591 [ INFO] maestro.cli.runner.CliConsoleListener.onCommandStart: Run ../scripts/bot.js RUNNING
10:13:29.657 [ INFO] maestro.cli.runner.CliConsoleListener.onCommandFinished: Run ../scripts/bot.js COMPLETED
10:13:29.658 [ INFO] maestro.cli.runner.CliConsoleListener.onCommandStart: Assert that "Tanışalım mı\?" is visible RUNNING
10:13:30.688 [ INFO] maestro.cli.runner.CliConsoleListener.onCommandFinished: Assert that "Tanışalım mı\?" is visible COMPLETED
10:13:30.689 [ INFO] maestro.cli.runner.CliConsoleListener.onCommandStart: Tap on id: reveal-no RUNNING
10:13:30.752 [ INFO] maestro.Maestro.tap-HgV9Ck0: Tapping on element:  UiElement(treeNode=TreeNode(attributes={text=, accessibilityText=Hayır, hintText=, ignoreBoundsFiltering=false, resource-id=reveal-no, clickable=true, bounds=[37,313][155,361], enabled=true, focused=false, checked=false, scrollable=false, selected=false, class=android.widget.Button, important-for-accessibility=true, error=}, children=[TreeNode(attributes={text=, accessibilityText=, hintText=, ignoreBoundsFiltering=false, resource-id=, clickable=false, bounds=[37,313][155,361], enabled=true, focused=false, checked=false, scrollable=false, selected=false, class=android.view.ViewGroup, important-for-accessibility=false, error=}, children=[], clickable=false, enabled=true, focused=false, checked=false, selected=false), TreeNode(attributes={text=Hayır, accessibilityText=, hintText=, ignoreBoundsFiltering=false, resource-id=, clickable=false, bounds=[76,327][116,347], enabled=true, focused=false, checked=false, scrollable=false, selected=false, class=android.widget.TextView, important-for-accessibility=true, error=}, children=[], clickable=false, enabled=true, focused=false, checked=false, selected=false)], clickable=true, enabled=true, focused=false, checked=false, selected=false), bounds=Bounds(x=37, y=313, width=118, height=48))
10:13:32.820 [ INFO] maestro.Maestro.tap-HgV9Ck0: Tap aimed via settled hierarchy
10:13:32.820 [ INFO] maestro.Maestro.hierarchyBasedTap-ogj28Uc: Tapping at (96, 337) using hierarchy based logic for wait
10:13:33.884 [ INFO] maestro.Maestro.hierarchyBasedTap-ogj28Uc: Something has changed in the UI judging by view hierarchy. Proceed.
10:13:33.884 [ INFO] maestro.cli.runner.CliConsoleListener.onCommandFinished: Tap on id: reveal-no COMPLETED
10:13:33.884 [ INFO] maestro.cli.runner.CliConsoleListener.onCommandStart: Assert that "Güzel oyundu.*" is visible RUNNING
10:13:33.948 [ INFO] maestro.cli.runner.CliConsoleListener.onCommandFinished: Assert that "Güzel oyundu.*" is visible COMPLETED
10:13:33.949 [ INFO] maestro.cli.runner.CliConsoleListener.onCommandStart: Run ../scripts/bot.js RUNNING
10:13:34.009 [ INFO] maestro.cli.runner.CliConsoleListener.onCommandFinished: Run ../scripts/bot.js COMPLETED
10:13:34.009 [ INFO] maestro.cli.runner.CliConsoleListener.onCommandStart: Tap on "Mekana dön" RUNNING
10:13:34.076 [ INFO] maestro.Maestro.tap-HgV9Ck0: Tapping on element:  UiElement(treeNode=TreeNode(attributes={text=Mekana dön, accessibilityText=, hintText=, ignoreBoundsFiltering=false, resource-id=, clickable=false, bounds=[115,229][206,249], enabled=true, focused=false, checked=false, scrollable=false, selected=false, class=android.widget.TextView, important-for-accessibility=true, error=}, children=[], clickable=false, enabled=true, focused=false, checked=false, selected=false), bounds=Bounds(x=115, y=229, width=91, height=20))
10:13:35.276 [ INFO] maestro.Maestro.tap-HgV9Ck0: Tap aimed via settled hierarchy
10:13:35.276 [ INFO] maestro.Maestro.hierarchyBasedTap-ogj28Uc: Tapping at (160, 239) using hierarchy based logic for wait
10:13:36.517 [ INFO] maestro.Maestro.hierarchyBasedTap-ogj28Uc: Something has changed in the UI judging by view hierarchy. Proceed.
10:13:36.517 [ INFO] maestro.cli.runner.CliConsoleListener.onCommandFinished: Tap on "Mekana dön" COMPLETED
10:13:36.518 [ INFO] maestro.cli.runner.CliConsoleListener.onCommandStart: Assert that "Oda kur" is visible RUNNING
10:13:36.680 [ INFO] maestro.cli.runner.CliConsoleListener.onCommandFinished: Assert that "Oda kur" is visible COMPLETED
10:13:36.680 [ INFO] maestro.cli.runner.CliConsoleListener.onCommandFinished: Run flows/06b-tabu-coop.yaml COMPLETED
10:13:36.680 [ INFO] maestro.cli.runner.CliConsoleListener.onCommandStart: Run flows/09-sahtekar.yaml RUNNING
10:13:36.681 [ INFO] maestro.cli.runner.CliConsoleListener.onCommandStart: Apply configuration RUNNING
10:13:36.681 [ INFO] maestro.cli.runner.CliConsoleListener.onCommandFinished: Apply configuration COMPLETED
10:13:36.681 [ INFO] maestro.cli.runner.CliConsoleListener.onCommandStart: Run ../scripts/bot.js RUNNING
10:13:36.753 [ INFO] maestro.cli.runner.CliConsoleListener.onCommandFinished: Run ../scripts/bot.js COMPLETED
10:13:36.753 [ INFO] maestro.cli.runner.CliConsoleListener.onCommandStart: Run ../scripts/bot.js RUNNING
10:13:36.872 [ INFO] maestro.cli.runner.CliConsoleListener.onCommandFinished: Run ../scripts/bot.js COMPLETED
10:13:36.872 [ INFO] maestro.cli.runner.CliConsoleListener.onCommandStart: Tap on id: tab-venue RUNNING
10:13:36.966 [ INFO] maestro.Maestro.tap-HgV9Ck0: Tapping on element:  UiElement(treeNode=TreeNode(attributes={text=, accessibilityText=Mekan, hintText=, ignoreBoundsFiltering=false, resource-id=tab-venue, clickable=true, bounds=[133,568][187,632], enabled=true, focused=false, checked=false, scrollable=false, selected=true, class=android.view.View, important-for-accessibility=true, error=}, children=[TreeNode(attributes={text=, accessibilityText=, hintText=, ignoreBoundsFiltering=false, resource-id=, clickable=false, bounds=[140,572][180,612], enabled=true, focused=false, checked=false, scrollable=false, selected=false, class=android.view.ViewGroup, important-for-accessibility=false, error=}, children=[], clickable=false, enabled=true, focused=false, checked=false, selected=false), TreeNode(attributes={text=, accessibilityText=, hintText=, ignoreBoundsFiltering=false, resource-id=, clickable=false, bounds=[148,580][172,604], enabled=true, focused=false, checked=false, scrollable=false, selected=false, class=android.widget.ImageView, important-for-accessibility=false, error=}, children=[], clickable=false, enabled=true, focused=false, checked=false, selected=false), TreeNode(attributes={text=Mekan, accessibilityText=, hintText=, ignoreBoundsFiltering=false, resource-id=, clickable=false, bounds=[141,612][178,628], enabled=true, focused=false, checked=false, scrollable=false, selected=false, class=android.widget.TextView, important-for-accessibility=true, error=}, children=[], clickable=false, enabled=true, focused=false, checked=false, selected=false)], clickable=true, enabled=true, focused=false, checked=false, selected=true), bounds=Bounds(x=133, y=568, width=54, height=64))
10:13:38.174 [ INFO] maestro.Maestro.tap-HgV9Ck0: Tap aimed via settled hierarchy
10:13:38.175 [ INFO] maestro.Maestro.hierarchyBasedTap-ogj28Uc: Tapping at (160, 600) using hierarchy based logic for wait
10:13:38.612 [ INFO] maestro.cli.runner.CliConsoleListener.onCommandFinished: Tap on id: tab-venue COMPLETED
10:13:38.612 [ INFO] maestro.cli.runner.CliConsoleListener.onCommandStart: Assert that "Oda kur" is visible RUNNING
10:13:38.784 [ INFO] maestro.cli.runner.CliConsoleListener.onCommandFinished: Assert that "Oda kur" is visible COMPLETED
10:13:38.785 [ INFO] maestro.cli.runner.CliConsoleListener.onCommandStart: Tap on "Oda kur" RUNNING
10:13:38.920 [ INFO] maestro.Maestro.tap-HgV9Ck0: Tapping on element:  UiElement(treeNode=TreeNode(attributes={text=Oda kur, accessibilityText=, hintText=, ignoreBoundsFiltering=false, resource-id=, clickable=false, bounds=[57,427][117,447], enabled=true, focused=false, checked=false, scrollable=false, selected=false, class=android.widget.TextView, important-for-accessibility=true, error=}, children=[], clickable=false, enabled=true, focused=false, checked=false, selected=false), bounds=Bounds(x=57, y=427, width=60, height=20))
10:13:40.205 [ INFO] maestro.Maestro.tap-HgV9Ck0: Tap aimed via settled hierarchy
10:13:40.206 [ INFO] maestro.Maestro.hierarchyBasedTap-ogj28Uc: Tapping at (87, 437) using hierarchy based logic for wait
10:13:41.464 [ INFO] maestro.Maestro.hierarchyBasedTap-ogj28Uc: Something has changed in the UI judging by view hierarchy. Proceed.
10:13:41.464 [ INFO] maestro.cli.runner.CliConsoleListener.onCommandFinished: Tap on "Oda kur" COMPLETED
10:13:41.465 [ INFO] maestro.cli.runner.CliConsoleListener.onCommandStart: Assert that id: intent-none is visible RUNNING
10:13:41.537 [ INFO] maestro.cli.runner.CliConsoleListener.onCommandFinished: Assert that id: intent-none is visible COMPLETED
10:13:41.537 [ INFO] maestro.cli.runner.CliConsoleListener.onCommandStart: Scrolling DOWN until "Odayı kur" is visible with speed 40, visibility percentage 100%, timeout 10000 ms, with centering disabled RUNNING
10:13:41.649 [ INFO] maestro.orchestra.Orchestra.scrollUntilVisible: Scrolling try count: 0, DeviceWidth: 320, DeviceWidth: 640
10:13:41.649 [ INFO] maestro.orchestra.Orchestra.scrollUntilVisible: Element bounds: Bounds(x=120, y=565, width=81, height=22)
10:13:41.649 [ INFO] maestro.orchestra.Orchestra.scrollUntilVisible: Visibility Percent: 1.0
10:13:41.649 [ INFO] maestro.orchestra.Orchestra.scrollUntilVisible: Command centerElement: ScrollUntilVisibleCommand(selector=ElementSelector(textRegex=Odayı kur, idRegex=null, size=null, below=null, above=null, leftOf=null, rightOf=null, containsChild=null, containsDescendants=null, traits=null, index=null, enabled=null, optional=false, selected=null, checked=null, focused=null, childOf=null, css=null), direction=DOWN, scrollDuration=601, visibilityPercentage=100, timeout=10000, waitToSettleTimeoutMs=null, centerElement=false, originalSpeedValue=40, label=null, optional=false).centerElement
10:13:41.649 [ INFO] maestro.orchestra.Orchestra.scrollUntilVisible: visibilityPercentageNormalized: 1.0
10:13:41.649 [ INFO] maestro.cli.runner.CliConsoleListener.onCommandFinished: Scrolling DOWN until "Odayı kur" is visible with speed 40, visibility percentage 100%, timeout 10000 ms, with centering disabled COMPLETED
10:13:41.649 [ INFO] maestro.cli.runner.CliConsoleListener.onCommandStart: Tap on "Odayı kur" RUNNING
10:13:41.767 [ INFO] maestro.Maestro.tap-HgV9Ck0: Tapping on element:  UiElement(treeNode=TreeNode(attributes={text=Odayı kur, accessibilityText=, hintText=, ignoreBoundsFiltering=false, resource-id=, clickable=false, bounds=[120,565][201,587], enabled=true, focused=false, checked=false, scrollable=false, selected=false, class=android.widget.TextView, important-for-accessibility=true, error=}, children=[], clickable=false, enabled=true, focused=false, checked=false, selected=false), bounds=Bounds(x=120, y=565, width=81, height=22))
10:13:43.078 [ INFO] maestro.Maestro.tap-HgV9Ck0: Tap aimed via settled hierarchy
10:13:43.078 [ INFO] maestro.Maestro.hierarchyBasedTap-ogj28Uc: Tapping at (160, 576) using hierarchy based logic for wait
10:13:44.362 [ INFO] maestro.Maestro.hierarchyBasedTap-ogj28Uc: Something has changed in the UI judging by view hierarchy. Proceed.
10:13:44.362 [ INFO] maestro.cli.runner.CliConsoleListener.onCommandFinished: Tap on "Odayı kur" COMPLETED
10:13:44.362 [ INFO] maestro.cli.runner.CliConsoleListener.onCommandStart: Assert that id: solo-tabu is visible RUNNING
10:13:44.439 [ INFO] maestro.cli.runner.CliConsoleListener.onCommandFinished: Assert that id: solo-tabu is visible COMPLETED
10:13:44.439 [ INFO] maestro.cli.runner.CliConsoleListener.onCommandStart: Run ../scripts/bot.js RUNNING
10:14:00.168 [ INFO] maestro.cli.runner.CliConsoleListener.onCommandFinished: Run ../scripts/bot.js COMPLETED
10:14:00.169 [ INFO] maestro.cli.runner.CliConsoleListener.onCommandStart: Assert that "Katılma isteği" is visible RUNNING
10:14:00.953 [ INFO] maestro.cli.runner.CliConsoleListener.onCommandFinished: Assert that "Katılma isteği" is visible COMPLETED
10:14:00.953 [ INFO] maestro.cli.runner.CliConsoleListener.onCommandStart: Tap on id: join-accept RUNNING
10:14:01.464 [ INFO] maestro.Maestro.tap-HgV9Ck0: Tapping on element:  UiElement(treeNode=TreeNode(attributes={text=, accessibilityText=Kabul, hintText=, ignoreBoundsFiltering=false, resource-id=join-accept, clickable=true, bounds=[165,502][296,550], enabled=true, focused=false, checked=false, scrollable=false, selected=false, class=android.widget.Button, important-for-accessibility=true, error=}, children=[TreeNode(attributes={text=, accessibilityText=, hintText=, ignoreBoundsFiltering=false, resource-id=, clickable=false, bounds=[165,502][296,550], enabled=true, focused=false, checked=false, scrollable=false, selected=false, class=android.view.ViewGroup, important-for-accessibility=false, error=}, children=[], clickable=false, enabled=true, focused=false, checked=false, selected=false), TreeNode(attributes={text=Kabul, accessibilityText=, hintText=, ignoreBoundsFiltering=false, resource-id=, clickable=false, bounds=[209,516][253,536], enabled=true, focused=false, checked=false, scrollable=false, selected=false, class=android.widget.TextView, important-for-accessibility=true, error=}, children=[], clickable=false, enabled=true, focused=false, checked=false, selected=false)], clickable=true, enabled=true, focused=false, checked=false, selected=false), bounds=Bounds(x=165, y=502, width=131, height=48))
10:14:02.696 [ INFO] maestro.Maestro.tap-HgV9Ck0: Tap aimed via settled hierarchy
10:14:02.697 [ INFO] maestro.Maestro.hierarchyBasedTap-ogj28Uc: Tapping at (230, 526) using hierarchy based logic for wait
10:14:03.659 [ INFO] maestro.Maestro.hierarchyBasedTap-ogj28Uc: Something has changed in the UI judging by view hierarchy. Proceed.
10:14:03.659 [ INFO] maestro.cli.runner.CliConsoleListener.onCommandFinished: Tap on id: join-accept COMPLETED
10:14:03.659 [ INFO] maestro.cli.runner.CliConsoleListener.onCommandStart: Assert that id: propose-sahtekar is visible RUNNING
10:14:03.776 [ INFO] maestro.cli.runner.CliConsoleListener.onCommandFinished: Assert that id: propose-sahtekar is visible COMPLETED
10:14:03.777 [ INFO] maestro.cli.runner.CliConsoleListener.onCommandStart: Take screenshot 41-propose-sahtekar RUNNING
10:14:03.777 [ INFO] maestro.Maestro.takeScreenshot: Taking screenshot
10:14:03.777 [TRACE] maestro.utils.ScreenshotUtils.takeScreenshot: Taking screenshot to output sink
10:14:03.841 [ INFO] maestro.cli.runner.CliConsoleListener.onCommandFinished: Take screenshot 41-propose-sahtekar COMPLETED
10:14:03.841 [ INFO] maestro.cli.runner.CliConsoleListener.onCommandStart: Tap on id: propose-sahtekar RUNNING
10:14:03.958 [ INFO] maestro.Maestro.tap-HgV9Ck0: Tapping on element:  UiElement(treeNode=TreeNode(attributes={text=, accessibilityText=Sahtekar öner, hintText=, ignoreBoundsFiltering=false, resource-id=propose-sahtekar, clickable=true, bounds=[166,207][286,299], enabled=true, focused=false, checked=false, scrollable=false, selected=false, class=android.widget.Button, important-for-accessibility=true, error=}, children=[TreeNode(attributes={text=, accessibilityText=, hintText=, ignoreBoundsFiltering=false, resource-id=, clickable=false, bounds=[166,207][286,299], enabled=true, focused=false, checked=false, scrollable=false, selected=false, class=android.view.ViewGroup, important-for-accessibility=false, error=}, children=[TreeNode(attributes={text=Sahtekar, accessibilityText=, hintText=, ignoreBoundsFiltering=false, resource-id=, clickable=false, bounds=[178,219][274,238], enabled=true, focused=false, checked=false, scrollable=false, selected=false, class=android.widget.TextView, important-for-accessibility=true, error=}, children=[], clickable=false, enabled=true, focused=false, checked=false, selected=false), TreeNode(attributes={text=, accessibilityText=, hintText=, ignoreBoundsFiltering=false, resource-id=, clickable=false, bounds=[236,251][286,299], enabled=true, focused=false, checked=false, scrollable=false, selected=false, class=android.widget.ImageView, important-for-accessibility=false, error=}, children=[], clickable=false, enabled=true, focused=false, checked=false, selected=false)], clickable=false, enabled=true, focused=false, checked=false, selected=false)], clickable=true, enabled=true, focused=false, checked=false, selected=false), bounds=Bounds(x=166, y=207, width=120, height=92))
10:14:05.194 [ INFO] maestro.Maestro.tap-HgV9Ck0: Tap aimed via settled hierarchy
10:14:05.194 [ INFO] maestro.Maestro.hierarchyBasedTap-ogj28Uc: Tapping at (226, 253) using hierarchy based logic for wait
10:14:07.033 [ INFO] maestro.Maestro.hierarchyBasedTap-ogj28Uc: Something has changed in the UI judging by view hierarchy. Proceed.
10:14:07.033 [ INFO] maestro.cli.runner.CliConsoleListener.onCommandFinished: Tap on id: propose-sahtekar COMPLETED
10:14:07.033 [ INFO] maestro.cli.runner.CliConsoleListener.onCommandStart: Run ../scripts/bot.js RUNNING
10:14:07.114 [ INFO] maestro.cli.runner.CliConsoleListener.onCommandFinished: Run ../scripts/bot.js COMPLETED
10:14:07.115 [ INFO] maestro.cli.runner.CliConsoleListener.onCommandStart: Run ../scripts/bot.js RUNNING
10:14:07.149 [ INFO] maestro.cli.runner.CliConsoleListener.onCommandFinished: Run ../scripts/bot.js COMPLETED
10:14:07.149 [ INFO] maestro.cli.runner.CliConsoleListener.onCommandStart: Assert that id: sahtekar-pass is visible RUNNING
10:14:07.821 [ INFO] maestro.cli.runner.CliConsoleListener.onCommandFinished: Assert that id: sahtekar-pass is visible COMPLETED
10:14:07.822 [ INFO] maestro.cli.runner.CliConsoleListener.onCommandStart: Take screenshot 42-sahtekar-pass RUNNING
10:14:07.822 [ INFO] maestro.Maestro.takeScreenshot: Taking screenshot
10:14:07.822 [TRACE] maestro.utils.ScreenshotUtils.takeScreenshot: Taking screenshot to output sink
10:14:07.857 [ INFO] maestro.cli.runner.CliConsoleListener.onCommandFinished: Take screenshot 42-sahtekar-pass COMPLETED
10:14:07.857 [ INFO] maestro.cli.runner.CliConsoleListener.onCommandStart: Tap on id: sahtekar-ready RUNNING
10:14:08.414 [ INFO] maestro.Maestro.tap-HgV9Ck0: Tapping on element:  UiElement(treeNode=TreeNode(attributes={text=, accessibilityText=Ben A1'im, kartımı göster, hintText=, ignoreBoundsFiltering=false, resource-id=sahtekar-ready, clickable=true, bounds=[16,568][304,616], enabled=true, focused=false, checked=false, scrollable=false, selected=false, class=android.widget.Button, important-for-accessibility=true, error=}, children=[TreeNode(attributes={text=, accessibilityText=, hintText=, ignoreBoundsFiltering=false, resource-id=, clickable=false, bounds=[16,568][304,616], enabled=true, focused=false, checked=false, scrollable=false, selected=false, class=android.view.ViewGroup, important-for-accessibility=false, error=}, children=[], clickable=false, enabled=true, focused=false, checked=false, selected=false), TreeNode(attributes={text=Ben A1'im, kartımı göster, accessibilityText=, hintText=, ignoreBoundsFiltering=false, resource-id=, clickable=false, bounds=[65,582][255,602], enabled=true, focused=false, checked=false, scrollable=false, selected=false, class=android.widget.TextView, important-for-accessibility=true, error=}, children=[], clickable=false, enabled=true, focused=false, checked=false, selected=false)], clickable=true, enabled=true, focused=false, checked=false, selected=false), bounds=Bounds(x=16, y=568, width=288, height=48))
10:14:10.317 [ INFO] maestro.Maestro.tap-HgV9Ck0: Tap aimed via settled hierarchy
10:14:10.318 [ INFO] maestro.Maestro.hierarchyBasedTap-ogj28Uc: Tapping at (160, 592) using hierarchy based logic for wait
10:14:11.265 [ INFO] maestro.Maestro.hierarchyBasedTap-ogj28Uc: Something has changed in the UI judging by view hierarchy. Proceed.
10:14:11.266 [ INFO] maestro.cli.runner.CliConsoleListener.onCommandFinished: Tap on id: sahtekar-ready COMPLETED
10:14:11.266 [ INFO] maestro.cli.runner.CliConsoleListener.onCommandStart: Long press on id: sahtekar-hold RUNNING
10:14:11.341 [ INFO] maestro.Maestro.tap-HgV9Ck0: Tapping on element:  UiElement(treeNode=TreeNode(attributes={text=, accessibilityText=A1, kartını görmek için basılı tut, hintText=, ignoreBoundsFiltering=false, resource-id=sahtekar-hold, clickable=true, bounds=[16,136][304,496], enabled=true, focused=false, checked=false, scrollable=false, selected=false, class=android.widget.Button, important-for-accessibility=true, error=}, children=[TreeNode(attributes={text=, accessibilityText=, hintText=, ignoreBoundsFiltering=false, resource-id=, clickable=false, bounds=[16,136][304,496], enabled=true, focused=false, checked=false, scrollable=false, selected=false, class=android.view.ViewGroup, important-for-accessibility=false, error=}, children=[], clickable=false, enabled=true, focused=false, checked=false, selected=false), TreeNode(attributes={text=, accessibilityText=, hintText=, ignoreBoundsFiltering=false, resource-id=, clickable=false, bounds=[128,246][192,310], enabled=true, focused=false, checked=false, scrollable=false, selected=false, class=android.widget.ImageView, important-for-accessibility=false, error=}, children=[], clickable=false, enabled=true, focused=false, checked=false, selected=false), TreeNode(attributes={text=Basılı tut, accessibilityText=, hintText=, ignoreBoundsFiltering=false, resource-id=, clickable=false, bounds=[97,322][222,356], enabled=true, focused=false, checked=false, scrollable=false, selected=false, class=android.widget.TextView, important-for-accessibility=true, error=}, children=[], clickable=false, enabled=true, focused=false, checked=false, selected=false), TreeNode(attributes={text=Parmağını kaldırınca kart kapanır., accessibilityText=, hintText=, ignoreBoundsFiltering=false, resource-id=, clickable=false, bounds=[63,368][256,386], enabled=true, focused=false, checked=false, scrollable=false, selected=false, class=android.widget.TextView, important-for-accessibility=true, error=}, children=[], clickable=false, enabled=true, focused=false, checked=false, selected=false)], clickable=true, enabled=true, focused=false, checked=false, selected=false), bounds=Bounds(x=16, y=136, width=288, height=360))
10:14:12.441 [ INFO] maestro.Maestro.tap-HgV9Ck0: Tap aimed via settled hierarchy
10:14:12.441 [ INFO] maestro.Maestro.hierarchyBasedTap-ogj28Uc: Tapping at (160, 316) using hierarchy based logic for wait
10:14:16.429 [ INFO] maestro.Maestro.hierarchyBasedTap-ogj28Uc: Something has changed in the UI judging by view hierarchy. Proceed.
10:14:16.429 [ INFO] maestro.cli.runner.CliConsoleListener.onCommandFinished: Long press on id: sahtekar-hold COMPLETED
10:14:16.429 [ INFO] maestro.cli.runner.CliConsoleListener.onCommandStart: Tap on id: sahtekar-seen RUNNING
10:14:16.495 [ INFO] maestro.Maestro.tap-HgV9Ck0: Tapping on element:  UiElement(treeNode=TreeNode(attributes={text=, accessibilityText=Gördüm, telefonu ver, hintText=, ignoreBoundsFiltering=false, resource-id=sahtekar-seen, clickable=true, bounds=[16,508][304,556], enabled=true, focused=false, checked=false, scrollable=false, selected=false, class=android.widget.Button, important-for-accessibility=true, error=}, children=[TreeNode(attributes={text=, accessibilityText=, hintText=, ignoreBoundsFiltering=false, resource-id=, clickable=false, bounds=[16,508][304,556], enabled=true, focused=false, checked=false, scrollable=false, selected=false, class=android.view.ViewGroup, important-for-accessibility=false, error=}, children=[], clickable=false, enabled=true, focused=false, checked=false, selected=false), TreeNode(attributes={text=Gördüm, telefonu ver, accessibilityText=, hintText=, ignoreBoundsFiltering=false, resource-id=, clickable=false, bounds=[81,522][239,542], enabled=true, focused=false, checked=false, scrollable=false, selected=false, class=android.widget.TextView, important-for-accessibility=true, error=}, children=[], clickable=false, enabled=true, focused=false, checked=false, selected=false)], clickable=true, enabled=true, focused=false, checked=false, selected=false), bounds=Bounds(x=16, y=508, width=288, height=48))
10:14:18.309 [ INFO] maestro.Maestro.tap-HgV9Ck0: Tap aimed via settled hierarchy
10:14:18.309 [ INFO] maestro.Maestro.hierarchyBasedTap-ogj28Uc: Tapping at (160, 532) using hierarchy based logic for wait
10:14:19.281 [ INFO] maestro.Maestro.hierarchyBasedTap-ogj28Uc: Something has changed in the UI judging by view hierarchy. Proceed.
10:14:19.281 [ INFO] maestro.cli.runner.CliConsoleListener.onCommandFinished: Tap on id: sahtekar-seen COMPLETED
10:14:19.282 [ INFO] maestro.cli.runner.CliConsoleListener.onCommandStart: Assert that id: sahtekar-pass is visible RUNNING
10:14:19.398 [ INFO] maestro.cli.runner.CliConsoleListener.onCommandFinished: Assert that id: sahtekar-pass is visible COMPLETED
10:14:19.398 [ INFO] maestro.cli.runner.CliConsoleListener.onCommandStart: Tap on id: sahtekar-ready RUNNING
10:14:19.506 [ INFO] maestro.Maestro.tap-HgV9Ck0: Tapping on element:  UiElement(treeNode=TreeNode(attributes={text=, accessibilityText=Ben A2'yim, kartımı göster, hintText=, ignoreBoundsFiltering=false, resource-id=sahtekar-ready, clickable=true, bounds=[16,568][304,616], enabled=true, focused=false, checked=false, scrollable=false, selected=false, class=android.widget.Button, important-for-accessibility=true, error=}, children=[TreeNode(attributes={text=, accessibilityText=, hintText=, ignoreBoundsFiltering=false, resource-id=, clickable=false, bounds=[16,568][304,616], enabled=true, focused=false, checked=false, scrollable=false, selected=false, class=android.view.ViewGroup, important-for-accessibility=false, error=}, children=[], clickable=false, enabled=true, focused=false, checked=false, selected=false), TreeNode(attributes={text=Ben A2'yim, kartımı göster, accessibilityText=, hintText=, ignoreBoundsFiltering=false, resource-id=, clickable=false, bounds=[61,582][259,602], enabled=true, focused=false, checked=false, scrollable=false, selected=false, class=android.widget.TextView, important-for-accessibility=true, error=}, children=[], clickable=false, enabled=true, focused=false, checked=false, selected=false)], clickable=true, enabled=true, focused=false, checked=false, selected=false), bounds=Bounds(x=16, y=568, width=288, height=48))
10:14:20.453 [ INFO] maestro.Maestro.tap-HgV9Ck0: Tap aimed via settled hierarchy
10:14:20.454 [ INFO] maestro.Maestro.hierarchyBasedTap-ogj28Uc: Tapping at (160, 592) using hierarchy based logic for wait
10:14:21.377 [ INFO] maestro.Maestro.hierarchyBasedTap-ogj28Uc: Something has changed in the UI judging by view hierarchy. Proceed.
10:14:21.377 [ INFO] maestro.cli.runner.CliConsoleListener.onCommandFinished: Tap on id: sahtekar-ready COMPLETED
10:14:21.377 [ INFO] maestro.cli.runner.CliConsoleListener.onCommandStart: Long press on id: sahtekar-hold RUNNING
10:14:22.046 [ INFO] maestro.Maestro.tap-HgV9Ck0: Tapping on element:  UiElement(treeNode=TreeNode(attributes={text=, accessibilityText=A2, kartını görmek için basılı tut, hintText=, ignoreBoundsFiltering=false, resource-id=sahtekar-hold, clickable=true, bounds=[16,136][304,496], enabled=true, focused=false, checked=false, scrollable=false, selected=false, class=android.widget.Button, important-for-accessibility=true, error=}, children=[TreeNode(attributes={text=, accessibilityText=, hintText=, ignoreBoundsFiltering=false, resource-id=, clickable=false, bounds=[16,136][304,496], enabled=true, focused=false, checked=false, scrollable=false, selected=false, class=android.view.ViewGroup, important-for-accessibility=false, error=}, children=[], clickable=false, enabled=true, focused=false, checked=false, selected=false), TreeNode(attributes={text=, accessibilityText=, hintText=, ignoreBoundsFiltering=false, resource-id=, clickable=false, bounds=[128,246][192,310], enabled=true, focused=false, checked=false, scrollable=false, selected=false, class=android.widget.ImageView, important-for-accessibility=false, error=}, children=[], clickable=false, enabled=true, focused=false, checked=false, selected=false), TreeNode(attributes={text=Basılı tut, accessibilityText=, hintText=, ignoreBoundsFiltering=false, resource-id=, clickable=false, bounds=[97,322][222,356], enabled=true, focused=false, checked=false, scrollable=false, selected=false, class=android.widget.TextView, important-for-accessibility=true, error=}, children=[], clickable=false, enabled=true, focused=false, checked=false, selected=false), TreeNode(attributes={text=Parmağını kaldırınca kart kapanır., accessibilityText=, hintText=, ignoreBoundsFiltering=false, resource-id=, clickable=false, bounds=[63,368][256,386], enabled=true, focused=false, checked=false, scrollable=false, selected=false, class=android.widget.TextView, important-for-accessibility=true, error=}, children=[], clickable=false, enabled=true, focused=false, checked=false, selected=false)], clickable=true, enabled=true, focused=false, checked=false, selected=false), bounds=Bounds(x=16, y=136, width=288, height=360))
10:14:23.373 [ INFO] maestro.Maestro.tap-HgV9Ck0: Tap aimed via settled hierarchy
10:14:23.373 [ INFO] maestro.Maestro.hierarchyBasedTap-ogj28Uc: Tapping at (160, 316) using hierarchy based logic for wait
10:14:27.153 [ INFO] maestro.Maestro.hierarchyBasedTap-ogj28Uc: Something has changed in the UI judging by view hierarchy. Proceed.
10:14:27.153 [ INFO] maestro.cli.runner.CliConsoleListener.onCommandFinished: Long press on id: sahtekar-hold COMPLETED
10:14:27.153 [ INFO] maestro.cli.runner.CliConsoleListener.onCommandStart: Tap on id: sahtekar-seen RUNNING
10:14:27.262 [ INFO] maestro.Maestro.tap-HgV9Ck0: Tapping on element:  UiElement(treeNode=TreeNode(attributes={text=, accessibilityText=Gördüm, telefonu ver, hintText=, ignoreBoundsFiltering=false, resource-id=sahtekar-seen, clickable=true, bounds=[16,488][304,536], enabled=true, focused=false, checked=false, scrollable=false, selected=false, class=android.widget.Button, important-for-accessibility=true, error=}, children=[TreeNode(attributes={text=, accessibilityText=, hintText=, ignoreBoundsFiltering=false, resource-id=, clickable=false, bounds=[16,488][304,536], enabled=true, focused=false, checked=false, scrollable=false, selected=false, class=android.view.ViewGroup, important-for-accessibility=false, error=}, children=[], clickable=false, enabled=true, focused=false, checked=false, selected=false), TreeNode(attributes={text=Gördüm, telefonu ver, accessibilityText=, hintText=, ignoreBoundsFiltering=false, resource-id=, clickable=false, bounds=[81,502][239,522], enabled=true, focused=false, checked=false, scrollable=false, selected=false, class=android.widget.TextView, important-for-accessibility=true, error=}, children=[], clickable=false, enabled=true, focused=false, checked=false, selected=false)], clickable=true, enabled=true, focused=false, checked=false, selected=false), bounds=Bounds(x=16, y=488, width=288, height=48))
10:14:28.445 [ INFO] maestro.Maestro.tap-HgV9Ck0: Tap aimed via settled hierarchy
10:14:28.446 [ INFO] maestro.Maestro.hierarchyBasedTap-ogj28Uc: Tapping at (160, 512) using hierarchy based logic for wait
10:14:29.589 [ INFO] maestro.Maestro.hierarchyBasedTap-ogj28Uc: Something has changed in the UI judging by view hierarchy. Proceed.
10:14:29.590 [ INFO] maestro.cli.runner.CliConsoleListener.onCommandFinished: Tap on id: sahtekar-seen COMPLETED
10:14:29.590 [ INFO] maestro.cli.runner.CliConsoleListener.onCommandStart: Assert that id: sahtekar-clues is visible RUNNING
10:14:29.706 [ INFO] maestro.cli.runner.CliConsoleListener.onCommandFinished: Assert that id: sahtekar-clues is visible COMPLETED
10:14:29.706 [ INFO] maestro.cli.runner.CliConsoleListener.onCommandStart: Take screenshot 43-sahtekar-clues RUNNING
10:14:29.707 [ INFO] maestro.Maestro.takeScreenshot: Taking screenshot
10:14:29.707 [TRACE] maestro.utils.ScreenshotUtils.takeScreenshot: Taking screenshot to output sink
10:14:29.769 [ INFO] maestro.cli.runner.CliConsoleListener.onCommandFinished: Take screenshot 43-sahtekar-clues COMPLETED
10:14:29.770 [ INFO] maestro.cli.runner.CliConsoleListener.onCommandStart: Repeat while id: sahtekar-vote-submit is not visible RUNNING
10:14:30.659 [ INFO] maestro.cli.runner.CliConsoleListener.onCommandStart: Run flow when id: sahtekar-said is visible RUNNING
10:14:31.395 [ INFO] maestro.cli.runner.CliConsoleListener.onCommandStart: Tap on id: sahtekar-said RUNNING
10:14:31.470 [ INFO] maestro.Maestro.tap-HgV9Ck0: Tapping on element:  UiElement(treeNode=TreeNode(attributes={text=, accessibilityText=Söyledi, hintText=, ignoreBoundsFiltering=false, resource-id=sahtekar-said, clickable=true, bounds=[16,614][304,640], enabled=true, focused=false, checked=false, scrollable=false, selected=false, class=android.widget.Button, important-for-accessibility=true, error=}, children=[TreeNode(attributes={text=, accessibilityText=, hintText=, ignoreBoundsFiltering=false, resource-id=, clickable=false, bounds=[16,614][304,640], enabled=true, focused=false, checked=false, scrollable=false, selected=false, class=android.view.ViewGroup, important-for-accessibility=false, error=}, children=[], clickable=false, enabled=true, focused=false, checked=false, selected=false), TreeNode(attributes={text=Söyledi, accessibilityText=, hintText=, ignoreBoundsFiltering=false, resource-id=, clickable=false, bounds=[133,628][188,640], enabled=true, focused=false, checked=false, scrollable=false, selected=false, class=android.widget.TextView, important-for-accessibility=true, error=}, children=[], clickable=false, enabled=true, focused=false, checked=false, selected=false)], clickable=true, enabled=true, focused=false, checked=false, selected=false), bounds=Bounds(x=16, y=614, width=288, height=26))
10:14:32.730 [ INFO] maestro.Maestro.tap-HgV9Ck0: Tap aimed via settled hierarchy
10:14:32.730 [ INFO] maestro.Maestro.hierarchyBasedTap-ogj28Uc: Tapping at (160, 627) using hierarchy based logic for wait
10:14:35.418 [ INFO] maestro.Maestro.hierarchyBasedTap-ogj28Uc: Something has changed in the UI judging by view hierarchy. Proceed.
10:14:35.418 [ INFO] maestro.cli.runner.CliConsoleListener.onCommandFinished: Tap on id: sahtekar-said COMPLETED
10:14:35.418 [ INFO] maestro.cli.runner.CliConsoleListener.onCommandFinished: Run flow when id: sahtekar-said is visible COMPLETED
10:14:35.418 [ INFO] maestro.cli.runner.CliConsoleListener.onCommandStart: Run flow when id: sahtekar-pass is visible RUNNING
10:14:43.126 [ INFO] maestro.orchestra.Orchestra.executeSubflowCommands: [Command execution subflow] CommandSkipped: null
10:14:43.126 [ INFO] maestro.cli.runner.CliConsoleListener.onCommandFinished: Run flow when id: sahtekar-pass is visible SKIPPED
10:14:43.126 [ INFO] maestro.cli.runner.CliConsoleListener.onCommandStart: Wait for animation to end within 1500 ms RUNNING
10:14:43.128 [ INFO] maestro.Maestro.waitForAnimationToEnd$lambda$53: Waiting for animation to end with timeout 1500
10:14:43.130 [TRACE] maestro.utils.ScreenshotUtils.takeScreenshot: Taking screenshot to byte array
10:14:43.130 [TRACE] maestro.utils.ScreenshotUtils.takeScreenshot: Taking screenshot to output sink
10:14:43.242 [TRACE] maestro.utils.ScreenshotUtils.takeScreenshot: Taking screenshot to byte array
10:14:43.242 [TRACE] maestro.utils.ScreenshotUtils.takeScreenshot: Taking screenshot to output sink
10:14:43.399 [ INFO] maestro.cli.runner.CliConsoleListener.onCommandFinished: Wait for animation to end within 1500 ms COMPLETED
10:14:44.282 [ INFO] maestro.cli.runner.CliConsoleListener.onCommandReset: Run flow when id: sahtekar-said is visible PENDING
10:14:44.282 [ INFO] maestro.cli.runner.CliConsoleListener.onCommandReset: Tap on id: sahtekar-said PENDING
10:14:44.282 [ INFO] maestro.cli.runner.CliConsoleListener.onCommandReset: Run flow when id: sahtekar-pass is visible PENDING
10:14:44.282 [ INFO] maestro.cli.runner.CliConsoleListener.onCommandReset: Tap on id: sahtekar-ready PENDING
10:14:44.282 [ INFO] maestro.cli.runner.CliConsoleListener.onCommandReset: Wait for animation to end within 1500 ms PENDING
10:14:44.282 [ INFO] maestro.cli.runner.CliConsoleListener.onCommandStart: Run flow when id: sahtekar-said is visible RUNNING
10:14:44.394 [ INFO] maestro.cli.runner.CliConsoleListener.onCommandStart: Tap on id: sahtekar-said RUNNING
10:14:44.506 [ INFO] maestro.Maestro.tap-HgV9Ck0: Tapping on element:  UiElement(treeNode=TreeNode(attributes={text=, accessibilityText=Söyledi, hintText=, ignoreBoundsFiltering=false, resource-id=sahtekar-said, clickable=true, bounds=[16,614][304,640], enabled=true, focused=false, checked=false, scrollable=false, selected=false, class=android.widget.Button, important-for-accessibility=true, error=}, children=[TreeNode(attributes={text=, accessibilityText=, hintText=, ignoreBoundsFiltering=false, resource-id=, clickable=false, bounds=[16,614][304,640], enabled=true, focused=false, checked=false, scrollable=false, selected=false, class=android.view.ViewGroup, important-for-accessibility=false, error=}, children=[], clickable=false, enabled=true, focused=false, checked=false, selected=false), TreeNode(attributes={text=Söyledi, accessibilityText=, hintText=, ignoreBoundsFiltering=false, resource-id=, clickable=false, bounds=[133,628][188,640], enabled=true, focused=false, checked=false, scrollable=false, selected=false, class=android.widget.TextView, important-for-accessibility=true, error=}, children=[], clickable=false, enabled=true, focused=false, checked=false, selected=false)], clickable=true, enabled=true, focused=false, checked=false, selected=false), bounds=Bounds(x=16, y=614, width=288, height=26))
10:14:45.550 [ INFO] maestro.Maestro.tap-HgV9Ck0: Tap aimed via settled hierarchy
10:14:45.551 [ INFO] maestro.Maestro.hierarchyBasedTap-ogj28Uc: Tapping at (160, 627) using hierarchy based logic for wait
10:14:46.950 [ INFO] maestro.Maestro.hierarchyBasedTap-ogj28Uc: Something has changed in the UI judging by view hierarchy. Proceed.
10:14:46.950 [ INFO] maestro.cli.runner.CliConsoleListener.onCommandFinished: Tap on id: sahtekar-said COMPLETED
10:14:46.950 [ INFO] maestro.cli.runner.CliConsoleListener.onCommandFinished: Run flow when id: sahtekar-said is visible COMPLETED
10:14:46.950 [ INFO] maestro.cli.runner.CliConsoleListener.onCommandStart: Run flow when id: sahtekar-pass is visible RUNNING
10:14:54.150 [ INFO] maestro.orchestra.Orchestra.executeSubflowCommands: [Command execution subflow] CommandSkipped: null
10:14:54.150 [ INFO] maestro.cli.runner.CliConsoleListener.onCommandFinished: Run flow when id: sahtekar-pass is visible SKIPPED
10:14:54.150 [ INFO] maestro.cli.runner.CliConsoleListener.onCommandStart: Wait for animation to end within 1500 ms RUNNING
10:14:54.150 [ INFO] maestro.Maestro.waitForAnimationToEnd$lambda$53: Waiting for animation to end with timeout 1500
10:14:54.150 [TRACE] maestro.utils.ScreenshotUtils.takeScreenshot: Taking screenshot to byte array
10:14:54.150 [TRACE] maestro.utils.ScreenshotUtils.takeScreenshot: Taking screenshot to output sink
10:14:54.270 [TRACE] maestro.utils.ScreenshotUtils.takeScreenshot: Taking screenshot to byte array
10:14:54.270 [TRACE] maestro.utils.ScreenshotUtils.takeScreenshot: Taking screenshot to output sink
10:14:54.688 [TRACE] maestro.utils.ScreenshotUtils.takeScreenshot: Taking screenshot to byte array
10:14:54.688 [TRACE] maestro.utils.ScreenshotUtils.takeScreenshot: Taking screenshot to output sink
10:14:54.718 [TRACE] maestro.utils.ScreenshotUtils.takeScreenshot: Taking screenshot to byte array
10:14:54.718 [TRACE] maestro.utils.ScreenshotUtils.takeScreenshot: Taking screenshot to output sink
10:14:54.795 [ INFO] maestro.cli.runner.CliConsoleListener.onCommandFinished: Wait for animation to end within 1500 ms COMPLETED
10:14:56.002 [ INFO] maestro.cli.runner.CliConsoleListener.onCommandReset: Run flow when id: sahtekar-said is visible PENDING
10:14:56.002 [ INFO] maestro.cli.runner.CliConsoleListener.onCommandReset: Tap on id: sahtekar-said PENDING
10:14:56.002 [ INFO] maestro.cli.runner.CliConsoleListener.onCommandReset: Run flow when id: sahtekar-pass is visible PENDING
10:14:56.002 [ INFO] maestro.cli.runner.CliConsoleListener.onCommandReset: Tap on id: sahtekar-ready PENDING
10:14:56.002 [ INFO] maestro.cli.runner.CliConsoleListener.onCommandReset: Wait for animation to end within 1500 ms PENDING
10:14:56.002 [ INFO] maestro.cli.runner.CliConsoleListener.onCommandStart: Run flow when id: sahtekar-said is visible RUNNING
10:14:56.123 [ INFO] maestro.cli.runner.CliConsoleListener.onCommandStart: Tap on id: sahtekar-said RUNNING
10:14:56.738 [ INFO] maestro.Maestro.tap-HgV9Ck0: Tapping on element:  UiElement(treeNode=TreeNode(attributes={text=, accessibilityText=Söyledi, hintText=, ignoreBoundsFiltering=false, resource-id=sahtekar-said, clickable=true, bounds=[16,614][304,640], enabled=true, focused=false, checked=false, scrollable=false, selected=false, class=android.widget.Button, important-for-accessibility=true, error=}, children=[TreeNode(attributes={text=, accessibilityText=, hintText=, ignoreBoundsFiltering=false, resource-id=, clickable=false, bounds=[16,614][304,640], enabled=true, focused=false, checked=false, scrollable=false, selected=false, class=android.view.ViewGroup, important-for-accessibility=false, error=}, children=[], clickable=false, enabled=true, focused=false, checked=false, selected=false), TreeNode(attributes={text=Söyledi, accessibilityText=, hintText=, ignoreBoundsFiltering=false, resource-id=, clickable=false, bounds=[133,628][188,640], enabled=true, focused=false, checked=false, scrollable=false, selected=false, class=android.widget.TextView, important-for-accessibility=true, error=}, children=[], clickable=false, enabled=true, focused=false, checked=false, selected=false)], clickable=true, enabled=true, focused=false, checked=false, selected=false), bounds=Bounds(x=16, y=614, width=288, height=26))
10:14:58.094 [ INFO] maestro.Maestro.tap-HgV9Ck0: Tap aimed via settled hierarchy
10:14:58.094 [ INFO] maestro.Maestro.hierarchyBasedTap-ogj28Uc: Tapping at (160, 627) using hierarchy based logic for wait
10:15:01.136 [ INFO] maestro.Maestro.hierarchyBasedTap-ogj28Uc: Something has changed in the UI judging by view hierarchy. Proceed.
10:15:01.137 [ INFO] maestro.cli.runner.CliConsoleListener.onCommandFinished: Tap on id: sahtekar-said COMPLETED
10:15:01.137 [ INFO] maestro.cli.runner.CliConsoleListener.onCommandFinished: Run flow when id: sahtekar-said is visible COMPLETED
10:15:01.137 [ INFO] maestro.cli.runner.CliConsoleListener.onCommandStart: Run flow when id: sahtekar-pass is visible RUNNING
10:15:08.743 [ INFO] maestro.orchestra.Orchestra.executeSubflowCommands: [Command execution subflow] CommandSkipped: null
10:15:08.743 [ INFO] maestro.cli.runner.CliConsoleListener.onCommandFinished: Run flow when id: sahtekar-pass is visible SKIPPED
10:15:08.743 [ INFO] maestro.cli.runner.CliConsoleListener.onCommandStart: Wait for animation to end within 1500 ms RUNNING
10:15:08.743 [ INFO] maestro.Maestro.waitForAnimationToEnd$lambda$53: Waiting for animation to end with timeout 1500
10:15:08.744 [TRACE] maestro.utils.ScreenshotUtils.takeScreenshot: Taking screenshot to byte array
10:15:08.744 [TRACE] maestro.utils.ScreenshotUtils.takeScreenshot: Taking screenshot to output sink
10:15:08.778 [TRACE] maestro.utils.ScreenshotUtils.takeScreenshot: Taking screenshot to byte array
10:15:08.778 [TRACE] maestro.utils.ScreenshotUtils.takeScreenshot: Taking screenshot to output sink
10:15:08.855 [ INFO] maestro.cli.runner.CliConsoleListener.onCommandFinished: Wait for animation to end within 1500 ms COMPLETED
10:15:09.874 [ INFO] maestro.cli.runner.CliConsoleListener.onCommandReset: Run flow when id: sahtekar-said is visible PENDING
10:15:09.874 [ INFO] maestro.cli.runner.CliConsoleListener.onCommandReset: Tap on id: sahtekar-said PENDING
10:15:09.874 [ INFO] maestro.cli.runner.CliConsoleListener.onCommandReset: Run flow when id: sahtekar-pass is visible PENDING
10:15:09.874 [ INFO] maestro.cli.runner.CliConsoleListener.onCommandReset: Tap on id: sahtekar-ready PENDING
10:15:09.874 [ INFO] maestro.cli.runner.CliConsoleListener.onCommandReset: Wait for animation to end within 1500 ms PENDING
10:15:09.874 [ INFO] maestro.cli.runner.CliConsoleListener.onCommandStart: Run flow when id: sahtekar-said is visible RUNNING
10:15:09.992 [ INFO] maestro.cli.runner.CliConsoleListener.onCommandStart: Tap on id: sahtekar-said RUNNING
10:15:10.107 [ INFO] maestro.Maestro.tap-HgV9Ck0: Tapping on element:  UiElement(treeNode=TreeNode(attributes={text=, accessibilityText=Söyledi, hintText=, ignoreBoundsFiltering=false, resource-id=sahtekar-said, clickable=true, bounds=[16,614][304,640], enabled=true, focused=false, checked=false, scrollable=false, selected=false, class=android.widget.Button, important-for-accessibility=true, error=}, children=[TreeNode(attributes={text=, accessibilityText=, hintText=, ignoreBoundsFiltering=false, resource-id=, clickable=false, bounds=[16,614][304,640], enabled=true, focused=false, checked=false, scrollable=false, selected=false, class=android.view.ViewGroup, important-for-accessibility=false, error=}, children=[], clickable=false, enabled=true, focused=false, checked=false, selected=false), TreeNode(attributes={text=Söyledi, accessibilityText=, hintText=, ignoreBoundsFiltering=false, resource-id=, clickable=false, bounds=[133,628][188,640], enabled=true, focused=false, checked=false, scrollable=false, selected=false, class=android.widget.TextView, important-for-accessibility=true, error=}, children=[], clickable=false, enabled=true, focused=false, checked=false, selected=false)], clickable=true, enabled=true, focused=false, checked=false, selected=false), bounds=Bounds(x=16, y=614, width=288, height=26))
10:15:11.190 [ INFO] maestro.Maestro.tap-HgV9Ck0: Tap aimed via settled hierarchy
10:15:11.191 [ INFO] maestro.Maestro.hierarchyBasedTap-ogj28Uc: Tapping at (160, 627) using hierarchy based logic for wait
10:15:12.530 [ INFO] maestro.Maestro.hierarchyBasedTap-ogj28Uc: Something has changed in the UI judging by view hierarchy. Proceed.
10:15:12.530 [ INFO] maestro.cli.runner.CliConsoleListener.onCommandFinished: Tap on id: sahtekar-said COMPLETED
10:15:12.530 [ INFO] maestro.cli.runner.CliConsoleListener.onCommandFinished: Run flow when id: sahtekar-said is visible COMPLETED
10:15:12.530 [ INFO] maestro.cli.runner.CliConsoleListener.onCommandStart: Run flow when id: sahtekar-pass is visible RUNNING
10:15:12.598 [ INFO] maestro.cli.runner.CliConsoleListener.onCommandStart: Tap on id: sahtekar-ready RUNNING
10:15:12.708 [ INFO] maestro.Maestro.tap-HgV9Ck0: Tapping on element:  UiElement(treeNode=TreeNode(attributes={text=, accessibilityText=Ben A1'im, kartımı göster, hintText=, ignoreBoundsFiltering=false, resource-id=sahtekar-ready, clickable=true, bounds=[16,356][304,404], enabled=true, focused=false, checked=false, scrollable=false, selected=false, class=android.widget.Button, important-for-accessibility=true, error=}, children=[TreeNode(attributes={text=, accessibilityText=, hintText=, ignoreBoundsFiltering=false, resource-id=, clickable=false, bounds=[16,356][304,404], enabled=true, focused=false, checked=false, scrollable=false, selected=false, class=android.view.ViewGroup, important-for-accessibility=false, error=}, children=[], clickable=false, enabled=true, focused=false, checked=false, selected=false), TreeNode(attributes={text=Ben A1'im, kartımı göster, accessibilityText=, hintText=, ignoreBoundsFiltering=false, resource-id=, clickable=false, bounds=[65,370][255,390], enabled=true, focused=false, checked=false, scrollable=false, selected=false, class=android.widget.TextView, important-for-accessibility=true, error=}, children=[], clickable=false, enabled=true, focused=false, checked=false, selected=false)], clickable=true, enabled=true, focused=false, checked=false, selected=false), bounds=Bounds(x=16, y=356, width=288, height=48))
10:15:14.710 [ INFO] maestro.Maestro.tap-HgV9Ck0: Tap aimed via settled hierarchy
10:15:14.710 [ INFO] maestro.Maestro.hierarchyBasedTap-ogj28Uc: Tapping at (160, 380) using hierarchy based logic for wait
10:15:15.668 [ INFO] maestro.Maestro.hierarchyBasedTap-ogj28Uc: Something has changed in the UI judging by view hierarchy. Proceed.
10:15:15.669 [ INFO] maestro.cli.runner.CliConsoleListener.onCommandFinished: Tap on id: sahtekar-ready COMPLETED
10:15:15.669 [ INFO] maestro.cli.runner.CliConsoleListener.onCommandFinished: Run flow when id: sahtekar-pass is visible COMPLETED
10:15:15.669 [ INFO] maestro.cli.runner.CliConsoleListener.onCommandStart: Wait for animation to end within 1500 ms RUNNING
10:15:15.669 [ INFO] maestro.Maestro.waitForAnimationToEnd$lambda$53: Waiting for animation to end with timeout 1500
10:15:15.669 [TRACE] maestro.utils.ScreenshotUtils.takeScreenshot: Taking screenshot to byte array
10:15:15.669 [TRACE] maestro.utils.ScreenshotUtils.takeScreenshot: Taking screenshot to output sink
10:15:15.736 [TRACE] maestro.utils.ScreenshotUtils.takeScreenshot: Taking screenshot to byte array
10:15:15.736 [TRACE] maestro.utils.ScreenshotUtils.takeScreenshot: Taking screenshot to output sink
10:15:15.858 [ INFO] maestro.cli.runner.CliConsoleListener.onCommandFinished: Wait for animation to end within 1500 ms COMPLETED
10:15:23.511 [ INFO] maestro.cli.runner.CliConsoleListener.onCommandFinished: Repeat while id: sahtekar-vote-submit is not visible COMPLETED
10:15:23.511 [ INFO] maestro.cli.runner.CliConsoleListener.onCommandStart: Tap on id: sahtekar-vote-B1 RUNNING
10:15:23.579 [ INFO] maestro.Maestro.tap-HgV9Ck0: Tapping on element:  UiElement(treeNode=TreeNode(attributes={text=, accessibilityText=B1, hintText=, ignoreBoundsFiltering=false, resource-id=sahtekar-vote-B1, clickable=true, bounds=[213,264][304,348], enabled=true, focused=false, checked=false, scrollable=false, selected=false, class=android.widget.RadioButton, important-for-accessibility=true, error=}, children=[TreeNode(attributes={text=, accessibilityText=, hintText=, ignoreBoundsFiltering=false, resource-id=, clickable=false, bounds=[213,264][304,348], enabled=true, focused=false, checked=false, scrollable=false, selected=false, class=android.view.ViewGroup, important-for-accessibility=false, error=}, children=[], clickable=false, enabled=true, focused=false, checked=false, selected=false), TreeNode(attributes={text=, accessibilityText=B1, hintText=, ignoreBoundsFiltering=false, resource-id=, clickable=false, bounds=[230,278][286,334], enabled=true, focused=false, checked=false, scrollable=false, selected=false, class=android.view.ViewGroup, important-for-accessibility=true, error=}, children=[TreeNode(attributes={text=B1, accessibilityText=, hintText=, ignoreBoundsFiltering=false, resource-id=, clickable=false, bounds=[247,294][268,318], enabled=true, focused=false, checked=false, scrollable=false, selected=false, class=android.widget.TextView, important-for-accessibility=true, error=}, children=[], clickable=false, enabled=true, focused=false, checked=false, selected=false)], clickable=false, enabled=true, focused=false, checked=false, selected=false)], clickable=true, enabled=true, focused=false, checked=false, selected=false), bounds=Bounds(x=213, y=264, width=91, height=84))
10:15:24.850 [ INFO] maestro.Maestro.tap-HgV9Ck0: Tap aimed via settled hierarchy
10:15:24.851 [ INFO] maestro.Maestro.hierarchyBasedTap-ogj28Uc: Tapping at (258, 306) using hierarchy based logic for wait
10:15:25.787 [ INFO] maestro.Maestro.hierarchyBasedTap-ogj28Uc: Something has changed in the UI judging by view hierarchy. Proceed.
10:15:25.787 [ INFO] maestro.cli.runner.CliConsoleListener.onCommandFinished: Tap on id: sahtekar-vote-B1 COMPLETED
10:15:25.787 [ INFO] maestro.cli.runner.CliConsoleListener.onCommandStart: Take screenshot 44-sahtekar-vote RUNNING
10:15:25.788 [ INFO] maestro.Maestro.takeScreenshot: Taking screenshot
10:15:25.788 [TRACE] maestro.utils.ScreenshotUtils.takeScreenshot: Taking screenshot to output sink
10:15:25.847 [ INFO] maestro.cli.runner.CliConsoleListener.onCommandFinished: Take screenshot 44-sahtekar-vote COMPLETED
10:15:25.847 [ INFO] maestro.cli.runner.CliConsoleListener.onCommandStart: Tap on id: sahtekar-vote-submit RUNNING
10:15:26.447 [ INFO] maestro.Maestro.tap-HgV9Ck0: Tapping on element:  UiElement(treeNode=TreeNode(attributes={text=, accessibilityText=B1'e oy ver, hintText=, ignoreBoundsFiltering=false, resource-id=sahtekar-vote-submit, clickable=true, bounds=[16,380][304,428], enabled=true, focused=false, checked=false, scrollable=false, selected=false, class=android.widget.Button, important-for-accessibility=true, error=}, children=[TreeNode(attributes={text=, accessibilityText=, hintText=, ignoreBoundsFiltering=false, resource-id=, clickable=false, bounds=[16,380][304,428], enabled=true, focused=false, checked=false, scrollable=false, selected=false, class=android.view.ViewGroup, important-for-accessibility=false, error=}, children=[], clickable=false, enabled=true, focused=false, checked=false, selected=false), TreeNode(attributes={text=B1'e oy ver, accessibilityText=, hintText=, ignoreBoundsFiltering=false, resource-id=, clickable=false, bounds=[119,394][202,414], enabled=true, focused=false, checked=false, scrollable=false, selected=false, class=android.widget.TextView, important-for-accessibility=true, error=}, children=[], clickable=false, enabled=true, focused=false, checked=false, selected=false)], clickable=true, enabled=true, focused=false, checked=false, selected=false), bounds=Bounds(x=16, y=380, width=288, height=48))
10:15:27.778 [ INFO] maestro.Maestro.tap-HgV9Ck0: Tap aimed via settled hierarchy
10:15:27.779 [ INFO] maestro.Maestro.hierarchyBasedTap-ogj28Uc: Tapping at (160, 404) using hierarchy based logic for wait
10:15:28.794 [ INFO] maestro.Maestro.hierarchyBasedTap-ogj28Uc: Something has changed in the UI judging by view hierarchy. Proceed.
10:15:28.794 [ INFO] maestro.cli.runner.CliConsoleListener.onCommandFinished: Tap on id: sahtekar-vote-submit COMPLETED
10:15:28.794 [ INFO] maestro.cli.runner.CliConsoleListener.onCommandStart: Assert that id: sahtekar-pass is visible RUNNING
10:15:28.833 [ INFO] maestro.cli.runner.CliConsoleListener.onCommandFinished: Assert that id: sahtekar-pass is visible COMPLETED
10:15:28.834 [ INFO] maestro.cli.runner.CliConsoleListener.onCommandStart: Tap on id: sahtekar-ready RUNNING
10:15:28.943 [ INFO] maestro.Maestro.tap-HgV9Ck0: Tapping on element:  UiElement(treeNode=TreeNode(attributes={text=, accessibilityText=Ben A2'yim, kartımı göster, hintText=, ignoreBoundsFiltering=false, resource-id=sahtekar-ready, clickable=true, bounds=[16,356][304,404], enabled=true, focused=false, checked=false, scrollable=false, selected=false, class=android.widget.Button, important-for-accessibility=true, error=}, children=[TreeNode(attributes={text=, accessibilityText=, hintText=, ignoreBoundsFiltering=false, resource-id=, clickable=false, bounds=[16,356][304,404], enabled=true, focused=false, checked=false, scrollable=false, selected=false, class=android.view.ViewGroup, important-for-accessibility=false, error=}, children=[], clickable=false, enabled=true, focused=false, checked=false, selected=false), TreeNode(attributes={text=Ben A2'yim, kartımı göster, accessibilityText=, hintText=, ignoreBoundsFiltering=false, resource-id=, clickable=false, bounds=[61,370][259,390], enabled=true, focused=false, checked=false, scrollable=false, selected=false, class=android.widget.TextView, important-for-accessibility=true, error=}, children=[], clickable=false, enabled=true, focused=false, checked=false, selected=false)], clickable=true, enabled=true, focused=false, checked=false, selected=false), bounds=Bounds(x=16, y=356, width=288, height=48))
10:15:30.718 [ INFO] maestro.Maestro.tap-HgV9Ck0: Tap aimed via settled hierarchy
10:15:30.718 [ INFO] maestro.Maestro.hierarchyBasedTap-ogj28Uc: Tapping at (160, 380) using hierarchy based logic for wait
10:15:31.630 [ INFO] maestro.Maestro.hierarchyBasedTap-ogj28Uc: Something has changed in the UI judging by view hierarchy. Proceed.
10:15:31.631 [ INFO] maestro.cli.runner.CliConsoleListener.onCommandFinished: Tap on id: sahtekar-ready COMPLETED
10:15:31.631 [ INFO] maestro.cli.runner.CliConsoleListener.onCommandStart: Tap on id: sahtekar-vote-B1 RUNNING
10:15:31.748 [ INFO] maestro.Maestro.tap-HgV9Ck0: Tapping on element:  UiElement(treeNode=TreeNode(attributes={text=, accessibilityText=B1, hintText=, ignoreBoundsFiltering=false, resource-id=sahtekar-vote-B1, clickable=true, bounds=[213,264][304,348], enabled=true, focused=false, checked=false, scrollable=false, selected=false, class=android.widget.RadioButton, important-for-accessibility=true, error=}, children=[TreeNode(attributes={text=, accessibilityText=, hintText=, ignoreBoundsFiltering=false, resource-id=, clickable=false, bounds=[213,264][304,348], enabled=true, focused=false, checked=false, scrollable=false, selected=false, class=android.view.ViewGroup, important-for-accessibility=false, error=}, children=[], clickable=false, enabled=true, focused=false, checked=false, selected=false), TreeNode(attributes={text=, accessibilityText=B1, hintText=, ignoreBoundsFiltering=false, resource-id=, clickable=false, bounds=[230,278][286,334], enabled=true, focused=false, checked=false, scrollable=false, selected=false, class=android.view.ViewGroup, important-for-accessibility=true, error=}, children=[TreeNode(attributes={text=B1, accessibilityText=, hintText=, ignoreBoundsFiltering=false, resource-id=, clickable=false, bounds=[247,294][268,318], enabled=true, focused=false, checked=false, scrollable=false, selected=false, class=android.widget.TextView, important-for-accessibility=true, error=}, children=[], clickable=false, enabled=true, focused=false, checked=false, selected=false)], clickable=false, enabled=true, focused=false, checked=false, selected=false)], clickable=true, enabled=true, focused=false, checked=false, selected=false), bounds=Bounds(x=213, y=264, width=91, height=84))
10:15:32.895 [ INFO] maestro.Maestro.tap-HgV9Ck0: Tap aimed via settled hierarchy
10:15:32.895 [ INFO] maestro.Maestro.hierarchyBasedTap-ogj28Uc: Tapping at (258, 306) using hierarchy based logic for wait
10:15:33.835 [ INFO] maestro.Maestro.hierarchyBasedTap-ogj28Uc: Something has changed in the UI judging by view hierarchy. Proceed.
10:15:33.835 [ INFO] maestro.cli.runner.CliConsoleListener.onCommandFinished: Tap on id: sahtekar-vote-B1 COMPLETED
10:15:33.835 [ INFO] maestro.cli.runner.CliConsoleListener.onCommandStart: Tap on id: sahtekar-vote-submit RUNNING
10:15:34.448 [ INFO] maestro.Maestro.tap-HgV9Ck0: Tapping on element:  UiElement(treeNode=TreeNode(attributes={text=, accessibilityText=B1'e oy ver, hintText=, ignoreBoundsFiltering=false, resource-id=sahtekar-vote-submit, clickable=true, bounds=[16,380][304,428], enabled=true, focused=false, checked=false, scrollable=false, selected=false, class=android.widget.Button, important-for-accessibility=true, error=}, children=[TreeNode(attributes={text=, accessibilityText=, hintText=, ignoreBoundsFiltering=false, resource-id=, clickable=false, bounds=[16,380][304,428], enabled=true, focused=false, checked=false, scrollable=false, selected=false, class=android.view.ViewGroup, important-for-accessibility=false, error=}, children=[], clickable=false, enabled=true, focused=false, checked=false, selected=false), TreeNode(attributes={text=B1'e oy ver, accessibilityText=, hintText=, ignoreBoundsFiltering=false, resource-id=, clickable=false, bounds=[119,394][202,414], enabled=true, focused=false, checked=false, scrollable=false, selected=false, class=android.widget.TextView, important-for-accessibility=true, error=}, children=[], clickable=false, enabled=true, focused=false, checked=false, selected=false)], clickable=true, enabled=true, focused=false, checked=false, selected=false), bounds=Bounds(x=16, y=380, width=288, height=48))
10:15:35.790 [ INFO] maestro.Maestro.tap-HgV9Ck0: Tap aimed via settled hierarchy
10:15:35.791 [ INFO] maestro.Maestro.hierarchyBasedTap-ogj28Uc: Tapping at (160, 404) using hierarchy based logic for wait
10:15:37.714 [ INFO] maestro.Maestro.hierarchyBasedTap-ogj28Uc: Something has changed in the UI judging by view hierarchy. Proceed.
10:15:37.714 [ INFO] maestro.cli.runner.CliConsoleListener.onCommandFinished: Tap on id: sahtekar-vote-submit COMPLETED
10:15:37.715 [ INFO] maestro.cli.runner.CliConsoleListener.onCommandStart: Assert that id: sahtekar-reveal is visible RUNNING
10:15:37.795 [ INFO] maestro.cli.runner.CliConsoleListener.onCommandFinished: Assert that id: sahtekar-reveal is visible COMPLETED
10:15:37.795 [ INFO] maestro.cli.runner.CliConsoleListener.onCommandStart: Assert that "Masalar kazandı!" is visible RUNNING
10:15:37.911 [ INFO] maestro.cli.runner.CliConsoleListener.onCommandFinished: Assert that "Masalar kazandı!" is visible COMPLETED
10:15:37.911 [ INFO] maestro.cli.runner.CliConsoleListener.onCommandStart: Take screenshot 45-sahtekar-reveal RUNNING
10:15:37.911 [ INFO] maestro.Maestro.takeScreenshot: Taking screenshot
10:15:37.912 [TRACE] maestro.utils.ScreenshotUtils.takeScreenshot: Taking screenshot to output sink
10:15:37.934 [ INFO] maestro.cli.runner.CliConsoleListener.onCommandFinished: Take screenshot 45-sahtekar-reveal COMPLETED
10:15:37.935 [ INFO] maestro.cli.runner.CliConsoleListener.onCommandStart: Run ../scripts/bot.js RUNNING
10:15:37.999 [ INFO] maestro.cli.runner.CliConsoleListener.onCommandFinished: Run ../scripts/bot.js COMPLETED
10:15:37.999 [ INFO] maestro.cli.runner.CliConsoleListener.onCommandStart: Assert that "Tanışalım mı\?" is visible RUNNING
10:15:39.123 [ INFO] maestro.cli.runner.CliConsoleListener.onCommandFinished: Assert that "Tanışalım mı\?" is visible COMPLETED
10:15:39.123 [ INFO] maestro.cli.runner.CliConsoleListener.onCommandStart: Tap on id: reveal-no RUNNING
10:15:39.191 [ INFO] maestro.Maestro.tap-HgV9Ck0: Tapping on element:  UiElement(treeNode=TreeNode(attributes={text=, accessibilityText=Hayır, hintText=, ignoreBoundsFiltering=false, resource-id=reveal-no, clickable=true, bounds=[37,313][155,361], enabled=true, focused=false, checked=false, scrollable=false, selected=false, class=android.widget.Button, important-for-accessibility=true, error=}, children=[TreeNode(attributes={text=, accessibilityText=, hintText=, ignoreBoundsFiltering=false, resource-id=, clickable=false, bounds=[37,313][155,361], enabled=true, focused=false, checked=false, scrollable=false, selected=false, class=android.view.ViewGroup, important-for-accessibility=false, error=}, children=[], clickable=false, enabled=true, focused=false, checked=false, selected=false), TreeNode(attributes={text=Hayır, accessibilityText=, hintText=, ignoreBoundsFiltering=false, resource-id=, clickable=false, bounds=[76,327][116,347], enabled=true, focused=false, checked=false, scrollable=false, selected=false, class=android.widget.TextView, important-for-accessibility=true, error=}, children=[], clickable=false, enabled=true, focused=false, checked=false, selected=false)], clickable=true, enabled=true, focused=false, checked=false, selected=false), bounds=Bounds(x=37, y=313, width=118, height=48))
10:15:40.254 [ INFO] maestro.Maestro.tap-HgV9Ck0: Tap aimed via settled hierarchy
10:15:40.254 [ INFO] maestro.Maestro.hierarchyBasedTap-ogj28Uc: Tapping at (96, 337) using hierarchy based logic for wait
10:15:41.434 [ INFO] maestro.Maestro.hierarchyBasedTap-ogj28Uc: Something has changed in the UI judging by view hierarchy. Proceed.
10:15:41.434 [ INFO] maestro.cli.runner.CliConsoleListener.onCommandFinished: Tap on id: reveal-no COMPLETED
10:15:41.435 [ INFO] maestro.cli.runner.CliConsoleListener.onCommandStart: Assert that "Güzel oyundu.*" is visible RUNNING
10:15:41.498 [ INFO] maestro.cli.runner.CliConsoleListener.onCommandFinished: Assert that "Güzel oyundu.*" is visible COMPLETED
10:15:41.498 [ INFO] maestro.cli.runner.CliConsoleListener.onCommandStart: Run ../scripts/bot.js RUNNING
10:15:41.566 [ INFO] maestro.cli.runner.CliConsoleListener.onCommandFinished: Run ../scripts/bot.js COMPLETED
10:15:41.566 [ INFO] maestro.cli.runner.CliConsoleListener.onCommandStart: Tap on "Mekana dön" RUNNING
10:15:41.674 [ INFO] maestro.Maestro.tap-HgV9Ck0: Tapping on element:  UiElement(treeNode=TreeNode(attributes={text=Mekana dön, accessibilityText=, hintText=, ignoreBoundsFiltering=false, resource-id=, clickable=false, bounds=[115,229][206,249], enabled=true, focused=false, checked=false, scrollable=false, selected=false, class=android.widget.TextView, important-for-accessibility=true, error=}, children=[], clickable=false, enabled=true, focused=false, checked=false, selected=false), bounds=Bounds(x=115, y=229, width=91, height=20))
10:15:42.854 [ INFO] maestro.Maestro.tap-HgV9Ck0: Tap aimed via settled hierarchy
10:15:42.854 [ INFO] maestro.Maestro.hierarchyBasedTap-ogj28Uc: Tapping at (160, 239) using hierarchy based logic for wait
10:15:44.117 [ INFO] maestro.Maestro.hierarchyBasedTap-ogj28Uc: Something has changed in the UI judging by view hierarchy. Proceed.
10:15:44.117 [ INFO] maestro.cli.runner.CliConsoleListener.onCommandFinished: Tap on "Mekana dön" COMPLETED
10:15:44.117 [ INFO] maestro.cli.runner.CliConsoleListener.onCommandStart: Assert that "Oda kur" is visible RUNNING
10:15:44.250 [ INFO] maestro.cli.runner.CliConsoleListener.onCommandFinished: Assert that "Oda kur" is visible COMPLETED
10:15:44.250 [ INFO] maestro.cli.runner.CliConsoleListener.onCommandFinished: Run flows/09-sahtekar.yaml COMPLETED
10:15:44.250 [ INFO] maestro.cli.runner.CliConsoleListener.onCommandStart: Run flows/10-harf.yaml RUNNING
10:15:44.250 [ INFO] maestro.cli.runner.CliConsoleListener.onCommandStart: Apply configuration RUNNING
10:15:44.250 [ INFO] maestro.cli.runner.CliConsoleListener.onCommandFinished: Apply configuration COMPLETED
10:15:44.250 [ INFO] maestro.cli.runner.CliConsoleListener.onCommandStart: Run ../scripts/bot.js RUNNING
10:15:44.318 [ INFO] maestro.cli.runner.CliConsoleListener.onCommandFinished: Run ../scripts/bot.js COMPLETED
10:15:44.318 [ INFO] maestro.cli.runner.CliConsoleListener.onCommandStart: Run ../scripts/bot.js RUNNING
10:15:44.387 [ INFO] maestro.cli.runner.CliConsoleListener.onCommandFinished: Run ../scripts/bot.js COMPLETED
10:15:44.387 [ INFO] maestro.cli.runner.CliConsoleListener.onCommandStart: Tap on id: tab-venue RUNNING
10:15:44.481 [ INFO] maestro.Maestro.tap-HgV9Ck0: Tapping on element:  UiElement(treeNode=TreeNode(attributes={text=, accessibilityText=Mekan, hintText=, ignoreBoundsFiltering=false, resource-id=tab-venue, clickable=true, bounds=[133,568][187,632], enabled=true, focused=false, checked=false, scrollable=false, selected=true, class=android.view.View, important-for-accessibility=true, error=}, children=[TreeNode(attributes={text=, accessibilityText=, hintText=, ignoreBoundsFiltering=false, resource-id=, clickable=false, bounds=[140,572][180,612], enabled=true, focused=false, checked=false, scrollable=false, selected=false, class=android.view.ViewGroup, important-for-accessibility=false, error=}, children=[], clickable=false, enabled=true, focused=false, checked=false, selected=false), TreeNode(attributes={text=, accessibilityText=, hintText=, ignoreBoundsFiltering=false, resource-id=, clickable=false, bounds=[148,580][172,604], enabled=true, focused=false, checked=false, scrollable=false, selected=false, class=android.widget.ImageView, important-for-accessibility=false, error=}, children=[], clickable=false, enabled=true, focused=false, checked=false, selected=false), TreeNode(attributes={text=Mekan, accessibilityText=, hintText=, ignoreBoundsFiltering=false, resource-id=, clickable=false, bounds=[141,612][178,628], enabled=true, focused=false, checked=false, scrollable=false, selected=false, class=android.widget.TextView, important-for-accessibility=true, error=}, children=[], clickable=false, enabled=true, focused=false, checked=false, selected=false)], clickable=true, enabled=true, focused=false, checked=false, selected=true), bounds=Bounds(x=133, y=568, width=54, height=64))
10:15:45.685 [ INFO] maestro.Maestro.tap-HgV9Ck0: Tap aimed via settled hierarchy
10:15:45.685 [ INFO] maestro.Maestro.hierarchyBasedTap-ogj28Uc: Tapping at (160, 600) using hierarchy based logic for wait
10:15:46.076 [ INFO] maestro.cli.runner.CliConsoleListener.onCommandFinished: Tap on id: tab-venue COMPLETED
10:15:46.077 [ INFO] maestro.cli.runner.CliConsoleListener.onCommandStart: Assert that "Oda kur" is visible RUNNING
10:15:46.206 [ INFO] maestro.cli.runner.CliConsoleListener.onCommandFinished: Assert that "Oda kur" is visible COMPLETED
10:15:46.206 [ INFO] maestro.cli.runner.CliConsoleListener.onCommandStart: Tap on "Oda kur" RUNNING
10:15:46.338 [ INFO] maestro.Maestro.tap-HgV9Ck0: Tapping on element:  UiElement(treeNode=TreeNode(attributes={text=Oda kur, accessibilityText=, hintText=, ignoreBoundsFiltering=false, resource-id=, clickable=false, bounds=[57,427][117,447], enabled=true, focused=false, checked=false, scrollable=false, selected=false, class=android.widget.TextView, important-for-accessibility=true, error=}, children=[], clickable=false, enabled=true, focused=false, checked=false, selected=false), bounds=Bounds(x=57, y=427, width=60, height=20))
10:15:47.619 [ INFO] maestro.Maestro.tap-HgV9Ck0: Tap aimed via settled hierarchy
10:15:47.620 [ INFO] maestro.Maestro.hierarchyBasedTap-ogj28Uc: Tapping at (87, 437) using hierarchy based logic for wait
10:15:48.950 [ INFO] maestro.Maestro.hierarchyBasedTap-ogj28Uc: Something has changed in the UI judging by view hierarchy. Proceed.
10:15:48.951 [ INFO] maestro.cli.runner.CliConsoleListener.onCommandFinished: Tap on "Oda kur" COMPLETED
10:15:48.951 [ INFO] maestro.cli.runner.CliConsoleListener.onCommandStart: Assert that id: intent-none is visible RUNNING
10:15:49.063 [ INFO] maestro.cli.runner.CliConsoleListener.onCommandFinished: Assert that id: intent-none is visible COMPLETED
10:15:49.063 [ INFO] maestro.cli.runner.CliConsoleListener.onCommandStart: Scrolling DOWN until "Odayı kur" is visible with speed 40, visibility percentage 100%, timeout 10000 ms, with centering disabled RUNNING
10:15:49.228 [ INFO] maestro.orchestra.Orchestra.scrollUntilVisible: Scrolling try count: 0, DeviceWidth: 320, DeviceWidth: 640
10:15:49.228 [ INFO] maestro.orchestra.Orchestra.scrollUntilVisible: Element bounds: Bounds(x=120, y=565, width=81, height=22)
10:15:49.228 [ INFO] maestro.orchestra.Orchestra.scrollUntilVisible: Visibility Percent: 1.0
10:15:49.228 [ INFO] maestro.orchestra.Orchestra.scrollUntilVisible: Command centerElement: ScrollUntilVisibleCommand(selector=ElementSelector(textRegex=Odayı kur, idRegex=null, size=null, below=null, above=null, leftOf=null, rightOf=null, containsChild=null, containsDescendants=null, traits=null, index=null, enabled=null, optional=false, selected=null, checked=null, focused=null, childOf=null, css=null), direction=DOWN, scrollDuration=601, visibilityPercentage=100, timeout=10000, waitToSettleTimeoutMs=null, centerElement=false, originalSpeedValue=40, label=null, optional=false).centerElement
10:15:49.228 [ INFO] maestro.orchestra.Orchestra.scrollUntilVisible: visibilityPercentageNormalized: 1.0
10:15:49.228 [ INFO] maestro.cli.runner.CliConsoleListener.onCommandFinished: Scrolling DOWN until "Odayı kur" is visible with speed 40, visibility percentage 100%, timeout 10000 ms, with centering disabled COMPLETED
10:15:49.228 [ INFO] maestro.cli.runner.CliConsoleListener.onCommandStart: Tap on "Odayı kur" RUNNING
10:15:49.335 [ INFO] maestro.Maestro.tap-HgV9Ck0: Tapping on element:  UiElement(treeNode=TreeNode(attributes={text=Odayı kur, accessibilityText=, hintText=, ignoreBoundsFiltering=false, resource-id=, clickable=false, bounds=[120,565][201,587], enabled=true, focused=false, checked=false, scrollable=false, selected=false, class=android.widget.TextView, important-for-accessibility=true, error=}, children=[], clickable=false, enabled=true, focused=false, checked=false, selected=false), bounds=Bounds(x=120, y=565, width=81, height=22))
10:15:50.559 [ INFO] maestro.Maestro.tap-HgV9Ck0: Tap aimed via settled hierarchy
10:15:50.560 [ INFO] maestro.Maestro.hierarchyBasedTap-ogj28Uc: Tapping at (160, 576) using hierarchy based logic for wait
10:15:51.713 [ INFO] maestro.Maestro.hierarchyBasedTap-ogj28Uc: Something has changed in the UI judging by view hierarchy. Proceed.
10:15:51.713 [ INFO] maestro.cli.runner.CliConsoleListener.onCommandFinished: Tap on "Odayı kur" COMPLETED
10:15:51.713 [ INFO] maestro.cli.runner.CliConsoleListener.onCommandStart: Assert that id: solo-tabu is visible RUNNING
10:15:51.841 [ INFO] maestro.cli.runner.CliConsoleListener.onCommandFinished: Assert that id: solo-tabu is visible COMPLETED
10:15:51.841 [ INFO] maestro.cli.runner.CliConsoleListener.onCommandStart: Run ../scripts/bot.js RUNNING
10:16:08.290 [ INFO] maestro.cli.runner.CliConsoleListener.onCommandFinished: Run ../scripts/bot.js COMPLETED
10:16:08.290 [ INFO] maestro.cli.runner.CliConsoleListener.onCommandStart: Assert that "Katılma isteği" is visible RUNNING
10:16:08.967 [ INFO] maestro.cli.runner.CliConsoleListener.onCommandFinished: Assert that "Katılma isteği" is visible COMPLETED
10:16:08.968 [ INFO] maestro.cli.runner.CliConsoleListener.onCommandStart: Tap on id: join-accept RUNNING
10:16:09.071 [ INFO] maestro.Maestro.tap-HgV9Ck0: Tapping on element:  UiElement(treeNode=TreeNode(attributes={text=, accessibilityText=Kabul, hintText=, ignoreBoundsFiltering=false, resource-id=join-accept, clickable=true, bounds=[165,502][296,550], enabled=true, focused=false, checked=false, scrollable=false, selected=false, class=android.widget.Button, important-for-accessibility=true, error=}, children=[TreeNode(attributes={text=, accessibilityText=, hintText=, ignoreBoundsFiltering=false, resource-id=, clickable=false, bounds=[165,502][296,550], enabled=true, focused=false, checked=false, scrollable=false, selected=false, class=android.view.ViewGroup, important-for-accessibility=false, error=}, children=[], clickable=false, enabled=true, focused=false, checked=false, selected=false), TreeNode(attributes={text=Kabul, accessibilityText=, hintText=, ignoreBoundsFiltering=false, resource-id=, clickable=false, bounds=[209,516][253,536], enabled=true, focused=false, checked=false, scrollable=false, selected=false, class=android.widget.TextView, important-for-accessibility=true, error=}, children=[], clickable=false, enabled=true, focused=false, checked=false, selected=false)], clickable=true, enabled=true, focused=false, checked=false, selected=false), bounds=Bounds(x=165, y=502, width=131, height=48))
10:16:10.209 [ INFO] maestro.Maestro.tap-HgV9Ck0: Tap aimed via settled hierarchy
10:16:10.209 [ INFO] maestro.Maestro.hierarchyBasedTap-ogj28Uc: Tapping at (230, 526) using hierarchy based logic for wait
10:16:11.169 [ INFO] maestro.Maestro.hierarchyBasedTap-ogj28Uc: Something has changed in the UI judging by view hierarchy. Proceed.
10:16:11.169 [ INFO] maestro.cli.runner.CliConsoleListener.onCommandFinished: Tap on id: join-accept COMPLETED
10:16:11.169 [ INFO] maestro.cli.runner.CliConsoleListener.onCommandStart: Assert that id: propose-harf is visible RUNNING
10:16:11.286 [ INFO] maestro.cli.runner.CliConsoleListener.onCommandFinished: Assert that id: propose-harf is visible COMPLETED
10:16:11.287 [ INFO] maestro.cli.runner.CliConsoleListener.onCommandStart: Tap on id: propose-harf RUNNING
10:16:11.358 [ INFO] maestro.Maestro.tap-HgV9Ck0: Tapping on element:  UiElement(treeNode=TreeNode(attributes={text=, accessibilityText=Harf Kapmaca öner, hintText=, ignoreBoundsFiltering=false, resource-id=propose-harf, clickable=true, bounds=[34,317][154,409], enabled=true, focused=false, checked=false, scrollable=false, selected=false, class=android.widget.Button, important-for-accessibility=true, error=}, children=[TreeNode(attributes={text=, accessibilityText=, hintText=, ignoreBoundsFiltering=false, resource-id=, clickable=false, bounds=[34,317][154,409], enabled=true, focused=false, checked=false, scrollable=false, selected=false, class=android.view.ViewGroup, important-for-accessibility=false, error=}, children=[TreeNode(attributes={text=Harf Kapmaca, accessibilityText=, hintText=, ignoreBoundsFiltering=false, resource-id=, clickable=false, bounds=[46,329][142,367], enabled=true, focused=false, checked=false, scrollable=false, selected=false, class=android.widget.TextView, important-for-accessibility=true, error=}, children=[], clickable=false, enabled=true, focused=false, checked=false, selected=false), TreeNode(attributes={text=, accessibilityText=, hintText=, ignoreBoundsFiltering=false, resource-id=, clickable=false, bounds=[104,361][154,409], enabled=true, focused=false, checked=false, scrollable=false, selected=false, class=android.widget.ImageView, important-for-accessibility=false, error=}, children=[], clickable=false, enabled=true, focused=false, checked=false, selected=false)], clickable=false, enabled=true, focused=false, checked=false, selected=false)], clickable=true, enabled=true, focused=false, checked=false, selected=false), bounds=Bounds(x=34, y=317, width=120, height=92))
10:16:12.629 [ INFO] maestro.Maestro.tap-HgV9Ck0: Tap aimed via settled hierarchy
10:16:12.629 [ INFO] maestro.Maestro.hierarchyBasedTap-ogj28Uc: Tapping at (94, 363) using hierarchy based logic for wait
10:16:14.359 [ INFO] maestro.Maestro.hierarchyBasedTap-ogj28Uc: Something has changed in the UI judging by view hierarchy. Proceed.
10:16:14.359 [ INFO] maestro.cli.runner.CliConsoleListener.onCommandFinished: Tap on id: propose-harf COMPLETED
10:16:14.359 [ INFO] maestro.cli.runner.CliConsoleListener.onCommandStart: Run ../scripts/bot.js RUNNING
10:16:14.437 [ INFO] maestro.cli.runner.CliConsoleListener.onCommandFinished: Run ../scripts/bot.js COMPLETED
10:16:14.438 [ INFO] maestro.cli.runner.CliConsoleListener.onCommandStart: Assert that id: turn-start is visible RUNNING
10:16:15.643 [ INFO] maestro.cli.runner.CliConsoleListener.onCommandFinished: Assert that id: turn-start is visible COMPLETED
10:16:15.643 [ INFO] maestro.cli.runner.CliConsoleListener.onCommandStart: Take screenshot 46-harf-ready RUNNING
10:16:15.644 [ INFO] maestro.Maestro.takeScreenshot: Taking screenshot
10:16:15.644 [TRACE] maestro.utils.ScreenshotUtils.takeScreenshot: Taking screenshot to output sink
10:16:15.665 [ INFO] maestro.cli.runner.CliConsoleListener.onCommandFinished: Take screenshot 46-harf-ready COMPLETED
10:16:15.665 [ INFO] maestro.cli.runner.CliConsoleListener.onCommandStart: Tap on id: turn-start RUNNING
10:16:15.731 [ INFO] maestro.Maestro.tap-HgV9Ck0: Tapping on element:  UiElement(treeNode=TreeNode(attributes={text=, accessibilityText=Turu başlat, hintText=, ignoreBoundsFiltering=false, resource-id=turn-start, clickable=true, bounds=[62,80][258,266], enabled=true, focused=false, checked=false, scrollable=false, selected=false, class=android.widget.Button, important-for-accessibility=true, error=}, children=[TreeNode(attributes={text=, accessibilityText=, hintText=, ignoreBoundsFiltering=false, resource-id=, clickable=false, bounds=[62,80][258,266], enabled=true, focused=false, checked=false, scrollable=false, selected=false, class=android.view.ViewGroup, important-for-accessibility=false, error=}, children=[], clickable=false, enabled=true, focused=false, checked=false, selected=false), TreeNode(attributes={text=Başla, accessibilityText=, hintText=, ignoreBoundsFiltering=false, resource-id=, clickable=false, bounds=[89,139][231,197], enabled=true, focused=false, checked=false, scrollable=false, selected=false, class=android.widget.TextView, important-for-accessibility=true, error=}, children=[], clickable=false, enabled=true, focused=false, checked=false, selected=false)], clickable=true, enabled=true, focused=false, checked=false, selected=false), bounds=Bounds(x=62, y=80, width=196, height=186))
10:16:17.339 [ INFO] maestro.Maestro.tap-HgV9Ck0: Tap aimed via settled hierarchy
10:16:17.339 [ INFO] maestro.Maestro.hierarchyBasedTap-ogj28Uc: Tapping at (160, 173) using hierarchy based logic for wait
10:16:18.739 [ INFO] maestro.Maestro.hierarchyBasedTap-ogj28Uc: Something has changed in the UI judging by view hierarchy. Proceed.
10:16:18.739 [ INFO] maestro.cli.runner.CliConsoleListener.onCommandFinished: Tap on id: turn-start COMPLETED
10:16:18.740 [ INFO] maestro.cli.runner.CliConsoleListener.onCommandStart: Assert that id: letter-board is visible RUNNING
10:16:18.851 [ INFO] maestro.cli.runner.CliConsoleListener.onCommandFinished: Assert that id: letter-board is visible COMPLETED
10:16:18.851 [ INFO] maestro.cli.runner.CliConsoleListener.onCommandStart: Tap on id: letter-A RUNNING
10:16:18.953 [ INFO] maestro.Maestro.tap-HgV9Ck0: Tapping on element:  UiElement(treeNode=TreeNode(attributes={text=, accessibilityText=A, hintText=, ignoreBoundsFiltering=false, resource-id=letter-A, clickable=true, bounds=[12,387][61,428], enabled=true, focused=false, checked=false, scrollable=false, selected=false, class=android.widget.Button, important-for-accessibility=true, error=}, children=[TreeNode(attributes={text=, accessibilityText=, hintText=, ignoreBoundsFiltering=false, resource-id=, clickable=false, bounds=[16,387][57,428], enabled=true, focused=false, checked=false, scrollable=false, selected=false, class=android.view.ViewGroup, important-for-accessibility=false, error=}, children=[], clickable=false, enabled=true, focused=false, checked=false, selected=false), TreeNode(attributes={text=A, accessibilityText=, hintText=, ignoreBoundsFiltering=false, resource-id=, clickable=false, bounds=[28,393][45,421], enabled=true, focused=false, checked=false, scrollable=false, selected=false, class=android.widget.TextView, important-for-accessibility=true, error=}, children=[], clickable=false, enabled=true, focused=false, checked=false, selected=false)], clickable=true, enabled=true, focused=false, checked=false, selected=false), bounds=Bounds(x=12, y=387, width=49, height=41))
10:16:20.094 [ INFO] maestro.Maestro.tap-HgV9Ck0: Tap aimed via settled hierarchy
10:16:20.095 [ INFO] maestro.Maestro.hierarchyBasedTap-ogj28Uc: Tapping at (36, 407) using hierarchy based logic for wait
10:16:21.433 [ INFO] maestro.Maestro.hierarchyBasedTap-ogj28Uc: Something has changed in the UI judging by view hierarchy. Proceed.
10:16:21.433 [ INFO] maestro.cli.runner.CliConsoleListener.onCommandFinished: Tap on id: letter-A COMPLETED
10:16:21.433 [ INFO] maestro.cli.runner.CliConsoleListener.onCommandStart: Run ../scripts/bot.js RUNNING
10:16:21.511 [ INFO] maestro.cli.runner.CliConsoleListener.onCommandFinished: Run ../scripts/bot.js COMPLETED
10:16:21.511 [ INFO] maestro.cli.runner.CliConsoleListener.onCommandStart: Assert that "İtiraz!.*" is visible RUNNING
10:16:22.573 [ INFO] maestro.cli.runner.CliConsoleListener.onCommandFinished: Assert that "İtiraz!.*" is visible COMPLETED
10:16:22.573 [ INFO] maestro.cli.runner.CliConsoleListener.onCommandStart: Take screenshot 47-harf-objected RUNNING
10:16:22.574 [ INFO] maestro.Maestro.takeScreenshot: Taking screenshot
10:16:22.574 [TRACE] maestro.utils.ScreenshotUtils.takeScreenshot: Taking screenshot to output sink
10:16:22.599 [ INFO] maestro.cli.runner.CliConsoleListener.onCommandFinished: Take screenshot 47-harf-objected COMPLETED
10:16:22.599 [ INFO] maestro.cli.runner.CliConsoleListener.onCommandStart: Run ../scripts/bot.js RUNNING
10:16:22.667 [ INFO] maestro.cli.runner.CliConsoleListener.onCommandFinished: Run ../scripts/bot.js COMPLETED
10:16:22.667 [ INFO] maestro.cli.runner.CliConsoleListener.onCommandStart: Run ../scripts/bot.js RUNNING
10:16:22.694 [ INFO] maestro.cli.runner.CliConsoleListener.onCommandFinished: Run ../scripts/bot.js COMPLETED
10:16:22.694 [ INFO] maestro.cli.runner.CliConsoleListener.onCommandStart: Assert that id: say-round is visible RUNNING
10:16:23.852 [ INFO] maestro.cli.runner.CliConsoleListener.onCommandFinished: Assert that id: say-round is visible COMPLETED
10:16:23.852 [ INFO] maestro.cli.runner.CliConsoleListener.onCommandStart: Assert that "2 hak" is visible RUNNING
10:16:23.949 [ INFO] maestro.cli.runner.CliConsoleListener.onCommandFinished: Assert that "2 hak" is visible COMPLETED
10:16:23.949 [ INFO] maestro.cli.runner.CliConsoleListener.onCommandStart: Run ../scripts/bot.js RUNNING
10:16:24.011 [ INFO] maestro.cli.runner.CliConsoleListener.onCommandFinished: Run ../scripts/bot.js COMPLETED
10:16:24.011 [ INFO] maestro.cli.runner.CliConsoleListener.onCommandStart: Run ../scripts/bot.js RUNNING
10:16:24.039 [ INFO] maestro.cli.runner.CliConsoleListener.onCommandFinished: Run ../scripts/bot.js COMPLETED
10:16:24.039 [ INFO] maestro.cli.runner.CliConsoleListener.onCommandStart: Scrolling DOWN until id: say-object is visible with speed 40, visibility percentage 100%, timeout 15000 ms, with centering disabled RUNNING
10:16:24.995 [ WARN] maestro.orchestra.Orchestra.scrollUntilVisible: Error: maestro.MaestroException$ElementNotFound: Element not found: Id matching regex: say-object
10:16:25.033 [ INFO] maestro.Maestro.swipeFromCenter: Swiping UP from center
10:16:27.031 [ INFO] maestro.orchestra.Orchestra.scrollUntilVisible: Scrolling try count: 0, DeviceWidth: 320, DeviceWidth: 640
10:16:27.031 [ INFO] maestro.orchestra.Orchestra.scrollUntilVisible: Element bounds: Bounds(x=16, y=498, width=288, height=64)
10:16:27.031 [ INFO] maestro.orchestra.Orchestra.scrollUntilVisible: Visibility Percent: 1.0
10:16:27.031 [ INFO] maestro.orchestra.Orchestra.scrollUntilVisible: Command centerElement: ScrollUntilVisibleCommand(selector=ElementSelector(textRegex=null, idRegex=say-object, size=null, below=null, above=null, leftOf=null, rightOf=null, containsChild=null, containsDescendants=null, traits=null, index=null, enabled=null, optional=false, selected=null, checked=null, focused=null, childOf=null, css=null), direction=DOWN, scrollDuration=601, visibilityPercentage=100, timeout=15000, waitToSettleTimeoutMs=null, centerElement=false, originalSpeedValue=40, label=null, optional=false).centerElement
10:16:27.031 [ INFO] maestro.orchestra.Orchestra.scrollUntilVisible: visibilityPercentageNormalized: 1.0
10:16:27.031 [ INFO] maestro.cli.runner.CliConsoleListener.onCommandFinished: Scrolling DOWN until id: say-object is visible with speed 40, visibility percentage 100%, timeout 15000 ms, with centering disabled COMPLETED
10:16:27.031 [ INFO] maestro.cli.runner.CliConsoleListener.onCommandStart: Take screenshot 48-harf-window RUNNING
10:16:27.032 [ INFO] maestro.Maestro.takeScreenshot: Taking screenshot
10:16:27.032 [TRACE] maestro.utils.ScreenshotUtils.takeScreenshot: Taking screenshot to output sink
10:16:27.092 [ INFO] maestro.cli.runner.CliConsoleListener.onCommandFinished: Take screenshot 48-harf-window COMPLETED
10:16:27.092 [ INFO] maestro.cli.runner.CliConsoleListener.onCommandStart: Run ../scripts/bot.js RUNNING
10:16:27.194 [ INFO] maestro.cli.runner.CliConsoleListener.onCommandFinished: Run ../scripts/bot.js COMPLETED
10:16:27.195 [ INFO] maestro.cli.runner.CliConsoleListener.onCommandStart: Assert that id: last-game is visible RUNNING
10:16:28.108 [ INFO] maestro.cli.runner.CliConsoleListener.onCommandFinished: Assert that id: last-game is visible COMPLETED
10:16:28.109 [ INFO] maestro.cli.runner.CliConsoleListener.onCommandStart: Take screenshot 49-harf-result RUNNING
10:16:28.109 [ INFO] maestro.Maestro.takeScreenshot: Taking screenshot
10:16:28.109 [TRACE] maestro.utils.ScreenshotUtils.takeScreenshot: Taking screenshot to output sink
10:16:28.135 [ INFO] maestro.cli.runner.CliConsoleListener.onCommandFinished: Take screenshot 49-harf-result COMPLETED
10:16:28.135 [ INFO] maestro.cli.runner.CliConsoleListener.onCommandStart: Run ../scripts/bot.js RUNNING
10:16:28.208 [ INFO] maestro.cli.runner.CliConsoleListener.onCommandFinished: Run ../scripts/bot.js COMPLETED
10:16:28.208 [ INFO] maestro.cli.runner.CliConsoleListener.onCommandStart: Assert that "Tanışalım mı\?" is visible RUNNING
10:16:29.164 [ INFO] maestro.cli.runner.CliConsoleListener.onCommandFinished: Assert that "Tanışalım mı\?" is visible COMPLETED
10:16:29.164 [ INFO] maestro.cli.runner.CliConsoleListener.onCommandStart: Tap on id: reveal-no RUNNING
10:16:29.228 [ INFO] maestro.Maestro.tap-HgV9Ck0: Tapping on element:  UiElement(treeNode=TreeNode(attributes={text=, accessibilityText=Hayır, hintText=, ignoreBoundsFiltering=false, resource-id=reveal-no, clickable=true, bounds=[37,313][155,361], enabled=true, focused=false, checked=false, scrollable=false, selected=false, class=android.widget.Button, important-for-accessibility=true, error=}, children=[TreeNode(attributes={text=, accessibilityText=, hintText=, ignoreBoundsFiltering=false, resource-id=, clickable=false, bounds=[37,313][155,361], enabled=true, focused=false, checked=false, scrollable=false, selected=false, class=android.view.ViewGroup, important-for-accessibility=false, error=}, children=[], clickable=false, enabled=true, focused=false, checked=false, selected=false), TreeNode(attributes={text=Hayır, accessibilityText=, hintText=, ignoreBoundsFiltering=false, resource-id=, clickable=false, bounds=[76,327][116,347], enabled=true, focused=false, checked=false, scrollable=false, selected=false, class=android.widget.TextView, important-for-accessibility=true, error=}, children=[], clickable=false, enabled=true, focused=false, checked=false, selected=false)], clickable=true, enabled=true, focused=false, checked=false, selected=false), bounds=Bounds(x=37, y=313, width=118, height=48))
10:16:30.539 [ INFO] maestro.Maestro.tap-HgV9Ck0: Tap aimed via settled hierarchy
10:16:30.540 [ INFO] maestro.Maestro.hierarchyBasedTap-ogj28Uc: Tapping at (96, 337) using hierarchy based logic for wait
10:16:31.499 [ INFO] maestro.Maestro.hierarchyBasedTap-ogj28Uc: Something has changed in the UI judging by view hierarchy. Proceed.
10:16:31.499 [ INFO] maestro.cli.runner.CliConsoleListener.onCommandFinished: Tap on id: reveal-no COMPLETED
10:16:31.499 [ INFO] maestro.cli.runner.CliConsoleListener.onCommandStart: Assert that "Güzel oyundu.*" is visible RUNNING
10:16:31.606 [ INFO] maestro.cli.runner.CliConsoleListener.onCommandFinished: Assert that "Güzel oyundu.*" is visible COMPLETED
10:16:31.606 [ INFO] maestro.cli.runner.CliConsoleListener.onCommandStart: Run ../scripts/bot.js RUNNING
10:16:31.670 [ INFO] maestro.cli.runner.CliConsoleListener.onCommandFinished: Run ../scripts/bot.js COMPLETED
10:16:31.670 [ INFO] maestro.cli.runner.CliConsoleListener.onCommandStart: Tap on "Mekana dön" RUNNING
10:16:31.731 [ INFO] maestro.Maestro.tap-HgV9Ck0: Tapping on element:  UiElement(treeNode=TreeNode(attributes={text=Mekana dön, accessibilityText=, hintText=, ignoreBoundsFiltering=false, resource-id=, clickable=false, bounds=[115,229][206,249], enabled=true, focused=false, checked=false, scrollable=false, selected=false, class=android.widget.TextView, important-for-accessibility=true, error=}, children=[], clickable=false, enabled=true, focused=false, checked=false, selected=false), bounds=Bounds(x=115, y=229, width=91, height=20))
10:16:32.947 [ INFO] maestro.Maestro.tap-HgV9Ck0: Tap aimed via settled hierarchy
10:16:32.947 [ INFO] maestro.Maestro.hierarchyBasedTap-ogj28Uc: Tapping at (160, 239) using hierarchy based logic for wait
10:16:34.171 [ INFO] maestro.Maestro.hierarchyBasedTap-ogj28Uc: Something has changed in the UI judging by view hierarchy. Proceed.
10:16:34.171 [ INFO] maestro.cli.runner.CliConsoleListener.onCommandFinished: Tap on "Mekana dön" COMPLETED
10:16:34.172 [ INFO] maestro.cli.runner.CliConsoleListener.onCommandStart: Assert that "Oda kur" is visible RUNNING
10:16:34.301 [ INFO] maestro.cli.runner.CliConsoleListener.onCommandFinished: Assert that "Oda kur" is visible COMPLETED
10:16:34.301 [ INFO] maestro.cli.runner.CliConsoleListener.onCommandFinished: Run flows/10-harf.yaml COMPLETED
10:16:34.301 [ INFO] maestro.cli.runner.CliConsoleListener.onCommandStart: Run flows/11-sarki.yaml RUNNING
10:16:34.302 [ INFO] maestro.cli.runner.CliConsoleListener.onCommandStart: Apply configuration RUNNING
10:16:34.302 [ INFO] maestro.cli.runner.CliConsoleListener.onCommandFinished: Apply configuration COMPLETED
10:16:34.302 [ INFO] maestro.cli.runner.CliConsoleListener.onCommandStart: Run ../scripts/bot.js RUNNING
10:16:34.584 [ INFO] maestro.cli.runner.CliConsoleListener.onCommandFinished: Run ../scripts/bot.js COMPLETED
10:16:34.584 [ INFO] maestro.cli.runner.CliConsoleListener.onCommandStart: Run ../scripts/bot.js RUNNING
10:16:34.685 [ INFO] maestro.cli.runner.CliConsoleListener.onCommandFinished: Run ../scripts/bot.js COMPLETED
10:16:34.686 [ INFO] maestro.cli.runner.CliConsoleListener.onCommandStart: Tap on id: tab-venue RUNNING
10:16:34.771 [ INFO] maestro.Maestro.tap-HgV9Ck0: Tapping on element:  UiElement(treeNode=TreeNode(attributes={text=, accessibilityText=Mekan, hintText=, ignoreBoundsFiltering=false, resource-id=tab-venue, clickable=true, bounds=[133,568][187,632], enabled=true, focused=false, checked=false, scrollable=false, selected=true, class=android.view.View, important-for-accessibility=true, error=}, children=[TreeNode(attributes={text=, accessibilityText=, hintText=, ignoreBoundsFiltering=false, resource-id=, clickable=false, bounds=[140,572][180,612], enabled=true, focused=false, checked=false, scrollable=false, selected=false, class=android.view.ViewGroup, important-for-accessibility=false, error=}, children=[], clickable=false, enabled=true, focused=false, checked=false, selected=false), TreeNode(attributes={text=, accessibilityText=, hintText=, ignoreBoundsFiltering=false, resource-id=, clickable=false, bounds=[148,580][172,604], enabled=true, focused=false, checked=false, scrollable=false, selected=false, class=android.widget.ImageView, important-for-accessibility=false, error=}, children=[], clickable=false, enabled=true, focused=false, checked=false, selected=false), TreeNode(attributes={text=Mekan, accessibilityText=, hintText=, ignoreBoundsFiltering=false, resource-id=, clickable=false, bounds=[141,612][178,628], enabled=true, focused=false, checked=false, scrollable=false, selected=false, class=android.widget.TextView, important-for-accessibility=true, error=}, children=[], clickable=false, enabled=true, focused=false, checked=false, selected=false)], clickable=true, enabled=true, focused=false, checked=false, selected=true), bounds=Bounds(x=133, y=568, width=54, height=64))
10:16:36.024 [ INFO] maestro.Maestro.tap-HgV9Ck0: Tap aimed via settled hierarchy
10:16:36.025 [ INFO] maestro.Maestro.hierarchyBasedTap-ogj28Uc: Tapping at (160, 600) using hierarchy based logic for wait
10:16:36.440 [ INFO] maestro.cli.runner.CliConsoleListener.onCommandFinished: Tap on id: tab-venue COMPLETED
10:16:36.440 [ INFO] maestro.cli.runner.CliConsoleListener.onCommandStart: Assert that "Oda kur" is visible RUNNING
10:16:36.542 [ INFO] maestro.cli.runner.CliConsoleListener.onCommandFinished: Assert that "Oda kur" is visible COMPLETED
10:16:36.543 [ INFO] maestro.cli.runner.CliConsoleListener.onCommandStart: Tap on "Oda kur" RUNNING
10:16:36.673 [ INFO] maestro.Maestro.tap-HgV9Ck0: Tapping on element:  UiElement(treeNode=TreeNode(attributes={text=Oda kur, accessibilityText=, hintText=, ignoreBoundsFiltering=false, resource-id=, clickable=false, bounds=[57,427][117,447], enabled=true, focused=false, checked=false, scrollable=false, selected=false, class=android.widget.TextView, important-for-accessibility=true, error=}, children=[], clickable=false, enabled=true, focused=false, checked=false, selected=false), bounds=Bounds(x=57, y=427, width=60, height=20))
10:16:37.885 [ INFO] maestro.Maestro.tap-HgV9Ck0: Tap aimed via settled hierarchy
10:16:37.886 [ INFO] maestro.Maestro.hierarchyBasedTap-ogj28Uc: Tapping at (87, 437) using hierarchy based logic for wait
10:16:39.216 [ INFO] maestro.Maestro.hierarchyBasedTap-ogj28Uc: Something has changed in the UI judging by view hierarchy. Proceed.
10:16:39.216 [ INFO] maestro.cli.runner.CliConsoleListener.onCommandFinished: Tap on "Oda kur" COMPLETED
10:16:39.216 [ INFO] maestro.cli.runner.CliConsoleListener.onCommandStart: Assert that id: intent-none is visible RUNNING
10:16:39.329 [ INFO] maestro.cli.runner.CliConsoleListener.onCommandFinished: Assert that id: intent-none is visible COMPLETED
10:16:39.329 [ INFO] maestro.cli.runner.CliConsoleListener.onCommandStart: Scrolling DOWN until "Odayı kur" is visible with speed 40, visibility percentage 100%, timeout 10000 ms, with centering disabled RUNNING
10:16:39.399 [ INFO] maestro.orchestra.Orchestra.scrollUntilVisible: Scrolling try count: 0, DeviceWidth: 320, DeviceWidth: 640
10:16:39.399 [ INFO] maestro.orchestra.Orchestra.scrollUntilVisible: Element bounds: Bounds(x=120, y=565, width=81, height=22)
10:16:39.399 [ INFO] maestro.orchestra.Orchestra.scrollUntilVisible: Visibility Percent: 1.0
10:16:39.399 [ INFO] maestro.orchestra.Orchestra.scrollUntilVisible: Command centerElement: ScrollUntilVisibleCommand(selector=ElementSelector(textRegex=Odayı kur, idRegex=null, size=null, below=null, above=null, leftOf=null, rightOf=null, containsChild=null, containsDescendants=null, traits=null, index=null, enabled=null, optional=false, selected=null, checked=null, focused=null, childOf=null, css=null), direction=DOWN, scrollDuration=601, visibilityPercentage=100, timeout=10000, waitToSettleTimeoutMs=null, centerElement=false, originalSpeedValue=40, label=null, optional=false).centerElement
10:16:39.399 [ INFO] maestro.orchestra.Orchestra.scrollUntilVisible: visibilityPercentageNormalized: 1.0
10:16:39.399 [ INFO] maestro.cli.runner.CliConsoleListener.onCommandFinished: Scrolling DOWN until "Odayı kur" is visible with speed 40, visibility percentage 100%, timeout 10000 ms, with centering disabled COMPLETED
10:16:39.399 [ INFO] maestro.cli.runner.CliConsoleListener.onCommandStart: Tap on "Odayı kur" RUNNING
10:16:39.470 [ INFO] maestro.Maestro.tap-HgV9Ck0: Tapping on element:  UiElement(treeNode=TreeNode(attributes={text=Odayı kur, accessibilityText=, hintText=, ignoreBoundsFiltering=false, resource-id=, clickable=false, bounds=[120,565][201,587], enabled=true, focused=false, checked=false, scrollable=false, selected=false, class=android.widget.TextView, important-for-accessibility=true, error=}, children=[], clickable=false, enabled=true, focused=false, checked=false, selected=false), bounds=Bounds(x=120, y=565, width=81, height=22))
10:16:40.700 [ INFO] maestro.Maestro.tap-HgV9Ck0: Tap aimed via settled hierarchy
10:16:40.700 [ INFO] maestro.Maestro.hierarchyBasedTap-ogj28Uc: Tapping at (160, 576) using hierarchy based logic for wait
10:16:41.912 [ INFO] maestro.Maestro.hierarchyBasedTap-ogj28Uc: Something has changed in the UI judging by view hierarchy. Proceed.
10:16:41.912 [ INFO] maestro.cli.runner.CliConsoleListener.onCommandFinished: Tap on "Odayı kur" COMPLETED
10:16:41.912 [ INFO] maestro.cli.runner.CliConsoleListener.onCommandStart: Assert that id: solo-tabu is visible RUNNING
10:16:42.045 [ INFO] maestro.cli.runner.CliConsoleListener.onCommandFinished: Assert that id: solo-tabu is visible COMPLETED
10:16:42.045 [ INFO] maestro.cli.runner.CliConsoleListener.onCommandStart: Run ../scripts/bot.js RUNNING
10:16:58.287 [ INFO] maestro.cli.runner.CliConsoleListener.onCommandFinished: Run ../scripts/bot.js COMPLETED
10:16:58.287 [ INFO] maestro.cli.runner.CliConsoleListener.onCommandStart: Assert that "Katılma isteği" is visible RUNNING
10:16:59.088 [ INFO] maestro.cli.runner.CliConsoleListener.onCommandFinished: Assert that "Katılma isteği" is visible COMPLETED
10:16:59.088 [ INFO] maestro.cli.runner.CliConsoleListener.onCommandStart: Tap on id: join-accept RUNNING
10:16:59.153 [ INFO] maestro.Maestro.tap-HgV9Ck0: Tapping on element:  UiElement(treeNode=TreeNode(attributes={text=, accessibilityText=Kabul, hintText=, ignoreBoundsFiltering=false, resource-id=join-accept, clickable=true, bounds=[165,502][296,550], enabled=true, focused=false, checked=false, scrollable=false, selected=false, class=android.widget.Button, important-for-accessibility=true, error=}, children=[TreeNode(attributes={text=, accessibilityText=, hintText=, ignoreBoundsFiltering=false, resource-id=, clickable=false, bounds=[165,502][296,550], enabled=true, focused=false, checked=false, scrollable=false, selected=false, class=android.view.ViewGroup, important-for-accessibility=false, error=}, children=[], clickable=false, enabled=true, focused=false, checked=false, selected=false), TreeNode(attributes={text=Kabul, accessibilityText=, hintText=, ignoreBoundsFiltering=false, resource-id=, clickable=false, bounds=[209,516][253,536], enabled=true, focused=false, checked=false, scrollable=false, selected=false, class=android.widget.TextView, important-for-accessibility=true, error=}, children=[], clickable=false, enabled=true, focused=false, checked=false, selected=false)], clickable=true, enabled=true, focused=false, checked=false, selected=false), bounds=Bounds(x=165, y=502, width=131, height=48))
10:17:01.375 [ INFO] maestro.Maestro.tap-HgV9Ck0: Tap aimed via settled hierarchy
10:17:01.376 [ INFO] maestro.Maestro.hierarchyBasedTap-ogj28Uc: Tapping at (230, 526) using hierarchy based logic for wait
10:17:02.364 [ INFO] maestro.Maestro.hierarchyBasedTap-ogj28Uc: Something has changed in the UI judging by view hierarchy. Proceed.
10:17:02.364 [ INFO] maestro.cli.runner.CliConsoleListener.onCommandFinished: Tap on id: join-accept COMPLETED
10:17:02.364 [ INFO] maestro.cli.runner.CliConsoleListener.onCommandStart: Assert that id: propose-sarki is visible RUNNING
10:17:02.478 [ INFO] maestro.cli.runner.CliConsoleListener.onCommandFinished: Assert that id: propose-sarki is visible COMPLETED
10:17:02.478 [ INFO] maestro.cli.runner.CliConsoleListener.onCommandStart: Tap on id: propose-sarki RUNNING
10:17:02.589 [ INFO] maestro.Maestro.tap-HgV9Ck0: Tapping on element:  UiElement(treeNode=TreeNode(attributes={text=, accessibilityText=Şarkıda Geçsin öner, hintText=, ignoreBoundsFiltering=false, resource-id=propose-sarki, clickable=true, bounds=[166,317][286,409], enabled=true, focused=false, checked=false, scrollable=false, selected=false, class=android.widget.Button, important-for-accessibility=true, error=}, children=[TreeNode(attributes={text=, accessibilityText=, hintText=, ignoreBoundsFiltering=false, resource-id=, clickable=false, bounds=[166,317][286,409], enabled=true, focused=false, checked=false, scrollable=false, selected=false, class=android.view.ViewGroup, important-for-accessibility=false, error=}, children=[TreeNode(attributes={text=Şarkıda Geçsin, accessibilityText=, hintText=, ignoreBoundsFiltering=false, resource-id=, clickable=false, bounds=[178,329][274,367], enabled=true, focused=false, checked=false, scrollable=false, selected=false, class=android.widget.TextView, important-for-accessibility=true, error=}, children=[], clickable=false, enabled=true, focused=false, checked=false, selected=false), TreeNode(attributes={text=, accessibilityText=, hintText=, ignoreBoundsFiltering=false, resource-id=, clickable=false, bounds=[236,361][286,409], enabled=true, focused=false, checked=false, scrollable=false, selected=false, class=android.widget.ImageView, important-for-accessibility=false, error=}, children=[], clickable=false, enabled=true, focused=false, checked=false, selected=false)], clickable=false, enabled=true, focused=false, checked=false, selected=false)], clickable=true, enabled=true, focused=false, checked=false, selected=false), bounds=Bounds(x=166, y=317, width=120, height=92))
10:17:03.820 [ INFO] maestro.Maestro.tap-HgV9Ck0: Tap aimed via settled hierarchy
10:17:03.821 [ INFO] maestro.Maestro.hierarchyBasedTap-ogj28Uc: Tapping at (226, 363) using hierarchy based logic for wait
10:17:05.596 [ INFO] maestro.Maestro.hierarchyBasedTap-ogj28Uc: Something has changed in the UI judging by view hierarchy. Proceed.
10:17:05.596 [ INFO] maestro.cli.runner.CliConsoleListener.onCommandFinished: Tap on id: propose-sarki COMPLETED
10:17:05.596 [ INFO] maestro.cli.runner.CliConsoleListener.onCommandStart: Run ../scripts/bot.js RUNNING
10:17:05.666 [ INFO] maestro.cli.runner.CliConsoleListener.onCommandFinished: Run ../scripts/bot.js COMPLETED
10:17:05.666 [ INFO] maestro.cli.runner.CliConsoleListener.onCommandStart: Assert that id: turn-start is visible RUNNING
10:17:06.748 [ INFO] maestro.cli.runner.CliConsoleListener.onCommandFinished: Assert that id: turn-start is visible COMPLETED
10:17:06.748 [ INFO] maestro.cli.runner.CliConsoleListener.onCommandStart: Tap on id: turn-start RUNNING
10:17:06.812 [ INFO] maestro.Maestro.tap-HgV9Ck0: Tapping on element:  UiElement(treeNode=TreeNode(attributes={text=, accessibilityText=Turu başlat, hintText=, ignoreBoundsFiltering=false, resource-id=turn-start, clickable=true, bounds=[62,80][258,266], enabled=true, focused=false, checked=false, scrollable=false, selected=false, class=android.widget.Button, important-for-accessibility=true, error=}, children=[TreeNode(attributes={text=, accessibilityText=, hintText=, ignoreBoundsFiltering=false, resource-id=, clickable=false, bounds=[62,80][258,266], enabled=true, focused=false, checked=false, scrollable=false, selected=false, class=android.view.ViewGroup, important-for-accessibility=false, error=}, children=[], clickable=false, enabled=true, focused=false, checked=false, selected=false), TreeNode(attributes={text=Başla, accessibilityText=, hintText=, ignoreBoundsFiltering=false, resource-id=, clickable=false, bounds=[89,139][231,197], enabled=true, focused=false, checked=false, scrollable=false, selected=false, class=android.widget.TextView, important-for-accessibility=true, error=}, children=[], clickable=false, enabled=true, focused=false, checked=false, selected=false)], clickable=true, enabled=true, focused=false, checked=false, selected=false), bounds=Bounds(x=62, y=80, width=196, height=186))
10:17:08.040 [ INFO] maestro.Maestro.tap-HgV9Ck0: Tap aimed via settled hierarchy
10:17:08.041 [ INFO] maestro.Maestro.hierarchyBasedTap-ogj28Uc: Tapping at (160, 173) using hierarchy based logic for wait
10:17:09.564 [ INFO] maestro.Maestro.hierarchyBasedTap-ogj28Uc: Something has changed in the UI judging by view hierarchy. Proceed.
10:17:09.564 [ INFO] maestro.cli.runner.CliConsoleListener.onCommandFinished: Tap on id: turn-start COMPLETED
10:17:09.564 [ INFO] maestro.cli.runner.CliConsoleListener.onCommandStart: Assert that id: say-said is visible RUNNING
10:17:09.641 [ INFO] maestro.cli.runner.CliConsoleListener.onCommandFinished: Assert that id: say-said is visible COMPLETED
10:17:09.641 [ INFO] maestro.cli.runner.CliConsoleListener.onCommandStart: Take screenshot 50-sarki-said RUNNING
10:17:09.641 [ INFO] maestro.Maestro.takeScreenshot: Taking screenshot
10:17:09.641 [TRACE] maestro.utils.ScreenshotUtils.takeScreenshot: Taking screenshot to output sink
10:17:09.705 [ INFO] maestro.cli.runner.CliConsoleListener.onCommandFinished: Take screenshot 50-sarki-said COMPLETED
10:17:09.705 [ INFO] maestro.cli.runner.CliConsoleListener.onCommandStart: Tap on id: say-said RUNNING
10:17:09.825 [ INFO] maestro.Maestro.tap-HgV9Ck0: Tapping on element:  UiElement(treeNode=TreeNode(attributes={text=, accessibilityText=Söyledik, hintText=, ignoreBoundsFiltering=false, resource-id=say-said, clickable=true, bounds=[16,507][304,571], enabled=true, focused=false, checked=false, scrollable=false, selected=false, class=android.widget.Button, important-for-accessibility=true, error=}, children=[TreeNode(attributes={text=, accessibilityText=, hintText=, ignoreBoundsFiltering=false, resource-id=, clickable=false, bounds=[16,507][304,571], enabled=true, focused=false, checked=false, scrollable=false, selected=false, class=android.view.ViewGroup, important-for-accessibility=false, error=}, children=[], clickable=false, enabled=true, focused=false, checked=false, selected=false), TreeNode(attributes={text=Söyledik, accessibilityText=, hintText=, ignoreBoundsFiltering=false, resource-id=, clickable=false, bounds=[124,528][196,550], enabled=true, focused=false, checked=false, scrollable=false, selected=false, class=android.widget.TextView, important-for-accessibility=true, error=}, children=[], clickable=false, enabled=true, focused=false, checked=false, selected=false)], clickable=true, enabled=true, focused=false, checked=false, selected=false), bounds=Bounds(x=16, y=507, width=288, height=64))
10:17:11.784 [ INFO] maestro.Maestro.tap-HgV9Ck0: Tap aimed via settled hierarchy
10:17:11.784 [ INFO] maestro.Maestro.hierarchyBasedTap-ogj28Uc: Tapping at (160, 539) using hierarchy based logic for wait
10:17:13.024 [ INFO] maestro.Maestro.hierarchyBasedTap-ogj28Uc: Something has changed in the UI judging by view hierarchy. Proceed.
10:17:13.024 [ INFO] maestro.cli.runner.CliConsoleListener.onCommandFinished: Tap on id: say-said COMPLETED
10:17:13.024 [ INFO] maestro.cli.runner.CliConsoleListener.onCommandStart: Run ../scripts/bot.js RUNNING
10:17:13.096 [ INFO] maestro.cli.runner.CliConsoleListener.onCommandFinished: Run ../scripts/bot.js COMPLETED
10:17:13.096 [ INFO] maestro.cli.runner.CliConsoleListener.onCommandStart: Run ../scripts/bot.js RUNNING
10:17:13.126 [ INFO] maestro.cli.runner.CliConsoleListener.onCommandFinished: Run ../scripts/bot.js COMPLETED
10:17:13.126 [ INFO] maestro.cli.runner.CliConsoleListener.onCommandStart: Scrolling DOWN until id: say-object is visible with speed 40, visibility percentage 100%, timeout 15000 ms, with centering disabled RUNNING
10:17:14.133 [ INFO] maestro.orchestra.Orchestra.scrollUntilVisible: Scrolling try count: 0, DeviceWidth: 320, DeviceWidth: 640
10:17:14.133 [ INFO] maestro.orchestra.Orchestra.scrollUntilVisible: Element bounds: Bounds(x=16, y=615, width=288, height=25)
10:17:14.133 [ INFO] maestro.orchestra.Orchestra.scrollUntilVisible: Visibility Percent: 1.0
10:17:14.133 [ INFO] maestro.orchestra.Orchestra.scrollUntilVisible: Command centerElement: ScrollUntilVisibleCommand(selector=ElementSelector(textRegex=null, idRegex=say-object, size=null, below=null, above=null, leftOf=null, rightOf=null, containsChild=null, containsDescendants=null, traits=null, index=null, enabled=null, optional=false, selected=null, checked=null, focused=null, childOf=null, css=null), direction=DOWN, scrollDuration=601, visibilityPercentage=100, timeout=15000, waitToSettleTimeoutMs=null, centerElement=false, originalSpeedValue=40, label=null, optional=false).centerElement
10:17:14.133 [ INFO] maestro.orchestra.Orchestra.scrollUntilVisible: visibilityPercentageNormalized: 1.0
10:17:14.133 [ INFO] maestro.cli.runner.CliConsoleListener.onCommandFinished: Scrolling DOWN until id: say-object is visible with speed 40, visibility percentage 100%, timeout 15000 ms, with centering disabled COMPLETED
10:17:14.133 [ INFO] maestro.cli.runner.CliConsoleListener.onCommandStart: Tap on id: say-object RUNNING
10:17:14.217 [ INFO] maestro.Maestro.tap-HgV9Ck0: Tapping on element:  UiElement(treeNode=TreeNode(attributes={text=, accessibilityText=İtiraz, 3 itiraz hakkı kaldı, hintText=, ignoreBoundsFiltering=false, resource-id=say-object, clickable=true, bounds=[16,615][304,640], enabled=true, focused=false, checked=false, scrollable=false, selected=false, class=android.widget.Button, important-for-accessibility=true, error=}, children=[TreeNode(attributes={text=, accessibilityText=, hintText=, ignoreBoundsFiltering=false, resource-id=, clickable=false, bounds=[16,615][304,640], enabled=true, focused=false, checked=false, scrollable=false, selected=false, class=android.view.ViewGroup, important-for-accessibility=false, error=}, children=[], clickable=false, enabled=true, focused=false, checked=false, selected=false), TreeNode(attributes={text=İtiraz, accessibilityText=, hintText=, ignoreBoundsFiltering=false, resource-id=, clickable=false, bounds=[117,636][160,640], enabled=true, focused=false, checked=false, scrollable=false, selected=false, class=android.widget.TextView, important-for-accessibility=true, error=}, children=[], clickable=false, enabled=true, focused=false, checked=false, selected=false), TreeNode(attributes={text=3 hak, accessibilityText=, hintText=, ignoreBoundsFiltering=false, resource-id=, clickable=false, bounds=[164,638][204,640], enabled=true, focused=false, checked=false, scrollable=false, selected=false, class=android.widget.TextView, important-for-accessibility=true, error=}, children=[], clickable=false, enabled=true, focused=false, checked=false, selected=false)], clickable=true, enabled=true, focused=false, checked=false, selected=false), bounds=Bounds(x=16, y=615, width=288, height=25))
10:17:16.340 [ INFO] maestro.Maestro.tap-HgV9Ck0: Tap aimed via settled hierarchy
10:17:16.341 [ INFO] maestro.Maestro.hierarchyBasedTap-ogj28Uc: Tapping at (160, 627) using hierarchy based logic for wait
10:17:17.648 [ INFO] maestro.Maestro.hierarchyBasedTap-ogj28Uc: Something has changed in the UI judging by view hierarchy. Proceed.
10:17:17.649 [ INFO] maestro.cli.runner.CliConsoleListener.onCommandFinished: Tap on id: say-object COMPLETED
10:17:17.649 [ INFO] maestro.cli.runner.CliConsoleListener.onCommandStart: Assert that "siz · 2 hak" is visible RUNNING
10:17:17.762 [ INFO] maestro.cli.runner.CliConsoleListener.onCommandFinished: Assert that "siz · 2 hak" is visible COMPLETED
10:17:17.762 [ INFO] maestro.cli.runner.CliConsoleListener.onCommandStart: Take screenshot 51-sarki-objected RUNNING
10:17:17.762 [ INFO] maestro.Maestro.takeScreenshot: Taking screenshot
10:17:17.763 [TRACE] maestro.utils.ScreenshotUtils.takeScreenshot: Taking screenshot to output sink
10:17:17.824 [ INFO] maestro.cli.runner.CliConsoleListener.onCommandFinished: Take screenshot 51-sarki-objected COMPLETED
10:17:17.824 [ INFO] maestro.cli.runner.CliConsoleListener.onCommandStart: Run ../scripts/bot.js RUNNING
10:17:17.914 [ INFO] maestro.cli.runner.CliConsoleListener.onCommandFinished: Run ../scripts/bot.js COMPLETED
10:17:17.914 [ INFO] maestro.cli.runner.CliConsoleListener.onCommandStart: Take screenshot 52-sarki-short RUNNING
10:17:17.915 [ INFO] maestro.Maestro.takeScreenshot: Taking screenshot
10:17:17.915 [TRACE] maestro.utils.ScreenshotUtils.takeScreenshot: Taking screenshot to output sink
10:17:17.940 [ INFO] maestro.cli.runner.CliConsoleListener.onCommandFinished: Take screenshot 52-sarki-short COMPLETED
10:17:17.940 [ INFO] maestro.cli.runner.CliConsoleListener.onCommandStart: Assert that id: last-game is visible RUNNING
10:17:29.461 [ INFO] maestro.cli.runner.CliConsoleListener.onCommandFinished: Assert that id: last-game is visible COMPLETED
10:17:29.461 [ INFO] maestro.cli.runner.CliConsoleListener.onCommandStart: Take screenshot 53-sarki-result RUNNING
10:17:29.461 [ INFO] maestro.Maestro.takeScreenshot: Taking screenshot
10:17:29.461 [TRACE] maestro.utils.ScreenshotUtils.takeScreenshot: Taking screenshot to output sink
10:17:29.483 [ INFO] maestro.cli.runner.CliConsoleListener.onCommandFinished: Take screenshot 53-sarki-result COMPLETED
10:17:29.484 [ INFO] maestro.cli.runner.CliConsoleListener.onCommandStart: Run ../scripts/bot.js RUNNING
10:17:29.551 [ INFO] maestro.cli.runner.CliConsoleListener.onCommandFinished: Run ../scripts/bot.js COMPLETED
10:17:29.551 [ INFO] maestro.cli.runner.CliConsoleListener.onCommandStart: Assert that "Tanışalım mı\?" is visible RUNNING
10:17:30.733 [ INFO] maestro.cli.runner.CliConsoleListener.onCommandFinished: Assert that "Tanışalım mı\?" is visible COMPLETED
10:17:30.733 [ INFO] maestro.cli.runner.CliConsoleListener.onCommandStart: Tap on id: reveal-no RUNNING
10:17:30.800 [ INFO] maestro.Maestro.tap-HgV9Ck0: Tapping on element:  UiElement(treeNode=TreeNode(attributes={text=, accessibilityText=Hayır, hintText=, ignoreBoundsFiltering=false, resource-id=reveal-no, clickable=true, bounds=[37,313][155,361], enabled=true, focused=false, checked=false, scrollable=false, selected=false, class=android.widget.Button, important-for-accessibility=true, error=}, children=[TreeNode(attributes={text=, accessibilityText=, hintText=, ignoreBoundsFiltering=false, resource-id=, clickable=false, bounds=[37,313][155,361], enabled=true, focused=false, checked=false, scrollable=false, selected=false, class=android.view.ViewGroup, important-for-accessibility=false, error=}, children=[], clickable=false, enabled=true, focused=false, checked=false, selected=false), TreeNode(attributes={text=Hayır, accessibilityText=, hintText=, ignoreBoundsFiltering=false, resource-id=, clickable=false, bounds=[76,327][116,347], enabled=true, focused=false, checked=false, scrollable=false, selected=false, class=android.widget.TextView, important-for-accessibility=true, error=}, children=[], clickable=false, enabled=true, focused=false, checked=false, selected=false)], clickable=true, enabled=true, focused=false, checked=false, selected=false), bounds=Bounds(x=37, y=313, width=118, height=48))
10:17:32.710 [ INFO] maestro.Maestro.tap-HgV9Ck0: Tap aimed via settled hierarchy
10:17:32.710 [ INFO] maestro.Maestro.hierarchyBasedTap-ogj28Uc: Tapping at (96, 337) using hierarchy based logic for wait
10:17:33.805 [ INFO] maestro.Maestro.hierarchyBasedTap-ogj28Uc: Something has changed in the UI judging by view hierarchy. Proceed.
10:17:33.805 [ INFO] maestro.cli.runner.CliConsoleListener.onCommandFinished: Tap on id: reveal-no COMPLETED
10:17:33.805 [ INFO] maestro.cli.runner.CliConsoleListener.onCommandStart: Assert that "Güzel oyundu.*" is visible RUNNING
10:17:33.868 [ INFO] maestro.cli.runner.CliConsoleListener.onCommandFinished: Assert that "Güzel oyundu.*" is visible COMPLETED
10:17:33.869 [ INFO] maestro.cli.runner.CliConsoleListener.onCommandStart: Run ../scripts/bot.js RUNNING
10:17:33.959 [ INFO] maestro.cli.runner.CliConsoleListener.onCommandFinished: Run ../scripts/bot.js COMPLETED
10:17:33.959 [ INFO] maestro.cli.runner.CliConsoleListener.onCommandStart: Tap on "Mekana dön" RUNNING
10:17:34.028 [ INFO] maestro.Maestro.tap-HgV9Ck0: Tapping on element:  UiElement(treeNode=TreeNode(attributes={text=Mekana dön, accessibilityText=, hintText=, ignoreBoundsFiltering=false, resource-id=, clickable=false, bounds=[115,229][206,249], enabled=true, focused=false, checked=false, scrollable=false, selected=false, class=android.widget.TextView, important-for-accessibility=true, error=}, children=[], clickable=false, enabled=true, focused=false, checked=false, selected=false), bounds=Bounds(x=115, y=229, width=91, height=20))
10:17:35.208 [ INFO] maestro.Maestro.tap-HgV9Ck0: Tap aimed via settled hierarchy
10:17:35.209 [ INFO] maestro.Maestro.hierarchyBasedTap-ogj28Uc: Tapping at (160, 239) using hierarchy based logic for wait
10:17:36.481 [ INFO] maestro.Maestro.hierarchyBasedTap-ogj28Uc: Something has changed in the UI judging by view hierarchy. Proceed.
10:17:36.482 [ INFO] maestro.cli.runner.CliConsoleListener.onCommandFinished: Tap on "Mekana dön" COMPLETED
10:17:36.482 [ INFO] maestro.cli.runner.CliConsoleListener.onCommandStart: Assert that "Oda kur" is visible RUNNING
10:17:36.600 [ INFO] maestro.cli.runner.CliConsoleListener.onCommandFinished: Assert that "Oda kur" is visible COMPLETED
10:17:36.600 [ INFO] maestro.cli.runner.CliConsoleListener.onCommandFinished: Run flows/11-sarki.yaml COMPLETED
10:17:36.600 [ INFO] maestro.cli.runner.CliConsoleListener.onCommandStart: Run flows/12-ibre.yaml RUNNING
10:17:36.601 [ INFO] maestro.cli.runner.CliConsoleListener.onCommandStart: Apply configuration RUNNING
10:17:36.601 [ INFO] maestro.cli.runner.CliConsoleListener.onCommandFinished: Apply configuration COMPLETED
10:17:36.601 [ INFO] maestro.cli.runner.CliConsoleListener.onCommandStart: Run ../scripts/bot.js RUNNING
10:17:36.672 [ INFO] maestro.cli.runner.CliConsoleListener.onCommandFinished: Run ../scripts/bot.js COMPLETED
10:17:36.672 [ INFO] maestro.cli.runner.CliConsoleListener.onCommandStart: Run ../scripts/bot.js RUNNING
10:17:36.750 [ INFO] maestro.cli.runner.CliConsoleListener.onCommandFinished: Run ../scripts/bot.js COMPLETED
10:17:36.750 [ INFO] maestro.cli.runner.CliConsoleListener.onCommandStart: Tap on id: tab-venue RUNNING
10:17:36.838 [ INFO] maestro.Maestro.tap-HgV9Ck0: Tapping on element:  UiElement(treeNode=TreeNode(attributes={text=, accessibilityText=Mekan, hintText=, ignoreBoundsFiltering=false, resource-id=tab-venue, clickable=true, bounds=[133,568][187,632], enabled=true, focused=false, checked=false, scrollable=false, selected=true, class=android.view.View, important-for-accessibility=true, error=}, children=[TreeNode(attributes={text=, accessibilityText=, hintText=, ignoreBoundsFiltering=false, resource-id=, clickable=false, bounds=[140,572][180,612], enabled=true, focused=false, checked=false, scrollable=false, selected=false, class=android.view.ViewGroup, important-for-accessibility=false, error=}, children=[], clickable=false, enabled=true, focused=false, checked=false, selected=false), TreeNode(attributes={text=, accessibilityText=, hintText=, ignoreBoundsFiltering=false, resource-id=, clickable=false, bounds=[148,580][172,604], enabled=true, focused=false, checked=false, scrollable=false, selected=false, class=android.widget.ImageView, important-for-accessibility=false, error=}, children=[], clickable=false, enabled=true, focused=false, checked=false, selected=false), TreeNode(attributes={text=Mekan, accessibilityText=, hintText=, ignoreBoundsFiltering=false, resource-id=, clickable=false, bounds=[141,612][178,628], enabled=true, focused=false, checked=false, scrollable=false, selected=false, class=android.widget.TextView, important-for-accessibility=true, error=}, children=[], clickable=false, enabled=true, focused=false, checked=false, selected=false)], clickable=true, enabled=true, focused=false, checked=false, selected=true), bounds=Bounds(x=133, y=568, width=54, height=64))
10:17:38.134 [ INFO] maestro.Maestro.tap-HgV9Ck0: Tap aimed via settled hierarchy
10:17:38.135 [ INFO] maestro.Maestro.hierarchyBasedTap-ogj28Uc: Tapping at (160, 600) using hierarchy based logic for wait
10:17:38.555 [ INFO] maestro.cli.runner.CliConsoleListener.onCommandFinished: Tap on id: tab-venue COMPLETED
10:17:38.555 [ INFO] maestro.cli.runner.CliConsoleListener.onCommandStart: Assert that "Oda kur" is visible RUNNING
10:17:38.686 [ INFO] maestro.cli.runner.CliConsoleListener.onCommandFinished: Assert that "Oda kur" is visible COMPLETED
10:17:38.686 [ INFO] maestro.cli.runner.CliConsoleListener.onCommandStart: Tap on "Oda kur" RUNNING
10:17:38.780 [ INFO] maestro.Maestro.tap-HgV9Ck0: Tapping on element:  UiElement(treeNode=TreeNode(attributes={text=Oda kur, accessibilityText=, hintText=, ignoreBoundsFiltering=false, resource-id=, clickable=false, bounds=[57,427][117,447], enabled=true, focused=false, checked=false, scrollable=false, selected=false, class=android.widget.TextView, important-for-accessibility=true, error=}, children=[], clickable=false, enabled=true, focused=false, checked=false, selected=false), bounds=Bounds(x=57, y=427, width=60, height=20))
10:17:40.025 [ INFO] maestro.Maestro.tap-HgV9Ck0: Tap aimed via settled hierarchy
10:17:40.026 [ INFO] maestro.Maestro.hierarchyBasedTap-ogj28Uc: Tapping at (87, 437) using hierarchy based logic for wait
10:17:41.281 [ INFO] maestro.Maestro.hierarchyBasedTap-ogj28Uc: Something has changed in the UI judging by view hierarchy. Proceed.
10:17:41.281 [ INFO] maestro.cli.runner.CliConsoleListener.onCommandFinished: Tap on "Oda kur" COMPLETED
10:17:41.281 [ INFO] maestro.cli.runner.CliConsoleListener.onCommandStart: Assert that id: intent-none is visible RUNNING
10:17:41.365 [ INFO] maestro.cli.runner.CliConsoleListener.onCommandFinished: Assert that id: intent-none is visible COMPLETED
10:17:41.365 [ INFO] maestro.cli.runner.CliConsoleListener.onCommandStart: Scrolling DOWN until "Odayı kur" is visible with speed 40, visibility percentage 100%, timeout 10000 ms, with centering disabled RUNNING
10:17:41.477 [ INFO] maestro.orchestra.Orchestra.scrollUntilVisible: Scrolling try count: 0, DeviceWidth: 320, DeviceWidth: 640
10:17:41.477 [ INFO] maestro.orchestra.Orchestra.scrollUntilVisible: Element bounds: Bounds(x=120, y=565, width=81, height=22)
10:17:41.478 [ INFO] maestro.orchestra.Orchestra.scrollUntilVisible: Visibility Percent: 1.0
10:17:41.478 [ INFO] maestro.orchestra.Orchestra.scrollUntilVisible: Command centerElement: ScrollUntilVisibleCommand(selector=ElementSelector(textRegex=Odayı kur, idRegex=null, size=null, below=null, above=null, leftOf=null, rightOf=null, containsChild=null, containsDescendants=null, traits=null, index=null, enabled=null, optional=false, selected=null, checked=null, focused=null, childOf=null, css=null), direction=DOWN, scrollDuration=601, visibilityPercentage=100, timeout=10000, waitToSettleTimeoutMs=null, centerElement=false, originalSpeedValue=40, label=null, optional=false).centerElement
10:17:41.478 [ INFO] maestro.orchestra.Orchestra.scrollUntilVisible: visibilityPercentageNormalized: 1.0
10:17:41.478 [ INFO] maestro.cli.runner.CliConsoleListener.onCommandFinished: Scrolling DOWN until "Odayı kur" is visible with speed 40, visibility percentage 100%, timeout 10000 ms, with centering disabled COMPLETED
10:17:41.478 [ INFO] maestro.cli.runner.CliConsoleListener.onCommandStart: Tap on "Odayı kur" RUNNING
10:17:41.582 [ INFO] maestro.Maestro.tap-HgV9Ck0: Tapping on element:  UiElement(treeNode=TreeNode(attributes={text=Odayı kur, accessibilityText=, hintText=, ignoreBoundsFiltering=false, resource-id=, clickable=false, bounds=[120,565][201,587], enabled=true, focused=false, checked=false, scrollable=false, selected=false, class=android.widget.TextView, important-for-accessibility=true, error=}, children=[], clickable=false, enabled=true, focused=false, checked=false, selected=false), bounds=Bounds(x=120, y=565, width=81, height=22))
10:17:42.812 [ INFO] maestro.Maestro.tap-HgV9Ck0: Tap aimed via settled hierarchy
10:17:42.813 [ INFO] maestro.Maestro.hierarchyBasedTap-ogj28Uc: Tapping at (160, 576) using hierarchy based logic for wait
10:17:44.048 [ INFO] maestro.Maestro.hierarchyBasedTap-ogj28Uc: Something has changed in the UI judging by view hierarchy. Proceed.
10:17:44.048 [ INFO] maestro.cli.runner.CliConsoleListener.onCommandFinished: Tap on "Odayı kur" COMPLETED
10:17:44.048 [ INFO] maestro.cli.runner.CliConsoleListener.onCommandStart: Assert that id: solo-tabu is visible RUNNING
10:17:44.159 [ INFO] maestro.cli.runner.CliConsoleListener.onCommandFinished: Assert that id: solo-tabu is visible COMPLETED
10:17:44.160 [ INFO] maestro.cli.runner.CliConsoleListener.onCommandStart: Run ../scripts/bot.js RUNNING
10:17:59.887 [ INFO] maestro.cli.runner.CliConsoleListener.onCommandFinished: Run ../scripts/bot.js COMPLETED
10:17:59.887 [ INFO] maestro.cli.runner.CliConsoleListener.onCommandStart: Assert that "Katılma isteği" is visible RUNNING
10:18:00.557 [ INFO] maestro.cli.runner.CliConsoleListener.onCommandFinished: Assert that "Katılma isteği" is visible COMPLETED
10:18:00.558 [ INFO] maestro.cli.runner.CliConsoleListener.onCommandStart: Tap on id: join-accept RUNNING
10:18:01.157 [ INFO] maestro.Maestro.tap-HgV9Ck0: Tapping on element:  UiElement(treeNode=TreeNode(attributes={text=, accessibilityText=Kabul, hintText=, ignoreBoundsFiltering=false, resource-id=join-accept, clickable=true, bounds=[165,502][296,550], enabled=true, focused=false, checked=false, scrollable=false, selected=false, class=android.widget.Button, important-for-accessibility=true, error=}, children=[TreeNode(attributes={text=, accessibilityText=, hintText=, ignoreBoundsFiltering=false, resource-id=, clickable=false, bounds=[165,502][296,550], enabled=true, focused=false, checked=false, scrollable=false, selected=false, class=android.view.ViewGroup, important-for-accessibility=false, error=}, children=[], clickable=false, enabled=true, focused=false, checked=false, selected=false), TreeNode(attributes={text=Kabul, accessibilityText=, hintText=, ignoreBoundsFiltering=false, resource-id=, clickable=false, bounds=[209,516][253,536], enabled=true, focused=false, checked=false, scrollable=false, selected=false, class=android.widget.TextView, important-for-accessibility=true, error=}, children=[], clickable=false, enabled=true, focused=false, checked=false, selected=false)], clickable=true, enabled=true, focused=false, checked=false, selected=false), bounds=Bounds(x=165, y=502, width=131, height=48))
10:18:02.437 [ INFO] maestro.Maestro.tap-HgV9Ck0: Tap aimed via settled hierarchy
10:18:02.437 [ INFO] maestro.Maestro.hierarchyBasedTap-ogj28Uc: Tapping at (230, 526) using hierarchy based logic for wait
10:18:03.444 [ INFO] maestro.Maestro.hierarchyBasedTap-ogj28Uc: Something has changed in the UI judging by view hierarchy. Proceed.
10:18:03.444 [ INFO] maestro.cli.runner.CliConsoleListener.onCommandFinished: Tap on id: join-accept COMPLETED
10:18:03.444 [ INFO] maestro.cli.runner.CliConsoleListener.onCommandStart: Scrolling DOWN until id: propose-ibre is visible with speed 40, visibility percentage 100%, timeout 15000 ms, with centering disabled RUNNING
10:18:03.528 [ INFO] maestro.orchestra.Orchestra.scrollUntilVisible: Scrolling try count: 0, DeviceWidth: 320, DeviceWidth: 640
10:18:03.528 [ INFO] maestro.orchestra.Orchestra.scrollUntilVisible: Element bounds: Bounds(x=34, y=427, width=120, height=92)
10:18:03.528 [ INFO] maestro.orchestra.Orchestra.scrollUntilVisible: Visibility Percent: 1.0
10:18:03.528 [ INFO] maestro.orchestra.Orchestra.scrollUntilVisible: Command centerElement: ScrollUntilVisibleCommand(selector=ElementSelector(textRegex=null, idRegex=propose-ibre, size=null, below=null, above=null, leftOf=null, rightOf=null, containsChild=null, containsDescendants=null, traits=null, index=null, enabled=null, optional=false, selected=null, checked=null, focused=null, childOf=null, css=null), direction=DOWN, scrollDuration=601, visibilityPercentage=100, timeout=15000, waitToSettleTimeoutMs=null, centerElement=false, originalSpeedValue=40, label=null, optional=false).centerElement
10:18:03.528 [ INFO] maestro.orchestra.Orchestra.scrollUntilVisible: visibilityPercentageNormalized: 1.0
10:18:03.528 [ INFO] maestro.cli.runner.CliConsoleListener.onCommandFinished: Scrolling DOWN until id: propose-ibre is visible with speed 40, visibility percentage 100%, timeout 15000 ms, with centering disabled COMPLETED
10:18:03.528 [ INFO] maestro.cli.runner.CliConsoleListener.onCommandStart: Tap on id: propose-ibre RUNNING
10:18:03.619 [ INFO] maestro.Maestro.tap-HgV9Ck0: Tapping on element:  UiElement(treeNode=TreeNode(attributes={text=, accessibilityText=İbre öner, hintText=, ignoreBoundsFiltering=false, resource-id=propose-ibre, clickable=true, bounds=[34,427][154,519], enabled=true, focused=false, checked=false, scrollable=false, selected=false, class=android.widget.Button, important-for-accessibility=true, error=}, children=[TreeNode(attributes={text=, accessibilityText=, hintText=, ignoreBoundsFiltering=false, resource-id=, clickable=false, bounds=[34,427][154,519], enabled=true, focused=false, checked=false, scrollable=false, selected=false, class=android.view.ViewGroup, important-for-accessibility=false, error=}, children=[TreeNode(attributes={text=İbre, accessibilityText=, hintText=, ignoreBoundsFiltering=false, resource-id=, clickable=false, bounds=[46,439][142,458], enabled=true, focused=false, checked=false, scrollable=false, selected=false, class=android.widget.TextView, important-for-accessibility=true, error=}, children=[], clickable=false, enabled=true, focused=false, checked=false, selected=false), TreeNode(attributes={text=, accessibilityText=, hintText=, ignoreBoundsFiltering=false, resource-id=, clickable=false, bounds=[104,471][154,519], enabled=true, focused=false, checked=false, scrollable=false, selected=false, class=android.widget.ImageView, important-for-accessibility=false, error=}, children=[], clickable=false, enabled=true, focused=false, checked=false, selected=false)], clickable=false, enabled=true, focused=false, checked=false, selected=false)], clickable=true, enabled=true, focused=false, checked=false, selected=false), bounds=Bounds(x=34, y=427, width=120, height=92))
10:18:04.895 [ INFO] maestro.Maestro.tap-HgV9Ck0: Tap aimed via settled hierarchy
10:18:04.896 [ INFO] maestro.Maestro.hierarchyBasedTap-ogj28Uc: Tapping at (94, 473) using hierarchy based logic for wait
10:18:06.609 [ INFO] maestro.Maestro.hierarchyBasedTap-ogj28Uc: Something has changed in the UI judging by view hierarchy. Proceed.
10:18:06.609 [ INFO] maestro.cli.runner.CliConsoleListener.onCommandFinished: Tap on id: propose-ibre COMPLETED
10:18:06.609 [ INFO] maestro.cli.runner.CliConsoleListener.onCommandStart: Run ../scripts/bot.js RUNNING
10:18:06.678 [ INFO] maestro.cli.runner.CliConsoleListener.onCommandFinished: Run ../scripts/bot.js COMPLETED
10:18:06.678 [ INFO] maestro.cli.runner.CliConsoleListener.onCommandStart: Assert that id: turn-start is visible RUNNING
10:18:07.477 [ INFO] maestro.cli.runner.CliConsoleListener.onCommandFinished: Assert that id: turn-start is visible COMPLETED
10:18:07.477 [ INFO] maestro.cli.runner.CliConsoleListener.onCommandStart: Take screenshot 54-ibre-ready RUNNING
10:18:07.478 [ INFO] maestro.Maestro.takeScreenshot: Taking screenshot
10:18:07.478 [TRACE] maestro.utils.ScreenshotUtils.takeScreenshot: Taking screenshot to output sink
10:18:07.505 [ INFO] maestro.cli.runner.CliConsoleListener.onCommandFinished: Take screenshot 54-ibre-ready COMPLETED
10:18:07.505 [ INFO] maestro.cli.runner.CliConsoleListener.onCommandStart: Tap on id: turn-start RUNNING
10:18:07.611 [ INFO] maestro.Maestro.tap-HgV9Ck0: Tapping on element:  UiElement(treeNode=TreeNode(attributes={text=, accessibilityText=Turu başlat, hintText=, ignoreBoundsFiltering=false, resource-id=turn-start, clickable=true, bounds=[62,289][258,485], enabled=true, focused=false, checked=false, scrollable=false, selected=false, class=android.widget.Button, important-for-accessibility=true, error=}, children=[TreeNode(attributes={text=, accessibilityText=, hintText=, ignoreBoundsFiltering=false, resource-id=, clickable=false, bounds=[62,289][258,485], enabled=true, focused=false, checked=false, scrollable=false, selected=false, class=android.view.ViewGroup, important-for-accessibility=false, error=}, children=[], clickable=false, enabled=true, focused=false, checked=false, selected=false), TreeNode(attributes={text=Başla, accessibilityText=, hintText=, ignoreBoundsFiltering=false, resource-id=, clickable=false, bounds=[89,358][231,416], enabled=true, focused=false, checked=false, scrollable=false, selected=false, class=android.widget.TextView, important-for-accessibility=true, error=}, children=[], clickable=false, enabled=true, focused=false, checked=false, selected=false)], clickable=true, enabled=true, focused=false, checked=false, selected=false), bounds=Bounds(x=62, y=289, width=196, height=196))
10:18:08.873 [ INFO] maestro.Maestro.tap-HgV9Ck0: Tap aimed via settled hierarchy
10:18:08.874 [ INFO] maestro.Maestro.hierarchyBasedTap-ogj28Uc: Tapping at (160, 387) using hierarchy based logic for wait
10:18:10.209 [ INFO] maestro.Maestro.hierarchyBasedTap-ogj28Uc: Something has changed in the UI judging by view hierarchy. Proceed.
10:18:10.209 [ INFO] maestro.cli.runner.CliConsoleListener.onCommandFinished: Tap on id: turn-start COMPLETED
10:18:10.209 [ INFO] maestro.cli.runner.CliConsoleListener.onCommandStart: Run ../scripts/bot.js RUNNING
10:18:10.238 [ INFO] maestro.cli.runner.CliConsoleListener.onCommandFinished: Run ../scripts/bot.js COMPLETED
10:18:10.239 [ INFO] maestro.cli.runner.CliConsoleListener.onCommandStart: Assert that id: ibre-hold is visible RUNNING
10:18:10.344 [ INFO] maestro.cli.runner.CliConsoleListener.onCommandFinished: Assert that id: ibre-hold is visible COMPLETED
10:18:10.344 [ INFO] maestro.cli.runner.CliConsoleListener.onCommandStart: Long press on id: ibre-hold RUNNING
10:18:10.446 [ INFO] maestro.Maestro.tap-HgV9Ck0: Tapping on element:  UiElement(treeNode=TreeNode(attributes={text=, accessibilityText=Hedefi görmek için basılı tut, hintText=, ignoreBoundsFiltering=false, resource-id=ibre-hold, clickable=true, bounds=[16,310][304,499], enabled=true, focused=false, checked=false, scrollable=false, selected=false, class=android.widget.Button, important-for-accessibility=true, error=}, children=[TreeNode(attributes={text=, accessibilityText=Zor telaffuz ile Kolay telaffuz arasında ölçek, hintText=, ignoreBoundsFiltering=false, resource-id=, clickable=false, bounds=[16,310][304,468], enabled=true, focused=false, checked=false, scrollable=false, selected=false, class=android.view.ViewGroup, important-for-accessibility=true, error=}, children=[TreeNode(attributes={text=, accessibilityText=, hintText=, ignoreBoundsFiltering=false, resource-id=, clickable=false, bounds=[16,310][304,468], enabled=true, focused=false, checked=false, scrollable=false, selected=false, class=android.view.ViewGroup, important-for-accessibility=false, error=}, children=[], clickable=false, enabled=true, focused=false, checked=false, selected=false), TreeNode(attributes={text=, accessibilityText=, hintText=, ignoreBoundsFiltering=false, resource-id=ibre-cover, clickable=false, bounds=[16,310][304,468], enabled=true, focused=false, checked=false, scrollable=false, selected=false, class=android.view.ViewGroup, important-for-accessibility=true, error=}, children=[], clickable=false, enabled=true, focused=false, checked=false, selected=false), TreeNode(attributes={text=, accessibilityText=, hintText=, ignoreBoundsFiltering=false, resource-id=, clickable=false, bounds=[138,353][182,397], enabled=true, focused=false, checked=false, scrollable=false, selected=false, class=android.widget.ImageView, important-for-accessibility=false, error=}, children=[], clickable=false, enabled=true, focused=false, checked=false, selected=false), TreeNode(attributes={text=Basılı tut, hedefi gör, accessibilityText=, hintText=, ignoreBoundsFiltering=false, resource-id=, clickable=false, bounds=[86,402][234,425], enabled=true, focused=false, checked=false, scrollable=false, selected=false, class=android.widget.TextView, important-for-accessibility=true, error=}, children=[], clickable=false, enabled=true, focused=false, checked=false, selected=false), TreeNode(attributes={text=, accessibilityText=, hintText=, ignoreBoundsFiltering=false, resource-id=, clickable=false, bounds=[146,440][174,468], enabled=true, focused=false, checked=false, scrollable=false, selected=false, class=android.view.ViewGroup, important-for-accessibility=false, error=}, children=[], clickable=false, enabled=true, focused=false, checked=false, selected=false)], clickable=false, enabled=true, focused=false, checked=false, selected=false), TreeNode(attributes={text=Zor telaffuz, accessibilityText=, hintText=, ignoreBoundsFiltering=false, resource-id=, clickable=false, bounds=[16,476][154,499], enabled=true, focused=false, checked=false, scrollable=false, selected=false, class=android.widget.TextView, important-for-accessibility=true, error=}, children=[], clickable=false, enabled=true, focused=false, checked=false, selected=false), TreeNode(attributes={text=Kolay telaffuz, accessibilityText=, hintText=, ignoreBoundsFiltering=false, resource-id=, clickable=false, bounds=[166,476][304,499], enabled=true, focused=false, checked=false, scrollable=false, selected=false, class=android.widget.TextView, important-for-accessibility=true, error=}, children=[], clickable=false, enabled=true, focused=false, checked=false, selected=false)], clickable=true, enabled=true, focused=false, checked=false, selected=false), bounds=Bounds(x=16, y=310, width=288, height=189))
10:18:11.685 [ INFO] maestro.Maestro.tap-HgV9Ck0: Tap aimed via settled hierarchy
10:18:11.686 [ INFO] maestro.Maestro.hierarchyBasedTap-ogj28Uc: Tapping at (160, 404) using hierarchy based logic for wait
10:18:15.473 [ INFO] maestro.Maestro.hierarchyBasedTap-ogj28Uc: Something has changed in the UI judging by view hierarchy. Proceed.
10:18:15.473 [ INFO] maestro.cli.runner.CliConsoleListener.onCommandFinished: Long press on id: ibre-hold COMPLETED
10:18:15.474 [ INFO] maestro.cli.runner.CliConsoleListener.onCommandStart: Scrolling DOWN until id: ibre-drag is visible with speed 40, visibility percentage 100%, timeout 15000 ms, with centering disabled RUNNING
10:18:15.598 [ INFO] maestro.orchestra.Orchestra.scrollUntilVisible: Scrolling try count: 0, DeviceWidth: 320, DeviceWidth: 640
10:18:15.598 [ INFO] maestro.orchestra.Orchestra.scrollUntilVisible: Element bounds: Bounds(x=16, y=515, width=288, height=125)
10:18:15.598 [ INFO] maestro.orchestra.Orchestra.scrollUntilVisible: Visibility Percent: 1.0
10:18:15.598 [ INFO] maestro.orchestra.Orchestra.scrollUntilVisible: Command centerElement: ScrollUntilVisibleCommand(selector=ElementSelector(textRegex=null, idRegex=ibre-drag, size=null, below=null, above=null, leftOf=null, rightOf=null, containsChild=null, containsDescendants=null, traits=null, index=null, enabled=null, optional=false, selected=null, checked=null, focused=null, childOf=null, css=null), direction=DOWN, scrollDuration=601, visibilityPercentage=100, timeout=15000, waitToSettleTimeoutMs=null, centerElement=false, originalSpeedValue=40, label=null, optional=false).centerElement
10:18:15.598 [ INFO] maestro.orchestra.Orchestra.scrollUntilVisible: visibilityPercentageNormalized: 1.0
10:18:15.598 [ INFO] maestro.cli.runner.CliConsoleListener.onCommandFinished: Scrolling DOWN until id: ibre-drag is visible with speed 40, visibility percentage 100%, timeout 15000 ms, with centering disabled COMPLETED
10:18:15.599 [ INFO] maestro.cli.runner.CliConsoleListener.onCommandStart: Swiping in RIGHT direction on id: ibre-drag RUNNING
10:18:15.715 [ INFO] maestro.Maestro.swipe: Swiping RIGHT from point: Point(x=160, y=577)
10:18:17.353 [ INFO] maestro.cli.runner.CliConsoleListener.onCommandFinished: Swiping in RIGHT direction on id: ibre-drag COMPLETED
10:18:17.353 [ INFO] maestro.cli.runner.CliConsoleListener.onCommandStart: Scrolling DOWN until id: ibre-plus is visible with speed 40, visibility percentage 100%, timeout 15000 ms, with centering disabled RUNNING
10:18:18.425 [ WARN] maestro.orchestra.Orchestra.scrollUntilVisible: Error: maestro.MaestroException$ElementNotFound: Element not found: Id matching regex: ibre-plus
10:18:18.468 [ INFO] maestro.Maestro.swipeFromCenter: Swiping UP from center
10:18:20.394 [ INFO] maestro.orchestra.Orchestra.scrollUntilVisible: Scrolling try count: 0, DeviceWidth: 320, DeviceWidth: 640
10:18:20.394 [ INFO] maestro.orchestra.Orchestra.scrollUntilVisible: Element bounds: Bounds(x=191, y=438, width=48, height=48)
10:18:20.394 [ INFO] maestro.orchestra.Orchestra.scrollUntilVisible: Visibility Percent: 1.0
10:18:20.395 [ INFO] maestro.orchestra.Orchestra.scrollUntilVisible: Command centerElement: ScrollUntilVisibleCommand(selector=ElementSelector(textRegex=null, idRegex=ibre-plus, size=null, below=null, above=null, leftOf=null, rightOf=null, containsChild=null, containsDescendants=null, traits=null, index=null, enabled=null, optional=false, selected=null, checked=null, focused=null, childOf=null, css=null), direction=DOWN, scrollDuration=601, visibilityPercentage=100, timeout=15000, waitToSettleTimeoutMs=null, centerElement=false, originalSpeedValue=40, label=null, optional=false).centerElement
10:18:20.395 [ INFO] maestro.orchestra.Orchestra.scrollUntilVisible: visibilityPercentageNormalized: 1.0
10:18:20.395 [ INFO] maestro.cli.runner.CliConsoleListener.onCommandFinished: Scrolling DOWN until id: ibre-plus is visible with speed 40, visibility percentage 100%, timeout 15000 ms, with centering disabled COMPLETED
10:18:20.395 [ INFO] maestro.cli.runner.CliConsoleListener.onCommandStart: Tap on id: ibre-plus RUNNING
10:18:20.510 [ INFO] maestro.Maestro.tap-HgV9Ck0: Tapping on element:  UiElement(treeNode=TreeNode(attributes={text=, accessibilityText=İbreyi sağa al, hintText=, ignoreBoundsFiltering=false, resource-id=ibre-plus, clickable=true, bounds=[191,438][239,486], enabled=true, focused=false, checked=false, scrollable=false, selected=false, class=android.widget.Button, important-for-accessibility=true, error=}, children=[TreeNode(attributes={text=, accessibilityText=, hintText=, ignoreBoundsFiltering=false, resource-id=, clickable=false, bounds=[191,438][239,486], enabled=true, focused=false, checked=false, scrollable=false, selected=false, class=android.view.ViewGroup, important-for-accessibility=false, error=}, children=[], clickable=false, enabled=true, focused=false, checked=false, selected=false), TreeNode(attributes={text=+, accessibilityText=, hintText=, ignoreBoundsFiltering=false, resource-id=, clickable=false, bounds=[208,448][221,476], enabled=true, focused=false, checked=false, scrollable=false, selected=false, class=android.widget.TextView, important-for-accessibility=true, error=}, children=[], clickable=false, enabled=true, focused=false, checked=false, selected=false)], clickable=true, enabled=true, focused=false, checked=false, selected=false), bounds=Bounds(x=191, y=438, width=48, height=48))
10:18:21.389 [ INFO] maestro.Maestro.tap-HgV9Ck0: Tap aimed via settled hierarchy
10:18:21.390 [ INFO] maestro.Maestro.hierarchyBasedTap-ogj28Uc: Tapping at (215, 462) using hierarchy based logic for wait
10:18:22.558 [ INFO] maestro.Maestro.hierarchyBasedTap-ogj28Uc: Something has changed in the UI judging by view hierarchy. Proceed.
10:18:22.558 [ INFO] maestro.cli.runner.CliConsoleListener.onCommandFinished: Tap on id: ibre-plus COMPLETED
10:18:22.558 [ INFO] maestro.cli.runner.CliConsoleListener.onCommandStart: Take screenshot 55-ibre-needle RUNNING
10:18:22.559 [ INFO] maestro.Maestro.takeScreenshot: Taking screenshot
10:18:22.559 [TRACE] maestro.utils.ScreenshotUtils.takeScreenshot: Taking screenshot to output sink
10:18:22.620 [ INFO] maestro.cli.runner.CliConsoleListener.onCommandFinished: Take screenshot 55-ibre-needle COMPLETED
10:18:22.620 [ INFO] maestro.cli.runner.CliConsoleListener.onCommandStart: Scrolling DOWN until id: ibre-lock is visible with speed 40, visibility percentage 100%, timeout 15000 ms, with centering disabled RUNNING
10:18:23.338 [ INFO] maestro.orchestra.Orchestra.scrollUntilVisible: Scrolling try count: 0, DeviceWidth: 320, DeviceWidth: 640
10:18:23.338 [ INFO] maestro.orchestra.Orchestra.scrollUntilVisible: Element bounds: Bounds(x=16, y=498, width=288, height=64)
10:18:23.338 [ INFO] maestro.orchestra.Orchestra.scrollUntilVisible: Visibility Percent: 1.0
10:18:23.338 [ INFO] maestro.orchestra.Orchestra.scrollUntilVisible: Command centerElement: ScrollUntilVisibleCommand(selector=ElementSelector(textRegex=null, idRegex=ibre-lock, size=null, below=null, above=null, leftOf=null, rightOf=null, containsChild=null, containsDescendants=null, traits=null, index=null, enabled=null, optional=false, selected=null, checked=null, focused=null, childOf=null, css=null), direction=DOWN, scrollDuration=601, visibilityPercentage=100, timeout=15000, waitToSettleTimeoutMs=null, centerElement=false, originalSpeedValue=40, label=null, optional=false).centerElement
10:18:23.338 [ INFO] maestro.orchestra.Orchestra.scrollUntilVisible: visibilityPercentageNormalized: 1.0
10:18:23.338 [ INFO] maestro.cli.runner.CliConsoleListener.onCommandFinished: Scrolling DOWN until id: ibre-lock is visible with speed 40, visibility percentage 100%, timeout 15000 ms, with centering disabled COMPLETED
10:18:23.338 [ INFO] maestro.cli.runner.CliConsoleListener.onCommandStart: Tap on id: ibre-lock RUNNING
10:18:23.418 [ INFO] maestro.Maestro.tap-HgV9Ck0: Tapping on element:  UiElement(treeNode=TreeNode(attributes={text=, accessibilityText=İbreyi onayla, hintText=, ignoreBoundsFiltering=false, resource-id=ibre-lock, clickable=true, bounds=[16,498][304,562], enabled=true, focused=false, checked=false, scrollable=false, selected=false, class=android.widget.Button, important-for-accessibility=true, error=}, children=[TreeNode(attributes={text=, accessibilityText=, hintText=, ignoreBoundsFiltering=false, resource-id=, clickable=false, bounds=[16,498][304,562], enabled=true, focused=false, checked=false, scrollable=false, selected=false, class=android.view.ViewGroup, important-for-accessibility=false, error=}, children=[], clickable=false, enabled=true, focused=false, checked=false, selected=false), TreeNode(attributes={text=İbreyi onayla, accessibilityText=, hintText=, ignoreBoundsFiltering=false, resource-id=, clickable=false, bounds=[106,519][214,541], enabled=true, focused=false, checked=false, scrollable=false, selected=false, class=android.widget.TextView, important-for-accessibility=true, error=}, children=[], clickable=false, enabled=true, focused=false, checked=false, selected=false)], clickable=true, enabled=true, focused=false, checked=false, selected=false), bounds=Bounds(x=16, y=498, width=288, height=64))
10:18:24.418 [ INFO] maestro.Maestro.tap-HgV9Ck0: Tap aimed via settled hierarchy
10:18:24.418 [ INFO] maestro.Maestro.hierarchyBasedTap-ogj28Uc: Tapping at (160, 530) using hierarchy based logic for wait
10:18:25.769 [ INFO] maestro.Maestro.hierarchyBasedTap-ogj28Uc: Something has changed in the UI judging by view hierarchy. Proceed.
10:18:25.770 [ INFO] maestro.cli.runner.CliConsoleListener.onCommandFinished: Tap on id: ibre-lock COMPLETED
10:18:25.770 [ INFO] maestro.cli.runner.CliConsoleListener.onCommandStart: Run ../scripts/bot.js RUNNING
10:18:25.845 [ INFO] maestro.cli.runner.CliConsoleListener.onCommandFinished: Run ../scripts/bot.js COMPLETED
10:18:25.846 [ INFO] maestro.cli.runner.CliConsoleListener.onCommandStart: Assert that id: ibre-reveal is visible RUNNING
10:18:26.606 [ INFO] maestro.cli.runner.CliConsoleListener.onCommandFinished: Assert that id: ibre-reveal is visible COMPLETED
10:18:26.606 [ INFO] maestro.cli.runner.CliConsoleListener.onCommandStart: Take screenshot 56-ibre-reveal RUNNING
10:18:26.607 [ INFO] maestro.Maestro.takeScreenshot: Taking screenshot
10:18:26.607 [TRACE] maestro.utils.ScreenshotUtils.takeScreenshot: Taking screenshot to output sink
10:18:26.631 [ INFO] maestro.cli.runner.CliConsoleListener.onCommandFinished: Take screenshot 56-ibre-reveal COMPLETED
10:18:26.631 [ INFO] maestro.cli.runner.CliConsoleListener.onCommandStart: Run ../scripts/bot.js RUNNING
10:18:26.692 [ INFO] maestro.cli.runner.CliConsoleListener.onCommandFinished: Run ../scripts/bot.js COMPLETED
10:18:26.692 [ INFO] maestro.cli.runner.CliConsoleListener.onCommandStart: Run ../scripts/bot.js RUNNING
10:18:26.805 [ INFO] maestro.cli.runner.CliConsoleListener.onCommandFinished: Run ../scripts/bot.js COMPLETED
10:18:26.805 [ INFO] maestro.cli.runner.CliConsoleListener.onCommandStart: Run ../scripts/bot.js RUNNING
10:18:26.828 [ INFO] maestro.cli.runner.CliConsoleListener.onCommandFinished: Run ../scripts/bot.js COMPLETED
10:18:26.828 [ INFO] maestro.cli.runner.CliConsoleListener.onCommandStart: Assert that id: ibre-side-phase is visible RUNNING
10:18:27.891 [ INFO] maestro.cli.runner.CliConsoleListener.onCommandFinished: Assert that id: ibre-side-phase is visible COMPLETED
10:18:27.891 [ INFO] maestro.cli.runner.CliConsoleListener.onCommandStart: Scrolling DOWN until id: ibre-side-left is visible with speed 40, visibility percentage 100%, timeout 15000 ms, with centering disabled RUNNING
10:18:28.022 [ INFO] maestro.orchestra.Orchestra.scrollUntilVisible: Scrolling try count: 0, DeviceWidth: 320, DeviceWidth: 640
10:18:28.022 [ INFO] maestro.orchestra.Orchestra.scrollUntilVisible: Element bounds: Bounds(x=16, y=536, width=139, height=64)
10:18:28.022 [ INFO] maestro.orchestra.Orchestra.scrollUntilVisible: Visibility Percent: 1.0
10:18:28.023 [ INFO] maestro.orchestra.Orchestra.scrollUntilVisible: Command centerElement: ScrollUntilVisibleCommand(selector=ElementSelector(textRegex=null, idRegex=ibre-side-left, size=null, below=null, above=null, leftOf=null, rightOf=null, containsChild=null, containsDescendants=null, traits=null, index=null, enabled=null, optional=false, selected=null, checked=null, focused=null, childOf=null, css=null), direction=DOWN, scrollDuration=601, visibilityPercentage=100, timeout=15000, waitToSettleTimeoutMs=null, centerElement=false, originalSpeedValue=40, label=null, optional=false).centerElement
10:18:28.023 [ INFO] maestro.orchestra.Orchestra.scrollUntilVisible: visibilityPercentageNormalized: 1.0
10:18:28.023 [ INFO] maestro.cli.runner.CliConsoleListener.onCommandFinished: Scrolling DOWN until id: ibre-side-left is visible with speed 40, visibility percentage 100%, timeout 15000 ms, with centering disabled COMPLETED
10:18:28.023 [ INFO] maestro.cli.runner.CliConsoleListener.onCommandStart: Take screenshot 57-ibre-side RUNNING
10:18:28.023 [ INFO] maestro.Maestro.takeScreenshot: Taking screenshot
10:18:28.023 [TRACE] maestro.utils.ScreenshotUtils.takeScreenshot: Taking screenshot to output sink
10:18:28.085 [ INFO] maestro.cli.runner.CliConsoleListener.onCommandFinished: Take screenshot 57-ibre-side COMPLETED
10:18:28.085 [ INFO] maestro.cli.runner.CliConsoleListener.onCommandStart: Tap on id: ibre-side-left RUNNING
10:18:28.754 [ INFO] maestro.Maestro.tap-HgV9Ck0: Tapping on element:  UiElement(treeNode=TreeNode(attributes={text=, accessibilityText=← Daha sol, hintText=, ignoreBoundsFiltering=false, resource-id=ibre-side-left, clickable=true, bounds=[16,536][155,600], enabled=true, focused=false, checked=false, scrollable=false, selected=false, class=android.widget.Button, important-for-accessibility=true, error=}, children=[TreeNode(attributes={text=, accessibilityText=, hintText=, ignoreBoundsFiltering=false, resource-id=, clickable=false, bounds=[16,536][155,600], enabled=true, focused=false, checked=false, scrollable=false, selected=false, class=android.view.ViewGroup, important-for-accessibility=false, error=}, children=[], clickable=false, enabled=true, focused=false, checked=false, selected=false), TreeNode(attributes={text=← Daha sol, accessibilityText=, hintText=, ignoreBoundsFiltering=false, resource-id=, clickable=false, bounds=[38,546][133,590], enabled=true, focused=false, checked=false, scrollable=false, selected=false, class=android.widget.TextView, important-for-accessibility=true, error=}, children=[], clickable=false, enabled=true, focused=false, checked=false, selected=false)], clickable=true, enabled=true, focused=false, checked=false, selected=false), bounds=Bounds(x=16, y=536, width=139, height=64))
10:18:30.130 [ INFO] maestro.Maestro.tap-HgV9Ck0: Tap aimed via settled hierarchy
10:18:30.130 [ INFO] maestro.Maestro.hierarchyBasedTap-ogj28Uc: Tapping at (85, 568) using hierarchy based logic for wait
10:18:31.175 [ INFO] maestro.Maestro.hierarchyBasedTap-ogj28Uc: Something has changed in the UI judging by view hierarchy. Proceed.
10:18:31.175 [ INFO] maestro.cli.runner.CliConsoleListener.onCommandFinished: Tap on id: ibre-side-left COMPLETED
10:18:31.175 [ INFO] maestro.cli.runner.CliConsoleListener.onCommandStart: Assert that id: ibre-reveal is visible RUNNING
10:18:31.299 [ INFO] maestro.cli.runner.CliConsoleListener.onCommandFinished: Assert that id: ibre-reveal is visible COMPLETED
10:18:31.299 [ INFO] maestro.cli.runner.CliConsoleListener.onCommandStart: Run ../scripts/bot.js RUNNING
10:18:31.386 [ INFO] maestro.cli.runner.CliConsoleListener.onCommandFinished: Run ../scripts/bot.js COMPLETED
10:18:31.386 [ INFO] maestro.cli.runner.CliConsoleListener.onCommandStart: Assert that id: last-game is visible RUNNING
10:18:32.395 [ INFO] maestro.cli.runner.CliConsoleListener.onCommandFinished: Assert that id: last-game is visible COMPLETED
10:18:32.395 [ INFO] maestro.cli.runner.CliConsoleListener.onCommandStart: Take screenshot 58-ibre-result RUNNING
10:18:32.395 [ INFO] maestro.Maestro.takeScreenshot: Taking screenshot
10:18:32.396 [TRACE] maestro.utils.ScreenshotUtils.takeScreenshot: Taking screenshot to output sink
10:18:32.419 [ INFO] maestro.cli.runner.CliConsoleListener.onCommandFinished: Take screenshot 58-ibre-result COMPLETED
10:18:32.419 [ INFO] maestro.cli.runner.CliConsoleListener.onCommandStart: Run ../scripts/bot.js RUNNING
10:18:32.480 [ INFO] maestro.cli.runner.CliConsoleListener.onCommandFinished: Run ../scripts/bot.js COMPLETED
10:18:32.480 [ INFO] maestro.cli.runner.CliConsoleListener.onCommandStart: Assert that "Tanışalım mı\?" is visible RUNNING
10:18:33.578 [ INFO] maestro.cli.runner.CliConsoleListener.onCommandFinished: Assert that "Tanışalım mı\?" is visible COMPLETED
10:18:33.578 [ INFO] maestro.cli.runner.CliConsoleListener.onCommandStart: Tap on id: reveal-no RUNNING
10:18:33.642 [ INFO] maestro.Maestro.tap-HgV9Ck0: Tapping on element:  UiElement(treeNode=TreeNode(attributes={text=, accessibilityText=Hayır, hintText=, ignoreBoundsFiltering=false, resource-id=reveal-no, clickable=true, bounds=[37,313][155,361], enabled=true, focused=false, checked=false, scrollable=false, selected=false, class=android.widget.Button, important-for-accessibility=true, error=}, children=[TreeNode(attributes={text=, accessibilityText=, hintText=, ignoreBoundsFiltering=false, resource-id=, clickable=false, bounds=[37,313][155,361], enabled=true, focused=false, checked=false, scrollable=false, selected=false, class=android.view.ViewGroup, important-for-accessibility=false, error=}, children=[], clickable=false, enabled=true, focused=false, checked=false, selected=false), TreeNode(attributes={text=Hayır, accessibilityText=, hintText=, ignoreBoundsFiltering=false, resource-id=, clickable=false, bounds=[76,327][116,347], enabled=true, focused=false, checked=false, scrollable=false, selected=false, class=android.widget.TextView, important-for-accessibility=true, error=}, children=[], clickable=false, enabled=true, focused=false, checked=false, selected=false)], clickable=true, enabled=true, focused=false, checked=false, selected=false), bounds=Bounds(x=37, y=313, width=118, height=48))
10:18:34.737 [ INFO] maestro.Maestro.tap-HgV9Ck0: Tap aimed via settled hierarchy
10:18:34.737 [ INFO] maestro.Maestro.hierarchyBasedTap-ogj28Uc: Tapping at (96, 337) using hierarchy based logic for wait
10:18:35.673 [ INFO] maestro.Maestro.hierarchyBasedTap-ogj28Uc: Something has changed in the UI judging by view hierarchy. Proceed.
10:18:35.674 [ INFO] maestro.cli.runner.CliConsoleListener.onCommandFinished: Tap on id: reveal-no COMPLETED
10:18:35.674 [ INFO] maestro.cli.runner.CliConsoleListener.onCommandStart: Assert that "Güzel oyundu.*" is visible RUNNING
10:18:35.737 [ INFO] maestro.cli.runner.CliConsoleListener.onCommandFinished: Assert that "Güzel oyundu.*" is visible COMPLETED
10:18:35.738 [ INFO] maestro.cli.runner.CliConsoleListener.onCommandStart: Run ../scripts/bot.js RUNNING
10:18:35.804 [ INFO] maestro.cli.runner.CliConsoleListener.onCommandFinished: Run ../scripts/bot.js COMPLETED
10:18:35.805 [ INFO] maestro.cli.runner.CliConsoleListener.onCommandStart: Tap on "Mekana dön" RUNNING
10:18:35.869 [ INFO] maestro.Maestro.tap-HgV9Ck0: Tapping on element:  UiElement(treeNode=TreeNode(attributes={text=Mekana dön, accessibilityText=, hintText=, ignoreBoundsFiltering=false, resource-id=, clickable=false, bounds=[115,229][206,249], enabled=true, focused=false, checked=false, scrollable=false, selected=false, class=android.widget.TextView, important-for-accessibility=true, error=}, children=[], clickable=false, enabled=true, focused=false, checked=false, selected=false), bounds=Bounds(x=115, y=229, width=91, height=20))
10:18:37.057 [ INFO] maestro.Maestro.tap-HgV9Ck0: Tap aimed via settled hierarchy
10:18:37.058 [ INFO] maestro.Maestro.hierarchyBasedTap-ogj28Uc: Tapping at (160, 239) using hierarchy based logic for wait
10:18:38.333 [ INFO] maestro.Maestro.hierarchyBasedTap-ogj28Uc: Something has changed in the UI judging by view hierarchy. Proceed.
10:18:38.333 [ INFO] maestro.cli.runner.CliConsoleListener.onCommandFinished: Tap on "Mekana dön" COMPLETED
10:18:38.333 [ INFO] maestro.cli.runner.CliConsoleListener.onCommandStart: Assert that "Oda kur" is visible RUNNING
10:18:38.477 [ INFO] maestro.cli.runner.CliConsoleListener.onCommandFinished: Assert that "Oda kur" is visible COMPLETED
10:18:38.477 [ INFO] maestro.cli.runner.CliConsoleListener.onCommandFinished: Run flows/12-ibre.yaml COMPLETED
10:18:38.477 [ INFO] maestro.cli.runner.CliConsoleListener.onCommandStart: Run flows/07-history-block.yaml RUNNING
10:18:38.477 [ INFO] maestro.cli.runner.CliConsoleListener.onCommandStart: Apply configuration RUNNING
10:18:38.478 [ INFO] maestro.cli.runner.CliConsoleListener.onCommandFinished: Apply configuration COMPLETED
10:18:38.478 [ INFO] maestro.cli.runner.CliConsoleListener.onCommandStart: Tap on id: tab-messages RUNNING
10:18:38.603 [ INFO] maestro.Maestro.tap-HgV9Ck0: Tapping on element:  UiElement(treeNode=TreeNode(attributes={text=, accessibilityText=Mesajlar, hintText=, ignoreBoundsFiltering=false, resource-id=tab-messages, clickable=true, bounds=[187,568][242,632], enabled=true, focused=false, checked=false, scrollable=false, selected=false, class=android.view.View, important-for-accessibility=true, error=}, children=[TreeNode(attributes={text=, accessibilityText=, hintText=, ignoreBoundsFiltering=false, resource-id=, clickable=false, bounds=[202,580][226,604], enabled=true, focused=false, checked=false, scrollable=false, selected=false, class=android.widget.ImageView, important-for-accessibility=false, error=}, children=[], clickable=false, enabled=true, focused=false, checked=false, selected=false), TreeNode(attributes={text=Mesajlar, accessibilityText=, hintText=, ignoreBoundsFiltering=false, resource-id=, clickable=false, bounds=[190,612][238,628], enabled=true, focused=false, checked=false, scrollable=false, selected=false, class=android.widget.TextView, important-for-accessibility=true, error=}, children=[], clickable=false, enabled=true, focused=false, checked=false, selected=false)], clickable=true, enabled=true, focused=false, checked=false, selected=false), bounds=Bounds(x=187, y=568, width=55, height=64))
10:18:39.868 [ INFO] maestro.Maestro.tap-HgV9Ck0: Tap aimed via settled hierarchy
10:18:39.868 [ INFO] maestro.Maestro.hierarchyBasedTap-ogj28Uc: Tapping at (214, 600) using hierarchy based logic for wait
10:18:41.074 [ INFO] maestro.Maestro.hierarchyBasedTap-ogj28Uc: Something has changed in the UI judging by view hierarchy. Proceed.
10:18:41.074 [ INFO] maestro.cli.runner.CliConsoleListener.onCommandFinished: Tap on id: tab-messages COMPLETED
10:18:41.074 [ INFO] maestro.cli.runner.CliConsoleListener.onCommandStart: Tap on id: bell RUNNING
10:18:41.191 [ INFO] maestro.Maestro.tap-HgV9Ck0: Tapping on element:  UiElement(treeNode=TreeNode(attributes={text=, accessibilityText=Bildirimler, hintText=, ignoreBoundsFiltering=false, resource-id=bell, clickable=true, bounds=[256,36][300,80], enabled=true, focused=false, checked=false, scrollable=false, selected=false, class=android.widget.Button, important-for-accessibility=true, error=}, children=[TreeNode(attributes={text=, accessibilityText=, hintText=, ignoreBoundsFiltering=false, resource-id=, clickable=false, bounds=[256,36][300,80], enabled=true, focused=false, checked=false, scrollable=false, selected=false, class=android.view.ViewGroup, important-for-accessibility=false, error=}, children=[], clickable=false, enabled=true, focused=false, checked=false, selected=false), TreeNode(attributes={text=, accessibilityText=, hintText=, ignoreBoundsFiltering=false, resource-id=, clickable=false, bounds=[266,46][290,70], enabled=true, focused=false, checked=false, scrollable=false, selected=false, class=android.widget.ImageView, important-for-accessibility=false, error=}, children=[], clickable=false, enabled=true, focused=false, checked=false, selected=false)], clickable=true, enabled=true, focused=false, checked=false, selected=false), bounds=Bounds(x=256, y=36, width=44, height=44))
10:18:42.486 [ INFO] maestro.Maestro.tap-HgV9Ck0: Tap aimed via settled hierarchy
10:18:42.486 [ INFO] maestro.Maestro.hierarchyBasedTap-ogj28Uc: Tapping at (278, 58) using hierarchy based logic for wait
10:18:43.726 [ INFO] maestro.Maestro.hierarchyBasedTap-ogj28Uc: Something has changed in the UI judging by view hierarchy. Proceed.
10:18:43.726 [ INFO] maestro.cli.runner.CliConsoleListener.onCommandFinished: Tap on id: bell COMPLETED
10:18:43.726 [ INFO] maestro.cli.runner.CliConsoleListener.onCommandStart: Assert that ".*masasıyla Sesli Tabu.*" is visible RUNNING
10:18:43.794 [ INFO] maestro.cli.runner.CliConsoleListener.onCommandFinished: Assert that ".*masasıyla Sesli Tabu.*" is visible COMPLETED
10:18:43.794 [ INFO] maestro.cli.runner.CliConsoleListener.onCommandStart: Take screenshot 30-history RUNNING
10:18:43.794 [ INFO] maestro.Maestro.takeScreenshot: Taking screenshot
10:18:43.795 [TRACE] maestro.utils.ScreenshotUtils.takeScreenshot: Taking screenshot to output sink
10:18:43.817 [ INFO] maestro.cli.runner.CliConsoleListener.onCommandFinished: Take screenshot 30-history COMPLETED
10:18:43.817 [ INFO] maestro.cli.runner.CliConsoleListener.onCommandStart: Tap on id: history-more, Index: 0 RUNNING
10:18:43.923 [ INFO] maestro.Maestro.tap-HgV9Ck0: Tapping on element:  UiElement(treeNode=TreeNode(attributes={text=, accessibilityText=Diğer, hintText=, ignoreBoundsFiltering=false, resource-id=history-more, clickable=true, bounds=[199,363][284,411], enabled=true, focused=false, checked=false, scrollable=false, selected=false, class=android.widget.Button, important-for-accessibility=true, error=}, children=[TreeNode(attributes={text=, accessibilityText=, hintText=, ignoreBoundsFiltering=false, resource-id=, clickable=false, bounds=[199,363][284,411], enabled=true, focused=false, checked=false, scrollable=false, selected=false, class=android.view.ViewGroup, important-for-accessibility=false, error=}, children=[], clickable=false, enabled=true, focused=false, checked=false, selected=false), TreeNode(attributes={text=Diğer, accessibilityText=, hintText=, ignoreBoundsFiltering=false, resource-id=, clickable=false, bounds=[221,377][262,397], enabled=true, focused=false, checked=false, scrollable=false, selected=false, class=android.widget.TextView, important-for-accessibility=true, error=}, children=[], clickable=false, enabled=true, focused=false, checked=false, selected=false)], clickable=true, enabled=true, focused=false, checked=false, selected=false), bounds=Bounds(x=199, y=363, width=85, height=48))
10:18:45.138 [ INFO] maestro.Maestro.tap-HgV9Ck0: Tap aimed via settled hierarchy
10:18:45.139 [ INFO] maestro.Maestro.hierarchyBasedTap-ogj28Uc: Tapping at (241, 387) using hierarchy based logic for wait
10:18:45.981 [ INFO] maestro.Maestro.hierarchyBasedTap-ogj28Uc: Something has changed in the UI judging by view hierarchy. Proceed.
10:18:45.981 [ INFO] maestro.cli.runner.CliConsoleListener.onCommandFinished: Tap on id: history-more, Index: 0 COMPLETED
10:18:45.981 [ INFO] maestro.cli.runner.CliConsoleListener.onCommandStart: Assert that "Bu masa" is visible RUNNING
10:18:46.042 [ INFO] maestro.cli.runner.CliConsoleListener.onCommandFinished: Assert that "Bu masa" is visible COMPLETED
10:18:46.042 [ INFO] maestro.cli.runner.CliConsoleListener.onCommandStart: Take screenshot 31-history-menu RUNNING
10:18:46.042 [ INFO] maestro.Maestro.takeScreenshot: Taking screenshot
10:18:46.043 [TRACE] maestro.utils.ScreenshotUtils.takeScreenshot: Taking screenshot to output sink
10:18:46.148 [ INFO] maestro.cli.runner.CliConsoleListener.onCommandFinished: Take screenshot 31-history-menu COMPLETED
10:18:46.148 [ INFO] maestro.cli.runner.CliConsoleListener.onCommandStart: Tap on id: menu-block RUNNING
10:18:46.298 [ INFO] maestro.Maestro.tap-HgV9Ck0: Tapping on element:  UiElement(treeNode=TreeNode(attributes={text=, accessibilityText=Engelle, hintText=, ignoreBoundsFiltering=false, resource-id=menu-block, clickable=true, bounds=[24,508][296,556], enabled=true, focused=false, checked=false, scrollable=false, selected=false, class=android.widget.Button, important-for-accessibility=true, error=}, children=[TreeNode(attributes={text=, accessibilityText=, hintText=, ignoreBoundsFiltering=false, resource-id=, clickable=false, bounds=[24,508][296,556], enabled=true, focused=false, checked=false, scrollable=false, selected=false, class=android.view.ViewGroup, important-for-accessibility=false, error=}, children=[], clickable=false, enabled=true, focused=false, checked=false, selected=false), TreeNode(attributes={text=Engelle, accessibilityText=, hintText=, ignoreBoundsFiltering=false, resource-id=, clickable=false, bounds=[132,522][189,542], enabled=true, focused=false, checked=false, scrollable=false, selected=false, class=android.widget.TextView, important-for-accessibility=true, error=}, children=[], clickable=false, enabled=true, focused=false, checked=false, selected=false)], clickable=true, enabled=true, focused=false, checked=false, selected=false), bounds=Bounds(x=24, y=508, width=272, height=48))
10:18:47.481 [ INFO] maestro.Maestro.tap-HgV9Ck0: Tap aimed via settled hierarchy
10:18:47.482 [ INFO] maestro.Maestro.hierarchyBasedTap-ogj28Uc: Tapping at (160, 532) using hierarchy based logic for wait
10:18:48.581 [ INFO] maestro.Maestro.hierarchyBasedTap-ogj28Uc: Something has changed in the UI judging by view hierarchy. Proceed.
10:18:48.581 [ INFO] maestro.cli.runner.CliConsoleListener.onCommandFinished: Tap on id: menu-block COMPLETED
10:18:48.581 [ INFO] maestro.cli.runner.CliConsoleListener.onCommandStart: Assert that "Bu masayı engellemek istiyor musun\?" is visible RUNNING
10:18:48.646 [ INFO] maestro.cli.runner.CliConsoleListener.onCommandFinished: Assert that "Bu masayı engellemek istiyor musun\?" is visible COMPLETED
10:18:48.646 [ INFO] maestro.cli.runner.CliConsoleListener.onCommandStart: Take screenshot 32-block-confirm RUNNING
10:18:48.646 [ INFO] maestro.Maestro.takeScreenshot: Taking screenshot
10:18:48.646 [TRACE] maestro.utils.ScreenshotUtils.takeScreenshot: Taking screenshot to output sink
10:18:48.708 [ INFO] maestro.cli.runner.CliConsoleListener.onCommandFinished: Take screenshot 32-block-confirm COMPLETED
10:18:48.708 [ INFO] maestro.cli.runner.CliConsoleListener.onCommandStart: Tap on id: confirm-action RUNNING
10:18:48.850 [ INFO] maestro.Maestro.tap-HgV9Ck0: Tapping on element:  UiElement(treeNode=TreeNode(attributes={text=, accessibilityText=Engelle, hintText=, ignoreBoundsFiltering=false, resource-id=confirm-action, clickable=true, bounds=[24,508][296,556], enabled=true, focused=false, checked=false, scrollable=false, selected=false, class=android.widget.Button, important-for-accessibility=true, error=}, children=[TreeNode(attributes={text=, accessibilityText=, hintText=, ignoreBoundsFiltering=false, resource-id=, clickable=false, bounds=[24,508][296,556], enabled=true, focused=false, checked=false, scrollable=false, selected=false, class=android.view.ViewGroup, important-for-accessibility=false, error=}, children=[], clickable=false, enabled=true, focused=false, checked=false, selected=false), TreeNode(attributes={text=Engelle, accessibilityText=, hintText=, ignoreBoundsFiltering=false, resource-id=, clickable=false, bounds=[132,522][189,542], enabled=true, focused=false, checked=false, scrollable=false, selected=false, class=android.widget.TextView, important-for-accessibility=true, error=}, children=[], clickable=false, enabled=true, focused=false, checked=false, selected=false)], clickable=true, enabled=true, focused=false, checked=false, selected=false), bounds=Bounds(x=24, y=508, width=272, height=48))
10:18:50.038 [ INFO] maestro.Maestro.tap-HgV9Ck0: Tap aimed via settled hierarchy
10:18:50.039 [ INFO] maestro.Maestro.hierarchyBasedTap-ogj28Uc: Tapping at (160, 532) using hierarchy based logic for wait
10:18:51.458 [ INFO] maestro.Maestro.hierarchyBasedTap-ogj28Uc: Something has changed in the UI judging by view hierarchy. Proceed.
10:18:51.458 [ INFO] maestro.cli.runner.CliConsoleListener.onCommandFinished: Tap on id: confirm-action COMPLETED
10:18:51.458 [ INFO] maestro.cli.runner.CliConsoleListener.onCommandStart: Assert that "Bu masayı engellemek istiyor musun\?" is not visible RUNNING
10:18:52.086 [ INFO] maestro.cli.runner.CliConsoleListener.onCommandFinished: Assert that "Bu masayı engellemek istiyor musun\?" is not visible COMPLETED
10:18:52.086 [ INFO] maestro.cli.runner.CliConsoleListener.onCommandStart: Tap on "Geri" RUNNING
10:18:52.190 [ INFO] maestro.Maestro.tap-HgV9Ck0: Tapping on element:  UiElement(treeNode=TreeNode(attributes={text=, accessibilityText=Geri, hintText=, ignoreBoundsFiltering=false, resource-id=, clickable=true, bounds=[8,36][52,80], enabled=true, focused=false, checked=false, scrollable=false, selected=false, class=android.widget.Button, important-for-accessibility=true, error=}, children=[TreeNode(attributes={text=, accessibilityText=, hintText=, ignoreBoundsFiltering=false, resource-id=, clickable=false, bounds=[18,45][42,71], enabled=true, focused=false, checked=false, scrollable=false, selected=false, class=android.widget.TextView, important-for-accessibility=true, error=}, children=[], clickable=false, enabled=true, focused=false, checked=false, selected=false)], clickable=true, enabled=true, focused=false, checked=false, selected=false), bounds=Bounds(x=8, y=36, width=44, height=44))
10:18:53.369 [ INFO] maestro.Maestro.tap-HgV9Ck0: Tap aimed via settled hierarchy
10:18:53.370 [ INFO] maestro.Maestro.hierarchyBasedTap-ogj28Uc: Tapping at (30, 58) using hierarchy based logic for wait
10:18:54.302 [ INFO] maestro.Maestro.hierarchyBasedTap-ogj28Uc: Something has changed in the UI judging by view hierarchy. Proceed.
10:18:54.302 [ INFO] maestro.cli.runner.CliConsoleListener.onCommandFinished: Tap on "Geri" COMPLETED
10:18:54.302 [ INFO] maestro.cli.runner.CliConsoleListener.onCommandStart: Assert that "Henüz mesajın yok." is visible RUNNING
10:18:54.416 [ INFO] maestro.cli.runner.CliConsoleListener.onCommandFinished: Assert that "Henüz mesajın yok." is visible COMPLETED
10:18:54.416 [ INFO] maestro.cli.runner.CliConsoleListener.onCommandStart: Take screenshot 33-messages-after-block RUNNING
10:18:54.416 [ INFO] maestro.Maestro.takeScreenshot: Taking screenshot
10:18:54.416 [TRACE] maestro.utils.ScreenshotUtils.takeScreenshot: Taking screenshot to output sink
10:18:54.477 [ INFO] maestro.cli.runner.CliConsoleListener.onCommandFinished: Take screenshot 33-messages-after-block COMPLETED
10:18:54.477 [ INFO] maestro.cli.runner.CliConsoleListener.onCommandFinished: Run flows/07-history-block.yaml COMPLETED
10:18:54.477 [ INFO] maestro.cli.runner.CliConsoleListener.onCommandStart: Run flows/08-venue-chat.yaml RUNNING
10:18:54.478 [ INFO] maestro.cli.runner.CliConsoleListener.onCommandStart: Apply configuration RUNNING
10:18:54.478 [ INFO] maestro.cli.runner.CliConsoleListener.onCommandFinished: Apply configuration COMPLETED
10:18:54.478 [ INFO] maestro.cli.runner.CliConsoleListener.onCommandStart: Run ../scripts/bot.js RUNNING
10:18:55.002 [ INFO] maestro.cli.runner.CliConsoleListener.onCommandFinished: Run ../scripts/bot.js COMPLETED
10:18:55.002 [ INFO] maestro.cli.runner.CliConsoleListener.onCommandStart: Run ../scripts/bot.js RUNNING
10:18:55.098 [ INFO] maestro.cli.runner.CliConsoleListener.onCommandFinished: Run ../scripts/bot.js COMPLETED
10:18:55.098 [ INFO] maestro.cli.runner.CliConsoleListener.onCommandStart: Tap on id: tab-venue RUNNING
10:18:55.175 [ INFO] maestro.Maestro.tap-HgV9Ck0: Tapping on element:  UiElement(treeNode=TreeNode(attributes={text=, accessibilityText=Mekan, hintText=, ignoreBoundsFiltering=false, resource-id=tab-venue, clickable=true, bounds=[133,568][187,632], enabled=true, focused=false, checked=false, scrollable=false, selected=false, class=android.view.View, important-for-accessibility=true, error=}, children=[TreeNode(attributes={text=, accessibilityText=, hintText=, ignoreBoundsFiltering=false, resource-id=, clickable=false, bounds=[140,572][180,612], enabled=true, focused=false, checked=false, scrollable=false, selected=false, class=android.view.ViewGroup, important-for-accessibility=false, error=}, children=[], clickable=false, enabled=true, focused=false, checked=false, selected=false), TreeNode(attributes={text=, accessibilityText=, hintText=, ignoreBoundsFiltering=false, resource-id=, clickable=false, bounds=[148,580][172,604], enabled=true, focused=false, checked=false, scrollable=false, selected=false, class=android.widget.ImageView, important-for-accessibility=false, error=}, children=[], clickable=false, enabled=true, focused=false, checked=false, selected=false), TreeNode(attributes={text=Mekan, accessibilityText=, hintText=, ignoreBoundsFiltering=false, resource-id=, clickable=false, bounds=[141,612][178,628], enabled=true, focused=false, checked=false, scrollable=false, selected=false, class=android.widget.TextView, important-for-accessibility=true, error=}, children=[], clickable=false, enabled=true, focused=false, checked=false, selected=false)], clickable=true, enabled=true, focused=false, checked=false, selected=false), bounds=Bounds(x=133, y=568, width=54, height=64))
10:18:56.506 [ INFO] maestro.Maestro.tap-HgV9Ck0: Tap aimed via settled hierarchy
10:18:56.507 [ INFO] maestro.Maestro.hierarchyBasedTap-ogj28Uc: Tapping at (160, 600) using hierarchy based logic for wait
10:18:57.472 [ INFO] maestro.Maestro.hierarchyBasedTap-ogj28Uc: Something has changed in the UI judging by view hierarchy. Proceed.
10:18:57.473 [ INFO] maestro.cli.runner.CliConsoleListener.onCommandFinished: Tap on id: tab-venue COMPLETED
10:18:57.473 [ INFO] maestro.cli.runner.CliConsoleListener.onCommandStart: Scrolling DOWN until id: venue-chat-open is visible with speed 40, visibility percentage 100%, timeout 15000 ms, with centering disabled RUNNING
10:18:57.597 [ INFO] maestro.orchestra.Orchestra.scrollUntilVisible: Scrolling try count: 0, DeviceWidth: 320, DeviceWidth: 640
10:18:57.597 [ INFO] maestro.orchestra.Orchestra.scrollUntilVisible: Element bounds: Bounds(x=20, y=477, width=280, height=76)
10:18:57.597 [ INFO] maestro.orchestra.Orchestra.scrollUntilVisible: Visibility Percent: 1.0
10:18:57.597 [ INFO] maestro.orchestra.Orchestra.scrollUntilVisible: Command centerElement: ScrollUntilVisibleCommand(selector=ElementSelector(textRegex=null, idRegex=venue-chat-open, size=null, below=null, above=null, leftOf=null, rightOf=null, containsChild=null, containsDescendants=null, traits=null, index=null, enabled=null, optional=false, selected=null, checked=null, focused=null, childOf=null, css=null), direction=DOWN, scrollDuration=601, visibilityPercentage=100, timeout=15000, waitToSettleTimeoutMs=null, centerElement=false, originalSpeedValue=40, label=null, optional=false).centerElement
10:18:57.597 [ INFO] maestro.orchestra.Orchestra.scrollUntilVisible: visibilityPercentageNormalized: 1.0
10:18:57.597 [ INFO] maestro.cli.runner.CliConsoleListener.onCommandFinished: Scrolling DOWN until id: venue-chat-open is visible with speed 40, visibility percentage 100%, timeout 15000 ms, with centering disabled COMPLETED
10:18:57.597 [ INFO] maestro.cli.runner.CliConsoleListener.onCommandStart: Tap on id: venue-chat-open RUNNING
10:18:57.737 [ INFO] maestro.Maestro.tap-HgV9Ck0: Tapping on element:  UiElement(treeNode=TreeNode(attributes={text=, accessibilityText=, Sohbet odası, E2E Kafe sohbet odası, hintText=, ignoreBoundsFiltering=false, resource-id=venue-chat-open, clickable=true, bounds=[20,477][300,553], enabled=true, focused=false, checked=false, scrollable=false, selected=false, class=android.widget.Button, important-for-accessibility=true, error=}, children=[TreeNode(attributes={text=, accessibilityText=, hintText=, ignoreBoundsFiltering=false, resource-id=, clickable=false, bounds=[20,477][300,553], enabled=true, focused=false, checked=false, scrollable=false, selected=false, class=android.view.ViewGroup, important-for-accessibility=false, error=}, children=[], clickable=false, enabled=true, focused=false, checked=false, selected=false), TreeNode(attributes={text=, accessibilityText=, hintText=, ignoreBoundsFiltering=false, resource-id=, clickable=false, bounds=[32,491][80,539], enabled=true, focused=false, checked=false, scrollable=false, selected=false, class=android.view.ViewGroup, important-for-accessibility=false, error=}, children=[], clickable=false, enabled=true, focused=false, checked=false, selected=false), TreeNode(attributes={text=, accessibilityText=, hintText=, ignoreBoundsFiltering=false, resource-id=, clickable=false, bounds=[44,502][68,528], enabled=true, focused=false, checked=false, scrollable=false, selected=false, class=android.widget.TextView, important-for-accessibility=true, error=}, children=[], clickable=false, enabled=true, focused=false, checked=false, selected=false), TreeNode(attributes={text=Sohbet odası, accessibilityText=, hintText=, ignoreBoundsFiltering=false, resource-id=, clickable=false, bounds=[94,494][238,517], enabled=true, focused=false, checked=false, scrollable=false, selected=false, class=android.widget.TextView, important-for-accessibility=true, error=}, children=[], clickable=false, enabled=true, focused=false, checked=false, selected=false), TreeNode(attributes={text=E2E Kafe sohbet odası, accessibilityText=, hintText=, ignoreBoundsFiltering=false, resource-id=, clickable=false, bounds=[94,519][238,537], enabled=true, focused=false, checked=false, scrollable=false, selected=false, class=android.widget.TextView, important-for-accessibility=true, error=}, children=[], clickable=false, enabled=true, focused=false, checked=false, selected=false), TreeNode(attributes={text=, accessibilityText=, hintText=, ignoreBoundsFiltering=false, resource-id=, clickable=false, bounds=[252,497][288,533], enabled=true, focused=false, checked=false, scrollable=false, selected=false, class=android.view.ViewGroup, important-for-accessibility=false, error=}, children=[TreeNode(attributes={text=, accessibilityText=, hintText=, ignoreBoundsFiltering=false, resource-id=, clickable=false, bounds=[252,497][288,533], enabled=true, focused=false, checked=false, scrollable=false, selected=false, class=android.widget.ImageView, important-for-accessibility=false, error=}, children=[], clickable=false, enabled=true, focused=false, checked=false, selected=false), TreeNode(attributes={text=, accessibilityText=, hintText=, ignoreBoundsFiltering=false, resource-id=, clickable=false, bounds=[263,508][277,522], enabled=true, focused=false, checked=false, scrollable=false, selected=false, class=android.view.ViewGroup, important-for-accessibility=false, error=}, children=[], clickable=false, enabled=true, focused=false, checked=false, selected=false)], clickable=false, enabled=true, focused=false, checked=false, selected=false)], clickable=true, enabled=true, focused=false, checked=false, selected=false), bounds=Bounds(x=20, y=477, width=280, height=76))
10:18:59.062 [ INFO] maestro.Maestro.tap-HgV9Ck0: Tap aimed via settled hierarchy
10:18:59.063 [ INFO] maestro.Maestro.hierarchyBasedTap-ogj28Uc: Tapping at (160, 515) using hierarchy based logic for wait
10:19:01.188 [ INFO] maestro.Maestro.hierarchyBasedTap-ogj28Uc: Something has changed in the UI judging by view hierarchy. Proceed.
10:19:01.189 [ INFO] maestro.cli.runner.CliConsoleListener.onCommandFinished: Tap on id: venue-chat-open COMPLETED
10:19:01.189 [ INFO] maestro.cli.runner.CliConsoleListener.onCommandStart: Assert that "E2E Kafe sohbet odası" is visible RUNNING
10:19:01.256 [ INFO] maestro.cli.runner.CliConsoleListener.onCommandFinished: Assert that "E2E Kafe sohbet odası" is visible COMPLETED
10:19:01.256 [ INFO] maestro.cli.runner.CliConsoleListener.onCommandStart: Scrolling DOWN until id: venue-chat-input is visible with speed 40, visibility percentage 100%, timeout 10000 ms, with centering disabled RUNNING
10:19:01.362 [ INFO] maestro.orchestra.Orchestra.scrollUntilVisible: Scrolling try count: 0, DeviceWidth: 320, DeviceWidth: 640
10:19:01.362 [ INFO] maestro.orchestra.Orchestra.scrollUntilVisible: Element bounds: Bounds(x=33, y=584, width=196, height=43)
10:19:01.362 [ INFO] maestro.orchestra.Orchestra.scrollUntilVisible: Visibility Percent: 1.0
10:19:01.362 [ INFO] maestro.orchestra.Orchestra.scrollUntilVisible: Command centerElement: ScrollUntilVisibleCommand(selector=ElementSelector(textRegex=null, idRegex=venue-chat-input, size=null, below=null, above=null, leftOf=null, rightOf=null, containsChild=null, containsDescendants=null, traits=null, index=null, enabled=null, optional=false, selected=null, checked=null, focused=null, childOf=null, css=null), direction=DOWN, scrollDuration=601, visibilityPercentage=100, timeout=10000, waitToSettleTimeoutMs=null, centerElement=false, originalSpeedValue=40, label=null, optional=false).centerElement
10:19:01.363 [ INFO] maestro.orchestra.Orchestra.scrollUntilVisible: visibilityPercentageNormalized: 1.0
10:19:01.363 [ INFO] maestro.cli.runner.CliConsoleListener.onCommandFinished: Scrolling DOWN until id: venue-chat-input is visible with speed 40, visibility percentage 100%, timeout 10000 ms, with centering disabled COMPLETED
10:19:01.363 [ INFO] maestro.cli.runner.CliConsoleListener.onCommandStart: Tap on id: venue-chat-input RUNNING
10:19:01.470 [ INFO] maestro.Maestro.tap-HgV9Ck0: Tapping on element:  UiElement(treeNode=TreeNode(attributes={text=, accessibilityText=, hintText=Mekana yaz…, ignoreBoundsFiltering=false, resource-id=venue-chat-input, clickable=true, bounds=[33,584][229,627], enabled=true, focused=false, checked=false, scrollable=false, selected=false, class=android.widget.EditText, important-for-accessibility=true, error=}, children=[], clickable=true, enabled=true, focused=false, checked=false, selected=false), bounds=Bounds(x=33, y=584, width=196, height=43))
10:19:02.670 [ INFO] maestro.Maestro.tap-HgV9Ck0: Tap aimed via settled hierarchy
10:19:02.670 [ INFO] maestro.Maestro.hierarchyBasedTap-ogj28Uc: Tapping at (131, 605) using hierarchy based logic for wait
10:19:03.782 [ INFO] maestro.Maestro.hierarchyBasedTap-ogj28Uc: Something has changed in the UI judging by view hierarchy. Proceed.
10:19:03.782 [ INFO] maestro.cli.runner.CliConsoleListener.onCommandFinished: Tap on id: venue-chat-input COMPLETED
10:19:03.782 [ INFO] maestro.cli.runner.CliConsoleListener.onCommandStart: Input text Selam mekan RUNNING
10:19:03.783 [ INFO] maestro.Maestro.inputText: Inputting text: Selam mekan
10:19:06.547 [ INFO] maestro.cli.runner.CliConsoleListener.onCommandFinished: Input text Selam mekan COMPLETED
10:19:06.547 [ INFO] maestro.cli.runner.CliConsoleListener.onCommandStart: Hide Keyboard RUNNING
10:19:06.547 [ INFO] maestro.Maestro.hideKeyboard$lambda$12: Hiding Keyboard
10:19:07.445 [ INFO] maestro.cli.runner.CliConsoleListener.onCommandFinished: Hide Keyboard COMPLETED
10:19:07.446 [ INFO] maestro.cli.runner.CliConsoleListener.onCommandStart: Tap on id: venue-chat-send RUNNING
10:19:07.489 [ INFO] maestro.Maestro.tap-HgV9Ck0: Tapping on element:  UiElement(treeNode=TreeNode(attributes={text=, accessibilityText=Gönder, hintText=, ignoreBoundsFiltering=false, resource-id=venue-chat-send, clickable=true, bounds=[256,558][304,606], enabled=true, focused=false, checked=false, scrollable=false, selected=false, class=android.widget.Button, important-for-accessibility=true, error=}, children=[TreeNode(attributes={text=, accessibilityText=, hintText=, ignoreBoundsFiltering=false, resource-id=, clickable=false, bounds=[256,558][304,606], enabled=true, focused=false, checked=false, scrollable=false, selected=false, class=android.view.ViewGroup, important-for-accessibility=false, error=}, children=[], clickable=false, enabled=true, focused=false, checked=false, selected=false), TreeNode(attributes={text=, accessibilityText=, hintText=, ignoreBoundsFiltering=false, resource-id=, clickable=false, bounds=[270,571][290,592], enabled=true, focused=false, checked=false, scrollable=false, selected=false, class=android.widget.TextView, important-for-accessibility=true, error=}, children=[], clickable=false, enabled=true, focused=false, checked=false, selected=false)], clickable=true, enabled=true, focused=false, checked=false, selected=false), bounds=Bounds(x=256, y=558, width=48, height=48))
10:19:08.714 [ INFO] maestro.Maestro.tap-HgV9Ck0: Tap aimed via settled hierarchy
10:19:08.715 [ INFO] maestro.Maestro.hierarchyBasedTap-ogj28Uc: Tapping at (280, 582) using hierarchy based logic for wait
10:19:09.850 [ INFO] maestro.Maestro.hierarchyBasedTap-ogj28Uc: Something has changed in the UI judging by view hierarchy. Proceed.
10:19:09.851 [ INFO] maestro.cli.runner.CliConsoleListener.onCommandFinished: Tap on id: venue-chat-send COMPLETED
10:19:09.851 [ INFO] maestro.cli.runner.CliConsoleListener.onCommandStart: Assert that "Selam mekan" is visible RUNNING
10:19:09.959 [ INFO] maestro.cli.runner.CliConsoleListener.onCommandFinished: Assert that "Selam mekan" is visible COMPLETED
10:19:09.959 [ INFO] maestro.cli.runner.CliConsoleListener.onCommandStart: Tap on "Profilimle yaz" RUNNING
10:19:10.077 [ INFO] maestro.Maestro.tap-HgV9Ck0: Tapping on element:  UiElement(treeNode=TreeNode(attributes={text=Profilimle yaz, accessibilityText=, hintText=, ignoreBoundsFiltering=false, resource-id=, clickable=false, bounds=[66,545][147,563], enabled=true, focused=false, checked=false, scrollable=false, selected=false, class=android.widget.TextView, important-for-accessibility=true, error=}, children=[], clickable=false, enabled=true, focused=false, checked=false, selected=false), bounds=Bounds(x=66, y=545, width=81, height=18))
10:19:11.306 [ INFO] maestro.Maestro.tap-HgV9Ck0: Tap aimed via settled hierarchy
10:19:11.307 [ INFO] maestro.Maestro.hierarchyBasedTap-ogj28Uc: Tapping at (106, 554) using hierarchy based logic for wait
10:19:12.462 [ INFO] maestro.Maestro.hierarchyBasedTap-ogj28Uc: Something has changed in the UI judging by view hierarchy. Proceed.
10:19:12.462 [ INFO] maestro.cli.runner.CliConsoleListener.onCommandFinished: Tap on "Profilimle yaz" COMPLETED
10:19:12.462 [ INFO] maestro.cli.runner.CliConsoleListener.onCommandStart: Assert that "Adınla görünür; masa adın görünmez." is visible RUNNING
10:19:12.583 [ INFO] maestro.cli.runner.CliConsoleListener.onCommandFinished: Assert that "Adınla görünür; masa adın görünmez." is visible COMPLETED
10:19:12.584 [ INFO] maestro.cli.runner.CliConsoleListener.onCommandStart: Tap on id: venue-chat-input RUNNING
10:19:12.691 [ INFO] maestro.Maestro.tap-HgV9Ck0: Tapping on element:  UiElement(treeNode=TreeNode(attributes={text=, accessibilityText=, hintText=Mekana yaz…, ignoreBoundsFiltering=false, resource-id=venue-chat-input, clickable=true, bounds=[33,584][229,627], enabled=true, focused=true, checked=false, scrollable=false, selected=false, class=android.widget.EditText, important-for-accessibility=true, error=}, children=[], clickable=true, enabled=true, focused=true, checked=false, selected=false), bounds=Bounds(x=33, y=584, width=196, height=43))
10:19:13.958 [ INFO] maestro.Maestro.tap-HgV9Ck0: Tap aimed via settled hierarchy
10:19:13.959 [ INFO] maestro.Maestro.hierarchyBasedTap-ogj28Uc: Tapping at (131, 605) using hierarchy based logic for wait
10:19:15.131 [ INFO] maestro.Maestro.hierarchyBasedTap-ogj28Uc: Something has changed in the UI judging by view hierarchy. Proceed.
10:19:15.131 [ INFO] maestro.cli.runner.CliConsoleListener.onCommandFinished: Tap on id: venue-chat-input COMPLETED
10:19:15.131 [ INFO] maestro.cli.runner.CliConsoleListener.onCommandStart: Input text Adımla yazıyorum RUNNING
10:19:15.131 [ INFO] maestro.Maestro.inputText: Inputting text: Adımla yazıyorum
10:19:17.137 [ INFO] maestro.cli.runner.CliConsoleListener.onCommandFinished: Input text Adımla yazıyorum COMPLETED
10:19:17.137 [ INFO] maestro.cli.runner.CliConsoleListener.onCommandStart: Hide Keyboard RUNNING
10:19:17.137 [ INFO] maestro.Maestro.hideKeyboard$lambda$12: Hiding Keyboard
10:19:18.201 [ INFO] maestro.cli.runner.CliConsoleListener.onCommandFinished: Hide Keyboard COMPLETED
10:19:18.201 [ INFO] maestro.cli.runner.CliConsoleListener.onCommandStart: Tap on id: venue-chat-send RUNNING
10:19:18.270 [ INFO] maestro.Maestro.tap-HgV9Ck0: Tapping on element:  UiElement(treeNode=TreeNode(attributes={text=, accessibilityText=Gönder, hintText=, ignoreBoundsFiltering=false, resource-id=venue-chat-send, clickable=true, bounds=[256,558][304,606], enabled=true, focused=false, checked=false, scrollable=false, selected=false, class=android.widget.Button, important-for-accessibility=true, error=}, children=[TreeNode(attributes={text=, accessibilityText=, hintText=, ignoreBoundsFiltering=false, resource-id=, clickable=false, bounds=[256,558][304,606], enabled=true, focused=false, checked=false, scrollable=false, selected=false, class=android.view.ViewGroup, important-for-accessibility=false, error=}, children=[], clickable=false, enabled=true, focused=false, checked=false, selected=false), TreeNode(attributes={text=, accessibilityText=, hintText=, ignoreBoundsFiltering=false, resource-id=, clickable=false, bounds=[270,571][290,592], enabled=true, focused=false, checked=false, scrollable=false, selected=false, class=android.widget.TextView, important-for-accessibility=true, error=}, children=[], clickable=false, enabled=true, focused=false, checked=false, selected=false)], clickable=true, enabled=true, focused=false, checked=false, selected=false), bounds=Bounds(x=256, y=558, width=48, height=48))
10:19:19.487 [ INFO] maestro.Maestro.tap-HgV9Ck0: Tap aimed via settled hierarchy
10:19:19.488 [ INFO] maestro.Maestro.hierarchyBasedTap-ogj28Uc: Tapping at (280, 582) using hierarchy based logic for wait
10:19:20.823 [ INFO] maestro.Maestro.hierarchyBasedTap-ogj28Uc: Something has changed in the UI judging by view hierarchy. Proceed.
10:19:20.823 [ INFO] maestro.cli.runner.CliConsoleListener.onCommandFinished: Tap on id: venue-chat-send COMPLETED
10:19:20.823 [ INFO] maestro.cli.runner.CliConsoleListener.onCommandStart: Assert that "Adımla yazıyorum" is visible RUNNING
10:19:20.927 [ INFO] maestro.cli.runner.CliConsoleListener.onCommandFinished: Assert that "Adımla yazıyorum" is visible COMPLETED
10:19:20.927 [ INFO] maestro.cli.runner.CliConsoleListener.onCommandStart: Take screenshot 36-venue-chat-mine RUNNING
10:19:20.928 [ INFO] maestro.Maestro.takeScreenshot: Taking screenshot
10:19:20.928 [TRACE] maestro.utils.ScreenshotUtils.takeScreenshot: Taking screenshot to output sink
10:19:20.989 [ INFO] maestro.cli.runner.CliConsoleListener.onCommandFinished: Take screenshot 36-venue-chat-mine COMPLETED
10:19:20.989 [ INFO] maestro.cli.runner.CliConsoleListener.onCommandStart: Run ../scripts/bot.js RUNNING
10:19:21.059 [ INFO] maestro.cli.runner.CliConsoleListener.onCommandFinished: Run ../scripts/bot.js COMPLETED
10:19:21.059 [ INFO] maestro.cli.runner.CliConsoleListener.onCommandStart: Scrolling DOWN until "Bot İki burada" is visible with speed 40, visibility percentage 100%, timeout 20000 ms, with centering disabled RUNNING
10:19:21.836 [ INFO] maestro.orchestra.Orchestra.scrollUntilVisible: Scrolling try count: 0, DeviceWidth: 320, DeviceWidth: 640
10:19:21.836 [ INFO] maestro.orchestra.Orchestra.scrollUntilVisible: Element bounds: Bounds(x=70, y=387, width=100, height=23)
10:19:21.836 [ INFO] maestro.orchestra.Orchestra.scrollUntilVisible: Visibility Percent: 1.0
10:19:21.837 [ INFO] maestro.orchestra.Orchestra.scrollUntilVisible: Command centerElement: ScrollUntilVisibleCommand(selector=ElementSelector(textRegex=Bot İki burada, idRegex=null, size=null, below=null, above=null, leftOf=null, rightOf=null, containsChild=null, containsDescendants=null, traits=null, index=null, enabled=null, optional=false, selected=null, checked=null, focused=null, childOf=null, css=null), direction=DOWN, scrollDuration=601, visibilityPercentage=100, timeout=20000, waitToSettleTimeoutMs=null, centerElement=false, originalSpeedValue=40, label=null, optional=false).centerElement
10:19:21.837 [ INFO] maestro.orchestra.Orchestra.scrollUntilVisible: visibilityPercentageNormalized: 1.0
10:19:21.837 [ INFO] maestro.cli.runner.CliConsoleListener.onCommandFinished: Scrolling DOWN until "Bot İki burada" is visible with speed 40, visibility percentage 100%, timeout 20000 ms, with centering disabled COMPLETED
10:19:21.837 [ INFO] maestro.cli.runner.CliConsoleListener.onCommandStart: Take screenshot 37-venue-chat-profiled RUNNING
10:19:21.837 [ INFO] maestro.Maestro.takeScreenshot: Taking screenshot
10:19:21.837 [TRACE] maestro.utils.ScreenshotUtils.takeScreenshot: Taking screenshot to output sink
10:19:21.859 [ INFO] maestro.cli.runner.CliConsoleListener.onCommandFinished: Take screenshot 37-venue-chat-profiled COMPLETED
10:19:21.859 [ INFO] maestro.cli.runner.CliConsoleListener.onCommandStart: Tap on "Bot İki" RUNNING
10:19:22.016 [ INFO] maestro.Maestro.tap-HgV9Ck0: Tapping on element:  UiElement(treeNode=TreeNode(attributes={text=, accessibilityText=Bot İki, hintText=, ignoreBoundsFiltering=false, resource-id=, clickable=false, bounds=[16,343][48,375], enabled=true, focused=false, checked=false, scrollable=false, selected=false, class=android.view.ViewGroup, important-for-accessibility=true, error=}, children=[TreeNode(attributes={text=, accessibilityText=, hintText=, ignoreBoundsFiltering=false, resource-id=, clickable=false, bounds=[16,343][48,375], enabled=true, focused=false, checked=false, scrollable=false, selected=false, class=android.view.ViewGroup, important-for-accessibility=false, error=}, children=[TreeNode(attributes={text=Bİ, accessibilityText=, hintText=, ignoreBoundsFiltering=false, resource-id=, clickable=false, bounds=[25,350][38,367], enabled=true, focused=false, checked=false, scrollable=false, selected=false, class=android.widget.TextView, important-for-accessibility=true, error=}, children=[], clickable=false, enabled=true, focused=false, checked=false, selected=false)], clickable=false, enabled=true, focused=false, checked=false, selected=false)], clickable=false, enabled=true, focused=false, checked=false, selected=false), bounds=Bounds(x=16, y=343, width=32, height=32))
10:19:23.246 [ INFO] maestro.Maestro.tap-HgV9Ck0: Tap aimed via settled hierarchy
10:19:23.247 [ INFO] maestro.Maestro.hierarchyBasedTap-ogj28Uc: Tapping at (32, 359) using hierarchy based logic for wait
10:19:24.890 [ INFO] maestro.Maestro.hierarchyBasedTap-ogj28Uc: Something has changed in the UI judging by view hierarchy. Proceed.
10:19:24.890 [ INFO] maestro.cli.runner.CliConsoleListener.onCommandFinished: Tap on "Bot İki" COMPLETED
10:19:24.890 [ INFO] maestro.cli.runner.CliConsoleListener.onCommandStart: Assert that id: venue-chat-profile is visible RUNNING
10:19:24.991 [ INFO] maestro.cli.runner.CliConsoleListener.onCommandFinished: Assert that id: venue-chat-profile is visible COMPLETED
10:19:24.991 [ INFO] maestro.cli.runner.CliConsoleListener.onCommandStart: Take screenshot 38-venue-chat-profile RUNNING
10:19:24.992 [ INFO] maestro.Maestro.takeScreenshot: Taking screenshot
10:19:24.992 [TRACE] maestro.utils.ScreenshotUtils.takeScreenshot: Taking screenshot to output sink
10:19:25.020 [ INFO] maestro.cli.runner.CliConsoleListener.onCommandFinished: Take screenshot 38-venue-chat-profile COMPLETED
10:19:25.020 [ INFO] maestro.cli.runner.CliConsoleListener.onCommandStart: Tap on id: venue-chat-request RUNNING
10:19:25.135 [ INFO] maestro.Maestro.tap-HgV9Ck0: Tapping on element:  UiElement(treeNode=TreeNode(attributes={text=, accessibilityText=Arkadaşlık isteği gönder, hintText=, ignoreBoundsFiltering=false, resource-id=venue-chat-request, clickable=true, bounds=[20,490][300,554], enabled=true, focused=false, checked=false, scrollable=false, selected=false, class=android.widget.Button, important-for-accessibility=true, error=}, children=[TreeNode(attributes={text=, accessibilityText=, hintText=, ignoreBoundsFiltering=false, resource-id=, clickable=false, bounds=[20,490][300,554], enabled=true, focused=false, checked=false, scrollable=false, selected=false, class=android.view.ViewGroup, important-for-accessibility=false, error=}, children=[], clickable=false, enabled=true, focused=false, checked=false, selected=false), TreeNode(attributes={text=, accessibilityText=, hintText=, ignoreBoundsFiltering=false, resource-id=, clickable=false, bounds=[44,511][64,532], enabled=true, focused=false, checked=false, scrollable=false, selected=false, class=android.widget.TextView, important-for-accessibility=true, error=}, children=[], clickable=false, enabled=true, focused=false, checked=false, selected=false), TreeNode(attributes={text=Arkadaşlık isteği gönder, accessibilityText=, hintText=, ignoreBoundsFiltering=false, resource-id=, clickable=false, bounds=[72,511][276,533], enabled=true, focused=false, checked=false, scrollable=false, selected=false, class=android.widget.TextView, important-for-accessibility=true, error=}, children=[], clickable=false, enabled=true, focused=false, checked=false, selected=false)], clickable=true, enabled=true, focused=false, checked=false, selected=false), bounds=Bounds(x=20, y=490, width=280, height=64))
10:19:26.362 [ INFO] maestro.Maestro.tap-HgV9Ck0: Tap aimed via settled hierarchy
10:19:26.362 [ INFO] maestro.Maestro.hierarchyBasedTap-ogj28Uc: Tapping at (160, 522) using hierarchy based logic for wait
10:19:27.206 [ INFO] maestro.Maestro.hierarchyBasedTap-ogj28Uc: Something has changed in the UI judging by view hierarchy. Proceed.
10:19:27.206 [ INFO] maestro.cli.runner.CliConsoleListener.onCommandFinished: Tap on id: venue-chat-request COMPLETED
10:19:27.206 [ INFO] maestro.cli.runner.CliConsoleListener.onCommandStart: Assert that "İstek gönderilsin mi\?" is visible RUNNING
10:19:27.266 [ INFO] maestro.cli.runner.CliConsoleListener.onCommandFinished: Assert that "İstek gönderilsin mi\?" is visible COMPLETED
10:19:27.266 [ INFO] maestro.cli.runner.CliConsoleListener.onCommandStart: Take screenshot 39-venue-chat-request-confirm RUNNING
10:19:27.266 [ INFO] maestro.Maestro.takeScreenshot: Taking screenshot
10:19:27.267 [TRACE] maestro.utils.ScreenshotUtils.takeScreenshot: Taking screenshot to output sink
10:19:27.328 [ INFO] maestro.cli.runner.CliConsoleListener.onCommandFinished: Take screenshot 39-venue-chat-request-confirm COMPLETED
10:19:27.328 [ INFO] maestro.cli.runner.CliConsoleListener.onCommandStart: Tap on id: venue-chat-request-confirm RUNNING
10:19:27.396 [ INFO] maestro.Maestro.tap-HgV9Ck0: Tapping on element:  UiElement(treeNode=TreeNode(attributes={text=, accessibilityText=İsteği gönder, hintText=, ignoreBoundsFiltering=false, resource-id=venue-chat-request-confirm, clickable=true, bounds=[24,568][296,616], enabled=true, focused=false, checked=false, scrollable=false, selected=false, class=android.widget.Button, important-for-accessibility=true, error=}, children=[TreeNode(attributes={text=, accessibilityText=, hintText=, ignoreBoundsFiltering=false, resource-id=, clickable=false, bounds=[24,568][296,616], enabled=true, focused=false, checked=false, scrollable=false, selected=false, class=android.view.ViewGroup, important-for-accessibility=false, error=}, children=[], clickable=false, enabled=true, focused=false, checked=false, selected=false), TreeNode(attributes={text=İsteği gönder, accessibilityText=, hintText=, ignoreBoundsFiltering=false, resource-id=, clickable=false, bounds=[111,582][209,602], enabled=true, focused=false, checked=false, scrollable=false, selected=false, class=android.widget.TextView, important-for-accessibility=true, error=}, children=[], clickable=false, enabled=true, focused=false, checked=false, selected=false)], clickable=true, enabled=true, focused=false, checked=false, selected=false), bounds=Bounds(x=24, y=568, width=272, height=48))
10:19:28.662 [ INFO] maestro.Maestro.tap-HgV9Ck0: Tap aimed via settled hierarchy
10:19:28.662 [ INFO] maestro.Maestro.hierarchyBasedTap-ogj28Uc: Tapping at (160, 592) using hierarchy based logic for wait
10:19:29.807 [ INFO] maestro.Maestro.hierarchyBasedTap-ogj28Uc: Something has changed in the UI judging by view hierarchy. Proceed.
10:19:29.807 [ INFO] maestro.cli.runner.CliConsoleListener.onCommandFinished: Tap on id: venue-chat-request-confirm COMPLETED
10:19:29.807 [ INFO] maestro.cli.runner.CliConsoleListener.onCommandStart: Assert that id: venue-chat-request-sent is visible RUNNING
10:19:29.882 [ INFO] maestro.cli.runner.CliConsoleListener.onCommandFinished: Assert that id: venue-chat-request-sent is visible COMPLETED
10:19:29.882 [ INFO] maestro.cli.runner.CliConsoleListener.onCommandStart: Run ../scripts/bot.js RUNNING
10:19:30.012 [ INFO] maestro.cli.runner.CliConsoleListener.onCommandFinished: Run ../scripts/bot.js COMPLETED
10:19:30.012 [ INFO] maestro.cli.runner.CliConsoleListener.onCommandStart: Scrolling DOWN until "Geri dön" is visible with speed 40, visibility percentage 100%, timeout 10000 ms, with centering disabled RUNNING
10:19:30.083 [ INFO] maestro.orchestra.Orchestra.scrollUntilVisible: Scrolling try count: 0, DeviceWidth: 320, DeviceWidth: 640
10:19:30.083 [ INFO] maestro.orchestra.Orchestra.scrollUntilVisible: Element bounds: Bounds(x=46, y=48, width=64, height=20)
10:19:30.083 [ INFO] maestro.orchestra.Orchestra.scrollUntilVisible: Visibility Percent: 1.0
10:19:30.084 [ INFO] maestro.orchestra.Orchestra.scrollUntilVisible: Command centerElement: ScrollUntilVisibleCommand(selector=ElementSelector(textRegex=Geri dön, idRegex=null, size=null, below=null, above=null, leftOf=null, rightOf=null, containsChild=null, containsDescendants=null, traits=null, index=null, enabled=null, optional=false, selected=null, checked=null, focused=null, childOf=null, css=null), direction=DOWN, scrollDuration=601, visibilityPercentage=100, timeout=10000, waitToSettleTimeoutMs=null, centerElement=false, originalSpeedValue=40, label=null, optional=false).centerElement
10:19:30.084 [ INFO] maestro.orchestra.Orchestra.scrollUntilVisible: visibilityPercentageNormalized: 1.0
10:19:30.084 [ INFO] maestro.cli.runner.CliConsoleListener.onCommandFinished: Scrolling DOWN until "Geri dön" is visible with speed 40, visibility percentage 100%, timeout 10000 ms, with centering disabled COMPLETED
10:19:30.084 [ INFO] maestro.cli.runner.CliConsoleListener.onCommandStart: Tap on "Geri dön" RUNNING
10:19:30.201 [ INFO] maestro.Maestro.tap-HgV9Ck0: Tapping on element:  UiElement(treeNode=TreeNode(attributes={text=Geri dön, accessibilityText=, hintText=, ignoreBoundsFiltering=false, resource-id=, clickable=false, bounds=[46,48][110,68], enabled=true, focused=false, checked=false, scrollable=false, selected=false, class=android.widget.TextView, important-for-accessibility=true, error=}, children=[], clickable=false, enabled=true, focused=false, checked=false, selected=false), bounds=Bounds(x=46, y=48, width=64, height=20))
10:19:31.470 [ INFO] maestro.Maestro.tap-HgV9Ck0: Tap aimed via settled hierarchy
10:19:31.471 [ INFO] maestro.Maestro.hierarchyBasedTap-ogj28Uc: Tapping at (78, 58) using hierarchy based logic for wait
10:19:32.647 [ INFO] maestro.Maestro.hierarchyBasedTap-ogj28Uc: Something has changed in the UI judging by view hierarchy. Proceed.
10:19:32.647 [ INFO] maestro.cli.runner.CliConsoleListener.onCommandFinished: Tap on "Geri dön" COMPLETED
10:19:32.647 [ INFO] maestro.cli.runner.CliConsoleListener.onCommandStart: Scrolling UP until "Geri" is visible with speed 40, visibility percentage 100%, timeout 10000 ms, with centering disabled RUNNING
10:19:32.820 [ INFO] maestro.orchestra.Orchestra.scrollUntilVisible: Scrolling try count: 0, DeviceWidth: 320, DeviceWidth: 640
10:19:32.820 [ INFO] maestro.orchestra.Orchestra.scrollUntilVisible: Element bounds: Bounds(x=4, y=30, width=44, height=44)
10:19:32.820 [ INFO] maestro.orchestra.Orchestra.scrollUntilVisible: Visibility Percent: 1.0
10:19:32.820 [ INFO] maestro.orchestra.Orchestra.scrollUntilVisible: Command centerElement: ScrollUntilVisibleCommand(selector=ElementSelector(textRegex=Geri, idRegex=null, size=null, below=null, above=null, leftOf=null, rightOf=null, containsChild=null, containsDescendants=null, traits=null, index=null, enabled=null, optional=false, selected=null, checked=null, focused=null, childOf=null, css=null), direction=UP, scrollDuration=601, visibilityPercentage=100, timeout=10000, waitToSettleTimeoutMs=null, centerElement=false, originalSpeedValue=40, label=null, optional=false).centerElement
10:19:32.820 [ INFO] maestro.orchestra.Orchestra.scrollUntilVisible: visibilityPercentageNormalized: 1.0
10:19:32.820 [ INFO] maestro.cli.runner.CliConsoleListener.onCommandFinished: Scrolling UP until "Geri" is visible with speed 40, visibility percentage 100%, timeout 10000 ms, with centering disabled COMPLETED
10:19:32.820 [ INFO] maestro.cli.runner.CliConsoleListener.onCommandStart: Tap on "Geri" RUNNING
10:19:32.952 [ INFO] maestro.Maestro.tap-HgV9Ck0: Tapping on element:  UiElement(treeNode=TreeNode(attributes={text=, accessibilityText=Geri, hintText=, ignoreBoundsFiltering=false, resource-id=chat-back, clickable=true, bounds=[4,30][48,74], enabled=true, focused=false, checked=false, scrollable=false, selected=false, class=android.widget.Button, important-for-accessibility=true, error=}, children=[TreeNode(attributes={text=, accessibilityText=, hintText=, ignoreBoundsFiltering=false, resource-id=, clickable=false, bounds=[14,39][38,65], enabled=true, focused=false, checked=false, scrollable=false, selected=false, class=android.widget.TextView, important-for-accessibility=true, error=}, children=[], clickable=false, enabled=true, focused=false, checked=false, selected=false)], clickable=true, enabled=true, focused=false, checked=false, selected=false), bounds=Bounds(x=4, y=30, width=44, height=44))
10:19:34.195 [ INFO] maestro.Maestro.tap-HgV9Ck0: Tap aimed via settled hierarchy
10:19:34.195 [ INFO] maestro.Maestro.hierarchyBasedTap-ogj28Uc: Tapping at (26, 52) using hierarchy based logic for wait
10:19:35.205 [ INFO] maestro.Maestro.hierarchyBasedTap-ogj28Uc: Something has changed in the UI judging by view hierarchy. Proceed.
10:19:35.205 [ INFO] maestro.cli.runner.CliConsoleListener.onCommandFinished: Tap on "Geri" COMPLETED
10:19:35.205 [ INFO] maestro.cli.runner.CliConsoleListener.onCommandStart: Tap on id: tab-messages RUNNING
10:19:35.376 [ INFO] maestro.Maestro.tap-HgV9Ck0: Tapping on element:  UiElement(treeNode=TreeNode(attributes={text=, accessibilityText=Mesajlar, hintText=, ignoreBoundsFiltering=false, resource-id=tab-messages, clickable=true, bounds=[187,568][242,632], enabled=true, focused=false, checked=false, scrollable=false, selected=false, class=android.view.View, important-for-accessibility=true, error=}, children=[TreeNode(attributes={text=, accessibilityText=, hintText=, ignoreBoundsFiltering=false, resource-id=, clickable=false, bounds=[202,580][226,604], enabled=true, focused=false, checked=false, scrollable=false, selected=false, class=android.widget.ImageView, important-for-accessibility=false, error=}, children=[], clickable=false, enabled=true, focused=false, checked=false, selected=false), TreeNode(attributes={text=Mesajlar, accessibilityText=, hintText=, ignoreBoundsFiltering=false, resource-id=, clickable=false, bounds=[190,612][238,628], enabled=true, focused=false, checked=false, scrollable=false, selected=false, class=android.widget.TextView, important-for-accessibility=true, error=}, children=[], clickable=false, enabled=true, focused=false, checked=false, selected=false)], clickable=true, enabled=true, focused=false, checked=false, selected=false), bounds=Bounds(x=187, y=568, width=55, height=64))
10:19:36.629 [ INFO] maestro.Maestro.tap-HgV9Ck0: Tap aimed via settled hierarchy
10:19:36.629 [ INFO] maestro.Maestro.hierarchyBasedTap-ogj28Uc: Tapping at (214, 600) using hierarchy based logic for wait
10:19:37.827 [ INFO] maestro.Maestro.hierarchyBasedTap-ogj28Uc: Something has changed in the UI judging by view hierarchy. Proceed.
10:19:37.827 [ INFO] maestro.cli.runner.CliConsoleListener.onCommandFinished: Tap on id: tab-messages COMPLETED
10:19:37.827 [ INFO] maestro.cli.runner.CliConsoleListener.onCommandStart: Assert that "Bot İki" is visible RUNNING
10:19:37.996 [ INFO] maestro.cli.runner.CliConsoleListener.onCommandFinished: Assert that "Bot İki" is visible COMPLETED
10:19:37.996 [ INFO] maestro.cli.runner.CliConsoleListener.onCommandStart: Take screenshot 40-venue-chat-friend RUNNING
10:19:37.997 [ INFO] maestro.Maestro.takeScreenshot: Taking screenshot
10:19:37.997 [TRACE] maestro.utils.ScreenshotUtils.takeScreenshot: Taking screenshot to output sink
10:19:38.054 [ INFO] maestro.cli.runner.CliConsoleListener.onCommandFinished: Take screenshot 40-venue-chat-friend COMPLETED
10:19:38.054 [ INFO] maestro.cli.runner.CliConsoleListener.onCommandFinished: Run flows/08-venue-chat.yaml COMPLETED
