00:35:49.235 [ INFO] maestro.cli.runner.CliConsoleListener.onCommandStart: Define variables RUNNING
00:35:49.239 [ INFO] maestro.cli.runner.CliConsoleListener.onCommandFinished: Define variables COMPLETED
00:35:49.241 [ INFO] maestro.cli.runner.CliConsoleListener.onCommandStart: Apply configuration RUNNING
00:35:49.241 [ INFO] maestro.cli.runner.CliConsoleListener.onCommandFinished: Apply configuration COMPLETED
00:35:49.241 [ INFO] maestro.cli.runner.CliConsoleListener.onCommandStart: Run flows/01-login.yaml RUNNING
00:35:49.242 [ INFO] maestro.cli.runner.CliConsoleListener.onCommandStart: Apply configuration RUNNING
00:35:49.243 [ INFO] maestro.cli.runner.CliConsoleListener.onCommandFinished: Apply configuration COMPLETED
00:35:49.243 [ INFO] maestro.cli.runner.CliConsoleListener.onCommandStart: Launch app "app.kabuk.mobile" with clear state RUNNING
00:35:49.244 [ INFO] maestro.Maestro.clearAppState$lambda$8: Clearing app state app.kabuk.mobile
00:35:50.109 [DEBUG] maestro.Maestro.setPermissionInternal: Failed to set permission android.permission.READ_EXTERNAL_STORAGE for app app.kabuk.mobile: shell command failed (exit -1): 
Exception occurred while executing 'grant':
java.lang.SecurityException: Package app.kabuk.mobile has not requested permission android.permission.READ_EXTERNAL_STORAGE
	at com.android.server.pm.permission.PermissionManagerServiceImpl.grantRuntimePermissionInternal(PermissionManagerServiceImpl.java:1423)
	at com.android.server.pm.permission.PermissionManagerServiceImpl.grantRuntimePermission(PermissionManagerServiceImpl.java:1337)
	at com.android.server.pm.permission.PermissionManagerService.grantRuntimePermission(PermissionManagerService.java:551)
	at android.permission.PermissionManager.grantRuntimePermission(PermissionManager.java:609)
	at com.android.server.pm.PackageManagerShellCommand.runGrantRevokePermission(PackageManagerShellCommand.java:2672)
	at com.android.server.pm.PackageManagerShellCommand.onCommand(PackageManagerShellCommand.java:291)
	at com.android.modules.utils.BasicShellCommandHandler.exec(BasicShellCommandHandler.java:97)
	at android.os.ShellCommand.exec(ShellCommand.java:38)
	at com.android.server.pm.PackageManagerService$IPackageManagerImpl.onShellCommand(PackageManagerService.java:6350)
	at android.os.Binder.shellCommand(Binder.java:1068)
	at android.os.Binder.onTransact(Binder.java:888)
	at android.content.pm.IPackageManager$Stub.onTransact(IPackageManager.java:4352)
	at com.android.server.pm.PackageManagerService$IPackageManagerImpl.onTransact(PackageManagerService.java:6334)
	at android.os.Binder.execTransactInternal(Binder.java:1344)
	at android.os.Binder.execTransact(Binder.java:1275)

00:35:50.155 [DEBUG] maestro.Maestro.setPermissionInternal: Failed to set permission android.permission.WRITE_EXTERNAL_STORAGE for app app.kabuk.mobile: shell command failed (exit -1): 
Exception occurred while executing 'grant':
java.lang.SecurityException: Package app.kabuk.mobile has not requested permission android.permission.WRITE_EXTERNAL_STORAGE
	at com.android.server.pm.permission.PermissionManagerServiceImpl.grantRuntimePermissionInternal(PermissionManagerServiceImpl.java:1423)
	at com.android.server.pm.permission.PermissionManagerServiceImpl.grantRuntimePermission(PermissionManagerServiceImpl.java:1337)
	at com.android.server.pm.permission.PermissionManagerService.grantRuntimePermission(PermissionManagerService.java:551)
	at android.permission.PermissionManager.grantRuntimePermission(PermissionManager.java:609)
	at com.android.server.pm.PackageManagerShellCommand.runGrantRevokePermission(PackageManagerShellCommand.java:2672)
	at com.android.server.pm.PackageManagerShellCommand.onCommand(PackageManagerShellCommand.java:291)
	at com.android.modules.utils.BasicShellCommandHandler.exec(BasicShellCommandHandler.java:97)
	at android.os.ShellCommand.exec(ShellCommand.java:38)
	at com.android.server.pm.PackageManagerService$IPackageManagerImpl.onShellCommand(PackageManagerService.java:6350)
	at android.os.Binder.shellCommand(Binder.java:1068)
	at android.os.Binder.onTransact(Binder.java:888)
	at android.content.pm.IPackageManager$Stub.onTransact(IPackageManager.java:4352)
	at com.android.server.pm.PackageManagerService$IPackageManagerImpl.onTransact(PackageManagerService.java:6334)
	at android.os.Binder.execTransactInternal(Binder.java:1344)
	at android.os.Binder.execTransact(Binder.java:1275)

00:35:50.345 [DEBUG] maestro.Maestro.setPermissionInternal: Failed to set permission com.google.android.finsky.permission.BIND_GET_INSTALL_REFERRER_SERVICE for app app.kabuk.mobile: shell command failed (exit -1): 
Exception occurred while executing 'grant':
java.lang.IllegalArgumentException: Unknown permission: com.google.android.finsky.permission.BIND_GET_INSTALL_REFERRER_SERVICE
	at com.android.server.pm.permission.PermissionManagerServiceImpl.grantRuntimePermissionInternal(PermissionManagerServiceImpl.java:1380)
	at com.android.server.pm.permission.PermissionManagerServiceImpl.grantRuntimePermission(PermissionManagerServiceImpl.java:1337)
	at com.android.server.pm.permission.PermissionManagerService.grantRuntimePermission(PermissionManagerService.java:551)
	at android.permission.PermissionManager.grantRuntimePermission(PermissionManager.java:609)
	at com.android.server.pm.PackageManagerShellCommand.runGrantRevokePermission(PackageManagerShellCommand.java:2672)
	at com.android.server.pm.PackageManagerShellCommand.onCommand(PackageManagerShellCommand.java:291)
	at com.android.modules.utils.BasicShellCommandHandler.exec(BasicShellCommandHandler.java:97)
	at android.os.ShellCommand.exec(ShellCommand.java:38)
	at com.android.server.pm.PackageManagerService$IPackageManagerImpl.onShellCommand(PackageManagerService.java:6350)
	at android.os.Binder.shellCommand(Binder.java:1068)
	at android.os.Binder.onTransact(Binder.java:888)
	at android.content.pm.IPackageManager$Stub.onTransact(IPackageManager.java:4352)
	at com.android.server.pm.PackageManagerService$IPackageManagerImpl.onTransact(PackageManagerService.java:6334)
	at android.os.Binder.execTransactInternal(Binder.java:1344)
	at android.os.Binder.execTransact(Binder.java:1275)

00:35:50.360 [DEBUG] maestro.Maestro.setPermissionInternal: Failed to set permission com.sec.android.provider.badge.permission.READ for app app.kabuk.mobile: shell command failed (exit -1): 
Exception occurred while executing 'grant':
java.lang.IllegalArgumentException: Unknown permission: com.sec.android.provider.badge.permission.READ
	at com.android.server.pm.permission.PermissionManagerServiceImpl.grantRuntimePermissionInternal(PermissionManagerServiceImpl.java:1380)
	at com.android.server.pm.permission.PermissionManagerServiceImpl.grantRuntimePermission(PermissionManagerServiceImpl.java:1337)
	at com.android.server.pm.permission.PermissionManagerService.grantRuntimePermission(PermissionManagerService.java:551)
	at android.permission.PermissionManager.grantRuntimePermission(PermissionManager.java:609)
	at com.android.server.pm.PackageManagerShellCommand.runGrantRevokePermission(PackageManagerShellCommand.java:2672)
	at com.android.server.pm.PackageManagerShellCommand.onCommand(PackageManagerShellCommand.java:291)
	at com.android.modules.utils.BasicShellCommandHandler.exec(BasicShellCommandHandler.java:97)
	at android.os.ShellCommand.exec(ShellCommand.java:38)
	at com.android.server.pm.PackageManagerService$IPackageManagerImpl.onShellCommand(PackageManagerService.java:6350)
	at android.os.Binder.shellCommand(Binder.java:1068)
	at android.os.Binder.onTransact(Binder.java:888)
	at android.content.pm.IPackageManager$Stub.onTransact(IPackageManager.java:4352)
	at com.android.server.pm.PackageManagerService$IPackageManagerImpl.onTransact(PackageManagerService.java:6334)
	at android.os.Binder.execTransactInternal(Binder.java:1344)
	at android.os.Binder.execTransact(Binder.java:1275)

00:35:50.384 [DEBUG] maestro.Maestro.setPermissionInternal: Failed to set permission com.sec.android.provider.badge.permission.WRITE for app app.kabuk.mobile: shell command failed (exit -1): 
Exception occurred while executing 'grant':
java.lang.IllegalArgumentException: Unknown permission: com.sec.android.provider.badge.permission.WRITE
	at com.android.server.pm.permission.PermissionManagerServiceImpl.grantRuntimePermissionInternal(PermissionManagerServiceImpl.java:1380)
	at com.android.server.pm.permission.PermissionManagerServiceImpl.grantRuntimePermission(PermissionManagerServiceImpl.java:1337)
	at com.android.server.pm.permission.PermissionManagerService.grantRuntimePermission(PermissionManagerService.java:551)
	at android.permission.PermissionManager.grantRuntimePermission(PermissionManager.java:609)
	at com.android.server.pm.PackageManagerShellCommand.runGrantRevokePermission(PackageManagerShellCommand.java:2672)
	at com.android.server.pm.PackageManagerShellCommand.onCommand(PackageManagerShellCommand.java:291)
	at com.android.modules.utils.BasicShellCommandHandler.exec(BasicShellCommandHandler.java:97)
	at android.os.ShellCommand.exec(ShellCommand.java:38)
	at com.android.server.pm.PackageManagerService$IPackageManagerImpl.onShellCommand(PackageManagerService.java:6350)
	at android.os.Binder.shellCommand(Binder.java:1068)
	at android.os.Binder.onTransact(Binder.java:888)
	at android.content.pm.IPackageManager$Stub.onTransact(IPackageManager.java:4352)
	at com.android.server.pm.PackageManagerService$IPackageManagerImpl.onTransact(PackageManagerService.java:6334)
	at android.os.Binder.execTransactInternal(Binder.java:1344)
	at android.os.Binder.execTransact(Binder.java:1275)

00:35:50.402 [DEBUG] maestro.Maestro.setPermissionInternal: Failed to set permission com.htc.launcher.permission.READ_SETTINGS for app app.kabuk.mobile: shell command failed (exit -1): 
Exception occurred while executing 'grant':
java.lang.IllegalArgumentException: Unknown permission: com.htc.launcher.permission.READ_SETTINGS
	at com.android.server.pm.permission.PermissionManagerServiceImpl.grantRuntimePermissionInternal(PermissionManagerServiceImpl.java:1380)
	at com.android.server.pm.permission.PermissionManagerServiceImpl.grantRuntimePermission(PermissionManagerServiceImpl.java:1337)
	at com.android.server.pm.permission.PermissionManagerService.grantRuntimePermission(PermissionManagerService.java:551)
	at android.permission.PermissionManager.grantRuntimePermission(PermissionManager.java:609)
	at com.android.server.pm.PackageManagerShellCommand.runGrantRevokePermission(PackageManagerShellCommand.java:2672)
	at com.android.server.pm.PackageManagerShellCommand.onCommand(PackageManagerShellCommand.java:291)
	at com.android.modules.utils.BasicShellCommandHandler.exec(BasicShellCommandHandler.java:97)
	at android.os.ShellCommand.exec(ShellCommand.java:38)
	at com.android.server.pm.PackageManagerService$IPackageManagerImpl.onShellCommand(PackageManagerService.java:6350)
	at android.os.Binder.shellCommand(Binder.java:1068)
	at android.os.Binder.onTransact(Binder.java:888)
	at android.content.pm.IPackageManager$Stub.onTransact(IPackageManager.java:4352)
	at com.android.server.pm.PackageManagerService$IPackageManagerImpl.onTransact(PackageManagerService.java:6334)
	at android.os.Binder.execTransactInternal(Binder.java:1344)
	at android.os.Binder.execTransact(Binder.java:1275)

00:35:50.423 [DEBUG] maestro.Maestro.setPermissionInternal: Failed to set permission com.htc.launcher.permission.UPDATE_SHORTCUT for app app.kabuk.mobile: shell command failed (exit -1): 
Exception occurred while executing 'grant':
java.lang.IllegalArgumentException: Unknown permission: com.htc.launcher.permission.UPDATE_SHORTCUT
	at com.android.server.pm.permission.PermissionManagerServiceImpl.grantRuntimePermissionInternal(PermissionManagerServiceImpl.java:1380)
	at com.android.server.pm.permission.PermissionManagerServiceImpl.grantRuntimePermission(PermissionManagerServiceImpl.java:1337)
	at com.android.server.pm.permission.PermissionManagerService.grantRuntimePermission(PermissionManagerService.java:551)
	at android.permission.PermissionManager.grantRuntimePermission(PermissionManager.java:609)
	at com.android.server.pm.PackageManagerShellCommand.runGrantRevokePermission(PackageManagerShellCommand.java:2672)
	at com.android.server.pm.PackageManagerShellCommand.onCommand(PackageManagerShellCommand.java:291)
	at com.android.modules.utils.BasicShellCommandHandler.exec(BasicShellCommandHandler.java:97)
	at android.os.ShellCommand.exec(ShellCommand.java:38)
	at com.android.server.pm.PackageManagerService$IPackageManagerImpl.onShellCommand(PackageManagerService.java:6350)
	at android.os.Binder.shellCommand(Binder.java:1068)
	at android.os.Binder.onTransact(Binder.java:888)
	at android.content.pm.IPackageManager$Stub.onTransact(IPackageManager.java:4352)
	at com.android.server.pm.PackageManagerService$IPackageManagerImpl.onTransact(PackageManagerService.java:6334)
	at android.os.Binder.execTransactInternal(Binder.java:1344)
	at android.os.Binder.execTransact(Binder.java:1275)

00:35:50.441 [DEBUG] maestro.Maestro.setPermissionInternal: Failed to set permission com.sonyericsson.home.permission.BROADCAST_BADGE for app app.kabuk.mobile: shell command failed (exit -1): 
Exception occurred while executing 'grant':
java.lang.IllegalArgumentException: Unknown permission: com.sonyericsson.home.permission.BROADCAST_BADGE
	at com.android.server.pm.permission.PermissionManagerServiceImpl.grantRuntimePermissionInternal(PermissionManagerServiceImpl.java:1380)
	at com.android.server.pm.permission.PermissionManagerServiceImpl.grantRuntimePermission(PermissionManagerServiceImpl.java:1337)
	at com.android.server.pm.permission.PermissionManagerService.grantRuntimePermission(PermissionManagerService.java:551)
	at android.permission.PermissionManager.grantRuntimePermission(PermissionManager.java:609)
	at com.android.server.pm.PackageManagerShellCommand.runGrantRevokePermission(PackageManagerShellCommand.java:2672)
	at com.android.server.pm.PackageManagerShellCommand.onCommand(PackageManagerShellCommand.java:291)
	at com.android.modules.utils.BasicShellCommandHandler.exec(BasicShellCommandHandler.java:97)
	at android.os.ShellCommand.exec(ShellCommand.java:38)
	at com.android.server.pm.PackageManagerService$IPackageManagerImpl.onShellCommand(PackageManagerService.java:6350)
	at android.os.Binder.shellCommand(Binder.java:1068)
	at android.os.Binder.onTransact(Binder.java:888)
	at android.content.pm.IPackageManager$Stub.onTransact(IPackageManager.java:4352)
	at com.android.server.pm.PackageManagerService$IPackageManagerImpl.onTransact(PackageManagerService.java:6334)
	at android.os.Binder.execTransactInternal(Binder.java:1344)
	at android.os.Binder.execTransact(Binder.java:1275)

00:35:50.453 [DEBUG] maestro.Maestro.setPermissionInternal: Failed to set permission com.sonymobile.home.permission.PROVIDER_INSERT_BADGE for app app.kabuk.mobile: shell command failed (exit -1): 
Exception occurred while executing 'grant':
java.lang.IllegalArgumentException: Unknown permission: com.sonymobile.home.permission.PROVIDER_INSERT_BADGE
	at com.android.server.pm.permission.PermissionManagerServiceImpl.grantRuntimePermissionInternal(PermissionManagerServiceImpl.java:1380)
	at com.android.server.pm.permission.PermissionManagerServiceImpl.grantRuntimePermission(PermissionManagerServiceImpl.java:1337)
	at com.android.server.pm.permission.PermissionManagerService.grantRuntimePermission(PermissionManagerService.java:551)
	at android.permission.PermissionManager.grantRuntimePermission(PermissionManager.java:609)
	at com.android.server.pm.PackageManagerShellCommand.runGrantRevokePermission(PackageManagerShellCommand.java:2672)
	at com.android.server.pm.PackageManagerShellCommand.onCommand(PackageManagerShellCommand.java:291)
	at com.android.modules.utils.BasicShellCommandHandler.exec(BasicShellCommandHandler.java:97)
	at android.os.ShellCommand.exec(ShellCommand.java:38)
	at com.android.server.pm.PackageManagerService$IPackageManagerImpl.onShellCommand(PackageManagerService.java:6350)
	at android.os.Binder.shellCommand(Binder.java:1068)
	at android.os.Binder.onTransact(Binder.java:888)
	at android.content.pm.IPackageManager$Stub.onTransact(IPackageManager.java:4352)
	at com.android.server.pm.PackageManagerService$IPackageManagerImpl.onTransact(PackageManagerService.java:6334)
	at android.os.Binder.execTransactInternal(Binder.java:1344)
	at android.os.Binder.execTransact(Binder.java:1275)

00:35:50.475 [DEBUG] maestro.Maestro.setPermissionInternal: Failed to set permission com.anddoes.launcher.permission.UPDATE_COUNT for app app.kabuk.mobile: shell command failed (exit -1): 
Exception occurred while executing 'grant':
java.lang.IllegalArgumentException: Unknown permission: com.anddoes.launcher.permission.UPDATE_COUNT
	at com.android.server.pm.permission.PermissionManagerServiceImpl.grantRuntimePermissionInternal(PermissionManagerServiceImpl.java:1380)
	at com.android.server.pm.permission.PermissionManagerServiceImpl.grantRuntimePermission(PermissionManagerServiceImpl.java:1337)
	at com.android.server.pm.permission.PermissionManagerService.grantRuntimePermission(PermissionManagerService.java:551)
	at android.permission.PermissionManager.grantRuntimePermission(PermissionManager.java:609)
	at com.android.server.pm.PackageManagerShellCommand.runGrantRevokePermission(PackageManagerShellCommand.java:2672)
	at com.android.server.pm.PackageManagerShellCommand.onCommand(PackageManagerShellCommand.java:291)
	at com.android.modules.utils.BasicShellCommandHandler.exec(BasicShellCommandHandler.java:97)
	at android.os.ShellCommand.exec(ShellCommand.java:38)
	at com.android.server.pm.PackageManagerService$IPackageManagerImpl.onShellCommand(PackageManagerService.java:6350)
	at android.os.Binder.shellCommand(Binder.java:1068)
	at android.os.Binder.onTransact(Binder.java:888)
	at android.content.pm.IPackageManager$Stub.onTransact(IPackageManager.java:4352)
	at com.android.server.pm.PackageManagerService$IPackageManagerImpl.onTransact(PackageManagerService.java:6334)
	at android.os.Binder.execTransactInternal(Binder.java:1344)
	at android.os.Binder.execTransact(Binder.java:1275)

00:35:50.493 [DEBUG] maestro.Maestro.setPermissionInternal: Failed to set permission com.majeur.launcher.permission.UPDATE_BADGE for app app.kabuk.mobile: shell command failed (exit -1): 
Exception occurred while executing 'grant':
java.lang.IllegalArgumentException: Unknown permission: com.majeur.launcher.permission.UPDATE_BADGE
	at com.android.server.pm.permission.PermissionManagerServiceImpl.grantRuntimePermissionInternal(PermissionManagerServiceImpl.java:1380)
	at com.android.server.pm.permission.PermissionManagerServiceImpl.grantRuntimePermission(PermissionManagerServiceImpl.java:1337)
	at com.android.server.pm.permission.PermissionManagerService.grantRuntimePermission(PermissionManagerService.java:551)
	at android.permission.PermissionManager.grantRuntimePermission(PermissionManager.java:609)
	at com.android.server.pm.PackageManagerShellCommand.runGrantRevokePermission(PackageManagerShellCommand.java:2672)
	at com.android.server.pm.PackageManagerShellCommand.onCommand(PackageManagerShellCommand.java:291)
	at com.android.modules.utils.BasicShellCommandHandler.exec(BasicShellCommandHandler.java:97)
	at android.os.ShellCommand.exec(ShellCommand.java:38)
	at com.android.server.pm.PackageManagerService$IPackageManagerImpl.onShellCommand(PackageManagerService.java:6350)
	at android.os.Binder.shellCommand(Binder.java:1068)
	at android.os.Binder.onTransact(Binder.java:888)
	at android.content.pm.IPackageManager$Stub.onTransact(IPackageManager.java:4352)
	at com.android.server.pm.PackageManagerService$IPackageManagerImpl.onTransact(PackageManagerService.java:6334)
	at android.os.Binder.execTransactInternal(Binder.java:1344)
	at android.os.Binder.execTransact(Binder.java:1275)

00:35:50.510 [DEBUG] maestro.Maestro.setPermissionInternal: Failed to set permission com.huawei.android.launcher.permission.CHANGE_BADGE for app app.kabuk.mobile: shell command failed (exit -1): 
Exception occurred while executing 'grant':
java.lang.IllegalArgumentException: Unknown permission: com.huawei.android.launcher.permission.CHANGE_BADGE
	at com.android.server.pm.permission.PermissionManagerServiceImpl.grantRuntimePermissionInternal(PermissionManagerServiceImpl.java:1380)
	at com.android.server.pm.permission.PermissionManagerServiceImpl.grantRuntimePermission(PermissionManagerServiceImpl.java:1337)
	at com.android.server.pm.permission.PermissionManagerService.grantRuntimePermission(PermissionManagerService.java:551)
	at android.permission.PermissionManager.grantRuntimePermission(PermissionManager.java:609)
	at com.android.server.pm.PackageManagerShellCommand.runGrantRevokePermission(PackageManagerShellCommand.java:2672)
	at com.android.server.pm.PackageManagerShellCommand.onCommand(PackageManagerShellCommand.java:291)
	at com.android.modules.utils.BasicShellCommandHandler.exec(BasicShellCommandHandler.java:97)
	at android.os.ShellCommand.exec(ShellCommand.java:38)
	at com.android.server.pm.PackageManagerService$IPackageManagerImpl.onShellCommand(PackageManagerService.java:6350)
	at android.os.Binder.shellCommand(Binder.java:1068)
	at android.os.Binder.onTransact(Binder.java:888)
	at android.content.pm.IPackageManager$Stub.onTransact(IPackageManager.java:4352)
	at com.android.server.pm.PackageManagerService$IPackageManagerImpl.onTransact(PackageManagerService.java:6334)
	at android.os.Binder.execTransactInternal(Binder.java:1344)
	at android.os.Binder.execTransact(Binder.java:1275)

00:35:50.529 [DEBUG] maestro.Maestro.setPermissionInternal: Failed to set permission com.huawei.android.launcher.permission.READ_SETTINGS for app app.kabuk.mobile: shell command failed (exit -1): 
Exception occurred while executing 'grant':
java.lang.IllegalArgumentException: Unknown permission: com.huawei.android.launcher.permission.READ_SETTINGS
	at com.android.server.pm.permission.PermissionManagerServiceImpl.grantRuntimePermissionInternal(PermissionManagerServiceImpl.java:1380)
	at com.android.server.pm.permission.PermissionManagerServiceImpl.grantRuntimePermission(PermissionManagerServiceImpl.java:1337)
	at com.android.server.pm.permission.PermissionManagerService.grantRuntimePermission(PermissionManagerService.java:551)
	at android.permission.PermissionManager.grantRuntimePermission(PermissionManager.java:609)
	at com.android.server.pm.PackageManagerShellCommand.runGrantRevokePermission(PackageManagerShellCommand.java:2672)
	at com.android.server.pm.PackageManagerShellCommand.onCommand(PackageManagerShellCommand.java:291)
	at com.android.modules.utils.BasicShellCommandHandler.exec(BasicShellCommandHandler.java:97)
	at android.os.ShellCommand.exec(ShellCommand.java:38)
	at com.android.server.pm.PackageManagerService$IPackageManagerImpl.onShellCommand(PackageManagerService.java:6350)
	at android.os.Binder.shellCommand(Binder.java:1068)
	at android.os.Binder.onTransact(Binder.java:888)
	at android.content.pm.IPackageManager$Stub.onTransact(IPackageManager.java:4352)
	at com.android.server.pm.PackageManagerService$IPackageManagerImpl.onTransact(PackageManagerService.java:6334)
	at android.os.Binder.execTransactInternal(Binder.java:1344)
	at android.os.Binder.execTransact(Binder.java:1275)

00:35:50.541 [DEBUG] maestro.Maestro.setPermissionInternal: Failed to set permission com.huawei.android.launcher.permission.WRITE_SETTINGS for app app.kabuk.mobile: shell command failed (exit -1): 
Exception occurred while executing 'grant':
java.lang.IllegalArgumentException: Unknown permission: com.huawei.android.launcher.permission.WRITE_SETTINGS
	at com.android.server.pm.permission.PermissionManagerServiceImpl.grantRuntimePermissionInternal(PermissionManagerServiceImpl.java:1380)
	at com.android.server.pm.permission.PermissionManagerServiceImpl.grantRuntimePermission(PermissionManagerServiceImpl.java:1337)
	at com.android.server.pm.permission.PermissionManagerService.grantRuntimePermission(PermissionManagerService.java:551)
	at android.permission.PermissionManager.grantRuntimePermission(PermissionManager.java:609)
	at com.android.server.pm.PackageManagerShellCommand.runGrantRevokePermission(PackageManagerShellCommand.java:2672)
	at com.android.server.pm.PackageManagerShellCommand.onCommand(PackageManagerShellCommand.java:291)
	at com.android.modules.utils.BasicShellCommandHandler.exec(BasicShellCommandHandler.java:97)
	at android.os.ShellCommand.exec(ShellCommand.java:38)
	at com.android.server.pm.PackageManagerService$IPackageManagerImpl.onShellCommand(PackageManagerService.java:6350)
	at android.os.Binder.shellCommand(Binder.java:1068)
	at android.os.Binder.onTransact(Binder.java:888)
	at android.content.pm.IPackageManager$Stub.onTransact(IPackageManager.java:4352)
	at com.android.server.pm.PackageManagerService$IPackageManagerImpl.onTransact(PackageManagerService.java:6334)
	at android.os.Binder.execTransactInternal(Binder.java:1344)
	at android.os.Binder.execTransact(Binder.java:1275)

00:35:50.559 [DEBUG] maestro.Maestro.setPermissionInternal: Failed to set permission android.permission.READ_APP_BADGE for app app.kabuk.mobile: shell command failed (exit -1): 
Exception occurred while executing 'grant':
java.lang.IllegalArgumentException: Unknown permission: android.permission.READ_APP_BADGE
	at com.android.server.pm.permission.PermissionManagerServiceImpl.grantRuntimePermissionInternal(PermissionManagerServiceImpl.java:1380)
	at com.android.server.pm.permission.PermissionManagerServiceImpl.grantRuntimePermission(PermissionManagerServiceImpl.java:1337)
	at com.android.server.pm.permission.PermissionManagerService.grantRuntimePermission(PermissionManagerService.java:551)
	at android.permission.PermissionManager.grantRuntimePermission(PermissionManager.java:609)
	at com.android.server.pm.PackageManagerShellCommand.runGrantRevokePermission(PackageManagerShellCommand.java:2672)
	at com.android.server.pm.PackageManagerShellCommand.onCommand(PackageManagerShellCommand.java:291)
	at com.android.modules.utils.BasicShellCommandHandler.exec(BasicShellCommandHandler.java:97)
	at android.os.ShellCommand.exec(ShellCommand.java:38)
	at com.android.server.pm.PackageManagerService$IPackageManagerImpl.onShellCommand(PackageManagerService.java:6350)
	at android.os.Binder.shellCommand(Binder.java:1068)
	at android.os.Binder.onTransact(Binder.java:888)
	at android.content.pm.IPackageManager$Stub.onTransact(IPackageManager.java:4352)
	at com.android.server.pm.PackageManagerService$IPackageManagerImpl.onTransact(PackageManagerService.java:6334)
	at android.os.Binder.execTransactInternal(Binder.java:1344)
	at android.os.Binder.execTransact(Binder.java:1275)

00:35:50.572 [DEBUG] maestro.Maestro.setPermissionInternal: Failed to set permission com.oppo.launcher.permission.READ_SETTINGS for app app.kabuk.mobile: shell command failed (exit -1): 
Exception occurred while executing 'grant':
java.lang.IllegalArgumentException: Unknown permission: com.oppo.launcher.permission.READ_SETTINGS
	at com.android.server.pm.permission.PermissionManagerServiceImpl.grantRuntimePermissionInternal(PermissionManagerServiceImpl.java:1380)
	at com.android.server.pm.permission.PermissionManagerServiceImpl.grantRuntimePermission(PermissionManagerServiceImpl.java:1337)
	at com.android.server.pm.permission.PermissionManagerService.grantRuntimePermission(PermissionManagerService.java:551)
	at android.permission.PermissionManager.grantRuntimePermission(PermissionManager.java:609)
	at com.android.server.pm.PackageManagerShellCommand.runGrantRevokePermission(PackageManagerShellCommand.java:2672)
	at com.android.server.pm.PackageManagerShellCommand.onCommand(PackageManagerShellCommand.java:291)
	at com.android.modules.utils.BasicShellCommandHandler.exec(BasicShellCommandHandler.java:97)
	at android.os.ShellCommand.exec(ShellCommand.java:38)
	at com.android.server.pm.PackageManagerService$IPackageManagerImpl.onShellCommand(PackageManagerService.java:6350)
	at android.os.Binder.shellCommand(Binder.java:1068)
	at android.os.Binder.onTransact(Binder.java:888)
	at android.content.pm.IPackageManager$Stub.onTransact(IPackageManager.java:4352)
	at com.android.server.pm.PackageManagerService$IPackageManagerImpl.onTransact(PackageManagerService.java:6334)
	at android.os.Binder.execTransactInternal(Binder.java:1344)
	at android.os.Binder.execTransact(Binder.java:1275)

00:35:50.587 [DEBUG] maestro.Maestro.setPermissionInternal: Failed to set permission com.oppo.launcher.permission.WRITE_SETTINGS for app app.kabuk.mobile: shell command failed (exit -1): 
Exception occurred while executing 'grant':
java.lang.IllegalArgumentException: Unknown permission: com.oppo.launcher.permission.WRITE_SETTINGS
	at com.android.server.pm.permission.PermissionManagerServiceImpl.grantRuntimePermissionInternal(PermissionManagerServiceImpl.java:1380)
	at com.android.server.pm.permission.PermissionManagerServiceImpl.grantRuntimePermission(PermissionManagerServiceImpl.java:1337)
	at com.android.server.pm.permission.PermissionManagerService.grantRuntimePermission(PermissionManagerService.java:551)
	at android.permission.PermissionManager.grantRuntimePermission(PermissionManager.java:609)
	at com.android.server.pm.PackageManagerShellCommand.runGrantRevokePermission(PackageManagerShellCommand.java:2672)
	at com.android.server.pm.PackageManagerShellCommand.onCommand(PackageManagerShellCommand.java:291)
	at com.android.modules.utils.BasicShellCommandHandler.exec(BasicShellCommandHandler.java:97)
	at android.os.ShellCommand.exec(ShellCommand.java:38)
	at com.android.server.pm.PackageManagerService$IPackageManagerImpl.onShellCommand(PackageManagerService.java:6350)
	at android.os.Binder.shellCommand(Binder.java:1068)
	at android.os.Binder.onTransact(Binder.java:888)
	at android.content.pm.IPackageManager$Stub.onTransact(IPackageManager.java:4352)
	at com.android.server.pm.PackageManagerService$IPackageManagerImpl.onTransact(PackageManagerService.java:6334)
	at android.os.Binder.execTransactInternal(Binder.java:1344)
	at android.os.Binder.execTransact(Binder.java:1275)

00:35:50.604 [DEBUG] maestro.Maestro.setPermissionInternal: Failed to set permission me.everything.badger.permission.BADGE_COUNT_READ for app app.kabuk.mobile: shell command failed (exit -1): 
Exception occurred while executing 'grant':
java.lang.IllegalArgumentException: Unknown permission: me.everything.badger.permission.BADGE_COUNT_READ
	at com.android.server.pm.permission.PermissionManagerServiceImpl.grantRuntimePermissionInternal(PermissionManagerServiceImpl.java:1380)
	at com.android.server.pm.permission.PermissionManagerServiceImpl.grantRuntimePermission(PermissionManagerServiceImpl.java:1337)
	at com.android.server.pm.permission.PermissionManagerService.grantRuntimePermission(PermissionManagerService.java:551)
	at android.permission.PermissionManager.grantRuntimePermission(PermissionManager.java:609)
	at com.android.server.pm.PackageManagerShellCommand.runGrantRevokePermission(PackageManagerShellCommand.java:2672)
	at com.android.server.pm.PackageManagerShellCommand.onCommand(PackageManagerShellCommand.java:291)
	at com.android.modules.utils.BasicShellCommandHandler.exec(BasicShellCommandHandler.java:97)
	at android.os.ShellCommand.exec(ShellCommand.java:38)
	at com.android.server.pm.PackageManagerService$IPackageManagerImpl.onShellCommand(PackageManagerService.java:6350)
	at android.os.Binder.shellCommand(Binder.java:1068)
	at android.os.Binder.onTransact(Binder.java:888)
	at android.content.pm.IPackageManager$Stub.onTransact(IPackageManager.java:4352)
	at com.android.server.pm.PackageManagerService$IPackageManagerImpl.onTransact(PackageManagerService.java:6334)
	at android.os.Binder.execTransactInternal(Binder.java:1344)
	at android.os.Binder.execTransact(Binder.java:1275)

00:35:50.620 [DEBUG] maestro.Maestro.setPermissionInternal: Failed to set permission me.everything.badger.permission.BADGE_COUNT_WRITE for app app.kabuk.mobile: shell command failed (exit -1): 
Exception occurred while executing 'grant':
java.lang.IllegalArgumentException: Unknown permission: me.everything.badger.permission.BADGE_COUNT_WRITE
	at com.android.server.pm.permission.PermissionManagerServiceImpl.grantRuntimePermissionInternal(PermissionManagerServiceImpl.java:1380)
	at com.android.server.pm.permission.PermissionManagerServiceImpl.grantRuntimePermission(PermissionManagerServiceImpl.java:1337)
	at com.android.server.pm.permission.PermissionManagerService.grantRuntimePermission(PermissionManagerService.java:551)
	at android.permission.PermissionManager.grantRuntimePermission(PermissionManager.java:609)
	at com.android.server.pm.PackageManagerShellCommand.runGrantRevokePermission(PackageManagerShellCommand.java:2672)
	at com.android.server.pm.PackageManagerShellCommand.onCommand(PackageManagerShellCommand.java:291)
	at com.android.modules.utils.BasicShellCommandHandler.exec(BasicShellCommandHandler.java:97)
	at android.os.ShellCommand.exec(ShellCommand.java:38)
	at com.android.server.pm.PackageManagerService$IPackageManagerImpl.onShellCommand(PackageManagerService.java:6350)
	at android.os.Binder.shellCommand(Binder.java:1068)
	at android.os.Binder.onTransact(Binder.java:888)
	at android.content.pm.IPackageManager$Stub.onTransact(IPackageManager.java:4352)
	at com.android.server.pm.PackageManagerService$IPackageManagerImpl.onTransact(PackageManagerService.java:6334)
	at android.os.Binder.execTransactInternal(Binder.java:1344)
	at android.os.Binder.execTransact(Binder.java:1275)

00:35:50.623 [ INFO] maestro.Maestro.launchApp$lambda$5: Launching app app.kabuk.mobile
00:35:50.623 [ INFO] maestro.Maestro.launchApp$lambda$5: Stopping app.kabuk.mobile app during launch
00:35:50.717 [ INFO] maestro.cli.runner.CliConsoleListener.onCommandFinished: Launch app "app.kabuk.mobile" with clear state COMPLETED
00:35:50.718 [ INFO] maestro.cli.runner.CliConsoleListener.onCommandStart: Assert that "Telefon numaran" is visible RUNNING
00:35:52.212 [ INFO] maestro.cli.runner.CliConsoleListener.onCommandFinished: Assert that "Telefon numaran" is visible COMPLETED
00:35:52.213 [ INFO] maestro.cli.runner.CliConsoleListener.onCommandStart: Take screenshot 01-phone RUNNING
00:35:52.215 [ INFO] maestro.Maestro.takeScreenshot: Taking screenshot
00:35:52.218 [TRACE] maestro.utils.ScreenshotUtils.takeScreenshot: Taking screenshot to output sink
00:35:52.422 [ INFO] maestro.cli.runner.CliConsoleListener.onCommandFinished: Take screenshot 01-phone COMPLETED
00:35:52.422 [ INFO] maestro.cli.runner.CliConsoleListener.onCommandStart: Run login-code.yaml RUNNING
00:35:52.422 [ INFO] maestro.cli.runner.CliConsoleListener.onCommandStart: Apply configuration RUNNING
00:35:52.423 [ INFO] maestro.cli.runner.CliConsoleListener.onCommandFinished: Apply configuration COMPLETED
00:35:52.423 [ INFO] maestro.cli.runner.CliConsoleListener.onCommandStart: Tap on id: phone-input RUNNING
00:35:52.774 [ INFO] maestro.Maestro.tap-HgV9Ck0: Tapping on element:  UiElement(treeNode=TreeNode(attributes={text=, accessibilityText=Telefon numaran, hintText=5xx xxx xx xx, ignoreBoundsFiltering=false, resource-id=phone-input, clickable=true, bounds=[75,200][282,247], enabled=true, focused=false, checked=false, scrollable=false, selected=false, class=android.widget.EditText, important-for-accessibility=true, error=}, children=[], clickable=true, enabled=true, focused=false, checked=false, selected=false), bounds=Bounds(x=75, y=200, width=207, height=47))
00:35:54.491 [ INFO] maestro.Maestro.tap-HgV9Ck0: Tap aimed via settled hierarchy
00:35:54.497 [ INFO] maestro.Maestro.hierarchyBasedTap-ogj28Uc: Tapping at (178, 223) using hierarchy based logic for wait
00:35:57.989 [ INFO] maestro.Maestro.hierarchyBasedTap-ogj28Uc: Something has changed in the UI judging by view hierarchy. Proceed.
00:35:57.990 [ INFO] maestro.cli.runner.CliConsoleListener.onCommandFinished: Tap on id: phone-input COMPLETED
00:35:57.990 [ INFO] maestro.cli.runner.CliConsoleListener.onCommandStart: Erase text RUNNING
00:35:57.993 [ INFO] maestro.Maestro.eraseText$lambda$52: Erasing 50 characters
00:36:01.279 [ INFO] maestro.cli.runner.CliConsoleListener.onCommandFinished: Erase text COMPLETED
00:36:01.281 [ INFO] maestro.cli.runner.CliConsoleListener.onCommandStart: Input text 5550000001 RUNNING
00:36:01.282 [ INFO] maestro.Maestro.inputText: Inputting text: 5550000001
00:36:03.708 [ INFO] maestro.cli.runner.CliConsoleListener.onCommandFinished: Input text 5550000001 COMPLETED
00:36:03.708 [ INFO] maestro.cli.runner.CliConsoleListener.onCommandStart: Hide Keyboard RUNNING
00:36:03.710 [ INFO] maestro.Maestro.hideKeyboard$lambda$12: Hiding Keyboard
00:36:05.124 [ INFO] maestro.cli.runner.CliConsoleListener.onCommandFinished: Hide Keyboard COMPLETED
00:36:05.124 [ INFO] maestro.cli.runner.CliConsoleListener.onCommandStart: Tap on "Kod gönder" RUNNING
00:36:05.267 [ INFO] maestro.Maestro.tap-HgV9Ck0: Tapping on element:  UiElement(treeNode=TreeNode(attributes={text=Kod gönder, accessibilityText=, hintText=, ignoreBoundsFiltering=false, resource-id=, clickable=false, bounds=[117,574][204,594], enabled=true, focused=false, checked=false, scrollable=false, selected=false, class=android.widget.TextView, important-for-accessibility=true, error=}, children=[], clickable=false, enabled=true, focused=false, checked=false, selected=false), bounds=Bounds(x=117, y=574, width=87, height=20))
00:36:06.716 [ INFO] maestro.Maestro.tap-HgV9Ck0: Tap aimed via settled hierarchy
00:36:06.717 [ INFO] maestro.Maestro.hierarchyBasedTap-ogj28Uc: Tapping at (160, 584) using hierarchy based logic for wait
00:36:13.344 [ INFO] maestro.Maestro.hierarchyBasedTap-ogj28Uc: Something has changed in the UI judging by view hierarchy. Proceed.
00:36:13.345 [ INFO] maestro.cli.runner.CliConsoleListener.onCommandFinished: Tap on "Kod gönder" COMPLETED
00:36:13.345 [ INFO] maestro.cli.runner.CliConsoleListener.onCommandStart: Assert that "Doğrulama kodu" is visible RUNNING
00:36:14.015 [ INFO] maestro.cli.runner.CliConsoleListener.onCommandFinished: Assert that "Doğrulama kodu" is visible COMPLETED
00:36:14.016 [ INFO] maestro.cli.runner.CliConsoleListener.onCommandStart: Take screenshot 02-otp RUNNING
00:36:14.018 [ INFO] maestro.Maestro.takeScreenshot: Taking screenshot
00:36:14.019 [TRACE] maestro.utils.ScreenshotUtils.takeScreenshot: Taking screenshot to output sink
00:36:14.083 [ INFO] maestro.cli.runner.CliConsoleListener.onCommandFinished: Take screenshot 02-otp COMPLETED
00:36:14.083 [ INFO] maestro.cli.runner.CliConsoleListener.onCommandStart: Tap on id: otp-input RUNNING
00:36:14.245 [ INFO] maestro.Maestro.tap-HgV9Ck0: Tapping on element:  UiElement(treeNode=TreeNode(attributes={text=, accessibilityText=Doğrulama kodu, hintText=, ignoreBoundsFiltering=false, resource-id=otp-input, clickable=true, bounds=[20,194][300,252], enabled=true, focused=true, checked=false, scrollable=false, selected=false, class=android.widget.EditText, important-for-accessibility=true, error=}, children=[], clickable=true, enabled=true, focused=true, checked=false, selected=false), bounds=Bounds(x=20, y=194, width=280, height=58))
00:36:15.329 [ INFO] maestro.Maestro.tap-HgV9Ck0: Tap aimed via settled hierarchy
00:36:15.329 [ INFO] maestro.Maestro.hierarchyBasedTap-ogj28Uc: Tapping at (160, 223) using hierarchy based logic for wait
00:36:16.169 [ INFO] maestro.Maestro.hierarchyBasedTap-ogj28Uc: Something has changed in the UI judging by view hierarchy. Proceed.
00:36:16.169 [ INFO] maestro.cli.runner.CliConsoleListener.onCommandFinished: Tap on id: otp-input COMPLETED
00:36:16.169 [ INFO] maestro.cli.runner.CliConsoleListener.onCommandStart: Input text 123456 RUNNING
00:36:16.170 [ INFO] maestro.Maestro.inputText: Inputting text: 123456
00:36:18.204 [ INFO] maestro.cli.runner.CliConsoleListener.onCommandFinished: Input text 123456 COMPLETED
00:36:18.204 [ INFO] maestro.cli.runner.CliConsoleListener.onCommandFinished: Run login-code.yaml COMPLETED
00:36:18.204 [ INFO] maestro.cli.runner.CliConsoleListener.onCommandStart: Assert that "Başlamadan önce" is visible RUNNING
00:36:18.329 [ INFO] maestro.cli.runner.CliConsoleListener.onCommandFinished: Assert that "Başlamadan önce" is visible COMPLETED
00:36:18.329 [ INFO] maestro.cli.runner.CliConsoleListener.onCommandStart: Take screenshot 03-consents RUNNING
00:36:18.330 [ INFO] maestro.Maestro.takeScreenshot: Taking screenshot
00:36:18.330 [TRACE] maestro.utils.ScreenshotUtils.takeScreenshot: Taking screenshot to output sink
00:36:18.426 [ INFO] maestro.cli.runner.CliConsoleListener.onCommandFinished: Take screenshot 03-consents COMPLETED
00:36:18.426 [ INFO] maestro.cli.runner.CliConsoleListener.onCommandStart: Tap on "Kullanım Koşulları’nı okudum ve kabul ediyorum." RUNNING
00:36:18.508 [ INFO] maestro.Maestro.tap-HgV9Ck0: Tapping on element:  UiElement(treeNode=TreeNode(attributes={text=Kullanım Koşulları’nı okudum ve kabul ediyorum., accessibilityText=, hintText=, ignoreBoundsFiltering=false, resource-id=, clickable=false, bounds=[74,119][284,165], enabled=true, focused=false, checked=false, scrollable=false, selected=false, class=android.widget.TextView, important-for-accessibility=true, error=}, children=[], clickable=false, enabled=true, focused=false, checked=false, selected=false), bounds=Bounds(x=74, y=119, width=210, height=46))
00:36:19.847 [ INFO] maestro.Maestro.tap-HgV9Ck0: Tap aimed via settled hierarchy
00:36:19.849 [ INFO] maestro.Maestro.hierarchyBasedTap-ogj28Uc: Tapping at (179, 142) using hierarchy based logic for wait
00:36:20.822 [ INFO] maestro.Maestro.hierarchyBasedTap-ogj28Uc: Something has changed in the UI judging by view hierarchy. Proceed.
00:36:20.822 [ INFO] maestro.cli.runner.CliConsoleListener.onCommandFinished: Tap on "Kullanım Koşulları’nı okudum ve kabul ediyorum." COMPLETED
00:36:20.822 [ INFO] maestro.cli.runner.CliConsoleListener.onCommandStart: Tap on "KVKK Aydınlatma Metni’ni okudum." RUNNING
00:36:21.024 [ INFO] maestro.Maestro.tap-HgV9Ck0: Tapping on element:  UiElement(treeNode=TreeNode(attributes={text=KVKK Aydınlatma Metni’ni okudum., accessibilityText=, hintText=, ignoreBoundsFiltering=false, resource-id=, clickable=false, bounds=[74,219][284,265], enabled=true, focused=false, checked=false, scrollable=false, selected=false, class=android.widget.TextView, important-for-accessibility=true, error=}, children=[], clickable=false, enabled=true, focused=false, checked=false, selected=false), bounds=Bounds(x=74, y=219, width=210, height=46))
00:36:22.287 [ INFO] maestro.Maestro.tap-HgV9Ck0: Tap aimed via settled hierarchy
00:36:22.288 [ INFO] maestro.Maestro.hierarchyBasedTap-ogj28Uc: Tapping at (179, 242) using hierarchy based logic for wait
00:36:23.134 [ INFO] maestro.Maestro.hierarchyBasedTap-ogj28Uc: Something has changed in the UI judging by view hierarchy. Proceed.
00:36:23.134 [ INFO] maestro.cli.runner.CliConsoleListener.onCommandFinished: Tap on "KVKK Aydınlatma Metni’ni okudum." COMPLETED
00:36:23.135 [ INFO] maestro.cli.runner.CliConsoleListener.onCommandStart: Tap on "Onayla ve devam et" RUNNING
00:36:23.244 [ INFO] maestro.Maestro.tap-HgV9Ck0: Tapping on element:  UiElement(treeNode=TreeNode(attributes={text=Onayla ve devam et, accessibilityText=, hintText=, ignoreBoundsFiltering=false, resource-id=, clickable=false, bounds=[87,574][234,594], enabled=true, focused=false, checked=false, scrollable=false, selected=false, class=android.widget.TextView, important-for-accessibility=true, error=}, children=[], clickable=false, enabled=true, focused=false, checked=false, selected=false), bounds=Bounds(x=87, y=574, width=147, height=20))
00:36:24.548 [ INFO] maestro.Maestro.tap-HgV9Ck0: Tap aimed via settled hierarchy
00:36:24.549 [ INFO] maestro.Maestro.hierarchyBasedTap-ogj28Uc: Tapping at (160, 584) using hierarchy based logic for wait
00:36:25.409 [ INFO] maestro.Maestro.hierarchyBasedTap-ogj28Uc: Something has changed in the UI judging by view hierarchy. Proceed.
00:36:25.410 [ INFO] maestro.cli.runner.CliConsoleListener.onCommandFinished: Tap on "Onayla ve devam et" COMPLETED
00:36:25.410 [ INFO] maestro.cli.runner.CliConsoleListener.onCommandStart: Assert that "Seni tanıyalım" is visible RUNNING
00:36:25.487 [ INFO] maestro.cli.runner.CliConsoleListener.onCommandFinished: Assert that "Seni tanıyalım" is visible COMPLETED
00:36:25.488 [ INFO] maestro.cli.runner.CliConsoleListener.onCommandStart: Run ${output.underAgeYear = String(new Date().getFullYear() - 17)} RUNNING
00:36:26.681 [ INFO] maestro.cli.runner.CliConsoleListener.onCommandFinished: Run ${output.underAgeYear = String(new Date().getFullYear() - 17)} COMPLETED
00:36:26.681 [ INFO] maestro.cli.runner.CliConsoleListener.onCommandStart: Run about-you.yaml RUNNING
00:36:26.682 [ INFO] maestro.cli.runner.CliConsoleListener.onCommandStart: Define variables RUNNING
00:36:26.688 [ INFO] maestro.cli.runner.CliConsoleListener.onCommandFinished: Define variables COMPLETED
00:36:26.688 [ INFO] maestro.cli.runner.CliConsoleListener.onCommandStart: Apply configuration RUNNING
00:36:26.689 [ INFO] maestro.cli.runner.CliConsoleListener.onCommandFinished: Apply configuration COMPLETED
00:36:26.690 [ INFO] maestro.cli.runner.CliConsoleListener.onCommandStart: Tap on id: signup-name RUNNING
00:36:26.772 [ INFO] maestro.Maestro.tap-HgV9Ck0: Tapping on element:  UiElement(treeNode=TreeNode(attributes={text=, accessibilityText=, hintText=, ignoreBoundsFiltering=false, resource-id=signup-name, clickable=true, bounds=[38,154][282,200], enabled=true, focused=false, checked=false, scrollable=false, selected=false, class=android.widget.EditText, important-for-accessibility=true, error=}, children=[], clickable=true, enabled=true, focused=false, checked=false, selected=false), bounds=Bounds(x=38, y=154, width=244, height=46))
00:36:28.042 [ INFO] maestro.Maestro.tap-HgV9Ck0: Tap aimed via settled hierarchy
00:36:28.044 [ INFO] maestro.Maestro.hierarchyBasedTap-ogj28Uc: Tapping at (160, 177) using hierarchy based logic for wait
00:36:29.803 [ INFO] maestro.Maestro.hierarchyBasedTap-ogj28Uc: Something has changed in the UI judging by view hierarchy. Proceed.
00:36:29.803 [ INFO] maestro.cli.runner.CliConsoleListener.onCommandFinished: Tap on id: signup-name COMPLETED
00:36:29.803 [ INFO] maestro.cli.runner.CliConsoleListener.onCommandStart: Erase text RUNNING
00:36:29.804 [ INFO] maestro.Maestro.eraseText$lambda$52: Erasing 50 characters
00:36:31.684 [ INFO] maestro.cli.runner.CliConsoleListener.onCommandFinished: Erase text COMPLETED
00:36:31.685 [ INFO] maestro.cli.runner.CliConsoleListener.onCommandStart: Input text ${NAME} RUNNING
00:36:31.689 [ INFO] maestro.Maestro.inputText: Inputting text: Genç Masa
00:36:34.188 [ INFO] maestro.cli.runner.CliConsoleListener.onCommandFinished: Input text ${NAME} COMPLETED
00:36:34.189 [ INFO] maestro.cli.runner.CliConsoleListener.onCommandStart: Tap on id: birth-day RUNNING
00:36:34.341 [ INFO] maestro.Maestro.tap-HgV9Ck0: Tapping on element:  UiElement(treeNode=TreeNode(attributes={text=, accessibilityText=Gün, hintText=, ignoreBoundsFiltering=false, resource-id=birth-day, clickable=true, bounds=[38,299][75,345], enabled=true, focused=false, checked=false, scrollable=false, selected=false, class=android.widget.EditText, important-for-accessibility=true, error=}, children=[], clickable=true, enabled=true, focused=false, checked=false, selected=false), bounds=Bounds(x=38, y=299, width=37, height=46))
00:36:35.575 [ INFO] maestro.Maestro.tap-HgV9Ck0: Tap aimed via settled hierarchy
00:36:35.576 [ INFO] maestro.Maestro.hierarchyBasedTap-ogj28Uc: Tapping at (56, 322) using hierarchy based logic for wait
00:36:36.532 [ INFO] maestro.Maestro.hierarchyBasedTap-ogj28Uc: Something has changed in the UI judging by view hierarchy. Proceed.
00:36:36.533 [ INFO] maestro.cli.runner.CliConsoleListener.onCommandFinished: Tap on id: birth-day COMPLETED
00:36:36.533 [ INFO] maestro.cli.runner.CliConsoleListener.onCommandStart: Input text ${DAY} RUNNING
00:36:36.539 [ INFO] maestro.Maestro.inputText: Inputting text: 01
00:36:37.518 [ INFO] maestro.cli.runner.CliConsoleListener.onCommandFinished: Input text ${DAY} COMPLETED
00:36:37.518 [ INFO] maestro.cli.runner.CliConsoleListener.onCommandStart: Tap on id: birth-month RUNNING
00:36:37.687 [ INFO] maestro.Maestro.tap-HgV9Ck0: Tapping on element:  UiElement(treeNode=TreeNode(attributes={text=, accessibilityText=Ay, hintText=, ignoreBoundsFiltering=false, resource-id=birth-month, clickable=true, bounds=[120,299][157,345], enabled=true, focused=false, checked=false, scrollable=false, selected=false, class=android.widget.EditText, important-for-accessibility=true, error=}, children=[], clickable=true, enabled=true, focused=false, checked=false, selected=false), bounds=Bounds(x=120, y=299, width=37, height=46))
00:36:38.905 [ INFO] maestro.Maestro.tap-HgV9Ck0: Tap aimed via settled hierarchy
00:36:38.906 [ INFO] maestro.Maestro.hierarchyBasedTap-ogj28Uc: Tapping at (138, 322) using hierarchy based logic for wait
00:36:39.935 [ INFO] maestro.Maestro.hierarchyBasedTap-ogj28Uc: Something has changed in the UI judging by view hierarchy. Proceed.
00:36:39.936 [ INFO] maestro.cli.runner.CliConsoleListener.onCommandFinished: Tap on id: birth-month COMPLETED
00:36:39.936 [ INFO] maestro.cli.runner.CliConsoleListener.onCommandStart: Input text ${MONTH} RUNNING
00:36:39.943 [ INFO] maestro.Maestro.inputText: Inputting text: 01
00:36:40.918 [ INFO] maestro.cli.runner.CliConsoleListener.onCommandFinished: Input text ${MONTH} COMPLETED
00:36:40.920 [ INFO] maestro.cli.runner.CliConsoleListener.onCommandStart: Tap on id: birth-year RUNNING
00:36:41.073 [ INFO] maestro.Maestro.tap-HgV9Ck0: Tapping on element:  UiElement(treeNode=TreeNode(attributes={text=, accessibilityText=Yıl, hintText=, ignoreBoundsFiltering=false, resource-id=birth-year, clickable=true, bounds=[202,299][282,345], enabled=true, focused=false, checked=false, scrollable=false, selected=false, class=android.widget.EditText, important-for-accessibility=true, error=}, children=[], clickable=true, enabled=true, focused=false, checked=false, selected=false), bounds=Bounds(x=202, y=299, width=80, height=46))
00:36:42.361 [ INFO] maestro.Maestro.tap-HgV9Ck0: Tap aimed via settled hierarchy
00:36:42.361 [ INFO] maestro.Maestro.hierarchyBasedTap-ogj28Uc: Tapping at (242, 322) using hierarchy based logic for wait
00:36:43.272 [ INFO] maestro.Maestro.hierarchyBasedTap-ogj28Uc: Something has changed in the UI judging by view hierarchy. Proceed.
00:36:43.273 [ INFO] maestro.cli.runner.CliConsoleListener.onCommandFinished: Tap on id: birth-year COMPLETED
00:36:43.273 [ INFO] maestro.cli.runner.CliConsoleListener.onCommandStart: Input text ${YEAR} RUNNING
00:36:43.277 [ INFO] maestro.Maestro.inputText: Inputting text: 2009
00:36:44.431 [ INFO] maestro.cli.runner.CliConsoleListener.onCommandFinished: Input text ${YEAR} COMPLETED
00:36:44.431 [ INFO] maestro.cli.runner.CliConsoleListener.onCommandStart: Hide Keyboard RUNNING
00:36:44.432 [ INFO] maestro.Maestro.hideKeyboard$lambda$12: Hiding Keyboard
00:36:45.309 [ INFO] maestro.cli.runner.CliConsoleListener.onCommandFinished: Hide Keyboard COMPLETED
00:36:45.310 [ INFO] maestro.cli.runner.CliConsoleListener.onCommandStart: Tap on id: signup-continue RUNNING
00:36:45.371 [ INFO] maestro.Maestro.tap-HgV9Ck0: Tapping on element:  UiElement(treeNode=TreeNode(attributes={text=, accessibilityText=Devam, hintText=, ignoreBoundsFiltering=false, resource-id=signup-continue, clickable=true, bounds=[20,560][300,608], enabled=true, focused=false, checked=false, scrollable=false, selected=false, class=android.widget.Button, important-for-accessibility=true, error=}, children=[TreeNode(attributes={text=, accessibilityText=, hintText=, ignoreBoundsFiltering=false, resource-id=, clickable=false, bounds=[20,560][300,608], enabled=true, focused=false, checked=false, scrollable=false, selected=false, class=android.view.ViewGroup, important-for-accessibility=false, error=}, children=[], clickable=false, enabled=true, focused=false, checked=false, selected=false), TreeNode(attributes={text=Devam, accessibilityText=, hintText=, ignoreBoundsFiltering=false, resource-id=, clickable=false, bounds=[134,574][186,594], enabled=true, focused=false, checked=false, scrollable=false, selected=false, class=android.widget.TextView, important-for-accessibility=true, error=}, children=[], clickable=false, enabled=true, focused=false, checked=false, selected=false)], clickable=true, enabled=true, focused=false, checked=false, selected=false), bounds=Bounds(x=20, y=560, width=280, height=48))
00:36:47.295 [ INFO] maestro.Maestro.tap-HgV9Ck0: Tap aimed via settled hierarchy
00:36:47.295 [ INFO] maestro.Maestro.hierarchyBasedTap-ogj28Uc: Tapping at (160, 584) using hierarchy based logic for wait
00:36:49.073 [ INFO] maestro.Maestro.hierarchyBasedTap-ogj28Uc: Something has changed in the UI judging by view hierarchy. Proceed.
00:36:49.073 [ INFO] maestro.cli.runner.CliConsoleListener.onCommandFinished: Tap on id: signup-continue COMPLETED
00:36:49.073 [ INFO] maestro.cli.runner.CliConsoleListener.onCommandFinished: Run about-you.yaml COMPLETED
00:36:49.074 [ INFO] maestro.cli.runner.CliConsoleListener.onCommandStart: Assert that id: under-age is visible RUNNING
00:36:49.135 [ INFO] maestro.cli.runner.CliConsoleListener.onCommandFinished: Assert that id: under-age is visible COMPLETED
00:36:49.135 [ INFO] maestro.cli.runner.CliConsoleListener.onCommandStart: Assert that "Kabuk 18 yaş ve üzeri içindir" is visible RUNNING
00:36:49.235 [ INFO] maestro.cli.runner.CliConsoleListener.onCommandFinished: Assert that "Kabuk 18 yaş ve üzeri içindir" is visible COMPLETED
00:36:49.235 [ INFO] maestro.cli.runner.CliConsoleListener.onCommandStart: Take screenshot 03a-under-age RUNNING
00:36:49.236 [ INFO] maestro.Maestro.takeScreenshot: Taking screenshot
00:36:49.236 [TRACE] maestro.utils.ScreenshotUtils.takeScreenshot: Taking screenshot to output sink
00:36:49.255 [ INFO] maestro.cli.runner.CliConsoleListener.onCommandFinished: Take screenshot 03a-under-age COMPLETED
00:36:49.255 [ INFO] maestro.cli.runner.CliConsoleListener.onCommandStart: Tap on "Kapat" RUNNING
00:36:49.355 [ INFO] maestro.Maestro.tap-HgV9Ck0: Tapping on element:  UiElement(treeNode=TreeNode(attributes={text=Kapat, accessibilityText=, hintText=, ignoreBoundsFiltering=false, resource-id=, clickable=false, bounds=[138,574][182,594], enabled=true, focused=false, checked=false, scrollable=false, selected=false, class=android.widget.TextView, important-for-accessibility=true, error=}, children=[], clickable=false, enabled=true, focused=false, checked=false, selected=false), bounds=Bounds(x=138, y=574, width=44, height=20))
00:36:50.555 [ INFO] maestro.Maestro.tap-HgV9Ck0: Tap aimed via settled hierarchy
00:36:50.556 [ INFO] maestro.Maestro.hierarchyBasedTap-ogj28Uc: Tapping at (160, 584) using hierarchy based logic for wait
00:36:51.475 [ INFO] maestro.Maestro.hierarchyBasedTap-ogj28Uc: Something has changed in the UI judging by view hierarchy. Proceed.
00:36:51.475 [ INFO] maestro.cli.runner.CliConsoleListener.onCommandFinished: Tap on "Kapat" COMPLETED
00:36:51.475 [ INFO] maestro.cli.runner.CliConsoleListener.onCommandStart: Assert that "Telefon numaran" is visible RUNNING
00:36:51.539 [ INFO] maestro.cli.runner.CliConsoleListener.onCommandFinished: Assert that "Telefon numaran" is visible COMPLETED
00:36:51.539 [ INFO] maestro.cli.runner.CliConsoleListener.onCommandStart: Run login-code.yaml RUNNING
00:36:51.540 [ INFO] maestro.cli.runner.CliConsoleListener.onCommandStart: Apply configuration RUNNING
00:36:51.540 [ INFO] maestro.cli.runner.CliConsoleListener.onCommandFinished: Apply configuration COMPLETED
00:36:51.540 [ INFO] maestro.cli.runner.CliConsoleListener.onCommandStart: Tap on id: phone-input RUNNING
00:36:51.643 [ INFO] maestro.Maestro.tap-HgV9Ck0: Tapping on element:  UiElement(treeNode=TreeNode(attributes={text=, accessibilityText=Telefon numaran, hintText=5xx xxx xx xx, ignoreBoundsFiltering=false, resource-id=phone-input, clickable=true, bounds=[75,200][282,247], enabled=true, focused=false, checked=false, scrollable=false, selected=false, class=android.widget.EditText, important-for-accessibility=true, error=}, children=[], clickable=true, enabled=true, focused=false, checked=false, selected=false), bounds=Bounds(x=75, y=200, width=207, height=47))
00:36:52.902 [ INFO] maestro.Maestro.tap-HgV9Ck0: Tap aimed via settled hierarchy
00:36:52.903 [ INFO] maestro.Maestro.hierarchyBasedTap-ogj28Uc: Tapping at (178, 223) using hierarchy based logic for wait
00:36:54.366 [ INFO] maestro.Maestro.hierarchyBasedTap-ogj28Uc: Something has changed in the UI judging by view hierarchy. Proceed.
00:36:54.366 [ INFO] maestro.cli.runner.CliConsoleListener.onCommandFinished: Tap on id: phone-input COMPLETED
00:36:54.366 [ INFO] maestro.cli.runner.CliConsoleListener.onCommandStart: Erase text RUNNING
00:36:54.366 [ INFO] maestro.Maestro.eraseText$lambda$52: Erasing 50 characters
00:36:56.225 [ INFO] maestro.cli.runner.CliConsoleListener.onCommandFinished: Erase text COMPLETED
00:36:56.225 [ INFO] maestro.cli.runner.CliConsoleListener.onCommandStart: Input text 5550000001 RUNNING
00:36:56.225 [ INFO] maestro.Maestro.inputText: Inputting text: 5550000001
00:36:57.996 [ INFO] maestro.cli.runner.CliConsoleListener.onCommandFinished: Input text 5550000001 COMPLETED
00:36:57.996 [ INFO] maestro.cli.runner.CliConsoleListener.onCommandStart: Hide Keyboard RUNNING
00:36:57.996 [ INFO] maestro.Maestro.hideKeyboard$lambda$12: Hiding Keyboard
00:36:58.922 [ INFO] maestro.cli.runner.CliConsoleListener.onCommandFinished: Hide Keyboard COMPLETED
00:36:58.922 [ INFO] maestro.cli.runner.CliConsoleListener.onCommandStart: Tap on "Kod gönder" RUNNING
00:36:58.984 [ INFO] maestro.Maestro.tap-HgV9Ck0: Tapping on element:  UiElement(treeNode=TreeNode(attributes={text=Kod gönder, accessibilityText=, hintText=, ignoreBoundsFiltering=false, resource-id=, clickable=false, bounds=[117,574][204,594], enabled=true, focused=false, checked=false, scrollable=false, selected=false, class=android.widget.TextView, important-for-accessibility=true, error=}, children=[], clickable=false, enabled=true, focused=false, checked=false, selected=false), bounds=Bounds(x=117, y=574, width=87, height=20))
00:37:00.175 [ INFO] maestro.Maestro.tap-HgV9Ck0: Tap aimed via settled hierarchy
00:37:00.176 [ INFO] maestro.Maestro.hierarchyBasedTap-ogj28Uc: Tapping at (160, 584) using hierarchy based logic for wait
00:37:01.297 [ INFO] maestro.Maestro.hierarchyBasedTap-ogj28Uc: Something has changed in the UI judging by view hierarchy. Proceed.
00:37:01.297 [ INFO] maestro.cli.runner.CliConsoleListener.onCommandFinished: Tap on "Kod gönder" COMPLETED
00:37:01.297 [ INFO] maestro.cli.runner.CliConsoleListener.onCommandStart: Assert that "Doğrulama kodu" is visible RUNNING
00:37:01.408 [ INFO] maestro.cli.runner.CliConsoleListener.onCommandFinished: Assert that "Doğrulama kodu" is visible COMPLETED
00:37:01.408 [ INFO] maestro.cli.runner.CliConsoleListener.onCommandStart: Take screenshot 02-otp RUNNING
00:37:01.409 [ INFO] maestro.Maestro.takeScreenshot: Taking screenshot
00:37:01.409 [TRACE] maestro.utils.ScreenshotUtils.takeScreenshot: Taking screenshot to output sink
00:37:01.464 [ INFO] maestro.cli.runner.CliConsoleListener.onCommandFinished: Take screenshot 02-otp COMPLETED
00:37:01.464 [ INFO] maestro.cli.runner.CliConsoleListener.onCommandStart: Tap on id: otp-input RUNNING
00:37:01.590 [ INFO] maestro.Maestro.tap-HgV9Ck0: Tapping on element:  UiElement(treeNode=TreeNode(attributes={text=, accessibilityText=Doğrulama kodu, hintText=, ignoreBoundsFiltering=false, resource-id=otp-input, clickable=true, bounds=[20,194][300,252], enabled=true, focused=true, checked=false, scrollable=false, selected=false, class=android.widget.EditText, important-for-accessibility=true, error=}, children=[], clickable=true, enabled=true, focused=true, checked=false, selected=false), bounds=Bounds(x=20, y=194, width=280, height=58))
00:37:03.495 [ INFO] maestro.Maestro.tap-HgV9Ck0: Tap aimed via settled hierarchy
00:37:03.497 [ INFO] maestro.Maestro.hierarchyBasedTap-ogj28Uc: Tapping at (160, 223) using hierarchy based logic for wait
00:37:04.301 [ INFO] maestro.Maestro.hierarchyBasedTap-ogj28Uc: Something has changed in the UI judging by view hierarchy. Proceed.
00:37:04.302 [ INFO] maestro.cli.runner.CliConsoleListener.onCommandFinished: Tap on id: otp-input COMPLETED
00:37:04.302 [ INFO] maestro.cli.runner.CliConsoleListener.onCommandStart: Input text 123456 RUNNING
00:37:04.302 [ INFO] maestro.Maestro.inputText: Inputting text: 123456
00:37:05.722 [ INFO] maestro.cli.runner.CliConsoleListener.onCommandFinished: Input text 123456 COMPLETED
00:37:05.722 [ INFO] maestro.cli.runner.CliConsoleListener.onCommandFinished: Run login-code.yaml COMPLETED
00:37:05.723 [ INFO] maestro.cli.runner.CliConsoleListener.onCommandStart: Assert that "Başlamadan önce" is visible RUNNING
00:37:05.833 [ INFO] maestro.cli.runner.CliConsoleListener.onCommandFinished: Assert that "Başlamadan önce" is visible COMPLETED
00:37:05.833 [ INFO] maestro.cli.runner.CliConsoleListener.onCommandStart: Tap on "Kullanım Koşulları’nı okudum ve kabul ediyorum." RUNNING
00:37:05.948 [ INFO] maestro.Maestro.tap-HgV9Ck0: Tapping on element:  UiElement(treeNode=TreeNode(attributes={text=Kullanım Koşulları’nı okudum ve kabul ediyorum., accessibilityText=, hintText=, ignoreBoundsFiltering=false, resource-id=, clickable=false, bounds=[74,119][284,165], enabled=true, focused=false, checked=false, scrollable=false, selected=false, class=android.widget.TextView, important-for-accessibility=true, error=}, children=[], clickable=false, enabled=true, focused=false, checked=false, selected=false), bounds=Bounds(x=74, y=119, width=210, height=46))
00:37:07.131 [ INFO] maestro.Maestro.tap-HgV9Ck0: Tap aimed via settled hierarchy
00:37:07.132 [ INFO] maestro.Maestro.hierarchyBasedTap-ogj28Uc: Tapping at (179, 142) using hierarchy based logic for wait
00:37:07.971 [ INFO] maestro.Maestro.hierarchyBasedTap-ogj28Uc: Something has changed in the UI judging by view hierarchy. Proceed.
00:37:07.971 [ INFO] maestro.cli.runner.CliConsoleListener.onCommandFinished: Tap on "Kullanım Koşulları’nı okudum ve kabul ediyorum." COMPLETED
00:37:07.971 [ INFO] maestro.cli.runner.CliConsoleListener.onCommandStart: Tap on "KVKK Aydınlatma Metni’ni okudum." RUNNING
00:37:08.036 [ INFO] maestro.Maestro.tap-HgV9Ck0: Tapping on element:  UiElement(treeNode=TreeNode(attributes={text=KVKK Aydınlatma Metni’ni okudum., accessibilityText=, hintText=, ignoreBoundsFiltering=false, resource-id=, clickable=false, bounds=[74,219][284,265], enabled=true, focused=false, checked=false, scrollable=false, selected=false, class=android.widget.TextView, important-for-accessibility=true, error=}, children=[], clickable=false, enabled=true, focused=false, checked=false, selected=false), bounds=Bounds(x=74, y=219, width=210, height=46))
00:37:09.256 [ INFO] maestro.Maestro.tap-HgV9Ck0: Tap aimed via settled hierarchy
00:37:09.257 [ INFO] maestro.Maestro.hierarchyBasedTap-ogj28Uc: Tapping at (179, 242) using hierarchy based logic for wait
00:37:10.371 [ INFO] maestro.Maestro.hierarchyBasedTap-ogj28Uc: Something has changed in the UI judging by view hierarchy. Proceed.
00:37:10.371 [ INFO] maestro.cli.runner.CliConsoleListener.onCommandFinished: Tap on "KVKK Aydınlatma Metni’ni okudum." COMPLETED
00:37:10.371 [ INFO] maestro.cli.runner.CliConsoleListener.onCommandStart: Tap on "Onayla ve devam et" RUNNING
00:37:10.520 [ INFO] maestro.Maestro.tap-HgV9Ck0: Tapping on element:  UiElement(treeNode=TreeNode(attributes={text=Onayla ve devam et, accessibilityText=, hintText=, ignoreBoundsFiltering=false, resource-id=, clickable=false, bounds=[87,574][234,594], enabled=true, focused=false, checked=false, scrollable=false, selected=false, class=android.widget.TextView, important-for-accessibility=true, error=}, children=[], clickable=false, enabled=true, focused=false, checked=false, selected=false), bounds=Bounds(x=87, y=574, width=147, height=20))
00:37:11.707 [ INFO] maestro.Maestro.tap-HgV9Ck0: Tap aimed via settled hierarchy
00:37:11.708 [ INFO] maestro.Maestro.hierarchyBasedTap-ogj28Uc: Tapping at (160, 584) using hierarchy based logic for wait
00:37:12.653 [ INFO] maestro.Maestro.hierarchyBasedTap-ogj28Uc: Something has changed in the UI judging by view hierarchy. Proceed.
00:37:12.653 [ INFO] maestro.cli.runner.CliConsoleListener.onCommandFinished: Tap on "Onayla ve devam et" COMPLETED
00:37:12.653 [ INFO] maestro.cli.runner.CliConsoleListener.onCommandStart: Assert that "Seni tanıyalım" is visible RUNNING
00:37:12.864 [ INFO] maestro.cli.runner.CliConsoleListener.onCommandFinished: Assert that "Seni tanıyalım" is visible COMPLETED
00:37:12.865 [ INFO] maestro.cli.runner.CliConsoleListener.onCommandStart: Take screenshot 03b-about-you RUNNING
00:37:12.865 [ INFO] maestro.Maestro.takeScreenshot: Taking screenshot
00:37:12.865 [TRACE] maestro.utils.ScreenshotUtils.takeScreenshot: Taking screenshot to output sink
00:37:12.934 [ INFO] maestro.cli.runner.CliConsoleListener.onCommandFinished: Take screenshot 03b-about-you COMPLETED
00:37:12.934 [ INFO] maestro.cli.runner.CliConsoleListener.onCommandStart: Run about-you.yaml RUNNING
00:37:12.935 [ INFO] maestro.cli.runner.CliConsoleListener.onCommandStart: Define variables RUNNING
00:37:12.935 [ INFO] maestro.cli.runner.CliConsoleListener.onCommandFinished: Define variables COMPLETED
00:37:12.935 [ INFO] maestro.cli.runner.CliConsoleListener.onCommandStart: Apply configuration RUNNING
00:37:12.935 [ INFO] maestro.cli.runner.CliConsoleListener.onCommandFinished: Apply configuration COMPLETED
00:37:12.936 [ INFO] maestro.cli.runner.CliConsoleListener.onCommandStart: Tap on id: signup-name RUNNING
00:37:13.080 [ INFO] maestro.Maestro.tap-HgV9Ck0: Tapping on element:  UiElement(treeNode=TreeNode(attributes={text=, accessibilityText=, hintText=, ignoreBoundsFiltering=false, resource-id=signup-name, clickable=true, bounds=[38,154][282,200], enabled=true, focused=false, checked=false, scrollable=false, selected=false, class=android.widget.EditText, important-for-accessibility=true, error=}, children=[], clickable=true, enabled=true, focused=false, checked=false, selected=false), bounds=Bounds(x=38, y=154, width=244, height=46))
00:37:14.285 [ INFO] maestro.Maestro.tap-HgV9Ck0: Tap aimed via settled hierarchy
00:37:14.285 [ INFO] maestro.Maestro.hierarchyBasedTap-ogj28Uc: Tapping at (160, 177) using hierarchy based logic for wait
00:37:15.734 [ INFO] maestro.Maestro.hierarchyBasedTap-ogj28Uc: Something has changed in the UI judging by view hierarchy. Proceed.
00:37:15.735 [ INFO] maestro.cli.runner.CliConsoleListener.onCommandFinished: Tap on id: signup-name COMPLETED
00:37:15.735 [ INFO] maestro.cli.runner.CliConsoleListener.onCommandStart: Erase text RUNNING
00:37:15.735 [ INFO] maestro.Maestro.eraseText$lambda$52: Erasing 50 characters
00:37:17.580 [ INFO] maestro.cli.runner.CliConsoleListener.onCommandFinished: Erase text COMPLETED
00:37:17.581 [ INFO] maestro.cli.runner.CliConsoleListener.onCommandStart: Input text ${NAME} RUNNING
00:37:17.584 [ INFO] maestro.Maestro.inputText: Inputting text: Cihaz Masa
00:37:20.213 [ INFO] maestro.cli.runner.CliConsoleListener.onCommandFinished: Input text ${NAME} COMPLETED
00:37:20.213 [ INFO] maestro.cli.runner.CliConsoleListener.onCommandStart: Tap on id: birth-day RUNNING
00:37:20.325 [ INFO] maestro.Maestro.tap-HgV9Ck0: Tapping on element:  UiElement(treeNode=TreeNode(attributes={text=, accessibilityText=Gün, hintText=, ignoreBoundsFiltering=false, resource-id=birth-day, clickable=true, bounds=[38,299][75,345], enabled=true, focused=false, checked=false, scrollable=false, selected=false, class=android.widget.EditText, important-for-accessibility=true, error=}, children=[], clickable=true, enabled=true, focused=false, checked=false, selected=false), bounds=Bounds(x=38, y=299, width=37, height=46))
00:37:21.587 [ INFO] maestro.Maestro.tap-HgV9Ck0: Tap aimed via settled hierarchy
00:37:21.588 [ INFO] maestro.Maestro.hierarchyBasedTap-ogj28Uc: Tapping at (56, 322) using hierarchy based logic for wait
00:37:22.493 [ INFO] maestro.Maestro.hierarchyBasedTap-ogj28Uc: Something has changed in the UI judging by view hierarchy. Proceed.
00:37:22.493 [ INFO] maestro.cli.runner.CliConsoleListener.onCommandFinished: Tap on id: birth-day COMPLETED
00:37:22.493 [ INFO] maestro.cli.runner.CliConsoleListener.onCommandStart: Input text ${DAY} RUNNING
00:37:22.497 [ INFO] maestro.Maestro.inputText: Inputting text: 15
00:37:23.432 [ INFO] maestro.cli.runner.CliConsoleListener.onCommandFinished: Input text ${DAY} COMPLETED
00:37:23.432 [ INFO] maestro.cli.runner.CliConsoleListener.onCommandStart: Tap on id: birth-month RUNNING
00:37:23.549 [ INFO] maestro.Maestro.tap-HgV9Ck0: Tapping on element:  UiElement(treeNode=TreeNode(attributes={text=, accessibilityText=Ay, hintText=, ignoreBoundsFiltering=false, resource-id=birth-month, clickable=true, bounds=[120,299][157,345], enabled=true, focused=false, checked=false, scrollable=false, selected=false, class=android.widget.EditText, important-for-accessibility=true, error=}, children=[], clickable=true, enabled=true, focused=false, checked=false, selected=false), bounds=Bounds(x=120, y=299, width=37, height=46))
00:37:24.812 [ INFO] maestro.Maestro.tap-HgV9Ck0: Tap aimed via settled hierarchy
00:37:24.812 [ INFO] maestro.Maestro.hierarchyBasedTap-ogj28Uc: Tapping at (138, 322) using hierarchy based logic for wait
00:37:25.735 [ INFO] maestro.Maestro.hierarchyBasedTap-ogj28Uc: Something has changed in the UI judging by view hierarchy. Proceed.
00:37:25.736 [ INFO] maestro.cli.runner.CliConsoleListener.onCommandFinished: Tap on id: birth-month COMPLETED
00:37:25.736 [ INFO] maestro.cli.runner.CliConsoleListener.onCommandStart: Input text ${MONTH} RUNNING
00:37:25.738 [ INFO] maestro.Maestro.inputText: Inputting text: 01
00:37:26.680 [ INFO] maestro.cli.runner.CliConsoleListener.onCommandFinished: Input text ${MONTH} COMPLETED
00:37:26.680 [ INFO] maestro.cli.runner.CliConsoleListener.onCommandStart: Tap on id: birth-year RUNNING
00:37:26.793 [ INFO] maestro.Maestro.tap-HgV9Ck0: Tapping on element:  UiElement(treeNode=TreeNode(attributes={text=, accessibilityText=Yıl, hintText=, ignoreBoundsFiltering=false, resource-id=birth-year, clickable=true, bounds=[202,299][282,345], enabled=true, focused=false, checked=false, scrollable=false, selected=false, class=android.widget.EditText, important-for-accessibility=true, error=}, children=[], clickable=true, enabled=true, focused=false, checked=false, selected=false), bounds=Bounds(x=202, y=299, width=80, height=46))
00:37:28.024 [ INFO] maestro.Maestro.tap-HgV9Ck0: Tap aimed via settled hierarchy
00:37:28.024 [ INFO] maestro.Maestro.hierarchyBasedTap-ogj28Uc: Tapping at (242, 322) using hierarchy based logic for wait
00:37:28.984 [ INFO] maestro.Maestro.hierarchyBasedTap-ogj28Uc: Something has changed in the UI judging by view hierarchy. Proceed.
00:37:28.984 [ INFO] maestro.cli.runner.CliConsoleListener.onCommandFinished: Tap on id: birth-year COMPLETED
00:37:28.984 [ INFO] maestro.cli.runner.CliConsoleListener.onCommandStart: Input text ${YEAR} RUNNING
00:37:28.987 [ INFO] maestro.Maestro.inputText: Inputting text: 2000
00:37:30.212 [ INFO] maestro.cli.runner.CliConsoleListener.onCommandFinished: Input text ${YEAR} COMPLETED
00:37:30.212 [ INFO] maestro.cli.runner.CliConsoleListener.onCommandStart: Hide Keyboard RUNNING
00:37:30.212 [ INFO] maestro.Maestro.hideKeyboard$lambda$12: Hiding Keyboard
00:37:31.095 [ INFO] maestro.cli.runner.CliConsoleListener.onCommandFinished: Hide Keyboard COMPLETED
00:37:31.095 [ INFO] maestro.cli.runner.CliConsoleListener.onCommandStart: Tap on id: signup-continue RUNNING
00:37:31.160 [ INFO] maestro.Maestro.tap-HgV9Ck0: Tapping on element:  UiElement(treeNode=TreeNode(attributes={text=, accessibilityText=Devam, hintText=, ignoreBoundsFiltering=false, resource-id=signup-continue, clickable=true, bounds=[20,560][300,608], enabled=true, focused=false, checked=false, scrollable=false, selected=false, class=android.widget.Button, important-for-accessibility=true, error=}, children=[TreeNode(attributes={text=, accessibilityText=, hintText=, ignoreBoundsFiltering=false, resource-id=, clickable=false, bounds=[20,560][300,608], enabled=true, focused=false, checked=false, scrollable=false, selected=false, class=android.view.ViewGroup, important-for-accessibility=false, error=}, children=[], clickable=false, enabled=true, focused=false, checked=false, selected=false), TreeNode(attributes={text=Devam, accessibilityText=, hintText=, ignoreBoundsFiltering=false, resource-id=, clickable=false, bounds=[134,574][186,594], enabled=true, focused=false, checked=false, scrollable=false, selected=false, class=android.widget.TextView, important-for-accessibility=true, error=}, children=[], clickable=false, enabled=true, focused=false, checked=false, selected=false)], clickable=true, enabled=true, focused=false, checked=false, selected=false), bounds=Bounds(x=20, y=560, width=280, height=48))
00:37:32.375 [ INFO] maestro.Maestro.tap-HgV9Ck0: Tap aimed via settled hierarchy
00:37:32.376 [ INFO] maestro.Maestro.hierarchyBasedTap-ogj28Uc: Tapping at (160, 584) using hierarchy based logic for wait
00:37:33.471 [ INFO] maestro.Maestro.hierarchyBasedTap-ogj28Uc: Something has changed in the UI judging by view hierarchy. Proceed.
00:37:33.472 [ INFO] maestro.cli.runner.CliConsoleListener.onCommandFinished: Tap on id: signup-continue COMPLETED
00:37:33.472 [ INFO] maestro.cli.runner.CliConsoleListener.onCommandFinished: Run about-you.yaml COMPLETED
00:37:33.472 [ INFO] maestro.cli.runner.CliConsoleListener.onCommandStart: Assert that "Profilini tamamla" is visible RUNNING
00:37:33.572 [ INFO] maestro.cli.runner.CliConsoleListener.onCommandFinished: Assert that "Profilini tamamla" is visible COMPLETED
00:37:33.572 [ INFO] maestro.cli.runner.CliConsoleListener.onCommandStart: Take screenshot 03c-extras RUNNING
00:37:33.573 [ INFO] maestro.Maestro.takeScreenshot: Taking screenshot
00:37:33.573 [TRACE] maestro.utils.ScreenshotUtils.takeScreenshot: Taking screenshot to output sink
00:37:33.628 [ INFO] maestro.cli.runner.CliConsoleListener.onCommandFinished: Take screenshot 03c-extras COMPLETED
00:37:33.629 [ INFO] maestro.cli.runner.CliConsoleListener.onCommandStart: Scrolling DOWN until id: signup-skip is visible with speed 40, visibility percentage 100%, timeout 20000 ms, with centering disabled RUNNING
00:37:33.780 [ INFO] maestro.orchestra.Orchestra.scrollUntilVisible: Scrolling try count: 0, DeviceWidth: 320, DeviceWidth: 640
00:37:33.780 [ INFO] maestro.orchestra.Orchestra.scrollUntilVisible: Element bounds: Bounds(x=20, y=560, width=280, height=48)
00:37:33.781 [ INFO] maestro.orchestra.Orchestra.scrollUntilVisible: Visibility Percent: 1.0
00:37:33.790 [ INFO] maestro.orchestra.Orchestra.scrollUntilVisible: Command centerElement: ScrollUntilVisibleCommand(selector=ElementSelector(textRegex=null, idRegex=signup-skip, size=null, below=null, above=null, leftOf=null, rightOf=null, containsChild=null, containsDescendants=null, traits=null, index=null, enabled=null, optional=false, selected=null, checked=null, focused=null, childOf=null, css=null), direction=DOWN, scrollDuration=601, visibilityPercentage=100, timeout=20000, waitToSettleTimeoutMs=null, centerElement=false, originalSpeedValue=40, label=null, optional=false).centerElement
00:37:33.791 [ INFO] maestro.orchestra.Orchestra.scrollUntilVisible: visibilityPercentageNormalized: 1.0
00:37:33.791 [ INFO] maestro.cli.runner.CliConsoleListener.onCommandFinished: Scrolling DOWN until id: signup-skip is visible with speed 40, visibility percentage 100%, timeout 20000 ms, with centering disabled COMPLETED
00:37:33.791 [ INFO] maestro.cli.runner.CliConsoleListener.onCommandStart: Tap on id: signup-skip RUNNING
00:37:33.887 [ INFO] maestro.Maestro.tap-HgV9Ck0: Tapping on element:  UiElement(treeNode=TreeNode(attributes={text=, accessibilityText=Şimdilik geç, hintText=, ignoreBoundsFiltering=false, resource-id=signup-skip, clickable=true, bounds=[20,560][300,608], enabled=true, focused=false, checked=false, scrollable=false, selected=false, class=android.widget.Button, important-for-accessibility=true, error=}, children=[TreeNode(attributes={text=, accessibilityText=, hintText=, ignoreBoundsFiltering=false, resource-id=, clickable=false, bounds=[20,560][300,608], enabled=true, focused=false, checked=false, scrollable=false, selected=false, class=android.view.ViewGroup, important-for-accessibility=false, error=}, children=[], clickable=false, enabled=true, focused=false, checked=false, selected=false), TreeNode(attributes={text=Şimdilik geç, accessibilityText=, hintText=, ignoreBoundsFiltering=false, resource-id=, clickable=false, bounds=[115,574][205,594], enabled=true, focused=false, checked=false, scrollable=false, selected=false, class=android.widget.TextView, important-for-accessibility=true, error=}, children=[], clickable=false, enabled=true, focused=false, checked=false, selected=false)], clickable=true, enabled=true, focused=false, checked=false, selected=false), bounds=Bounds(x=20, y=560, width=280, height=48))
00:37:35.079 [ INFO] maestro.Maestro.tap-HgV9Ck0: Tap aimed via settled hierarchy
00:37:35.080 [ INFO] maestro.Maestro.hierarchyBasedTap-ogj28Uc: Tapping at (160, 584) using hierarchy based logic for wait
00:37:36.581 [ INFO] maestro.Maestro.hierarchyBasedTap-ogj28Uc: Something has changed in the UI judging by view hierarchy. Proceed.
00:37:36.581 [ INFO] maestro.cli.runner.CliConsoleListener.onCommandFinished: Tap on id: signup-skip COMPLETED
00:37:36.581 [ INFO] maestro.cli.runner.CliConsoleListener.onCommandStart: Assert that "Liste" is visible RUNNING
00:37:36.701 [ INFO] maestro.cli.runner.CliConsoleListener.onCommandFinished: Assert that "Liste" is visible COMPLETED
00:37:36.701 [ INFO] maestro.cli.runner.CliConsoleListener.onCommandStart: Take screenshot 04-explore RUNNING
00:37:36.701 [ INFO] maestro.Maestro.takeScreenshot: Taking screenshot
00:37:36.702 [TRACE] maestro.utils.ScreenshotUtils.takeScreenshot: Taking screenshot to output sink
00:37:36.760 [ INFO] maestro.cli.runner.CliConsoleListener.onCommandFinished: Take screenshot 04-explore COMPLETED
00:37:36.760 [ INFO] maestro.cli.runner.CliConsoleListener.onCommandFinished: Run flows/01-login.yaml COMPLETED
00:37:36.761 [ INFO] maestro.cli.runner.CliConsoleListener.onCommandStart: Run flows/01b-design.yaml RUNNING
00:37:36.761 [ INFO] maestro.cli.runner.CliConsoleListener.onCommandStart: Apply configuration RUNNING
00:37:36.761 [ INFO] maestro.cli.runner.CliConsoleListener.onCommandFinished: Apply configuration COMPLETED
00:37:36.761 [ INFO] maestro.cli.runner.CliConsoleListener.onCommandStart: Tap on id: tab-profile RUNNING
00:37:36.885 [ INFO] maestro.Maestro.tap-HgV9Ck0: Tapping on element:  UiElement(treeNode=TreeNode(attributes={text=, accessibilityText=Profil, hintText=, ignoreBoundsFiltering=false, resource-id=tab-profile, clickable=true, bounds=[242,568][296,632], enabled=true, focused=false, checked=false, scrollable=false, selected=false, class=android.view.View, important-for-accessibility=true, error=}, children=[TreeNode(attributes={text=, accessibilityText=, hintText=, ignoreBoundsFiltering=false, resource-id=, clickable=false, bounds=[257,580][281,604], enabled=true, focused=false, checked=false, scrollable=false, selected=false, class=android.widget.ImageView, important-for-accessibility=false, error=}, children=[], clickable=false, enabled=true, focused=false, checked=false, selected=false), TreeNode(attributes={text=Profil, accessibilityText=, hintText=, ignoreBoundsFiltering=false, resource-id=, clickable=false, bounds=[253,612][284,628], enabled=true, focused=false, checked=false, scrollable=false, selected=false, class=android.widget.TextView, important-for-accessibility=true, error=}, children=[], clickable=false, enabled=true, focused=false, checked=false, selected=false)], clickable=true, enabled=true, focused=false, checked=false, selected=false), bounds=Bounds(x=242, y=568, width=54, height=64))
00:37:38.184 [ INFO] maestro.Maestro.tap-HgV9Ck0: Tap aimed via settled hierarchy
00:37:38.190 [ INFO] maestro.Maestro.hierarchyBasedTap-ogj28Uc: Tapping at (269, 600) using hierarchy based logic for wait
00:37:39.795 [ INFO] maestro.Maestro.hierarchyBasedTap-ogj28Uc: Something has changed in the UI judging by view hierarchy. Proceed.
00:37:39.795 [ INFO] maestro.cli.runner.CliConsoleListener.onCommandFinished: Tap on id: tab-profile COMPLETED
00:37:39.795 [ INFO] maestro.cli.runner.CliConsoleListener.onCommandStart: Tap on "Ayarlar" RUNNING
00:37:39.914 [ INFO] maestro.Maestro.tap-HgV9Ck0: Tapping on element:  UiElement(treeNode=TreeNode(attributes={text=, accessibilityText=Ayarlar, hintText=, ignoreBoundsFiltering=false, resource-id=, clickable=true, bounds=[268,36][312,80], enabled=true, focused=false, checked=false, scrollable=false, selected=false, class=android.widget.Button, important-for-accessibility=true, error=}, children=[TreeNode(attributes={text=, accessibilityText=, hintText=, ignoreBoundsFiltering=false, resource-id=, clickable=false, bounds=[278,45][302,71], enabled=true, focused=false, checked=false, scrollable=false, selected=false, class=android.widget.TextView, important-for-accessibility=true, error=}, children=[], clickable=false, enabled=true, focused=false, checked=false, selected=false)], clickable=true, enabled=true, focused=false, checked=false, selected=false), bounds=Bounds(x=268, y=36, width=44, height=44))
00:37:41.149 [ INFO] maestro.Maestro.tap-HgV9Ck0: Tap aimed via settled hierarchy
00:37:41.150 [ INFO] maestro.Maestro.hierarchyBasedTap-ogj28Uc: Tapping at (290, 58) using hierarchy based logic for wait
00:37:42.092 [ INFO] maestro.Maestro.hierarchyBasedTap-ogj28Uc: Something has changed in the UI judging by view hierarchy. Proceed.
00:37:42.092 [ INFO] maestro.cli.runner.CliConsoleListener.onCommandFinished: Tap on "Ayarlar" COMPLETED
00:37:42.092 [ INFO] maestro.cli.runner.CliConsoleListener.onCommandStart: Assert that "Tasarım \(test\)" is visible RUNNING
00:37:42.213 [ INFO] maestro.cli.runner.CliConsoleListener.onCommandFinished: Assert that "Tasarım \(test\)" is visible COMPLETED
00:37:42.213 [ INFO] maestro.cli.runner.CliConsoleListener.onCommandStart: Tap on id: design-scheme-${SCHEME} RUNNING
00:37:42.328 [ INFO] maestro.Maestro.tap-HgV9Ck0: Tapping on element:  UiElement(treeNode=TreeNode(attributes={text=, accessibilityText=Koyu, hintText=, ignoreBoundsFiltering=false, resource-id=design-scheme-dark, clickable=true, bounds=[75,254][130,298], enabled=true, focused=false, checked=false, scrollable=false, selected=false, class=android.view.View, important-for-accessibility=true, error=}, children=[TreeNode(attributes={text=Koyu, accessibilityText=, hintText=, ignoreBoundsFiltering=false, resource-id=, clickable=false, bounds=[87,267][118,284], enabled=true, focused=false, checked=false, scrollable=false, selected=false, class=android.widget.TextView, important-for-accessibility=true, error=}, children=[], clickable=false, enabled=true, focused=false, checked=false, selected=false)], clickable=true, enabled=true, focused=false, checked=false, selected=false), bounds=Bounds(x=75, y=254, width=55, height=44))
00:37:43.564 [ INFO] maestro.Maestro.tap-HgV9Ck0: Tap aimed via settled hierarchy
00:37:43.565 [ INFO] maestro.Maestro.hierarchyBasedTap-ogj28Uc: Tapping at (102, 276) using hierarchy based logic for wait
00:37:44.419 [ INFO] maestro.Maestro.hierarchyBasedTap-ogj28Uc: Something has changed in the UI judging by view hierarchy. Proceed.
00:37:44.420 [ INFO] maestro.cli.runner.CliConsoleListener.onCommandFinished: Tap on id: design-scheme-${SCHEME} COMPLETED
00:37:44.420 [ INFO] maestro.cli.runner.CliConsoleListener.onCommandStart: Take screenshot 04b-design RUNNING
00:37:44.420 [ INFO] maestro.Maestro.takeScreenshot: Taking screenshot
00:37:44.420 [TRACE] maestro.utils.ScreenshotUtils.takeScreenshot: Taking screenshot to output sink
00:37:44.437 [ INFO] maestro.cli.runner.CliConsoleListener.onCommandFinished: Take screenshot 04b-design COMPLETED
00:37:44.437 [ INFO] maestro.cli.runner.CliConsoleListener.onCommandStart: Tap on "Geri" RUNNING
00:37:44.561 [ INFO] maestro.Maestro.tap-HgV9Ck0: Tapping on element:  UiElement(treeNode=TreeNode(attributes={text=, accessibilityText=Geri, hintText=, ignoreBoundsFiltering=false, resource-id=, clickable=true, bounds=[8,36][52,80], enabled=true, focused=false, checked=false, scrollable=false, selected=false, class=android.widget.Button, important-for-accessibility=true, error=}, children=[TreeNode(attributes={text=, accessibilityText=, hintText=, ignoreBoundsFiltering=false, resource-id=, clickable=false, bounds=[18,45][42,71], enabled=true, focused=false, checked=false, scrollable=false, selected=false, class=android.widget.TextView, important-for-accessibility=true, error=}, children=[], clickable=false, enabled=true, focused=false, checked=false, selected=false)], clickable=true, enabled=true, focused=false, checked=false, selected=false), bounds=Bounds(x=8, y=36, width=44, height=44))
00:37:45.792 [ INFO] maestro.Maestro.tap-HgV9Ck0: Tap aimed via settled hierarchy
00:37:45.793 [ INFO] maestro.Maestro.hierarchyBasedTap-ogj28Uc: Tapping at (30, 58) using hierarchy based logic for wait
00:37:46.746 [ INFO] maestro.Maestro.hierarchyBasedTap-ogj28Uc: Something has changed in the UI judging by view hierarchy. Proceed.
00:37:46.746 [ INFO] maestro.cli.runner.CliConsoleListener.onCommandFinished: Tap on "Geri" COMPLETED
00:37:46.746 [ INFO] maestro.cli.runner.CliConsoleListener.onCommandStart: Tap on id: tab-explore RUNNING
00:37:46.873 [ INFO] maestro.Maestro.tap-HgV9Ck0: Tapping on element:  UiElement(treeNode=TreeNode(attributes={text=, accessibilityText=Keşfet, hintText=, ignoreBoundsFiltering=false, resource-id=tab-explore, clickable=true, bounds=[24,568][78,632], enabled=true, focused=false, checked=false, scrollable=false, selected=false, class=android.view.View, important-for-accessibility=true, error=}, children=[TreeNode(attributes={text=, accessibilityText=, hintText=, ignoreBoundsFiltering=false, resource-id=, clickable=false, bounds=[39,580][63,604], enabled=true, focused=false, checked=false, scrollable=false, selected=false, class=android.widget.ImageView, important-for-accessibility=false, error=}, children=[], clickable=false, enabled=true, focused=false, checked=false, selected=false), TreeNode(attributes={text=Keşfet, accessibilityText=, hintText=, ignoreBoundsFiltering=false, resource-id=, clickable=false, bounds=[33,612][69,628], enabled=true, focused=false, checked=false, scrollable=false, selected=false, class=android.widget.TextView, important-for-accessibility=true, error=}, children=[], clickable=false, enabled=true, focused=false, checked=false, selected=false)], clickable=true, enabled=true, focused=false, checked=false, selected=false), bounds=Bounds(x=24, y=568, width=54, height=64))
00:37:48.110 [ INFO] maestro.Maestro.tap-HgV9Ck0: Tap aimed via settled hierarchy
00:37:48.110 [ INFO] maestro.Maestro.hierarchyBasedTap-ogj28Uc: Tapping at (51, 600) using hierarchy based logic for wait
00:37:49.037 [ INFO] maestro.Maestro.hierarchyBasedTap-ogj28Uc: Something has changed in the UI judging by view hierarchy. Proceed.
00:37:49.037 [ INFO] maestro.cli.runner.CliConsoleListener.onCommandFinished: Tap on id: tab-explore COMPLETED
00:37:49.037 [ INFO] maestro.cli.runner.CliConsoleListener.onCommandStart: Assert that "Liste" is visible RUNNING
00:37:49.149 [ INFO] maestro.cli.runner.CliConsoleListener.onCommandFinished: Assert that "Liste" is visible COMPLETED
00:37:49.149 [ INFO] maestro.cli.runner.CliConsoleListener.onCommandFinished: Run flows/01b-design.yaml COMPLETED
00:37:49.149 [ INFO] maestro.cli.runner.CliConsoleListener.onCommandStart: Run flows/02-checkin.yaml RUNNING
00:37:49.149 [ INFO] maestro.cli.runner.CliConsoleListener.onCommandStart: Apply configuration RUNNING
00:37:49.149 [ INFO] maestro.cli.runner.CliConsoleListener.onCommandFinished: Apply configuration COMPLETED
00:37:49.150 [ INFO] maestro.cli.runner.CliConsoleListener.onCommandStart: Scrolling DOWN until "E2E Kafe" is visible with speed 40, visibility percentage 100%, timeout 30000 ms, with centering disabled RUNNING
00:37:49.263 [ INFO] maestro.orchestra.Orchestra.scrollUntilVisible: Scrolling try count: 0, DeviceWidth: 320, DeviceWidth: 640
00:37:49.263 [ INFO] maestro.orchestra.Orchestra.scrollUntilVisible: Element bounds: Bounds(x=102, y=175, width=118, height=23)
00:37:49.263 [ INFO] maestro.orchestra.Orchestra.scrollUntilVisible: Visibility Percent: 1.0
00:37:49.263 [ INFO] maestro.orchestra.Orchestra.scrollUntilVisible: Command centerElement: ScrollUntilVisibleCommand(selector=ElementSelector(textRegex=E2E Kafe, idRegex=null, size=null, below=null, above=null, leftOf=null, rightOf=null, containsChild=null, containsDescendants=null, traits=null, index=null, enabled=null, optional=false, selected=null, checked=null, focused=null, childOf=null, css=null), direction=DOWN, scrollDuration=601, visibilityPercentage=100, timeout=30000, waitToSettleTimeoutMs=null, centerElement=false, originalSpeedValue=40, label=null, optional=false).centerElement
00:37:49.263 [ INFO] maestro.orchestra.Orchestra.scrollUntilVisible: visibilityPercentageNormalized: 1.0
00:37:49.263 [ INFO] maestro.cli.runner.CliConsoleListener.onCommandFinished: Scrolling DOWN until "E2E Kafe" is visible with speed 40, visibility percentage 100%, timeout 30000 ms, with centering disabled COMPLETED
00:37:49.263 [ INFO] maestro.cli.runner.CliConsoleListener.onCommandStart: Take screenshot 05-explore-list RUNNING
00:37:49.264 [ INFO] maestro.Maestro.takeScreenshot: Taking screenshot
00:37:49.264 [TRACE] maestro.utils.ScreenshotUtils.takeScreenshot: Taking screenshot to output sink
00:37:49.358 [ INFO] maestro.cli.runner.CliConsoleListener.onCommandFinished: Take screenshot 05-explore-list COMPLETED
00:37:49.359 [ INFO] maestro.cli.runner.CliConsoleListener.onCommandStart: Tap on "Harita" RUNNING
00:37:49.470 [ INFO] maestro.Maestro.tap-HgV9Ck0: Tapping on element:  UiElement(treeNode=TreeNode(attributes={text=Harita, accessibilityText=, hintText=, ignoreBoundsFiltering=false, resource-id=, clickable=false, bounds=[196,61][234,78], enabled=true, focused=false, checked=false, scrollable=false, selected=false, class=android.widget.TextView, important-for-accessibility=true, error=}, children=[], clickable=false, enabled=true, focused=false, checked=false, selected=false), bounds=Bounds(x=196, y=61, width=38, height=17))
00:37:50.758 [ INFO] maestro.Maestro.tap-HgV9Ck0: Tap aimed via settled hierarchy
00:37:50.760 [ INFO] maestro.Maestro.hierarchyBasedTap-ogj28Uc: Tapping at (215, 69) using hierarchy based logic for wait
00:37:51.959 [ INFO] maestro.Maestro.hierarchyBasedTap-ogj28Uc: Something has changed in the UI judging by view hierarchy. Proceed.
00:37:51.959 [ INFO] maestro.cli.runner.CliConsoleListener.onCommandFinished: Tap on "Harita" COMPLETED
00:37:51.959 [ INFO] maestro.cli.runner.CliConsoleListener.onCommandStart: Assert that id: explore-map-ready is visible RUNNING
00:37:53.362 [ INFO] maestro.cli.runner.CliConsoleListener.onCommandFinished: Assert that id: explore-map-ready is visible COMPLETED
00:37:53.362 [ INFO] maestro.cli.runner.CliConsoleListener.onCommandStart: Assert that "Keşfet" is visible RUNNING
00:37:53.454 [ INFO] maestro.cli.runner.CliConsoleListener.onCommandFinished: Assert that "Keşfet" is visible COMPLETED
00:37:53.454 [ INFO] maestro.cli.runner.CliConsoleListener.onCommandStart: Assert that "Liste" is visible RUNNING
00:37:53.564 [ INFO] maestro.cli.runner.CliConsoleListener.onCommandFinished: Assert that "Liste" is visible COMPLETED
00:37:53.564 [ INFO] maestro.cli.runner.CliConsoleListener.onCommandStart: Take screenshot 05b-explore-map RUNNING
00:37:53.565 [ INFO] maestro.Maestro.takeScreenshot: Taking screenshot
00:37:53.565 [TRACE] maestro.utils.ScreenshotUtils.takeScreenshot: Taking screenshot to output sink
00:37:53.666 [ INFO] maestro.cli.runner.CliConsoleListener.onCommandFinished: Take screenshot 05b-explore-map COMPLETED
00:37:53.666 [ INFO] maestro.cli.runner.CliConsoleListener.onCommandStart: Run ${const end = Date.now() + 4000; while (Date.now() < end) {} } RUNNING
00:37:57.677 [ INFO] maestro.cli.runner.CliConsoleListener.onCommandFinished: Run ${const end = Date.now() + 4000; while (Date.now() < end) {} } COMPLETED
00:37:57.677 [ INFO] maestro.cli.runner.CliConsoleListener.onCommandStart: Take screenshot 05c-explore-map-settled RUNNING
00:37:57.678 [ INFO] maestro.Maestro.takeScreenshot: Taking screenshot
00:37:57.678 [TRACE] maestro.utils.ScreenshotUtils.takeScreenshot: Taking screenshot to output sink
00:37:57.711 [ INFO] maestro.cli.runner.CliConsoleListener.onCommandFinished: Take screenshot 05c-explore-map-settled COMPLETED
00:37:57.711 [ INFO] maestro.cli.runner.CliConsoleListener.onCommandStart: Tap on "Liste" RUNNING
00:37:57.821 [ INFO] maestro.Maestro.tap-HgV9Ck0: Tapping on element:  UiElement(treeNode=TreeNode(attributes={text=Liste, accessibilityText=, hintText=, ignoreBoundsFiltering=false, resource-id=, clickable=false, bounds=[121,61][150,78], enabled=true, focused=false, checked=false, scrollable=false, selected=false, class=android.widget.TextView, important-for-accessibility=true, error=}, children=[], clickable=false, enabled=true, focused=false, checked=false, selected=false), bounds=Bounds(x=121, y=61, width=29, height=17))
00:37:59.048 [ INFO] maestro.Maestro.tap-HgV9Ck0: Tap aimed via settled hierarchy
00:37:59.049 [ INFO] maestro.Maestro.hierarchyBasedTap-ogj28Uc: Tapping at (135, 69) using hierarchy based logic for wait
00:38:00.200 [ INFO] maestro.Maestro.hierarchyBasedTap-ogj28Uc: Something has changed in the UI judging by view hierarchy. Proceed.
00:38:00.201 [ INFO] maestro.cli.runner.CliConsoleListener.onCommandFinished: Tap on "Liste" COMPLETED
00:38:00.201 [ INFO] maestro.cli.runner.CliConsoleListener.onCommandStart: Scrolling DOWN until "E2E Kafe" is visible with speed 40, visibility percentage 100%, timeout 30000 ms, with centering disabled RUNNING
00:38:00.871 [ INFO] maestro.orchestra.Orchestra.scrollUntilVisible: Scrolling try count: 0, DeviceWidth: 320, DeviceWidth: 640
00:38:00.871 [ INFO] maestro.orchestra.Orchestra.scrollUntilVisible: Element bounds: Bounds(x=102, y=175, width=118, height=23)
00:38:00.871 [ INFO] maestro.orchestra.Orchestra.scrollUntilVisible: Visibility Percent: 1.0
00:38:00.871 [ INFO] maestro.orchestra.Orchestra.scrollUntilVisible: Command centerElement: ScrollUntilVisibleCommand(selector=ElementSelector(textRegex=E2E Kafe, idRegex=null, size=null, below=null, above=null, leftOf=null, rightOf=null, containsChild=null, containsDescendants=null, traits=null, index=null, enabled=null, optional=false, selected=null, checked=null, focused=null, childOf=null, css=null), direction=DOWN, scrollDuration=601, visibilityPercentage=100, timeout=30000, waitToSettleTimeoutMs=null, centerElement=false, originalSpeedValue=40, label=null, optional=false).centerElement
00:38:00.871 [ INFO] maestro.orchestra.Orchestra.scrollUntilVisible: visibilityPercentageNormalized: 1.0
00:38:00.871 [ INFO] maestro.cli.runner.CliConsoleListener.onCommandFinished: Scrolling DOWN until "E2E Kafe" is visible with speed 40, visibility percentage 100%, timeout 30000 ms, with centering disabled COMPLETED
00:38:00.871 [ INFO] maestro.cli.runner.CliConsoleListener.onCommandStart: Tap on "E2E Kafe" RUNNING
00:38:01.186 [ INFO] maestro.Maestro.tap-HgV9Ck0: Tapping on element:  UiElement(treeNode=TreeNode(attributes={text=E2E Kafe, accessibilityText=, hintText=, ignoreBoundsFiltering=false, resource-id=, clickable=false, bounds=[102,175][220,198], enabled=true, focused=false, checked=false, scrollable=false, selected=false, class=android.widget.TextView, important-for-accessibility=true, error=}, children=[], clickable=false, enabled=true, focused=false, checked=false, selected=false), bounds=Bounds(x=102, y=175, width=118, height=23))
00:38:02.426 [ INFO] maestro.Maestro.tap-HgV9Ck0: Tap aimed via settled hierarchy
00:38:02.427 [ INFO] maestro.Maestro.hierarchyBasedTap-ogj28Uc: Tapping at (161, 186) using hierarchy based logic for wait
00:38:03.584 [ INFO] maestro.Maestro.hierarchyBasedTap-ogj28Uc: Something has changed in the UI judging by view hierarchy. Proceed.
00:38:03.584 [ INFO] maestro.cli.runner.CliConsoleListener.onCommandFinished: Tap on "E2E Kafe" COMPLETED
00:38:03.584 [ INFO] maestro.cli.runner.CliConsoleListener.onCommandStart: Assert that "Buraya giriş yap" is visible RUNNING
00:38:03.651 [ INFO] maestro.cli.runner.CliConsoleListener.onCommandFinished: Assert that "Buraya giriş yap" is visible COMPLETED
00:38:03.651 [ INFO] maestro.cli.runner.CliConsoleListener.onCommandStart: Take screenshot 06-venue-detail RUNNING
00:38:03.651 [ INFO] maestro.Maestro.takeScreenshot: Taking screenshot
00:38:03.651 [TRACE] maestro.utils.ScreenshotUtils.takeScreenshot: Taking screenshot to output sink
00:38:03.705 [ INFO] maestro.cli.runner.CliConsoleListener.onCommandFinished: Take screenshot 06-venue-detail COMPLETED
00:38:03.706 [ INFO] maestro.cli.runner.CliConsoleListener.onCommandStart: Press back RUNNING
00:38:03.706 [ INFO] maestro.Maestro.backPress: Pressing back
00:38:04.513 [ INFO] maestro.cli.runner.CliConsoleListener.onCommandFinished: Press back COMPLETED
00:38:04.514 [ INFO] maestro.cli.runner.CliConsoleListener.onCommandStart: Run ../scripts/bot.js RUNNING
00:38:04.599 [ INFO] maestro.cli.runner.CliConsoleListener.onCommandFinished: Run ../scripts/bot.js COMPLETED
00:38:04.600 [ INFO] maestro.cli.runner.CliConsoleListener.onCommandStart: Launch app "app.kabuk.mobile" RUNNING
00:38:05.013 [DEBUG] maestro.Maestro.setPermissionInternal: Failed to set permission android.permission.READ_EXTERNAL_STORAGE for app app.kabuk.mobile: shell command failed (exit -1): 
Exception occurred while executing 'grant':
java.lang.SecurityException: Package app.kabuk.mobile has not requested permission android.permission.READ_EXTERNAL_STORAGE
	at com.android.server.pm.permission.PermissionManagerServiceImpl.grantRuntimePermissionInternal(PermissionManagerServiceImpl.java:1423)
	at com.android.server.pm.permission.PermissionManagerServiceImpl.grantRuntimePermission(PermissionManagerServiceImpl.java:1337)
	at com.android.server.pm.permission.PermissionManagerService.grantRuntimePermission(PermissionManagerService.java:551)
	at android.permission.PermissionManager.grantRuntimePermission(PermissionManager.java:609)
	at com.android.server.pm.PackageManagerShellCommand.runGrantRevokePermission(PackageManagerShellCommand.java:2672)
	at com.android.server.pm.PackageManagerShellCommand.onCommand(PackageManagerShellCommand.java:291)
	at com.android.modules.utils.BasicShellCommandHandler.exec(BasicShellCommandHandler.java:97)
	at android.os.ShellCommand.exec(ShellCommand.java:38)
	at com.android.server.pm.PackageManagerService$IPackageManagerImpl.onShellCommand(PackageManagerService.java:6350)
	at android.os.Binder.shellCommand(Binder.java:1068)
	at android.os.Binder.onTransact(Binder.java:888)
	at android.content.pm.IPackageManager$Stub.onTransact(IPackageManager.java:4352)
	at com.android.server.pm.PackageManagerService$IPackageManagerImpl.onTransact(PackageManagerService.java:6334)
	at android.os.Binder.execTransactInternal(Binder.java:1344)
	at android.os.Binder.execTransact(Binder.java:1275)

00:38:05.049 [DEBUG] maestro.Maestro.setPermissionInternal: Failed to set permission android.permission.WRITE_EXTERNAL_STORAGE for app app.kabuk.mobile: shell command failed (exit -1): 
Exception occurred while executing 'grant':
java.lang.SecurityException: Package app.kabuk.mobile has not requested permission android.permission.WRITE_EXTERNAL_STORAGE
	at com.android.server.pm.permission.PermissionManagerServiceImpl.grantRuntimePermissionInternal(PermissionManagerServiceImpl.java:1423)
	at com.android.server.pm.permission.PermissionManagerServiceImpl.grantRuntimePermission(PermissionManagerServiceImpl.java:1337)
	at com.android.server.pm.permission.PermissionManagerService.grantRuntimePermission(PermissionManagerService.java:551)
	at android.permission.PermissionManager.grantRuntimePermission(PermissionManager.java:609)
	at com.android.server.pm.PackageManagerShellCommand.runGrantRevokePermission(PackageManagerShellCommand.java:2672)
	at com.android.server.pm.PackageManagerShellCommand.onCommand(PackageManagerShellCommand.java:291)
	at com.android.modules.utils.BasicShellCommandHandler.exec(BasicShellCommandHandler.java:97)
	at android.os.ShellCommand.exec(ShellCommand.java:38)
	at com.android.server.pm.PackageManagerService$IPackageManagerImpl.onShellCommand(PackageManagerService.java:6350)
	at android.os.Binder.shellCommand(Binder.java:1068)
	at android.os.Binder.onTransact(Binder.java:888)
	at android.content.pm.IPackageManager$Stub.onTransact(IPackageManager.java:4352)
	at com.android.server.pm.PackageManagerService$IPackageManagerImpl.onTransact(PackageManagerService.java:6334)
	at android.os.Binder.execTransactInternal(Binder.java:1344)
	at android.os.Binder.execTransact(Binder.java:1275)

00:38:05.153 [DEBUG] maestro.Maestro.setPermissionInternal: Failed to set permission com.google.android.finsky.permission.BIND_GET_INSTALL_REFERRER_SERVICE for app app.kabuk.mobile: shell command failed (exit -1): 
Exception occurred while executing 'grant':
java.lang.IllegalArgumentException: Unknown permission: com.google.android.finsky.permission.BIND_GET_INSTALL_REFERRER_SERVICE
	at com.android.server.pm.permission.PermissionManagerServiceImpl.grantRuntimePermissionInternal(PermissionManagerServiceImpl.java:1380)
	at com.android.server.pm.permission.PermissionManagerServiceImpl.grantRuntimePermission(PermissionManagerServiceImpl.java:1337)
	at com.android.server.pm.permission.PermissionManagerService.grantRuntimePermission(PermissionManagerService.java:551)
	at android.permission.PermissionManager.grantRuntimePermission(PermissionManager.java:609)
	at com.android.server.pm.PackageManagerShellCommand.runGrantRevokePermission(PackageManagerShellCommand.java:2672)
	at com.android.server.pm.PackageManagerShellCommand.onCommand(PackageManagerShellCommand.java:291)
	at com.android.modules.utils.BasicShellCommandHandler.exec(BasicShellCommandHandler.java:97)
	at android.os.ShellCommand.exec(ShellCommand.java:38)
	at com.android.server.pm.PackageManagerService$IPackageManagerImpl.onShellCommand(PackageManagerService.java:6350)
	at android.os.Binder.shellCommand(Binder.java:1068)
	at android.os.Binder.onTransact(Binder.java:888)
	at android.content.pm.IPackageManager$Stub.onTransact(IPackageManager.java:4352)
	at com.android.server.pm.PackageManagerService$IPackageManagerImpl.onTransact(PackageManagerService.java:6334)
	at android.os.Binder.execTransactInternal(Binder.java:1344)
	at android.os.Binder.execTransact(Binder.java:1275)

00:38:05.165 [DEBUG] maestro.Maestro.setPermissionInternal: Failed to set permission com.sec.android.provider.badge.permission.READ for app app.kabuk.mobile: shell command failed (exit -1): 
Exception occurred while executing 'grant':
java.lang.IllegalArgumentException: Unknown permission: com.sec.android.provider.badge.permission.READ
	at com.android.server.pm.permission.PermissionManagerServiceImpl.grantRuntimePermissionInternal(PermissionManagerServiceImpl.java:1380)
	at com.android.server.pm.permission.PermissionManagerServiceImpl.grantRuntimePermission(PermissionManagerServiceImpl.java:1337)
	at com.android.server.pm.permission.PermissionManagerService.grantRuntimePermission(PermissionManagerService.java:551)
	at android.permission.PermissionManager.grantRuntimePermission(PermissionManager.java:609)
	at com.android.server.pm.PackageManagerShellCommand.runGrantRevokePermission(PackageManagerShellCommand.java:2672)
	at com.android.server.pm.PackageManagerShellCommand.onCommand(PackageManagerShellCommand.java:291)
	at com.android.modules.utils.BasicShellCommandHandler.exec(BasicShellCommandHandler.java:97)
	at android.os.ShellCommand.exec(ShellCommand.java:38)
	at com.android.server.pm.PackageManagerService$IPackageManagerImpl.onShellCommand(PackageManagerService.java:6350)
	at android.os.Binder.shellCommand(Binder.java:1068)
	at android.os.Binder.onTransact(Binder.java:888)
	at android.content.pm.IPackageManager$Stub.onTransact(IPackageManager.java:4352)
	at com.android.server.pm.PackageManagerService$IPackageManagerImpl.onTransact(PackageManagerService.java:6334)
	at android.os.Binder.execTransactInternal(Binder.java:1344)
	at android.os.Binder.execTransact(Binder.java:1275)

00:38:05.177 [DEBUG] maestro.Maestro.setPermissionInternal: Failed to set permission com.sec.android.provider.badge.permission.WRITE for app app.kabuk.mobile: shell command failed (exit -1): 
Exception occurred while executing 'grant':
java.lang.IllegalArgumentException: Unknown permission: com.sec.android.provider.badge.permission.WRITE
	at com.android.server.pm.permission.PermissionManagerServiceImpl.grantRuntimePermissionInternal(PermissionManagerServiceImpl.java:1380)
	at com.android.server.pm.permission.PermissionManagerServiceImpl.grantRuntimePermission(PermissionManagerServiceImpl.java:1337)
	at com.android.server.pm.permission.PermissionManagerService.grantRuntimePermission(PermissionManagerService.java:551)
	at android.permission.PermissionManager.grantRuntimePermission(PermissionManager.java:609)
	at com.android.server.pm.PackageManagerShellCommand.runGrantRevokePermission(PackageManagerShellCommand.java:2672)
	at com.android.server.pm.PackageManagerShellCommand.onCommand(PackageManagerShellCommand.java:291)
	at com.android.modules.utils.BasicShellCommandHandler.exec(BasicShellCommandHandler.java:97)
	at android.os.ShellCommand.exec(ShellCommand.java:38)
	at com.android.server.pm.PackageManagerService$IPackageManagerImpl.onShellCommand(PackageManagerService.java:6350)
	at android.os.Binder.shellCommand(Binder.java:1068)
	at android.os.Binder.onTransact(Binder.java:888)
	at android.content.pm.IPackageManager$Stub.onTransact(IPackageManager.java:4352)
	at com.android.server.pm.PackageManagerService$IPackageManagerImpl.onTransact(PackageManagerService.java:6334)
	at android.os.Binder.execTransactInternal(Binder.java:1344)
	at android.os.Binder.execTransact(Binder.java:1275)

00:38:05.189 [DEBUG] maestro.Maestro.setPermissionInternal: Failed to set permission com.htc.launcher.permission.READ_SETTINGS for app app.kabuk.mobile: shell command failed (exit -1): 
Exception occurred while executing 'grant':
java.lang.IllegalArgumentException: Unknown permission: com.htc.launcher.permission.READ_SETTINGS
	at com.android.server.pm.permission.PermissionManagerServiceImpl.grantRuntimePermissionInternal(PermissionManagerServiceImpl.java:1380)
	at com.android.server.pm.permission.PermissionManagerServiceImpl.grantRuntimePermission(PermissionManagerServiceImpl.java:1337)
	at com.android.server.pm.permission.PermissionManagerService.grantRuntimePermission(PermissionManagerService.java:551)
	at android.permission.PermissionManager.grantRuntimePermission(PermissionManager.java:609)
	at com.android.server.pm.PackageManagerShellCommand.runGrantRevokePermission(PackageManagerShellCommand.java:2672)
	at com.android.server.pm.PackageManagerShellCommand.onCommand(PackageManagerShellCommand.java:291)
	at com.android.modules.utils.BasicShellCommandHandler.exec(BasicShellCommandHandler.java:97)
	at android.os.ShellCommand.exec(ShellCommand.java:38)
	at com.android.server.pm.PackageManagerService$IPackageManagerImpl.onShellCommand(PackageManagerService.java:6350)
	at android.os.Binder.shellCommand(Binder.java:1068)
	at android.os.Binder.onTransact(Binder.java:888)
	at android.content.pm.IPackageManager$Stub.onTransact(IPackageManager.java:4352)
	at com.android.server.pm.PackageManagerService$IPackageManagerImpl.onTransact(PackageManagerService.java:6334)
	at android.os.Binder.execTransactInternal(Binder.java:1344)
	at android.os.Binder.execTransact(Binder.java:1275)

00:38:05.203 [DEBUG] maestro.Maestro.setPermissionInternal: Failed to set permission com.htc.launcher.permission.UPDATE_SHORTCUT for app app.kabuk.mobile: shell command failed (exit -1): 
Exception occurred while executing 'grant':
java.lang.IllegalArgumentException: Unknown permission: com.htc.launcher.permission.UPDATE_SHORTCUT
	at com.android.server.pm.permission.PermissionManagerServiceImpl.grantRuntimePermissionInternal(PermissionManagerServiceImpl.java:1380)
	at com.android.server.pm.permission.PermissionManagerServiceImpl.grantRuntimePermission(PermissionManagerServiceImpl.java:1337)
	at com.android.server.pm.permission.PermissionManagerService.grantRuntimePermission(PermissionManagerService.java:551)
	at android.permission.PermissionManager.grantRuntimePermission(PermissionManager.java:609)
	at com.android.server.pm.PackageManagerShellCommand.runGrantRevokePermission(PackageManagerShellCommand.java:2672)
	at com.android.server.pm.PackageManagerShellCommand.onCommand(PackageManagerShellCommand.java:291)
	at com.android.modules.utils.BasicShellCommandHandler.exec(BasicShellCommandHandler.java:97)
	at android.os.ShellCommand.exec(ShellCommand.java:38)
	at com.android.server.pm.PackageManagerService$IPackageManagerImpl.onShellCommand(PackageManagerService.java:6350)
	at android.os.Binder.shellCommand(Binder.java:1068)
	at android.os.Binder.onTransact(Binder.java:888)
	at android.content.pm.IPackageManager$Stub.onTransact(IPackageManager.java:4352)
	at com.android.server.pm.PackageManagerService$IPackageManagerImpl.onTransact(PackageManagerService.java:6334)
	at android.os.Binder.execTransactInternal(Binder.java:1344)
	at android.os.Binder.execTransact(Binder.java:1275)

00:38:05.215 [DEBUG] maestro.Maestro.setPermissionInternal: Failed to set permission com.sonyericsson.home.permission.BROADCAST_BADGE for app app.kabuk.mobile: shell command failed (exit -1): 
Exception occurred while executing 'grant':
java.lang.IllegalArgumentException: Unknown permission: com.sonyericsson.home.permission.BROADCAST_BADGE
	at com.android.server.pm.permission.PermissionManagerServiceImpl.grantRuntimePermissionInternal(PermissionManagerServiceImpl.java:1380)
	at com.android.server.pm.permission.PermissionManagerServiceImpl.grantRuntimePermission(PermissionManagerServiceImpl.java:1337)
	at com.android.server.pm.permission.PermissionManagerService.grantRuntimePermission(PermissionManagerService.java:551)
	at android.permission.PermissionManager.grantRuntimePermission(PermissionManager.java:609)
	at com.android.server.pm.PackageManagerShellCommand.runGrantRevokePermission(PackageManagerShellCommand.java:2672)
	at com.android.server.pm.PackageManagerShellCommand.onCommand(PackageManagerShellCommand.java:291)
	at com.android.modules.utils.BasicShellCommandHandler.exec(BasicShellCommandHandler.java:97)
	at android.os.ShellCommand.exec(ShellCommand.java:38)
	at com.android.server.pm.PackageManagerService$IPackageManagerImpl.onShellCommand(PackageManagerService.java:6350)
	at android.os.Binder.shellCommand(Binder.java:1068)
	at android.os.Binder.onTransact(Binder.java:888)
	at android.content.pm.IPackageManager$Stub.onTransact(IPackageManager.java:4352)
	at com.android.server.pm.PackageManagerService$IPackageManagerImpl.onTransact(PackageManagerService.java:6334)
	at android.os.Binder.execTransactInternal(Binder.java:1344)
	at android.os.Binder.execTransact(Binder.java:1275)

00:38:05.226 [DEBUG] maestro.Maestro.setPermissionInternal: Failed to set permission com.sonymobile.home.permission.PROVIDER_INSERT_BADGE for app app.kabuk.mobile: shell command failed (exit -1): 
Exception occurred while executing 'grant':
java.lang.IllegalArgumentException: Unknown permission: com.sonymobile.home.permission.PROVIDER_INSERT_BADGE
	at com.android.server.pm.permission.PermissionManagerServiceImpl.grantRuntimePermissionInternal(PermissionManagerServiceImpl.java:1380)
	at com.android.server.pm.permission.PermissionManagerServiceImpl.grantRuntimePermission(PermissionManagerServiceImpl.java:1337)
	at com.android.server.pm.permission.PermissionManagerService.grantRuntimePermission(PermissionManagerService.java:551)
	at android.permission.PermissionManager.grantRuntimePermission(PermissionManager.java:609)
	at com.android.server.pm.PackageManagerShellCommand.runGrantRevokePermission(PackageManagerShellCommand.java:2672)
	at com.android.server.pm.PackageManagerShellCommand.onCommand(PackageManagerShellCommand.java:291)
	at com.android.modules.utils.BasicShellCommandHandler.exec(BasicShellCommandHandler.java:97)
	at android.os.ShellCommand.exec(ShellCommand.java:38)
	at com.android.server.pm.PackageManagerService$IPackageManagerImpl.onShellCommand(PackageManagerService.java:6350)
	at android.os.Binder.shellCommand(Binder.java:1068)
	at android.os.Binder.onTransact(Binder.java:888)
	at android.content.pm.IPackageManager$Stub.onTransact(IPackageManager.java:4352)
	at com.android.server.pm.PackageManagerService$IPackageManagerImpl.onTransact(PackageManagerService.java:6334)
	at android.os.Binder.execTransactInternal(Binder.java:1344)
	at android.os.Binder.execTransact(Binder.java:1275)

00:38:05.238 [DEBUG] maestro.Maestro.setPermissionInternal: Failed to set permission com.anddoes.launcher.permission.UPDATE_COUNT for app app.kabuk.mobile: shell command failed (exit -1): 
Exception occurred while executing 'grant':
java.lang.IllegalArgumentException: Unknown permission: com.anddoes.launcher.permission.UPDATE_COUNT
	at com.android.server.pm.permission.PermissionManagerServiceImpl.grantRuntimePermissionInternal(PermissionManagerServiceImpl.java:1380)
	at com.android.server.pm.permission.PermissionManagerServiceImpl.grantRuntimePermission(PermissionManagerServiceImpl.java:1337)
	at com.android.server.pm.permission.PermissionManagerService.grantRuntimePermission(PermissionManagerService.java:551)
	at android.permission.PermissionManager.grantRuntimePermission(PermissionManager.java:609)
	at com.android.server.pm.PackageManagerShellCommand.runGrantRevokePermission(PackageManagerShellCommand.java:2672)
	at com.android.server.pm.PackageManagerShellCommand.onCommand(PackageManagerShellCommand.java:291)
	at com.android.modules.utils.BasicShellCommandHandler.exec(BasicShellCommandHandler.java:97)
	at android.os.ShellCommand.exec(ShellCommand.java:38)
	at com.android.server.pm.PackageManagerService$IPackageManagerImpl.onShellCommand(PackageManagerService.java:6350)
	at android.os.Binder.shellCommand(Binder.java:1068)
	at android.os.Binder.onTransact(Binder.java:888)
	at android.content.pm.IPackageManager$Stub.onTransact(IPackageManager.java:4352)
	at com.android.server.pm.PackageManagerService$IPackageManagerImpl.onTransact(PackageManagerService.java:6334)
	at android.os.Binder.execTransactInternal(Binder.java:1344)
	at android.os.Binder.execTransact(Binder.java:1275)

00:38:05.252 [DEBUG] maestro.Maestro.setPermissionInternal: Failed to set permission com.majeur.launcher.permission.UPDATE_BADGE for app app.kabuk.mobile: shell command failed (exit -1): 
Exception occurred while executing 'grant':
java.lang.IllegalArgumentException: Unknown permission: com.majeur.launcher.permission.UPDATE_BADGE
	at com.android.server.pm.permission.PermissionManagerServiceImpl.grantRuntimePermissionInternal(PermissionManagerServiceImpl.java:1380)
	at com.android.server.pm.permission.PermissionManagerServiceImpl.grantRuntimePermission(PermissionManagerServiceImpl.java:1337)
	at com.android.server.pm.permission.PermissionManagerService.grantRuntimePermission(PermissionManagerService.java:551)
	at android.permission.PermissionManager.grantRuntimePermission(PermissionManager.java:609)
	at com.android.server.pm.PackageManagerShellCommand.runGrantRevokePermission(PackageManagerShellCommand.java:2672)
	at com.android.server.pm.PackageManagerShellCommand.onCommand(PackageManagerShellCommand.java:291)
	at com.android.modules.utils.BasicShellCommandHandler.exec(BasicShellCommandHandler.java:97)
	at android.os.ShellCommand.exec(ShellCommand.java:38)
	at com.android.server.pm.PackageManagerService$IPackageManagerImpl.onShellCommand(PackageManagerService.java:6350)
	at android.os.Binder.shellCommand(Binder.java:1068)
	at android.os.Binder.onTransact(Binder.java:888)
	at android.content.pm.IPackageManager$Stub.onTransact(IPackageManager.java:4352)
	at com.android.server.pm.PackageManagerService$IPackageManagerImpl.onTransact(PackageManagerService.java:6334)
	at android.os.Binder.execTransactInternal(Binder.java:1344)
	at android.os.Binder.execTransact(Binder.java:1275)

00:38:05.264 [DEBUG] maestro.Maestro.setPermissionInternal: Failed to set permission com.huawei.android.launcher.permission.CHANGE_BADGE for app app.kabuk.mobile: shell command failed (exit -1): 
Exception occurred while executing 'grant':
java.lang.IllegalArgumentException: Unknown permission: com.huawei.android.launcher.permission.CHANGE_BADGE
	at com.android.server.pm.permission.PermissionManagerServiceImpl.grantRuntimePermissionInternal(PermissionManagerServiceImpl.java:1380)
	at com.android.server.pm.permission.PermissionManagerServiceImpl.grantRuntimePermission(PermissionManagerServiceImpl.java:1337)
	at com.android.server.pm.permission.PermissionManagerService.grantRuntimePermission(PermissionManagerService.java:551)
	at android.permission.PermissionManager.grantRuntimePermission(PermissionManager.java:609)
	at com.android.server.pm.PackageManagerShellCommand.runGrantRevokePermission(PackageManagerShellCommand.java:2672)
	at com.android.server.pm.PackageManagerShellCommand.onCommand(PackageManagerShellCommand.java:291)
	at com.android.modules.utils.BasicShellCommandHandler.exec(BasicShellCommandHandler.java:97)
	at android.os.ShellCommand.exec(ShellCommand.java:38)
	at com.android.server.pm.PackageManagerService$IPackageManagerImpl.onShellCommand(PackageManagerService.java:6350)
	at android.os.Binder.shellCommand(Binder.java:1068)
	at android.os.Binder.onTransact(Binder.java:888)
	at android.content.pm.IPackageManager$Stub.onTransact(IPackageManager.java:4352)
	at com.android.server.pm.PackageManagerService$IPackageManagerImpl.onTransact(PackageManagerService.java:6334)
	at android.os.Binder.execTransactInternal(Binder.java:1344)
	at android.os.Binder.execTransact(Binder.java:1275)

00:38:05.275 [DEBUG] maestro.Maestro.setPermissionInternal: Failed to set permission com.huawei.android.launcher.permission.READ_SETTINGS for app app.kabuk.mobile: shell command failed (exit -1): 
Exception occurred while executing 'grant':
java.lang.IllegalArgumentException: Unknown permission: com.huawei.android.launcher.permission.READ_SETTINGS
	at com.android.server.pm.permission.PermissionManagerServiceImpl.grantRuntimePermissionInternal(PermissionManagerServiceImpl.java:1380)
	at com.android.server.pm.permission.PermissionManagerServiceImpl.grantRuntimePermission(PermissionManagerServiceImpl.java:1337)
	at com.android.server.pm.permission.PermissionManagerService.grantRuntimePermission(PermissionManagerService.java:551)
	at android.permission.PermissionManager.grantRuntimePermission(PermissionManager.java:609)
	at com.android.server.pm.PackageManagerShellCommand.runGrantRevokePermission(PackageManagerShellCommand.java:2672)
	at com.android.server.pm.PackageManagerShellCommand.onCommand(PackageManagerShellCommand.java:291)
	at com.android.modules.utils.BasicShellCommandHandler.exec(BasicShellCommandHandler.java:97)
	at android.os.ShellCommand.exec(ShellCommand.java:38)
	at com.android.server.pm.PackageManagerService$IPackageManagerImpl.onShellCommand(PackageManagerService.java:6350)
	at android.os.Binder.shellCommand(Binder.java:1068)
	at android.os.Binder.onTransact(Binder.java:888)
	at android.content.pm.IPackageManager$Stub.onTransact(IPackageManager.java:4352)
	at com.android.server.pm.PackageManagerService$IPackageManagerImpl.onTransact(PackageManagerService.java:6334)
	at android.os.Binder.execTransactInternal(Binder.java:1344)
	at android.os.Binder.execTransact(Binder.java:1275)

00:38:05.289 [DEBUG] maestro.Maestro.setPermissionInternal: Failed to set permission com.huawei.android.launcher.permission.WRITE_SETTINGS for app app.kabuk.mobile: shell command failed (exit -1): 
Exception occurred while executing 'grant':
java.lang.IllegalArgumentException: Unknown permission: com.huawei.android.launcher.permission.WRITE_SETTINGS
	at com.android.server.pm.permission.PermissionManagerServiceImpl.grantRuntimePermissionInternal(PermissionManagerServiceImpl.java:1380)
	at com.android.server.pm.permission.PermissionManagerServiceImpl.grantRuntimePermission(PermissionManagerServiceImpl.java:1337)
	at com.android.server.pm.permission.PermissionManagerService.grantRuntimePermission(PermissionManagerService.java:551)
	at android.permission.PermissionManager.grantRuntimePermission(PermissionManager.java:609)
	at com.android.server.pm.PackageManagerShellCommand.runGrantRevokePermission(PackageManagerShellCommand.java:2672)
	at com.android.server.pm.PackageManagerShellCommand.onCommand(PackageManagerShellCommand.java:291)
	at com.android.modules.utils.BasicShellCommandHandler.exec(BasicShellCommandHandler.java:97)
	at android.os.ShellCommand.exec(ShellCommand.java:38)
	at com.android.server.pm.PackageManagerService$IPackageManagerImpl.onShellCommand(PackageManagerService.java:6350)
	at android.os.Binder.shellCommand(Binder.java:1068)
	at android.os.Binder.onTransact(Binder.java:888)
	at android.content.pm.IPackageManager$Stub.onTransact(IPackageManager.java:4352)
	at com.android.server.pm.PackageManagerService$IPackageManagerImpl.onTransact(PackageManagerService.java:6334)
	at android.os.Binder.execTransactInternal(Binder.java:1344)
	at android.os.Binder.execTransact(Binder.java:1275)

00:38:05.302 [DEBUG] maestro.Maestro.setPermissionInternal: Failed to set permission android.permission.READ_APP_BADGE for app app.kabuk.mobile: shell command failed (exit -1): 
Exception occurred while executing 'grant':
java.lang.IllegalArgumentException: Unknown permission: android.permission.READ_APP_BADGE
	at com.android.server.pm.permission.PermissionManagerServiceImpl.grantRuntimePermissionInternal(PermissionManagerServiceImpl.java:1380)
	at com.android.server.pm.permission.PermissionManagerServiceImpl.grantRuntimePermission(PermissionManagerServiceImpl.java:1337)
	at com.android.server.pm.permission.PermissionManagerService.grantRuntimePermission(PermissionManagerService.java:551)
	at android.permission.PermissionManager.grantRuntimePermission(PermissionManager.java:609)
	at com.android.server.pm.PackageManagerShellCommand.runGrantRevokePermission(PackageManagerShellCommand.java:2672)
	at com.android.server.pm.PackageManagerShellCommand.onCommand(PackageManagerShellCommand.java:291)
	at com.android.modules.utils.BasicShellCommandHandler.exec(BasicShellCommandHandler.java:97)
	at android.os.ShellCommand.exec(ShellCommand.java:38)
	at com.android.server.pm.PackageManagerService$IPackageManagerImpl.onShellCommand(PackageManagerService.java:6350)
	at android.os.Binder.shellCommand(Binder.java:1068)
	at android.os.Binder.onTransact(Binder.java:888)
	at android.content.pm.IPackageManager$Stub.onTransact(IPackageManager.java:4352)
	at com.android.server.pm.PackageManagerService$IPackageManagerImpl.onTransact(PackageManagerService.java:6334)
	at android.os.Binder.execTransactInternal(Binder.java:1344)
	at android.os.Binder.execTransact(Binder.java:1275)

00:38:05.315 [DEBUG] maestro.Maestro.setPermissionInternal: Failed to set permission com.oppo.launcher.permission.READ_SETTINGS for app app.kabuk.mobile: shell command failed (exit -1): 
Exception occurred while executing 'grant':
java.lang.IllegalArgumentException: Unknown permission: com.oppo.launcher.permission.READ_SETTINGS
	at com.android.server.pm.permission.PermissionManagerServiceImpl.grantRuntimePermissionInternal(PermissionManagerServiceImpl.java:1380)
	at com.android.server.pm.permission.PermissionManagerServiceImpl.grantRuntimePermission(PermissionManagerServiceImpl.java:1337)
	at com.android.server.pm.permission.PermissionManagerService.grantRuntimePermission(PermissionManagerService.java:551)
	at android.permission.PermissionManager.grantRuntimePermission(PermissionManager.java:609)
	at com.android.server.pm.PackageManagerShellCommand.runGrantRevokePermission(PackageManagerShellCommand.java:2672)
	at com.android.server.pm.PackageManagerShellCommand.onCommand(PackageManagerShellCommand.java:291)
	at com.android.modules.utils.BasicShellCommandHandler.exec(BasicShellCommandHandler.java:97)
	at android.os.ShellCommand.exec(ShellCommand.java:38)
	at com.android.server.pm.PackageManagerService$IPackageManagerImpl.onShellCommand(PackageManagerService.java:6350)
	at android.os.Binder.shellCommand(Binder.java:1068)
	at android.os.Binder.onTransact(Binder.java:888)
	at android.content.pm.IPackageManager$Stub.onTransact(IPackageManager.java:4352)
	at com.android.server.pm.PackageManagerService$IPackageManagerImpl.onTransact(PackageManagerService.java:6334)
	at android.os.Binder.execTransactInternal(Binder.java:1344)
	at android.os.Binder.execTransact(Binder.java:1275)

00:38:05.328 [DEBUG] maestro.Maestro.setPermissionInternal: Failed to set permission com.oppo.launcher.permission.WRITE_SETTINGS for app app.kabuk.mobile: shell command failed (exit -1): 
Exception occurred while executing 'grant':
java.lang.IllegalArgumentException: Unknown permission: com.oppo.launcher.permission.WRITE_SETTINGS
	at com.android.server.pm.permission.PermissionManagerServiceImpl.grantRuntimePermissionInternal(PermissionManagerServiceImpl.java:1380)
	at com.android.server.pm.permission.PermissionManagerServiceImpl.grantRuntimePermission(PermissionManagerServiceImpl.java:1337)
	at com.android.server.pm.permission.PermissionManagerService.grantRuntimePermission(PermissionManagerService.java:551)
	at android.permission.PermissionManager.grantRuntimePermission(PermissionManager.java:609)
	at com.android.server.pm.PackageManagerShellCommand.runGrantRevokePermission(PackageManagerShellCommand.java:2672)
	at com.android.server.pm.PackageManagerShellCommand.onCommand(PackageManagerShellCommand.java:291)
	at com.android.modules.utils.BasicShellCommandHandler.exec(BasicShellCommandHandler.java:97)
	at android.os.ShellCommand.exec(ShellCommand.java:38)
	at com.android.server.pm.PackageManagerService$IPackageManagerImpl.onShellCommand(PackageManagerService.java:6350)
	at android.os.Binder.shellCommand(Binder.java:1068)
	at android.os.Binder.onTransact(Binder.java:888)
	at android.content.pm.IPackageManager$Stub.onTransact(IPackageManager.java:4352)
	at com.android.server.pm.PackageManagerService$IPackageManagerImpl.onTransact(PackageManagerService.java:6334)
	at android.os.Binder.execTransactInternal(Binder.java:1344)
	at android.os.Binder.execTransact(Binder.java:1275)

00:38:05.341 [DEBUG] maestro.Maestro.setPermissionInternal: Failed to set permission me.everything.badger.permission.BADGE_COUNT_READ for app app.kabuk.mobile: shell command failed (exit -1): 
Exception occurred while executing 'grant':
java.lang.IllegalArgumentException: Unknown permission: me.everything.badger.permission.BADGE_COUNT_READ
	at com.android.server.pm.permission.PermissionManagerServiceImpl.grantRuntimePermissionInternal(PermissionManagerServiceImpl.java:1380)
	at com.android.server.pm.permission.PermissionManagerServiceImpl.grantRuntimePermission(PermissionManagerServiceImpl.java:1337)
	at com.android.server.pm.permission.PermissionManagerService.grantRuntimePermission(PermissionManagerService.java:551)
	at android.permission.PermissionManager.grantRuntimePermission(PermissionManager.java:609)
	at com.android.server.pm.PackageManagerShellCommand.runGrantRevokePermission(PackageManagerShellCommand.java:2672)
	at com.android.server.pm.PackageManagerShellCommand.onCommand(PackageManagerShellCommand.java:291)
	at com.android.modules.utils.BasicShellCommandHandler.exec(BasicShellCommandHandler.java:97)
	at android.os.ShellCommand.exec(ShellCommand.java:38)
	at com.android.server.pm.PackageManagerService$IPackageManagerImpl.onShellCommand(PackageManagerService.java:6350)
	at android.os.Binder.shellCommand(Binder.java:1068)
	at android.os.Binder.onTransact(Binder.java:888)
	at android.content.pm.IPackageManager$Stub.onTransact(IPackageManager.java:4352)
	at com.android.server.pm.PackageManagerService$IPackageManagerImpl.onTransact(PackageManagerService.java:6334)
	at android.os.Binder.execTransactInternal(Binder.java:1344)
	at android.os.Binder.execTransact(Binder.java:1275)

00:38:05.355 [DEBUG] maestro.Maestro.setPermissionInternal: Failed to set permission me.everything.badger.permission.BADGE_COUNT_WRITE for app app.kabuk.mobile: shell command failed (exit -1): 
Exception occurred while executing 'grant':
java.lang.IllegalArgumentException: Unknown permission: me.everything.badger.permission.BADGE_COUNT_WRITE
	at com.android.server.pm.permission.PermissionManagerServiceImpl.grantRuntimePermissionInternal(PermissionManagerServiceImpl.java:1380)
	at com.android.server.pm.permission.PermissionManagerServiceImpl.grantRuntimePermission(PermissionManagerServiceImpl.java:1337)
	at com.android.server.pm.permission.PermissionManagerService.grantRuntimePermission(PermissionManagerService.java:551)
	at android.permission.PermissionManager.grantRuntimePermission(PermissionManager.java:609)
	at com.android.server.pm.PackageManagerShellCommand.runGrantRevokePermission(PackageManagerShellCommand.java:2672)
	at com.android.server.pm.PackageManagerShellCommand.onCommand(PackageManagerShellCommand.java:291)
	at com.android.modules.utils.BasicShellCommandHandler.exec(BasicShellCommandHandler.java:97)
	at android.os.ShellCommand.exec(ShellCommand.java:38)
	at com.android.server.pm.PackageManagerService$IPackageManagerImpl.onShellCommand(PackageManagerService.java:6350)
	at android.os.Binder.shellCommand(Binder.java:1068)
	at android.os.Binder.onTransact(Binder.java:888)
	at android.content.pm.IPackageManager$Stub.onTransact(IPackageManager.java:4352)
	at com.android.server.pm.PackageManagerService$IPackageManagerImpl.onTransact(PackageManagerService.java:6334)
	at android.os.Binder.execTransactInternal(Binder.java:1344)
	at android.os.Binder.execTransact(Binder.java:1275)

00:38:05.355 [ INFO] maestro.Maestro.launchApp$lambda$5: Launching app app.kabuk.mobile
00:38:05.355 [ INFO] maestro.Maestro.launchApp$lambda$5: Stopping app.kabuk.mobile app during launch
00:38:05.498 [ INFO] maestro.cli.runner.CliConsoleListener.onCommandFinished: Launch app "app.kabuk.mobile" COMPLETED
00:38:05.499 [ INFO] maestro.cli.runner.CliConsoleListener.onCommandStart: Assert that "Yeni mekanlar yakında." is visible RUNNING
00:38:07.701 [ INFO] maestro.cli.runner.CliConsoleListener.onCommandFinished: Assert that "Yeni mekanlar yakında." is visible COMPLETED
00:38:07.701 [ INFO] maestro.cli.runner.CliConsoleListener.onCommandStart: Assert that "E2E Kafe" is visible RUNNING
00:38:08.209 [ INFO] maestro.cli.runner.CliConsoleListener.onCommandFinished: Assert that "E2E Kafe" is visible COMPLETED
00:38:08.209 [ INFO] maestro.cli.runner.CliConsoleListener.onCommandStart: Assert that "Liste" is not visible RUNNING
00:38:08.888 [ INFO] maestro.cli.runner.CliConsoleListener.onCommandFinished: Assert that "Liste" is not visible COMPLETED
00:38:08.888 [ INFO] maestro.cli.runner.CliConsoleListener.onCommandStart: Take screenshot 06b-explore-single RUNNING
00:38:08.888 [ INFO] maestro.Maestro.takeScreenshot: Taking screenshot
00:38:08.889 [TRACE] maestro.utils.ScreenshotUtils.takeScreenshot: Taking screenshot to output sink
00:38:08.945 [ INFO] maestro.cli.runner.CliConsoleListener.onCommandFinished: Take screenshot 06b-explore-single COMPLETED
00:38:08.945 [ INFO] maestro.cli.runner.CliConsoleListener.onCommandStart: Tap on "Buraya giriş yap" RUNNING
00:38:09.061 [ INFO] maestro.Maestro.tap-HgV9Ck0: Tapping on element:  UiElement(treeNode=TreeNode(attributes={text=Buraya giriş yap, accessibilityText=, hintText=, ignoreBoundsFiltering=false, resource-id=, clickable=false, bounds=[93,374][228,396], enabled=true, focused=false, checked=false, scrollable=false, selected=false, class=android.widget.TextView, important-for-accessibility=true, error=}, children=[], clickable=false, enabled=true, focused=false, checked=false, selected=false), bounds=Bounds(x=93, y=374, width=135, height=22))
00:38:10.300 [ INFO] maestro.Maestro.tap-HgV9Ck0: Tap aimed via settled hierarchy
00:38:10.300 [ INFO] maestro.Maestro.hierarchyBasedTap-ogj28Uc: Tapping at (160, 385) using hierarchy based logic for wait
00:38:11.616 [ INFO] maestro.Maestro.hierarchyBasedTap-ogj28Uc: Something has changed in the UI judging by view hierarchy. Proceed.
00:38:11.616 [ INFO] maestro.cli.runner.CliConsoleListener.onCommandFinished: Tap on "Buraya giriş yap" COMPLETED
00:38:11.616 [ INFO] maestro.cli.runner.CliConsoleListener.onCommandStart: Assert that "Konumumu kullan" is visible RUNNING
00:38:11.636 [ INFO] maestro.cli.runner.CliConsoleListener.onCommandFinished: Assert that "Konumumu kullan" is visible COMPLETED
00:38:11.636 [ INFO] maestro.cli.runner.CliConsoleListener.onCommandStart: Tap on "Konumumun bu amaçla kullanılmasına açık rıza veriyorum." RUNNING
00:38:11.736 [ INFO] maestro.Maestro.tap-HgV9Ck0: Tapping on element:  UiElement(treeNode=TreeNode(attributes={text=Konumumun bu amaçla kullanılmasına açık rıza veriyorum., accessibilityText=, hintText=, ignoreBoundsFiltering=false, resource-id=, clickable=false, bounds=[58,358][300,427], enabled=true, focused=false, checked=false, scrollable=false, selected=false, class=android.widget.TextView, important-for-accessibility=true, error=}, children=[], clickable=false, enabled=true, focused=false, checked=false, selected=false), bounds=Bounds(x=58, y=358, width=242, height=69))
00:38:12.964 [ INFO] maestro.Maestro.tap-HgV9Ck0: Tap aimed via settled hierarchy
00:38:12.964 [ INFO] maestro.Maestro.hierarchyBasedTap-ogj28Uc: Tapping at (179, 392) using hierarchy based logic for wait
00:38:14.028 [ INFO] maestro.Maestro.hierarchyBasedTap-ogj28Uc: Something has changed in the UI judging by view hierarchy. Proceed.
00:38:14.028 [ INFO] maestro.cli.runner.CliConsoleListener.onCommandFinished: Tap on "Konumumun bu amaçla kullanılmasına açık rıza veriyorum." COMPLETED
00:38:14.028 [ INFO] maestro.cli.runner.CliConsoleListener.onCommandStart: Take screenshot 07-location-consent RUNNING
00:38:14.029 [ INFO] maestro.Maestro.takeScreenshot: Taking screenshot
00:38:14.029 [TRACE] maestro.utils.ScreenshotUtils.takeScreenshot: Taking screenshot to output sink
00:38:14.048 [ INFO] maestro.cli.runner.CliConsoleListener.onCommandFinished: Take screenshot 07-location-consent COMPLETED
00:38:14.048 [ INFO] maestro.cli.runner.CliConsoleListener.onCommandStart: Set location (${OUTSIDE_LAT}, ${OUTSIDE_LNG}) RUNNING
00:38:14.053 [ INFO] maestro.Maestro.setLocation$lambda$50: Setting location: (40.9999999410393, 28.643693994615862)
00:38:14.055 [ INFO] maestro.drivers.AndroidDriver.setLocation$lambda$50: [Start] Setting up for mocking location 40.9999999410393, 28.643693994615862
00:38:14.184 [ INFO] maestro.drivers.AndroidDriver.setLocation$lambda$50: [Done] Setting up for mocking location 40.9999999410393, 28.643693994615862
00:38:14.200 [ INFO] maestro.cli.runner.CliConsoleListener.onCommandFinished: Set location (${OUTSIDE_LAT}, ${OUTSIDE_LNG}) COMPLETED
00:38:14.200 [ INFO] maestro.cli.runner.CliConsoleListener.onCommandStart: Tap on "Konumumu kullan" RUNNING
00:38:14.393 [ INFO] maestro.Maestro.tap-HgV9Ck0: Tapping on element:  UiElement(treeNode=TreeNode(attributes={text=Konumumu kullan, accessibilityText=, hintText=, ignoreBoundsFiltering=false, resource-id=, clickable=false, bounds=[92,574][228,594], enabled=true, focused=false, checked=false, scrollable=false, selected=false, class=android.widget.TextView, important-for-accessibility=true, error=}, children=[], clickable=false, enabled=true, focused=false, checked=false, selected=false), bounds=Bounds(x=92, y=574, width=136, height=20))
00:38:15.592 [ INFO] maestro.Maestro.tap-HgV9Ck0: Tap aimed via settled hierarchy
00:38:15.592 [ INFO] maestro.Maestro.hierarchyBasedTap-ogj28Uc: Tapping at (160, 584) using hierarchy based logic for wait
00:38:16.696 [ INFO] maestro.Maestro.hierarchyBasedTap-ogj28Uc: Something has changed in the UI judging by view hierarchy. Proceed.
00:38:16.696 [ INFO] maestro.cli.runner.CliConsoleListener.onCommandFinished: Tap on "Konumumu kullan" COMPLETED
00:38:16.697 [ INFO] maestro.cli.runner.CliConsoleListener.onCommandStart: Assert that "Kampüsün içinde görünmüyorsun. Kampüse girince tekrar dene." is visible RUNNING
00:38:16.760 [ INFO] maestro.cli.runner.CliConsoleListener.onCommandFinished: Assert that "Kampüsün içinde görünmüyorsun. Kampüse girince tekrar dene." is visible COMPLETED
00:38:16.760 [ INFO] maestro.cli.runner.CliConsoleListener.onCommandStart: Take screenshot 08-too-far RUNNING
00:38:16.760 [ INFO] maestro.Maestro.takeScreenshot: Taking screenshot
00:38:16.761 [TRACE] maestro.utils.ScreenshotUtils.takeScreenshot: Taking screenshot to output sink
00:38:16.823 [ INFO] maestro.cli.runner.CliConsoleListener.onCommandFinished: Take screenshot 08-too-far COMPLETED
00:38:16.823 [ INFO] maestro.cli.runner.CliConsoleListener.onCommandStart: Set location (${INSIDE_LAT}, ${INSIDE_LNG}) RUNNING
00:38:16.827 [ INFO] maestro.Maestro.setLocation$lambda$50: Setting location: (41, 28.64)
00:38:16.867 [ INFO] maestro.cli.runner.CliConsoleListener.onCommandFinished: Set location (${INSIDE_LAT}, ${INSIDE_LNG}) COMPLETED
00:38:16.868 [ INFO] maestro.cli.runner.CliConsoleListener.onCommandStart: Tap on "Konumumu kullan" RUNNING
00:38:16.929 [ INFO] maestro.Maestro.tap-HgV9Ck0: Tapping on element:  UiElement(treeNode=TreeNode(attributes={text=Konumumu kullan, accessibilityText=, hintText=, ignoreBoundsFiltering=false, resource-id=, clickable=false, bounds=[92,574][228,594], enabled=true, focused=false, checked=false, scrollable=false, selected=false, class=android.widget.TextView, important-for-accessibility=true, error=}, children=[], clickable=false, enabled=true, focused=false, checked=false, selected=false), bounds=Bounds(x=92, y=574, width=136, height=20))
00:38:18.147 [ INFO] maestro.Maestro.tap-HgV9Ck0: Tap aimed via settled hierarchy
00:38:18.148 [ INFO] maestro.Maestro.hierarchyBasedTap-ogj28Uc: Tapping at (160, 584) using hierarchy based logic for wait
00:38:19.231 [ INFO] maestro.Maestro.hierarchyBasedTap-ogj28Uc: Something has changed in the UI judging by view hierarchy. Proceed.
00:38:19.232 [ INFO] maestro.cli.runner.CliConsoleListener.onCommandFinished: Tap on "Konumumu kullan" COMPLETED
00:38:19.232 [ INFO] maestro.cli.runner.CliConsoleListener.onCommandStart: Assert that "Neredesin\?" is visible RUNNING
00:38:19.292 [ INFO] maestro.cli.runner.CliConsoleListener.onCommandFinished: Assert that "Neredesin\?" is visible COMPLETED
00:38:19.292 [ INFO] maestro.cli.runner.CliConsoleListener.onCommandStart: Take screenshot 08b-spot RUNNING
00:38:19.292 [ INFO] maestro.Maestro.takeScreenshot: Taking screenshot
00:38:19.293 [TRACE] maestro.utils.ScreenshotUtils.takeScreenshot: Taking screenshot to output sink
00:38:19.308 [ INFO] maestro.cli.runner.CliConsoleListener.onCommandFinished: Take screenshot 08b-spot COMPLETED
00:38:19.308 [ INFO] maestro.cli.runner.CliConsoleListener.onCommandStart: Tap on id: spot-kantin RUNNING
00:38:19.412 [ INFO] maestro.Maestro.tap-HgV9Ck0: Tapping on element:  UiElement(treeNode=TreeNode(attributes={text=, accessibilityText=Kantin, hintText=, ignoreBoundsFiltering=false, resource-id=spot-kantin, clickable=true, bounds=[20,216][300,272], enabled=true, focused=false, checked=false, scrollable=false, selected=false, class=android.widget.RadioButton, important-for-accessibility=true, error=}, children=[TreeNode(attributes={text=, accessibilityText=, hintText=, ignoreBoundsFiltering=false, resource-id=, clickable=false, bounds=[38,232][62,256], enabled=true, focused=false, checked=false, scrollable=false, selected=false, class=android.view.ViewGroup, important-for-accessibility=false, error=}, children=[], clickable=false, enabled=true, focused=false, checked=false, selected=false), TreeNode(attributes={text=Kantin, accessibilityText=, hintText=, ignoreBoundsFiltering=false, resource-id=, clickable=false, bounds=[74,233][282,256], enabled=true, focused=false, checked=false, scrollable=false, selected=false, class=android.widget.TextView, important-for-accessibility=true, error=}, children=[], clickable=false, enabled=true, focused=false, checked=false, selected=false)], clickable=true, enabled=true, focused=false, checked=false, selected=false), bounds=Bounds(x=20, y=216, width=280, height=56))
00:38:20.667 [ INFO] maestro.Maestro.tap-HgV9Ck0: Tap aimed via settled hierarchy
00:38:20.668 [ INFO] maestro.Maestro.hierarchyBasedTap-ogj28Uc: Tapping at (160, 244) using hierarchy based logic for wait
00:38:21.468 [ INFO] maestro.Maestro.hierarchyBasedTap-ogj28Uc: Something has changed in the UI judging by view hierarchy. Proceed.
00:38:21.468 [ INFO] maestro.cli.runner.CliConsoleListener.onCommandFinished: Tap on id: spot-kantin COMPLETED
00:38:21.468 [ INFO] maestro.cli.runner.CliConsoleListener.onCommandStart: Tap on "Devam" RUNNING
00:38:21.572 [ INFO] maestro.Maestro.tap-HgV9Ck0: Tapping on element:  UiElement(treeNode=TreeNode(attributes={text=Devam, accessibilityText=, hintText=, ignoreBoundsFiltering=false, resource-id=, clickable=false, bounds=[134,574][186,594], enabled=true, focused=false, checked=false, scrollable=false, selected=false, class=android.widget.TextView, important-for-accessibility=true, error=}, children=[], clickable=false, enabled=true, focused=false, checked=false, selected=false), bounds=Bounds(x=134, y=574, width=52, height=20))
00:38:22.749 [ INFO] maestro.Maestro.tap-HgV9Ck0: Tap aimed via settled hierarchy
00:38:22.750 [ INFO] maestro.Maestro.hierarchyBasedTap-ogj28Uc: Tapping at (160, 584) using hierarchy based logic for wait
00:38:23.668 [ INFO] maestro.Maestro.hierarchyBasedTap-ogj28Uc: Something has changed in the UI judging by view hierarchy. Proceed.
00:38:23.668 [ INFO] maestro.cli.runner.CliConsoleListener.onCommandFinished: Tap on "Devam" COMPLETED
00:38:23.668 [ INFO] maestro.cli.runner.CliConsoleListener.onCommandStart: Assert that "Masada kaç kişisiniz\?" is visible RUNNING
00:38:23.728 [ INFO] maestro.cli.runner.CliConsoleListener.onCommandFinished: Assert that "Masada kaç kişisiniz\?" is visible COMPLETED
00:38:23.728 [ INFO] maestro.cli.runner.CliConsoleListener.onCommandStart: Assert that "Profille katılmak için önce Profil sekmesinden bir ad seç." is not visible RUNNING
00:38:24.324 [ INFO] maestro.cli.runner.CliConsoleListener.onCommandFinished: Assert that "Profille katılmak için önce Profil sekmesinden bir ad seç." is not visible COMPLETED
00:38:24.324 [ INFO] maestro.cli.runner.CliConsoleListener.onCommandStart: Take screenshot 09-headcount RUNNING
00:38:24.324 [ INFO] maestro.Maestro.takeScreenshot: Taking screenshot
00:38:24.325 [TRACE] maestro.utils.ScreenshotUtils.takeScreenshot: Taking screenshot to output sink
00:38:24.379 [ INFO] maestro.cli.runner.CliConsoleListener.onCommandFinished: Take screenshot 09-headcount COMPLETED
00:38:24.379 [ INFO] maestro.cli.runner.CliConsoleListener.onCommandStart: Tap on id: headcount-2 RUNNING
00:38:24.480 [ INFO] maestro.Maestro.tap-HgV9Ck0: Tapping on element:  UiElement(treeNode=TreeNode(attributes={text=, accessibilityText=2, hintText=, ignoreBoundsFiltering=false, resource-id=headcount-2, clickable=true, bounds=[88,250][144,306], enabled=true, focused=false, checked=false, scrollable=false, selected=false, class=android.widget.RadioButton, important-for-accessibility=true, error=}, children=[TreeNode(attributes={text=2, accessibilityText=, hintText=, ignoreBoundsFiltering=false, resource-id=, clickable=false, bounds=[109,266][122,290], enabled=true, focused=false, checked=false, scrollable=false, selected=false, class=android.widget.TextView, important-for-accessibility=true, error=}, children=[], clickable=false, enabled=true, focused=false, checked=false, selected=false)], clickable=true, enabled=true, focused=false, checked=false, selected=false), bounds=Bounds(x=88, y=250, width=56, height=56))
00:38:25.700 [ INFO] maestro.Maestro.tap-HgV9Ck0: Tap aimed via settled hierarchy
00:38:25.700 [ INFO] maestro.Maestro.hierarchyBasedTap-ogj28Uc: Tapping at (116, 278) using hierarchy based logic for wait
00:38:27.284 [ INFO] maestro.Maestro.hierarchyBasedTap-ogj28Uc: Something has changed in the UI judging by view hierarchy. Proceed.
00:38:27.284 [ INFO] maestro.cli.runner.CliConsoleListener.onCommandFinished: Tap on id: headcount-2 COMPLETED
00:38:27.284 [ INFO] maestro.cli.runner.CliConsoleListener.onCommandStart: Tap on "Masayı aç" RUNNING
00:38:27.384 [ INFO] maestro.Maestro.tap-HgV9Ck0: Tapping on element:  UiElement(treeNode=TreeNode(attributes={text=Masayı aç, accessibilityText=, hintText=, ignoreBoundsFiltering=false, resource-id=, clickable=false, bounds=[124,574][197,594], enabled=true, focused=false, checked=false, scrollable=false, selected=false, class=android.widget.TextView, important-for-accessibility=true, error=}, children=[], clickable=false, enabled=true, focused=false, checked=false, selected=false), bounds=Bounds(x=124, y=574, width=73, height=20))
00:38:28.599 [ INFO] maestro.Maestro.tap-HgV9Ck0: Tap aimed via settled hierarchy
00:38:28.600 [ INFO] maestro.Maestro.hierarchyBasedTap-ogj28Uc: Tapping at (160, 584) using hierarchy based logic for wait
00:38:29.744 [ INFO] maestro.Maestro.hierarchyBasedTap-ogj28Uc: Something has changed in the UI judging by view hierarchy. Proceed.
00:38:29.744 [ INFO] maestro.cli.runner.CliConsoleListener.onCommandFinished: Tap on "Masayı aç" COMPLETED
00:38:29.744 [ INFO] maestro.cli.runner.CliConsoleListener.onCommandStart: Assert that "Masan hazır" is visible RUNNING
00:38:29.848 [ INFO] maestro.cli.runner.CliConsoleListener.onCommandFinished: Assert that "Masan hazır" is visible COMPLETED
00:38:29.848 [ INFO] maestro.cli.runner.CliConsoleListener.onCommandStart: Take screenshot 10-table-ready RUNNING
00:38:29.848 [ INFO] maestro.Maestro.takeScreenshot: Taking screenshot
00:38:29.849 [TRACE] maestro.utils.ScreenshotUtils.takeScreenshot: Taking screenshot to output sink
00:38:29.864 [ INFO] maestro.cli.runner.CliConsoleListener.onCommandFinished: Take screenshot 10-table-ready COMPLETED
00:38:29.864 [ INFO] maestro.cli.runner.CliConsoleListener.onCommandStart: Tap on "Devam" RUNNING
00:38:29.968 [ INFO] maestro.Maestro.tap-HgV9Ck0: Tapping on element:  UiElement(treeNode=TreeNode(attributes={text=Devam, accessibilityText=, hintText=, ignoreBoundsFiltering=false, resource-id=, clickable=false, bounds=[134,574][186,594], enabled=true, focused=false, checked=false, scrollable=false, selected=false, class=android.widget.TextView, important-for-accessibility=true, error=}, children=[], clickable=false, enabled=true, focused=false, checked=false, selected=false), bounds=Bounds(x=134, y=574, width=52, height=20))
00:38:31.148 [ INFO] maestro.Maestro.tap-HgV9Ck0: Tap aimed via settled hierarchy
00:38:31.148 [ INFO] maestro.Maestro.hierarchyBasedTap-ogj28Uc: Tapping at (160, 584) using hierarchy based logic for wait
00:38:32.102 [ INFO] maestro.Maestro.hierarchyBasedTap-ogj28Uc: Something has changed in the UI judging by view hierarchy. Proceed.
00:38:32.102 [ INFO] maestro.cli.runner.CliConsoleListener.onCommandFinished: Tap on "Devam" COMPLETED
00:38:32.103 [ INFO] maestro.cli.runner.CliConsoleListener.onCommandStart: Assert that "Oda kur" is visible RUNNING
00:38:32.225 [ INFO] maestro.cli.runner.CliConsoleListener.onCommandFinished: Assert that "Oda kur" is visible COMPLETED
00:38:32.225 [ INFO] maestro.cli.runner.CliConsoleListener.onCommandStart: Assert that "Noktan: Kantin" is visible RUNNING
00:38:32.342 [ INFO] maestro.cli.runner.CliConsoleListener.onCommandFinished: Assert that "Noktan: Kantin" is visible COMPLETED
00:38:32.343 [ INFO] maestro.cli.runner.CliConsoleListener.onCommandStart: Take screenshot 11-venue RUNNING
00:38:32.343 [ INFO] maestro.Maestro.takeScreenshot: Taking screenshot
00:38:32.343 [TRACE] maestro.utils.ScreenshotUtils.takeScreenshot: Taking screenshot to output sink
00:38:32.402 [ INFO] maestro.cli.runner.CliConsoleListener.onCommandFinished: Take screenshot 11-venue COMPLETED
00:38:32.402 [ INFO] maestro.cli.runner.CliConsoleListener.onCommandFinished: Run flows/02-checkin.yaml COMPLETED
00:38:32.402 [ INFO] maestro.cli.runner.CliConsoleListener.onCommandStart: Run flows/03-name.yaml RUNNING
00:38:32.402 [ INFO] maestro.cli.runner.CliConsoleListener.onCommandStart: Apply configuration RUNNING
00:38:32.402 [ INFO] maestro.cli.runner.CliConsoleListener.onCommandFinished: Apply configuration COMPLETED
00:38:32.402 [ INFO] maestro.cli.runner.CliConsoleListener.onCommandStart: Tap on id: tab-profile RUNNING
00:38:32.558 [ INFO] maestro.Maestro.tap-HgV9Ck0: Tapping on element:  UiElement(treeNode=TreeNode(attributes={text=, accessibilityText=Profil, hintText=, ignoreBoundsFiltering=false, resource-id=tab-profile, clickable=true, bounds=[242,568][296,632], enabled=true, focused=false, checked=false, scrollable=false, selected=false, class=android.view.View, important-for-accessibility=true, error=}, children=[TreeNode(attributes={text=, accessibilityText=, hintText=, ignoreBoundsFiltering=false, resource-id=, clickable=false, bounds=[257,580][281,604], enabled=true, focused=false, checked=false, scrollable=false, selected=false, class=android.widget.ImageView, important-for-accessibility=false, error=}, children=[], clickable=false, enabled=true, focused=false, checked=false, selected=false), TreeNode(attributes={text=Profil, accessibilityText=, hintText=, ignoreBoundsFiltering=false, resource-id=, clickable=false, bounds=[253,612][284,628], enabled=true, focused=false, checked=false, scrollable=false, selected=false, class=android.widget.TextView, important-for-accessibility=true, error=}, children=[], clickable=false, enabled=true, focused=false, checked=false, selected=false)], clickable=true, enabled=true, focused=false, checked=false, selected=false), bounds=Bounds(x=242, y=568, width=54, height=64))
00:38:33.792 [ INFO] maestro.Maestro.tap-HgV9Ck0: Tap aimed via settled hierarchy
00:38:33.793 [ INFO] maestro.Maestro.hierarchyBasedTap-ogj28Uc: Tapping at (269, 600) using hierarchy based logic for wait
00:38:34.892 [ INFO] maestro.Maestro.hierarchyBasedTap-ogj28Uc: Something has changed in the UI judging by view hierarchy. Proceed.
00:38:34.892 [ INFO] maestro.cli.runner.CliConsoleListener.onCommandFinished: Tap on id: tab-profile COMPLETED
00:38:34.893 [ INFO] maestro.cli.runner.CliConsoleListener.onCommandStart: Assert that "Cihaz Masa, \d+" is visible RUNNING
00:38:35.006 [ INFO] maestro.cli.runner.CliConsoleListener.onCommandFinished: Assert that "Cihaz Masa, \d+" is visible COMPLETED
00:38:35.006 [ INFO] maestro.cli.runner.CliConsoleListener.onCommandStart: Assert that ".*2000.*" is not visible RUNNING
00:38:35.905 [ INFO] maestro.cli.runner.CliConsoleListener.onCommandFinished: Assert that ".*2000.*" is not visible COMPLETED
00:38:35.906 [ INFO] maestro.cli.runner.CliConsoleListener.onCommandStart: Take screenshot 12-profile RUNNING
00:38:35.906 [ INFO] maestro.Maestro.takeScreenshot: Taking screenshot
00:38:35.906 [TRACE] maestro.utils.ScreenshotUtils.takeScreenshot: Taking screenshot to output sink
00:38:35.963 [ INFO] maestro.cli.runner.CliConsoleListener.onCommandFinished: Take screenshot 12-profile COMPLETED
00:38:35.963 [ INFO] maestro.cli.runner.CliConsoleListener.onCommandFinished: Run flows/03-name.yaml COMPLETED
00:38:35.963 [ INFO] maestro.cli.runner.CliConsoleListener.onCommandStart: Run flows/04-room-tabu.yaml RUNNING
00:38:35.964 [ INFO] maestro.cli.runner.CliConsoleListener.onCommandStart: Apply configuration RUNNING
00:38:35.964 [ INFO] maestro.cli.runner.CliConsoleListener.onCommandFinished: Apply configuration COMPLETED
00:38:35.964 [ INFO] maestro.cli.runner.CliConsoleListener.onCommandStart: Run ../scripts/bot.js RUNNING
00:38:36.174 [ INFO] maestro.cli.runner.CliConsoleListener.onCommandFinished: Run ../scripts/bot.js COMPLETED
00:38:36.174 [ INFO] maestro.cli.runner.CliConsoleListener.onCommandStart: Run ../scripts/bot.js RUNNING
00:38:36.266 [ INFO] maestro.cli.runner.CliConsoleListener.onCommandFinished: Run ../scripts/bot.js COMPLETED
00:38:36.266 [ INFO] maestro.cli.runner.CliConsoleListener.onCommandStart: Run ../scripts/bot.js RUNNING
00:38:36.453 [ INFO] maestro.cli.runner.CliConsoleListener.onCommandFinished: Run ../scripts/bot.js COMPLETED
00:38:36.453 [ INFO] maestro.cli.runner.CliConsoleListener.onCommandStart: Tap on id: tab-venue RUNNING
00:38:36.549 [ INFO] maestro.Maestro.tap-HgV9Ck0: Tapping on element:  UiElement(treeNode=TreeNode(attributes={text=, accessibilityText=Mekan, hintText=, ignoreBoundsFiltering=false, resource-id=tab-venue, clickable=true, bounds=[133,568][187,632], enabled=true, focused=false, checked=false, scrollable=false, selected=false, class=android.view.View, important-for-accessibility=true, error=}, children=[TreeNode(attributes={text=, accessibilityText=, hintText=, ignoreBoundsFiltering=false, resource-id=, clickable=false, bounds=[140,572][180,612], enabled=true, focused=false, checked=false, scrollable=false, selected=false, class=android.view.ViewGroup, important-for-accessibility=false, error=}, children=[], clickable=false, enabled=true, focused=false, checked=false, selected=false), TreeNode(attributes={text=, accessibilityText=, hintText=, ignoreBoundsFiltering=false, resource-id=, clickable=false, bounds=[148,580][172,604], enabled=true, focused=false, checked=false, scrollable=false, selected=false, class=android.widget.ImageView, important-for-accessibility=false, error=}, children=[], clickable=false, enabled=true, focused=false, checked=false, selected=false), TreeNode(attributes={text=Mekan, accessibilityText=, hintText=, ignoreBoundsFiltering=false, resource-id=, clickable=false, bounds=[141,612][178,628], enabled=true, focused=false, checked=false, scrollable=false, selected=false, class=android.widget.TextView, important-for-accessibility=true, error=}, children=[], clickable=false, enabled=true, focused=false, checked=false, selected=false)], clickable=true, enabled=true, focused=false, checked=false, selected=false), bounds=Bounds(x=133, y=568, width=54, height=64))
00:38:37.741 [ INFO] maestro.Maestro.tap-HgV9Ck0: Tap aimed via settled hierarchy
00:38:37.742 [ INFO] maestro.Maestro.hierarchyBasedTap-ogj28Uc: Tapping at (160, 600) using hierarchy based logic for wait
00:38:38.682 [ INFO] maestro.Maestro.hierarchyBasedTap-ogj28Uc: Something has changed in the UI judging by view hierarchy. Proceed.
00:38:38.682 [ INFO] maestro.cli.runner.CliConsoleListener.onCommandFinished: Tap on id: tab-venue COMPLETED
00:38:38.682 [ INFO] maestro.cli.runner.CliConsoleListener.onCommandStart: Tap on id: reroll-alias RUNNING
00:38:38.805 [ INFO] maestro.Maestro.tap-HgV9Ck0: Tapping on element:  UiElement(treeNode=TreeNode(attributes={text=, accessibilityText=Adı değiştir, hintText=, ignoreBoundsFiltering=false, resource-id=reroll-alias, clickable=true, bounds=[155,299][282,347], enabled=true, focused=false, checked=false, scrollable=false, selected=false, class=android.widget.Button, important-for-accessibility=true, error=}, children=[TreeNode(attributes={text=, accessibilityText=, hintText=, ignoreBoundsFiltering=false, resource-id=, clickable=false, bounds=[155,299][282,347], enabled=true, focused=false, checked=false, scrollable=false, selected=false, class=android.view.ViewGroup, important-for-accessibility=false, error=}, children=[], clickable=false, enabled=true, focused=false, checked=false, selected=false), TreeNode(attributes={text=Adı değiştir, accessibilityText=, hintText=, ignoreBoundsFiltering=false, resource-id=, clickable=false, bounds=[175,313][262,333], enabled=true, focused=false, checked=false, scrollable=false, selected=false, class=android.widget.TextView, important-for-accessibility=true, error=}, children=[], clickable=false, enabled=true, focused=false, checked=false, selected=false)], clickable=true, enabled=true, focused=false, checked=false, selected=false), bounds=Bounds(x=155, y=299, width=127, height=48))
00:38:40.038 [ INFO] maestro.Maestro.tap-HgV9Ck0: Tap aimed via settled hierarchy
00:38:40.038 [ INFO] maestro.Maestro.hierarchyBasedTap-ogj28Uc: Tapping at (218, 323) using hierarchy based logic for wait
00:38:40.982 [ INFO] maestro.Maestro.hierarchyBasedTap-ogj28Uc: Something has changed in the UI judging by view hierarchy. Proceed.
00:38:40.982 [ INFO] maestro.cli.runner.CliConsoleListener.onCommandFinished: Tap on id: reroll-alias COMPLETED
00:38:40.982 [ INFO] maestro.cli.runner.CliConsoleListener.onCommandStart: Assert that "2 hakkın kaldı" is visible RUNNING
00:38:41.097 [ INFO] maestro.cli.runner.CliConsoleListener.onCommandFinished: Assert that "2 hakkın kaldı" is visible COMPLETED
00:38:41.097 [ INFO] maestro.cli.runner.CliConsoleListener.onCommandStart: Take screenshot 11b-alias-rerolled RUNNING
00:38:41.098 [ INFO] maestro.Maestro.takeScreenshot: Taking screenshot
00:38:41.098 [TRACE] maestro.utils.ScreenshotUtils.takeScreenshot: Taking screenshot to output sink
00:38:41.155 [ INFO] maestro.cli.runner.CliConsoleListener.onCommandFinished: Take screenshot 11b-alias-rerolled COMPLETED
00:38:41.155 [ INFO] maestro.cli.runner.CliConsoleListener.onCommandStart: Scrolling DOWN until id: spot-here is visible with speed 40, visibility percentage 100%, timeout 20000 ms, with centering disabled RUNNING
00:38:41.902 [ WARN] maestro.orchestra.Orchestra.scrollUntilVisible: Error: maestro.MaestroException$ElementNotFound: Element not found: Id matching regex: spot-here
00:38:41.946 [ INFO] maestro.Maestro.swipeFromCenter: Swiping UP from center
00:38:43.913 [ INFO] maestro.orchestra.Orchestra.scrollUntilVisible: Scrolling try count: 0, DeviceWidth: 320, DeviceWidth: 640
00:38:43.913 [ INFO] maestro.orchestra.Orchestra.scrollUntilVisible: Element bounds: Bounds(x=36, y=420, width=248, height=48)
00:38:43.913 [ INFO] maestro.orchestra.Orchestra.scrollUntilVisible: Visibility Percent: 1.0
00:38:43.913 [ INFO] maestro.orchestra.Orchestra.scrollUntilVisible: Command centerElement: ScrollUntilVisibleCommand(selector=ElementSelector(textRegex=null, idRegex=spot-here, size=null, below=null, above=null, leftOf=null, rightOf=null, containsChild=null, containsDescendants=null, traits=null, index=null, enabled=null, optional=false, selected=null, checked=null, focused=null, childOf=null, css=null), direction=DOWN, scrollDuration=601, visibilityPercentage=100, timeout=20000, waitToSettleTimeoutMs=null, centerElement=false, originalSpeedValue=40, label=null, optional=false).centerElement
00:38:43.913 [ INFO] maestro.orchestra.Orchestra.scrollUntilVisible: visibilityPercentageNormalized: 1.0
00:38:43.913 [ INFO] maestro.cli.runner.CliConsoleListener.onCommandFinished: Scrolling DOWN until id: spot-here is visible with speed 40, visibility percentage 100%, timeout 20000 ms, with centering disabled COMPLETED
00:38:43.913 [ INFO] maestro.cli.runner.CliConsoleListener.onCommandStart: Assert that "Kütüphane" is visible RUNNING
00:38:44.029 [ INFO] maestro.cli.runner.CliConsoleListener.onCommandFinished: Assert that "Kütüphane" is visible COMPLETED
00:38:44.029 [ INFO] maestro.cli.runner.CliConsoleListener.onCommandStart: Assert that "Katılmak istiyorum" is not visible RUNNING
00:38:44.805 [ INFO] maestro.cli.runner.CliConsoleListener.onCommandFinished: Assert that "Katılmak istiyorum" is not visible COMPLETED
00:38:44.805 [ INFO] maestro.cli.runner.CliConsoleListener.onCommandStart: Take screenshot 12b-lobby-other-spot RUNNING
00:38:44.806 [ INFO] maestro.Maestro.takeScreenshot: Taking screenshot
00:38:44.806 [TRACE] maestro.utils.ScreenshotUtils.takeScreenshot: Taking screenshot to output sink
00:38:44.861 [ INFO] maestro.cli.runner.CliConsoleListener.onCommandFinished: Take screenshot 12b-lobby-other-spot COMPLETED
00:38:44.861 [ INFO] maestro.cli.runner.CliConsoleListener.onCommandStart: Tap on id: spot-here RUNNING
00:38:44.938 [ INFO] maestro.Maestro.tap-HgV9Ck0: Tapping on element:  UiElement(treeNode=TreeNode(attributes={text=, accessibilityText=Bu noktadayım, hintText=, ignoreBoundsFiltering=false, resource-id=spot-here, clickable=true, bounds=[36,420][284,468], enabled=true, focused=false, checked=false, scrollable=false, selected=false, class=android.widget.Button, important-for-accessibility=true, error=}, children=[TreeNode(attributes={text=, accessibilityText=, hintText=, ignoreBoundsFiltering=false, resource-id=, clickable=false, bounds=[36,420][284,468], enabled=true, focused=false, checked=false, scrollable=false, selected=false, class=android.view.ViewGroup, important-for-accessibility=false, error=}, children=[], clickable=false, enabled=true, focused=false, checked=false, selected=false), TreeNode(attributes={text=, accessibilityText=, hintText=, ignoreBoundsFiltering=false, resource-id=, clickable=false, bounds=[90,433][110,454], enabled=true, focused=false, checked=false, scrollable=false, selected=false, class=android.widget.TextView, important-for-accessibility=true, error=}, children=[], clickable=false, enabled=true, focused=false, checked=false, selected=false), TreeNode(attributes={text=Bu noktadayım, accessibilityText=, hintText=, ignoreBoundsFiltering=false, resource-id=, clickable=false, bounds=[118,434][230,454], enabled=true, focused=false, checked=false, scrollable=false, selected=false, class=android.widget.TextView, important-for-accessibility=true, error=}, children=[], clickable=false, enabled=true, focused=false, checked=false, selected=false)], clickable=true, enabled=true, focused=false, checked=false, selected=false), bounds=Bounds(x=36, y=420, width=248, height=48))
00:38:46.126 [ INFO] maestro.Maestro.tap-HgV9Ck0: Tap aimed via settled hierarchy
00:38:46.127 [ INFO] maestro.Maestro.hierarchyBasedTap-ogj28Uc: Tapping at (160, 444) using hierarchy based logic for wait
00:38:47.086 [ INFO] maestro.Maestro.hierarchyBasedTap-ogj28Uc: Something has changed in the UI judging by view hierarchy. Proceed.
00:38:47.086 [ INFO] maestro.cli.runner.CliConsoleListener.onCommandFinished: Tap on id: spot-here COMPLETED
00:38:47.086 [ INFO] maestro.cli.runner.CliConsoleListener.onCommandStart: Scrolling DOWN until "Katılmak istiyorum" is visible with speed 40, visibility percentage 100%, timeout 15000 ms, with centering disabled RUNNING
00:38:47.215 [ INFO] maestro.orchestra.Orchestra.scrollUntilVisible: Scrolling try count: 0, DeviceWidth: 320, DeviceWidth: 640
00:38:47.215 [ INFO] maestro.orchestra.Orchestra.scrollUntilVisible: Element bounds: Bounds(x=90, y=434, width=140, height=20)
00:38:47.215 [ INFO] maestro.orchestra.Orchestra.scrollUntilVisible: Visibility Percent: 1.0
00:38:47.215 [ INFO] maestro.orchestra.Orchestra.scrollUntilVisible: Command centerElement: ScrollUntilVisibleCommand(selector=ElementSelector(textRegex=Katılmak istiyorum, idRegex=null, size=null, below=null, above=null, leftOf=null, rightOf=null, containsChild=null, containsDescendants=null, traits=null, index=null, enabled=null, optional=false, selected=null, checked=null, focused=null, childOf=null, css=null), direction=DOWN, scrollDuration=601, visibilityPercentage=100, timeout=15000, waitToSettleTimeoutMs=null, centerElement=false, originalSpeedValue=40, label=null, optional=false).centerElement
00:38:47.215 [ INFO] maestro.orchestra.Orchestra.scrollUntilVisible: visibilityPercentageNormalized: 1.0
00:38:47.215 [ INFO] maestro.cli.runner.CliConsoleListener.onCommandFinished: Scrolling DOWN until "Katılmak istiyorum" is visible with speed 40, visibility percentage 100%, timeout 15000 ms, with centering disabled COMPLETED
00:38:47.215 [ INFO] maestro.cli.runner.CliConsoleListener.onCommandStart: Take screenshot 12c-lobby-same-spot RUNNING
00:38:47.216 [ INFO] maestro.Maestro.takeScreenshot: Taking screenshot
00:38:47.216 [TRACE] maestro.utils.ScreenshotUtils.takeScreenshot: Taking screenshot to output sink
00:38:47.276 [ INFO] maestro.cli.runner.CliConsoleListener.onCommandFinished: Take screenshot 12c-lobby-same-spot COMPLETED
00:38:47.277 [ INFO] maestro.cli.runner.CliConsoleListener.onCommandStart: Run ../scripts/bot.js RUNNING
00:38:47.332 [ INFO] maestro.cli.runner.CliConsoleListener.onCommandFinished: Run ../scripts/bot.js COMPLETED
00:38:47.332 [ INFO] maestro.cli.runner.CliConsoleListener.onCommandStart: Assert that "Katılmak istiyorum" is not visible RUNNING
00:38:48.132 [ INFO] maestro.cli.runner.CliConsoleListener.onCommandFinished: Assert that "Katılmak istiyorum" is not visible COMPLETED
00:38:48.132 [ INFO] maestro.cli.runner.CliConsoleListener.onCommandStart: Scrolling UP until "Noktan: Kütüphane" is visible with speed 40, visibility percentage 100%, timeout 10000 ms, with centering disabled RUNNING
00:38:48.804 [ WARN] maestro.orchestra.Orchestra.scrollUntilVisible: Error: maestro.MaestroException$ElementNotFound: Element not found: Text matching regex: Noktan: Kütüphane
00:38:48.846 [ INFO] maestro.Maestro.swipeFromCenter: Swiping DOWN from center
00:38:50.741 [ INFO] maestro.orchestra.Orchestra.scrollUntilVisible: Scrolling try count: 0, DeviceWidth: 320, DeviceWidth: 640
00:38:50.741 [ INFO] maestro.orchestra.Orchestra.scrollUntilVisible: Element bounds: Bounds(x=66, y=244, width=108, height=46)
00:38:50.741 [ INFO] maestro.orchestra.Orchestra.scrollUntilVisible: Visibility Percent: 1.0
00:38:50.742 [ INFO] maestro.orchestra.Orchestra.scrollUntilVisible: Command centerElement: ScrollUntilVisibleCommand(selector=ElementSelector(textRegex=Noktan: Kütüphane, idRegex=null, size=null, below=null, above=null, leftOf=null, rightOf=null, containsChild=null, containsDescendants=null, traits=null, index=null, enabled=null, optional=false, selected=null, checked=null, focused=null, childOf=null, css=null), direction=UP, scrollDuration=601, visibilityPercentage=100, timeout=10000, waitToSettleTimeoutMs=null, centerElement=false, originalSpeedValue=40, label=null, optional=false).centerElement
00:38:50.742 [ INFO] maestro.orchestra.Orchestra.scrollUntilVisible: visibilityPercentageNormalized: 1.0
00:38:50.742 [ INFO] maestro.cli.runner.CliConsoleListener.onCommandFinished: Scrolling UP until "Noktan: Kütüphane" is visible with speed 40, visibility percentage 100%, timeout 10000 ms, with centering disabled COMPLETED
00:38:50.742 [ INFO] maestro.cli.runner.CliConsoleListener.onCommandStart: Assert that "Oda kur" is visible RUNNING
00:38:50.854 [ INFO] maestro.cli.runner.CliConsoleListener.onCommandFinished: Assert that "Oda kur" is visible COMPLETED
00:38:50.854 [ INFO] maestro.cli.runner.CliConsoleListener.onCommandStart: Tap on "Oda kur" RUNNING
00:38:50.965 [ INFO] maestro.Maestro.tap-HgV9Ck0: Tapping on element:  UiElement(treeNode=TreeNode(attributes={text=Oda kur, accessibilityText=, hintText=, ignoreBoundsFiltering=false, resource-id=, clickable=false, bounds=[57,391][117,411], enabled=true, focused=false, checked=false, scrollable=false, selected=false, class=android.widget.TextView, important-for-accessibility=true, error=}, children=[], clickable=false, enabled=true, focused=false, checked=false, selected=false), bounds=Bounds(x=57, y=391, width=60, height=20))
00:38:52.190 [ INFO] maestro.Maestro.tap-HgV9Ck0: Tap aimed via settled hierarchy
00:38:52.190 [ INFO] maestro.Maestro.hierarchyBasedTap-ogj28Uc: Tapping at (87, 401) using hierarchy based logic for wait
00:38:53.488 [ INFO] maestro.Maestro.hierarchyBasedTap-ogj28Uc: Something has changed in the UI judging by view hierarchy. Proceed.
00:38:53.488 [ INFO] maestro.cli.runner.CliConsoleListener.onCommandFinished: Tap on "Oda kur" COMPLETED
00:38:53.488 [ INFO] maestro.cli.runner.CliConsoleListener.onCommandStart: Assert that id: intent-none is visible RUNNING
00:38:53.593 [ INFO] maestro.cli.runner.CliConsoleListener.onCommandFinished: Assert that id: intent-none is visible COMPLETED
00:38:53.593 [ INFO] maestro.cli.runner.CliConsoleListener.onCommandStart: Tap on id: intent-game RUNNING
00:38:53.697 [ INFO] maestro.Maestro.tap-HgV9Ck0: Tapping on element:  UiElement(treeNode=TreeNode(attributes={text=, accessibilityText=Oyun, hintText=, ignoreBoundsFiltering=false, resource-id=intent-game, clickable=true, bounds=[116,236][204,284], enabled=true, focused=false, checked=false, scrollable=false, selected=false, class=android.widget.RadioButton, important-for-accessibility=true, error=}, children=[TreeNode(attributes={text=, accessibilityText=, hintText=, ignoreBoundsFiltering=false, resource-id=, clickable=false, bounds=[116,236][204,284], enabled=true, focused=false, checked=false, scrollable=false, selected=false, class=android.view.ViewGroup, important-for-accessibility=false, error=}, children=[], clickable=false, enabled=true, focused=false, checked=false, selected=false), TreeNode(attributes={text=Oyun, accessibilityText=, hintText=, ignoreBoundsFiltering=false, resource-id=, clickable=false, bounds=[140,250][180,270], enabled=true, focused=false, checked=false, scrollable=false, selected=false, class=android.widget.TextView, important-for-accessibility=true, error=}, children=[], clickable=false, enabled=true, focused=false, checked=false, selected=false)], clickable=true, enabled=true, focused=false, checked=false, selected=false), bounds=Bounds(x=116, y=236, width=88, height=48))
00:38:54.944 [ INFO] maestro.Maestro.tap-HgV9Ck0: Tap aimed via settled hierarchy
00:38:54.945 [ INFO] maestro.Maestro.hierarchyBasedTap-ogj28Uc: Tapping at (160, 260) using hierarchy based logic for wait
00:38:55.848 [ INFO] maestro.Maestro.hierarchyBasedTap-ogj28Uc: Something has changed in the UI judging by view hierarchy. Proceed.
00:38:55.848 [ INFO] maestro.cli.runner.CliConsoleListener.onCommandFinished: Tap on id: intent-game COMPLETED
00:38:55.848 [ INFO] maestro.cli.runner.CliConsoleListener.onCommandStart: Take screenshot 13-new-room RUNNING
00:38:55.849 [ INFO] maestro.Maestro.takeScreenshot: Taking screenshot
00:38:55.849 [TRACE] maestro.utils.ScreenshotUtils.takeScreenshot: Taking screenshot to output sink
00:38:55.903 [ INFO] maestro.cli.runner.CliConsoleListener.onCommandFinished: Take screenshot 13-new-room COMPLETED
00:38:55.903 [ INFO] maestro.cli.runner.CliConsoleListener.onCommandStart: Scrolling DOWN until "Odayı kur" is visible with speed 40, visibility percentage 100%, timeout 10000 ms, with centering disabled RUNNING
00:38:56.005 [ INFO] maestro.orchestra.Orchestra.scrollUntilVisible: Scrolling try count: 0, DeviceWidth: 320, DeviceWidth: 640
00:38:56.005 [ INFO] maestro.orchestra.Orchestra.scrollUntilVisible: Element bounds: Bounds(x=120, y=576, width=81, height=22)
00:38:56.005 [ INFO] maestro.orchestra.Orchestra.scrollUntilVisible: Visibility Percent: 1.0
00:38:56.006 [ INFO] maestro.orchestra.Orchestra.scrollUntilVisible: Command centerElement: ScrollUntilVisibleCommand(selector=ElementSelector(textRegex=Odayı kur, idRegex=null, size=null, below=null, above=null, leftOf=null, rightOf=null, containsChild=null, containsDescendants=null, traits=null, index=null, enabled=null, optional=false, selected=null, checked=null, focused=null, childOf=null, css=null), direction=DOWN, scrollDuration=601, visibilityPercentage=100, timeout=10000, waitToSettleTimeoutMs=null, centerElement=false, originalSpeedValue=40, label=null, optional=false).centerElement
00:38:56.006 [ INFO] maestro.orchestra.Orchestra.scrollUntilVisible: visibilityPercentageNormalized: 1.0
00:38:56.006 [ INFO] maestro.cli.runner.CliConsoleListener.onCommandFinished: Scrolling DOWN until "Odayı kur" is visible with speed 40, visibility percentage 100%, timeout 10000 ms, with centering disabled COMPLETED
00:38:56.006 [ INFO] maestro.cli.runner.CliConsoleListener.onCommandStart: Assert that id: participation-anonymous is visible RUNNING
00:38:56.104 [ INFO] maestro.cli.runner.CliConsoleListener.onCommandFinished: Assert that id: participation-anonymous is visible COMPLETED
00:38:56.104 [ INFO] maestro.cli.runner.CliConsoleListener.onCommandStart: Take screenshot 13b-new-room-bottom RUNNING
00:38:56.105 [ INFO] maestro.Maestro.takeScreenshot: Taking screenshot
00:38:56.105 [TRACE] maestro.utils.ScreenshotUtils.takeScreenshot: Taking screenshot to output sink
00:38:56.158 [ INFO] maestro.cli.runner.CliConsoleListener.onCommandFinished: Take screenshot 13b-new-room-bottom COMPLETED
00:38:56.158 [ INFO] maestro.cli.runner.CliConsoleListener.onCommandStart: Tap on "Odayı kur" RUNNING
00:38:56.265 [ INFO] maestro.Maestro.tap-HgV9Ck0: Tapping on element:  UiElement(treeNode=TreeNode(attributes={text=Odayı kur, accessibilityText=, hintText=, ignoreBoundsFiltering=false, resource-id=, clickable=false, bounds=[120,576][201,598], enabled=true, focused=false, checked=false, scrollable=false, selected=false, class=android.widget.TextView, important-for-accessibility=true, error=}, children=[], clickable=false, enabled=true, focused=false, checked=false, selected=false), bounds=Bounds(x=120, y=576, width=81, height=22))
00:38:57.748 [ INFO] maestro.Maestro.tap-HgV9Ck0: Tap aimed via settled hierarchy
00:38:57.749 [ INFO] maestro.Maestro.hierarchyBasedTap-ogj28Uc: Tapping at (160, 587) using hierarchy based logic for wait
00:38:58.868 [ INFO] maestro.Maestro.hierarchyBasedTap-ogj28Uc: Something has changed in the UI judging by view hierarchy. Proceed.
00:38:58.868 [ INFO] maestro.cli.runner.CliConsoleListener.onCommandFinished: Tap on "Odayı kur" COMPLETED
00:38:58.868 [ INFO] maestro.cli.runner.CliConsoleListener.onCommandStart: Assert that id: solo-tabu is visible RUNNING
00:38:59.009 [ INFO] maestro.cli.runner.CliConsoleListener.onCommandFinished: Assert that id: solo-tabu is visible COMPLETED
00:38:59.009 [ INFO] maestro.cli.runner.CliConsoleListener.onCommandStart: Take screenshot 14-room-waiting RUNNING
00:38:59.009 [ INFO] maestro.Maestro.takeScreenshot: Taking screenshot
00:38:59.009 [TRACE] maestro.utils.ScreenshotUtils.takeScreenshot: Taking screenshot to output sink
00:38:59.061 [ INFO] maestro.cli.runner.CliConsoleListener.onCommandFinished: Take screenshot 14-room-waiting COMPLETED
00:38:59.062 [ INFO] maestro.cli.runner.CliConsoleListener.onCommandStart: Run ../scripts/bot.js RUNNING
00:38:59.117 [ INFO] maestro.cli.runner.CliConsoleListener.onCommandFinished: Run ../scripts/bot.js COMPLETED
00:38:59.117 [ INFO] maestro.cli.runner.CliConsoleListener.onCommandStart: Assert that "Katılma isteği" is visible RUNNING
00:38:59.935 [ INFO] maestro.cli.runner.CliConsoleListener.onCommandFinished: Assert that "Katılma isteği" is visible COMPLETED
00:38:59.935 [ INFO] maestro.cli.runner.CliConsoleListener.onCommandStart: Take screenshot 15-join-request RUNNING
00:38:59.935 [ INFO] maestro.Maestro.takeScreenshot: Taking screenshot
00:38:59.936 [TRACE] maestro.utils.ScreenshotUtils.takeScreenshot: Taking screenshot to output sink
00:38:59.958 [ INFO] maestro.cli.runner.CliConsoleListener.onCommandFinished: Take screenshot 15-join-request COMPLETED
00:38:59.958 [ INFO] maestro.cli.runner.CliConsoleListener.onCommandStart: Tap on id: join-accept RUNNING
00:39:00.020 [ INFO] maestro.Maestro.tap-HgV9Ck0: Tapping on element:  UiElement(treeNode=TreeNode(attributes={text=, accessibilityText=Kabul, hintText=, ignoreBoundsFiltering=false, resource-id=join-accept, clickable=true, bounds=[165,502][296,550], enabled=true, focused=false, checked=false, scrollable=false, selected=false, class=android.widget.Button, important-for-accessibility=true, error=}, children=[TreeNode(attributes={text=, accessibilityText=, hintText=, ignoreBoundsFiltering=false, resource-id=, clickable=false, bounds=[165,502][296,550], enabled=true, focused=false, checked=false, scrollable=false, selected=false, class=android.view.ViewGroup, important-for-accessibility=false, error=}, children=[], clickable=false, enabled=true, focused=false, checked=false, selected=false), TreeNode(attributes={text=Kabul, accessibilityText=, hintText=, ignoreBoundsFiltering=false, resource-id=, clickable=false, bounds=[209,516][253,536], enabled=true, focused=false, checked=false, scrollable=false, selected=false, class=android.widget.TextView, important-for-accessibility=true, error=}, children=[], clickable=false, enabled=true, focused=false, checked=false, selected=false)], clickable=true, enabled=true, focused=false, checked=false, selected=false), bounds=Bounds(x=165, y=502, width=131, height=48))
00:39:01.144 [ INFO] maestro.Maestro.tap-HgV9Ck0: Tap aimed via settled hierarchy
00:39:01.144 [ INFO] maestro.Maestro.hierarchyBasedTap-ogj28Uc: Tapping at (230, 526) using hierarchy based logic for wait
00:39:02.168 [ INFO] maestro.Maestro.hierarchyBasedTap-ogj28Uc: Something has changed in the UI judging by view hierarchy. Proceed.
00:39:02.169 [ INFO] maestro.cli.runner.CliConsoleListener.onCommandFinished: Tap on id: join-accept COMPLETED
00:39:02.169 [ INFO] maestro.cli.runner.CliConsoleListener.onCommandStart: Assert that id: propose-tabu is visible RUNNING
00:39:02.269 [ INFO] maestro.cli.runner.CliConsoleListener.onCommandFinished: Assert that id: propose-tabu is visible COMPLETED
00:39:02.269 [ INFO] maestro.cli.runner.CliConsoleListener.onCommandStart: Take screenshot 16-room-two-tables RUNNING
00:39:02.269 [ INFO] maestro.Maestro.takeScreenshot: Taking screenshot
00:39:02.270 [TRACE] maestro.utils.ScreenshotUtils.takeScreenshot: Taking screenshot to output sink
00:39:02.324 [ INFO] maestro.cli.runner.CliConsoleListener.onCommandFinished: Take screenshot 16-room-two-tables COMPLETED
00:39:02.324 [ INFO] maestro.cli.runner.CliConsoleListener.onCommandStart: Run ../scripts/bot.js RUNNING
00:39:02.384 [ INFO] maestro.cli.runner.CliConsoleListener.onCommandFinished: Run ../scripts/bot.js COMPLETED
00:39:02.385 [ INFO] maestro.cli.runner.CliConsoleListener.onCommandStart: Assert that id: proposal-accept is visible RUNNING
00:39:03.321 [ INFO] maestro.cli.runner.CliConsoleListener.onCommandFinished: Assert that id: proposal-accept is visible COMPLETED
00:39:03.321 [ INFO] maestro.cli.runner.CliConsoleListener.onCommandStart: Take screenshot 16b-proposal RUNNING
00:39:03.321 [ INFO] maestro.Maestro.takeScreenshot: Taking screenshot
00:39:03.322 [TRACE] maestro.utils.ScreenshotUtils.takeScreenshot: Taking screenshot to output sink
00:39:03.339 [ INFO] maestro.cli.runner.CliConsoleListener.onCommandFinished: Take screenshot 16b-proposal COMPLETED
00:39:03.340 [ INFO] maestro.cli.runner.CliConsoleListener.onCommandStart: Tap on id: proposal-accept RUNNING
00:39:03.441 [ INFO] maestro.Maestro.tap-HgV9Ck0: Tapping on element:  UiElement(treeNode=TreeNode(attributes={text=, accessibilityText=Oynayalım, hintText=, ignoreBoundsFiltering=false, resource-id=proposal-accept, clickable=true, bounds=[165,199][286,247], enabled=true, focused=false, checked=false, scrollable=false, selected=false, class=android.widget.Button, important-for-accessibility=true, error=}, children=[TreeNode(attributes={text=, accessibilityText=, hintText=, ignoreBoundsFiltering=false, resource-id=, clickable=false, bounds=[165,199][286,247], enabled=true, focused=false, checked=false, scrollable=false, selected=false, class=android.view.ViewGroup, important-for-accessibility=false, error=}, children=[], clickable=false, enabled=true, focused=false, checked=false, selected=false), TreeNode(attributes={text=Oynayalım, accessibilityText=, hintText=, ignoreBoundsFiltering=false, resource-id=, clickable=false, bounds=[188,213][263,233], enabled=true, focused=false, checked=false, scrollable=false, selected=false, class=android.widget.TextView, important-for-accessibility=true, error=}, children=[], clickable=false, enabled=true, focused=false, checked=false, selected=false)], clickable=true, enabled=true, focused=false, checked=false, selected=false), bounds=Bounds(x=165, y=199, width=121, height=48))
00:39:04.652 [ INFO] maestro.Maestro.tap-HgV9Ck0: Tap aimed via settled hierarchy
00:39:04.653 [ INFO] maestro.Maestro.hierarchyBasedTap-ogj28Uc: Tapping at (225, 223) using hierarchy based logic for wait
00:39:05.855 [ INFO] maestro.Maestro.hierarchyBasedTap-ogj28Uc: Something has changed in the UI judging by view hierarchy. Proceed.
00:39:05.855 [ INFO] maestro.cli.runner.CliConsoleListener.onCommandFinished: Tap on id: proposal-accept COMPLETED
00:39:05.855 [ INFO] maestro.cli.runner.CliConsoleListener.onCommandStart: Assert that "Kartı görmek için dokun" is visible RUNNING
00:39:05.965 [ INFO] maestro.cli.runner.CliConsoleListener.onCommandFinished: Assert that "Kartı görmek için dokun" is visible COMPLETED
00:39:05.965 [ INFO] maestro.cli.runner.CliConsoleListener.onCommandStart: Take screenshot 17-card-covered RUNNING
00:39:05.965 [ INFO] maestro.Maestro.takeScreenshot: Taking screenshot
00:39:05.966 [TRACE] maestro.utils.ScreenshotUtils.takeScreenshot: Taking screenshot to output sink
00:39:06.021 [ INFO] maestro.cli.runner.CliConsoleListener.onCommandFinished: Take screenshot 17-card-covered COMPLETED
00:39:06.021 [ INFO] maestro.cli.runner.CliConsoleListener.onCommandStart: Tap on "Kartı görmek için dokun" RUNNING
00:39:06.133 [ INFO] maestro.Maestro.tap-HgV9Ck0: Tapping on element:  UiElement(treeNode=TreeNode(attributes={text=Kartı görmek için dokun, accessibilityText=, hintText=, ignoreBoundsFiltering=false, resource-id=, clickable=false, bounds=[40,438][280,494], enabled=true, focused=false, checked=false, scrollable=false, selected=false, class=android.widget.TextView, important-for-accessibility=true, error=}, children=[], clickable=false, enabled=true, focused=false, checked=false, selected=false), bounds=Bounds(x=40, y=438, width=240, height=56))
00:39:08.036 [ INFO] maestro.Maestro.tap-HgV9Ck0: Tap aimed via settled hierarchy
00:39:08.037 [ INFO] maestro.Maestro.hierarchyBasedTap-ogj28Uc: Tapping at (160, 466) using hierarchy based logic for wait
00:39:08.892 [ INFO] maestro.Maestro.hierarchyBasedTap-ogj28Uc: Something has changed in the UI judging by view hierarchy. Proceed.
00:39:08.892 [ INFO] maestro.cli.runner.CliConsoleListener.onCommandFinished: Tap on "Kartı görmek için dokun" COMPLETED
00:39:08.892 [ INFO] maestro.cli.runner.CliConsoleListener.onCommandStart: Assert that id: tabu-card is visible RUNNING
00:39:09.004 [ INFO] maestro.cli.runner.CliConsoleListener.onCommandFinished: Assert that id: tabu-card is visible COMPLETED
00:39:09.005 [ INFO] maestro.cli.runner.CliConsoleListener.onCommandStart: Take screenshot 18-card-open RUNNING
00:39:09.005 [ INFO] maestro.Maestro.takeScreenshot: Taking screenshot
00:39:09.005 [TRACE] maestro.utils.ScreenshotUtils.takeScreenshot: Taking screenshot to output sink
00:39:09.060 [ INFO] maestro.cli.runner.CliConsoleListener.onCommandFinished: Take screenshot 18-card-open COMPLETED
00:39:09.060 [ INFO] maestro.cli.runner.CliConsoleListener.onCommandStart: Scrolling DOWN until id: tabu-pass is visible with speed 40, visibility percentage 100%, timeout 10000 ms, with centering enabled RUNNING
00:39:09.960 [ WARN] maestro.orchestra.Orchestra.scrollUntilVisible: Error: maestro.MaestroException$ElementNotFound: Element not found: Id matching regex: tabu-pass
00:39:10.003 [ INFO] maestro.Maestro.swipeFromCenter: Swiping UP from center
00:39:11.949 [ INFO] maestro.orchestra.Orchestra.scrollUntilVisible: Scrolling try count: 0, DeviceWidth: 320, DeviceWidth: 640
00:39:11.949 [ INFO] maestro.orchestra.Orchestra.scrollUntilVisible: Element bounds: Bounds(x=165, y=355, width=139, height=64)
00:39:11.949 [ INFO] maestro.orchestra.Orchestra.scrollUntilVisible: Visibility Percent: 1.0
00:39:11.949 [ INFO] maestro.orchestra.Orchestra.scrollUntilVisible: Command centerElement: ScrollUntilVisibleCommand(selector=ElementSelector(textRegex=null, idRegex=tabu-pass, size=null, below=null, above=null, leftOf=null, rightOf=null, containsChild=null, containsDescendants=null, traits=null, index=null, enabled=null, optional=false, selected=null, checked=null, focused=null, childOf=null, css=null), direction=DOWN, scrollDuration=601, visibilityPercentage=100, timeout=10000, waitToSettleTimeoutMs=null, centerElement=true, originalSpeedValue=40, label=null, optional=false).centerElement
00:39:11.949 [ INFO] maestro.orchestra.Orchestra.scrollUntilVisible: visibilityPercentageNormalized: 1.0
00:39:11.950 [ INFO] maestro.cli.runner.CliConsoleListener.onCommandFinished: Scrolling DOWN until id: tabu-pass is visible with speed 40, visibility percentage 100%, timeout 10000 ms, with centering enabled COMPLETED
00:39:11.950 [ INFO] maestro.cli.runner.CliConsoleListener.onCommandStart: Assert that "3 hak" is visible RUNNING
00:39:12.062 [ INFO] maestro.cli.runner.CliConsoleListener.onCommandFinished: Assert that "3 hak" is visible COMPLETED
00:39:12.062 [ INFO] maestro.cli.runner.CliConsoleListener.onCommandStart: Tap on id: tabu-pass RUNNING
00:39:12.138 [ INFO] maestro.Maestro.tap-HgV9Ck0: Tapping on element:  UiElement(treeNode=TreeNode(attributes={text=, accessibilityText=Pas, 3 pas hakkı, hintText=, ignoreBoundsFiltering=false, resource-id=tabu-pass, clickable=true, bounds=[165,355][304,419], enabled=true, focused=false, checked=false, scrollable=false, selected=false, class=android.widget.Button, important-for-accessibility=true, error=}, children=[TreeNode(attributes={text=, accessibilityText=, hintText=, ignoreBoundsFiltering=false, resource-id=, clickable=false, bounds=[165,355][304,419], enabled=true, focused=false, checked=false, scrollable=false, selected=false, class=android.view.ViewGroup, important-for-accessibility=false, error=}, children=[], clickable=false, enabled=true, focused=false, checked=false, selected=false), TreeNode(attributes={text=, accessibilityText=, hintText=, ignoreBoundsFiltering=false, resource-id=, clickable=false, bounds=[184,376][204,397], enabled=true, focused=false, checked=false, scrollable=false, selected=false, class=android.widget.TextView, important-for-accessibility=true, error=}, children=[], clickable=false, enabled=true, focused=false, checked=false, selected=false), TreeNode(attributes={text=Pas, accessibilityText=, hintText=, ignoreBoundsFiltering=false, resource-id=, clickable=false, bounds=[211,376][241,398], enabled=true, focused=false, checked=false, scrollable=false, selected=false, class=android.widget.TextView, important-for-accessibility=true, error=}, children=[], clickable=false, enabled=true, focused=false, checked=false, selected=false), TreeNode(attributes={text=3 hak, accessibilityText=, hintText=, ignoreBoundsFiltering=false, resource-id=, clickable=false, bounds=[245,378][285,398], enabled=true, focused=false, checked=false, scrollable=false, selected=false, class=android.widget.TextView, important-for-accessibility=true, error=}, children=[], clickable=false, enabled=true, focused=false, checked=false, selected=false)], clickable=true, enabled=true, focused=false, checked=false, selected=false), bounds=Bounds(x=165, y=355, width=139, height=64))
00:39:13.904 [ INFO] maestro.Maestro.tap-HgV9Ck0: Tap aimed via settled hierarchy
00:39:13.905 [ INFO] maestro.Maestro.hierarchyBasedTap-ogj28Uc: Tapping at (234, 387) using hierarchy based logic for wait
00:39:15.017 [ INFO] maestro.Maestro.hierarchyBasedTap-ogj28Uc: Something has changed in the UI judging by view hierarchy. Proceed.
00:39:15.017 [ INFO] maestro.cli.runner.CliConsoleListener.onCommandFinished: Tap on id: tabu-pass COMPLETED
00:39:15.017 [ INFO] maestro.cli.runner.CliConsoleListener.onCommandStart: Scrolling DOWN until "2 hak" is visible with speed 40, visibility percentage 100%, timeout 10000 ms, with centering enabled RUNNING
00:39:15.156 [ INFO] maestro.orchestra.Orchestra.scrollUntilVisible: Scrolling try count: 0, DeviceWidth: 320, DeviceWidth: 640
00:39:15.156 [ INFO] maestro.orchestra.Orchestra.scrollUntilVisible: Element bounds: Bounds(x=245, y=378, width=40, height=20)
00:39:15.156 [ INFO] maestro.orchestra.Orchestra.scrollUntilVisible: Visibility Percent: 1.0
00:39:15.156 [ INFO] maestro.orchestra.Orchestra.scrollUntilVisible: Command centerElement: ScrollUntilVisibleCommand(selector=ElementSelector(textRegex=2 hak, idRegex=null, size=null, below=null, above=null, leftOf=null, rightOf=null, containsChild=null, containsDescendants=null, traits=null, index=null, enabled=null, optional=false, selected=null, checked=null, focused=null, childOf=null, css=null), direction=DOWN, scrollDuration=601, visibilityPercentage=100, timeout=10000, waitToSettleTimeoutMs=null, centerElement=true, originalSpeedValue=40, label=null, optional=false).centerElement
00:39:15.157 [ INFO] maestro.orchestra.Orchestra.scrollUntilVisible: visibilityPercentageNormalized: 1.0
00:39:15.157 [ INFO] maestro.cli.runner.CliConsoleListener.onCommandFinished: Scrolling DOWN until "2 hak" is visible with speed 40, visibility percentage 100%, timeout 10000 ms, with centering enabled COMPLETED
00:39:15.157 [ INFO] maestro.cli.runner.CliConsoleListener.onCommandStart: Run ../scripts/bot.js RUNNING
00:39:15.215 [ INFO] maestro.cli.runner.CliConsoleListener.onCommandFinished: Run ../scripts/bot.js COMPLETED
00:39:15.215 [ INFO] maestro.cli.runner.CliConsoleListener.onCommandStart: Take screenshot 19-after-marks RUNNING
00:39:15.215 [ INFO] maestro.Maestro.takeScreenshot: Taking screenshot
00:39:15.216 [TRACE] maestro.utils.ScreenshotUtils.takeScreenshot: Taking screenshot to output sink
00:39:15.232 [ INFO] maestro.cli.runner.CliConsoleListener.onCommandFinished: Take screenshot 19-after-marks COMPLETED
00:39:15.232 [ INFO] maestro.cli.runner.CliConsoleListener.onCommandStart: Run ../scripts/bot.js RUNNING
00:39:15.316 [ INFO] maestro.cli.runner.CliConsoleListener.onCommandFinished: Run ../scripts/bot.js COMPLETED
00:39:15.316 [ INFO] maestro.cli.runner.CliConsoleListener.onCommandStart: Scrolling UP until ".*Tur 2/6" is visible with speed 40, visibility percentage 100%, timeout 20000 ms, with centering disabled RUNNING
00:39:16.472 [ WARN] maestro.orchestra.Orchestra.scrollUntilVisible: Error: maestro.MaestroException$ElementNotFound: Element not found: Text matching regex: .*Tur 2/6
00:39:16.519 [ INFO] maestro.Maestro.swipeFromCenter: Swiping DOWN from center
00:39:17.562 [ INFO] maestro.orchestra.Orchestra.scrollUntilVisible: Scrolling try count: 0, DeviceWidth: 320, DeviceWidth: 640
00:39:17.562 [ INFO] maestro.orchestra.Orchestra.scrollUntilVisible: Element bounds: Bounds(x=16, y=125, width=88, height=20)
00:39:17.562 [ INFO] maestro.orchestra.Orchestra.scrollUntilVisible: Visibility Percent: 1.0
00:39:17.562 [ INFO] maestro.orchestra.Orchestra.scrollUntilVisible: Command centerElement: ScrollUntilVisibleCommand(selector=ElementSelector(textRegex=.*Tur 2/6, idRegex=null, size=null, below=null, above=null, leftOf=null, rightOf=null, containsChild=null, containsDescendants=null, traits=null, index=null, enabled=null, optional=false, selected=null, checked=null, focused=null, childOf=null, css=null), direction=UP, scrollDuration=601, visibilityPercentage=100, timeout=20000, waitToSettleTimeoutMs=null, centerElement=false, originalSpeedValue=40, label=null, optional=false).centerElement
00:39:17.562 [ INFO] maestro.orchestra.Orchestra.scrollUntilVisible: visibilityPercentageNormalized: 1.0
00:39:17.562 [ INFO] maestro.cli.runner.CliConsoleListener.onCommandFinished: Scrolling UP until ".*Tur 2/6" is visible with speed 40, visibility percentage 100%, timeout 20000 ms, with centering disabled COMPLETED
00:39:17.562 [ INFO] maestro.cli.runner.CliConsoleListener.onCommandStart: Scrolling DOWN until id: tabu-taboo is visible with speed 40, visibility percentage 100%, timeout 20000 ms, with centering enabled RUNNING
00:39:18.496 [ WARN] maestro.orchestra.Orchestra.scrollUntilVisible: Error: maestro.MaestroException$ElementNotFound: Element not found: Id matching regex: tabu-taboo
00:39:18.539 [ INFO] maestro.Maestro.swipeFromCenter: Swiping UP from center
00:39:20.365 [ INFO] maestro.orchestra.Orchestra.scrollUntilVisible: Scrolling try count: 0, DeviceWidth: 320, DeviceWidth: 640
00:39:20.365 [ INFO] maestro.orchestra.Orchestra.scrollUntilVisible: Element bounds: Bounds(x=165, y=335, width=139, height=64)
00:39:20.365 [ INFO] maestro.orchestra.Orchestra.scrollUntilVisible: Visibility Percent: 1.0
00:39:20.365 [ INFO] maestro.orchestra.Orchestra.scrollUntilVisible: Command centerElement: ScrollUntilVisibleCommand(selector=ElementSelector(textRegex=null, idRegex=tabu-taboo, size=null, below=null, above=null, leftOf=null, rightOf=null, containsChild=null, containsDescendants=null, traits=null, index=null, enabled=null, optional=false, selected=null, checked=null, focused=null, childOf=null, css=null), direction=DOWN, scrollDuration=601, visibilityPercentage=100, timeout=20000, waitToSettleTimeoutMs=null, centerElement=true, originalSpeedValue=40, label=null, optional=false).centerElement
00:39:20.365 [ INFO] maestro.orchestra.Orchestra.scrollUntilVisible: visibilityPercentageNormalized: 1.0
00:39:20.365 [ INFO] maestro.cli.runner.CliConsoleListener.onCommandFinished: Scrolling DOWN until id: tabu-taboo is visible with speed 40, visibility percentage 100%, timeout 20000 ms, with centering enabled COMPLETED
00:39:20.365 [ INFO] maestro.cli.runner.CliConsoleListener.onCommandStart: Take screenshot 20-judge RUNNING
00:39:20.366 [ INFO] maestro.Maestro.takeScreenshot: Taking screenshot
00:39:20.366 [TRACE] maestro.utils.ScreenshotUtils.takeScreenshot: Taking screenshot to output sink
00:39:20.462 [ INFO] maestro.cli.runner.CliConsoleListener.onCommandFinished: Take screenshot 20-judge COMPLETED
00:39:20.462 [ INFO] maestro.cli.runner.CliConsoleListener.onCommandStart: Tap on id: tabu-correct RUNNING
00:39:20.569 [ INFO] maestro.Maestro.tap-HgV9Ck0: Tapping on element:  UiElement(treeNode=TreeNode(attributes={text=, accessibilityText=Doğru +1, hintText=, ignoreBoundsFiltering=false, resource-id=tabu-correct, clickable=true, bounds=[16,335][155,399], enabled=true, focused=false, checked=false, scrollable=false, selected=false, class=android.widget.Button, important-for-accessibility=true, error=}, children=[TreeNode(attributes={text=, accessibilityText=, hintText=, ignoreBoundsFiltering=false, resource-id=, clickable=false, bounds=[16,335][155,399], enabled=true, focused=false, checked=false, scrollable=false, selected=false, class=android.view.ViewGroup, important-for-accessibility=false, error=}, children=[], clickable=false, enabled=true, focused=false, checked=false, selected=false), TreeNode(attributes={text=, accessibilityText=, hintText=, ignoreBoundsFiltering=false, resource-id=, clickable=false, bounds=[34,356][54,377], enabled=true, focused=false, checked=false, scrollable=false, selected=false, class=android.widget.TextView, important-for-accessibility=true, error=}, children=[], clickable=false, enabled=true, focused=false, checked=false, selected=false), TreeNode(attributes={text=Doğru, accessibilityText=, hintText=, ignoreBoundsFiltering=false, resource-id=, clickable=false, bounds=[60,356][113,378], enabled=true, focused=false, checked=false, scrollable=false, selected=false, class=android.widget.TextView, important-for-accessibility=true, error=}, children=[], clickable=false, enabled=true, focused=false, checked=false, selected=false), TreeNode(attributes={text=+1, accessibilityText=, hintText=, ignoreBoundsFiltering=false, resource-id=, clickable=false, bounds=[117,358][137,378], enabled=true, focused=false, checked=false, scrollable=false, selected=false, class=android.widget.TextView, important-for-accessibility=true, error=}, children=[], clickable=false, enabled=true, focused=false, checked=false, selected=false)], clickable=true, enabled=true, focused=false, checked=false, selected=false), bounds=Bounds(x=16, y=335, width=139, height=64))
00:39:21.368 [ INFO] maestro.Maestro.tap-HgV9Ck0: Tap aimed via settled hierarchy
00:39:21.369 [ INFO] maestro.Maestro.hierarchyBasedTap-ogj28Uc: Tapping at (85, 367) using hierarchy based logic for wait
00:39:23.225 [ INFO] maestro.Maestro.hierarchyBasedTap-ogj28Uc: Something has changed in the UI judging by view hierarchy. Proceed.
00:39:23.225 [ INFO] maestro.cli.runner.CliConsoleListener.onCommandFinished: Tap on id: tabu-correct COMPLETED
00:39:23.225 [ INFO] maestro.cli.runner.CliConsoleListener.onCommandStart: Scrolling DOWN until id: end-game is visible with speed 40, visibility percentage 100%, timeout 10000 ms, with centering enabled RUNNING
00:39:23.298 [ INFO] maestro.orchestra.Orchestra.scrollUntilVisible: Scrolling try count: 0, DeviceWidth: 320, DeviceWidth: 640
00:39:23.298 [ INFO] maestro.orchestra.Orchestra.scrollUntilVisible: Element bounds: Bounds(x=16, y=441, width=288, height=48)
00:39:23.298 [ INFO] maestro.orchestra.Orchestra.scrollUntilVisible: Visibility Percent: 1.0
00:39:23.298 [ INFO] maestro.orchestra.Orchestra.scrollUntilVisible: Command centerElement: ScrollUntilVisibleCommand(selector=ElementSelector(textRegex=null, idRegex=end-game, size=null, below=null, above=null, leftOf=null, rightOf=null, containsChild=null, containsDescendants=null, traits=null, index=null, enabled=null, optional=false, selected=null, checked=null, focused=null, childOf=null, css=null), direction=DOWN, scrollDuration=601, visibilityPercentage=100, timeout=10000, waitToSettleTimeoutMs=null, centerElement=true, originalSpeedValue=40, label=null, optional=false).centerElement
00:39:23.298 [ INFO] maestro.orchestra.Orchestra.scrollUntilVisible: visibilityPercentageNormalized: 1.0
00:39:23.339 [ INFO] maestro.Maestro.swipeFromCenter: Swiping UP from center
00:39:24.717 [ INFO] maestro.orchestra.Orchestra.scrollUntilVisible: Scrolling try count: 1, DeviceWidth: 320, DeviceWidth: 640
00:39:24.717 [ INFO] maestro.orchestra.Orchestra.scrollUntilVisible: Element bounds: Bounds(x=16, y=423, width=288, height=48)
00:39:24.717 [ INFO] maestro.orchestra.Orchestra.scrollUntilVisible: Visibility Percent: 1.0
00:39:24.717 [ INFO] maestro.orchestra.Orchestra.scrollUntilVisible: Command centerElement: ScrollUntilVisibleCommand(selector=ElementSelector(textRegex=null, idRegex=end-game, size=null, below=null, above=null, leftOf=null, rightOf=null, containsChild=null, containsDescendants=null, traits=null, index=null, enabled=null, optional=false, selected=null, checked=null, focused=null, childOf=null, css=null), direction=DOWN, scrollDuration=601, visibilityPercentage=100, timeout=10000, waitToSettleTimeoutMs=null, centerElement=true, originalSpeedValue=40, label=null, optional=false).centerElement
00:39:24.717 [ INFO] maestro.orchestra.Orchestra.scrollUntilVisible: visibilityPercentageNormalized: 1.0
00:39:24.717 [ INFO] maestro.cli.runner.CliConsoleListener.onCommandFinished: Scrolling DOWN until id: end-game is visible with speed 40, visibility percentage 100%, timeout 10000 ms, with centering enabled COMPLETED
00:39:24.717 [ INFO] maestro.cli.runner.CliConsoleListener.onCommandStart: Tap on id: end-game RUNNING
00:39:25.370 [ INFO] maestro.Maestro.tap-HgV9Ck0: Tapping on element:  UiElement(treeNode=TreeNode(attributes={text=, accessibilityText=Oyunu bitir, hintText=, ignoreBoundsFiltering=false, resource-id=end-game, clickable=true, bounds=[16,423][304,471], enabled=true, focused=false, checked=false, scrollable=false, selected=false, class=android.widget.Button, important-for-accessibility=true, error=}, children=[TreeNode(attributes={text=, accessibilityText=, hintText=, ignoreBoundsFiltering=false, resource-id=, clickable=false, bounds=[16,423][304,471], enabled=true, focused=false, checked=false, scrollable=false, selected=false, class=android.view.ViewGroup, important-for-accessibility=false, error=}, children=[], clickable=false, enabled=true, focused=false, checked=false, selected=false), TreeNode(attributes={text=Oyunu bitir, accessibilityText=, hintText=, ignoreBoundsFiltering=false, resource-id=, clickable=false, bounds=[118,437][202,457], enabled=true, focused=false, checked=false, scrollable=false, selected=false, class=android.widget.TextView, important-for-accessibility=true, error=}, children=[], clickable=false, enabled=true, focused=false, checked=false, selected=false)], clickable=true, enabled=true, focused=false, checked=false, selected=false), bounds=Bounds(x=16, y=423, width=288, height=48))
00:39:26.432 [ INFO] maestro.Maestro.tap-HgV9Ck0: Tap aimed via settled hierarchy
00:39:26.433 [ INFO] maestro.Maestro.hierarchyBasedTap-ogj28Uc: Tapping at (160, 447) using hierarchy based logic for wait
00:39:27.385 [ INFO] maestro.Maestro.hierarchyBasedTap-ogj28Uc: Something has changed in the UI judging by view hierarchy. Proceed.
00:39:27.385 [ INFO] maestro.cli.runner.CliConsoleListener.onCommandFinished: Tap on id: end-game COMPLETED
00:39:27.385 [ INFO] maestro.cli.runner.CliConsoleListener.onCommandStart: Scrolling UP until id: last-game is visible with speed 40, visibility percentage 100%, timeout 15000 ms, with centering disabled RUNNING
00:39:27.651 [ INFO] maestro.orchestra.Orchestra.scrollUntilVisible: Scrolling try count: 0, DeviceWidth: 320, DeviceWidth: 640
00:39:27.651 [ INFO] maestro.orchestra.Orchestra.scrollUntilVisible: Element bounds: Bounds(x=16, y=117, width=288, height=38)
00:39:27.651 [ INFO] maestro.orchestra.Orchestra.scrollUntilVisible: Visibility Percent: 1.0
00:39:27.651 [ INFO] maestro.orchestra.Orchestra.scrollUntilVisible: Command centerElement: ScrollUntilVisibleCommand(selector=ElementSelector(textRegex=null, idRegex=last-game, size=null, below=null, above=null, leftOf=null, rightOf=null, containsChild=null, containsDescendants=null, traits=null, index=null, enabled=null, optional=false, selected=null, checked=null, focused=null, childOf=null, css=null), direction=UP, scrollDuration=601, visibilityPercentage=100, timeout=15000, waitToSettleTimeoutMs=null, centerElement=false, originalSpeedValue=40, label=null, optional=false).centerElement
00:39:27.652 [ INFO] maestro.orchestra.Orchestra.scrollUntilVisible: visibilityPercentageNormalized: 1.0
00:39:27.652 [ INFO] maestro.cli.runner.CliConsoleListener.onCommandFinished: Scrolling UP until id: last-game is visible with speed 40, visibility percentage 100%, timeout 15000 ms, with centering disabled COMPLETED
00:39:27.652 [ INFO] maestro.cli.runner.CliConsoleListener.onCommandStart: Assert that id: propose-sohbet is visible RUNNING
00:39:27.749 [ INFO] maestro.cli.runner.CliConsoleListener.onCommandFinished: Assert that id: propose-sohbet is visible COMPLETED
00:39:27.749 [ INFO] maestro.cli.runner.CliConsoleListener.onCommandStart: Take screenshot 20b-back-to-chat RUNNING
00:39:27.749 [ INFO] maestro.Maestro.takeScreenshot: Taking screenshot
00:39:27.750 [TRACE] maestro.utils.ScreenshotUtils.takeScreenshot: Taking screenshot to output sink
00:39:27.766 [ INFO] maestro.cli.runner.CliConsoleListener.onCommandFinished: Take screenshot 20b-back-to-chat COMPLETED
00:39:27.766 [ INFO] maestro.cli.runner.CliConsoleListener.onCommandStart: Tap on id: propose-sohbet RUNNING
00:39:27.869 [ INFO] maestro.Maestro.tap-HgV9Ck0: Tapping on element:  UiElement(treeNode=TreeNode(attributes={text=, accessibilityText=Sohbet kartları öner, hintText=, ignoreBoundsFiltering=false, resource-id=propose-sohbet, clickable=true, bounds=[165,245][286,357], enabled=true, focused=false, checked=false, scrollable=false, selected=false, class=android.widget.Button, important-for-accessibility=true, error=}, children=[TreeNode(attributes={text=, accessibilityText=, hintText=, ignoreBoundsFiltering=false, resource-id=, clickable=false, bounds=[165,245][286,357], enabled=true, focused=false, checked=false, scrollable=false, selected=false, class=android.view.ViewGroup, important-for-accessibility=false, error=}, children=[], clickable=false, enabled=true, focused=false, checked=false, selected=false), TreeNode(attributes={text=, accessibilityText=, hintText=, ignoreBoundsFiltering=false, resource-id=, clickable=false, bounds=[179,259][272,285], enabled=true, focused=false, checked=false, scrollable=false, selected=false, class=android.widget.TextView, important-for-accessibility=true, error=}, children=[], clickable=false, enabled=true, focused=false, checked=false, selected=false), TreeNode(attributes={text=Sohbet kartları, accessibilityText=, hintText=, ignoreBoundsFiltering=false, resource-id=, clickable=false, bounds=[179,295][272,343], enabled=true, focused=false, checked=false, scrollable=false, selected=false, class=android.widget.TextView, important-for-accessibility=true, error=}, children=[], clickable=false, enabled=true, focused=false, checked=false, selected=false)], clickable=true, enabled=true, focused=false, checked=false, selected=false), bounds=Bounds(x=165, y=245, width=121, height=112))
00:39:29.169 [ INFO] maestro.Maestro.tap-HgV9Ck0: Tap aimed via settled hierarchy
00:39:29.169 [ INFO] maestro.Maestro.hierarchyBasedTap-ogj28Uc: Tapping at (225, 301) using hierarchy based logic for wait
00:39:30.532 [ INFO] maestro.Maestro.hierarchyBasedTap-ogj28Uc: Something has changed in the UI judging by view hierarchy. Proceed.
00:39:30.533 [ INFO] maestro.cli.runner.CliConsoleListener.onCommandFinished: Tap on id: propose-sohbet COMPLETED
00:39:30.533 [ INFO] maestro.cli.runner.CliConsoleListener.onCommandStart: Assert that "Sohbet kartları önerdin.*" is visible RUNNING
00:39:30.637 [ INFO] maestro.cli.runner.CliConsoleListener.onCommandFinished: Assert that "Sohbet kartları önerdin.*" is visible COMPLETED
00:39:30.637 [ INFO] maestro.cli.runner.CliConsoleListener.onCommandStart: Run ../scripts/bot.js RUNNING
00:39:30.690 [ INFO] maestro.cli.runner.CliConsoleListener.onCommandFinished: Run ../scripts/bot.js COMPLETED
00:39:30.690 [ INFO] maestro.cli.runner.CliConsoleListener.onCommandStart: Assert that id: proposal-not-accepted is visible RUNNING
00:39:31.641 [ INFO] maestro.cli.runner.CliConsoleListener.onCommandFinished: Assert that id: proposal-not-accepted is visible COMPLETED
00:39:31.641 [ INFO] maestro.cli.runner.CliConsoleListener.onCommandStart: Take screenshot 20c-not-accepted RUNNING
00:39:31.641 [ INFO] maestro.Maestro.takeScreenshot: Taking screenshot
00:39:31.642 [TRACE] maestro.utils.ScreenshotUtils.takeScreenshot: Taking screenshot to output sink
00:39:31.658 [ INFO] maestro.cli.runner.CliConsoleListener.onCommandFinished: Take screenshot 20c-not-accepted COMPLETED
00:39:31.658 [ INFO] maestro.cli.runner.CliConsoleListener.onCommandFinished: Run flows/04-room-tabu.yaml COMPLETED
00:39:31.658 [ INFO] maestro.cli.runner.CliConsoleListener.onCommandStart: Run flows/05-reveal-friend-dm.yaml RUNNING
00:39:31.658 [ INFO] maestro.cli.runner.CliConsoleListener.onCommandStart: Apply configuration RUNNING
00:39:31.658 [ INFO] maestro.cli.runner.CliConsoleListener.onCommandFinished: Apply configuration COMPLETED
00:39:31.658 [ INFO] maestro.cli.runner.CliConsoleListener.onCommandStart: Run ../scripts/bot.js RUNNING
00:39:31.690 [ INFO] maestro.cli.runner.CliConsoleListener.onCommandFinished: Run ../scripts/bot.js COMPLETED
00:39:31.690 [ INFO] maestro.cli.runner.CliConsoleListener.onCommandStart: Scrolling DOWN until "Odayı bitir" is visible with speed 40, visibility percentage 100%, timeout 20000 ms, with centering disabled RUNNING
00:39:31.805 [ INFO] maestro.orchestra.Orchestra.scrollUntilVisible: Scrolling try count: 0, DeviceWidth: 320, DeviceWidth: 640
00:39:31.805 [ INFO] maestro.orchestra.Orchestra.scrollUntilVisible: Element bounds: Bounds(x=185, y=44, width=79, height=20)
00:39:31.805 [ INFO] maestro.orchestra.Orchestra.scrollUntilVisible: Visibility Percent: 1.0
00:39:31.805 [ INFO] maestro.orchestra.Orchestra.scrollUntilVisible: Command centerElement: ScrollUntilVisibleCommand(selector=ElementSelector(textRegex=Odayı bitir, idRegex=null, size=null, below=null, above=null, leftOf=null, rightOf=null, containsChild=null, containsDescendants=null, traits=null, index=null, enabled=null, optional=false, selected=null, checked=null, focused=null, childOf=null, css=null), direction=DOWN, scrollDuration=601, visibilityPercentage=100, timeout=20000, waitToSettleTimeoutMs=null, centerElement=false, originalSpeedValue=40, label=null, optional=false).centerElement
00:39:31.805 [ INFO] maestro.orchestra.Orchestra.scrollUntilVisible: visibilityPercentageNormalized: 1.0
00:39:31.805 [ INFO] maestro.cli.runner.CliConsoleListener.onCommandFinished: Scrolling DOWN until "Odayı bitir" is visible with speed 40, visibility percentage 100%, timeout 20000 ms, with centering disabled COMPLETED
00:39:31.806 [ INFO] maestro.cli.runner.CliConsoleListener.onCommandStart: Tap on "Odayı bitir" RUNNING
00:39:31.951 [ INFO] maestro.Maestro.tap-HgV9Ck0: Tapping on element:  UiElement(treeNode=TreeNode(attributes={text=Odayı bitir, accessibilityText=, hintText=, ignoreBoundsFiltering=false, resource-id=, clickable=false, bounds=[185,44][264,64], enabled=true, focused=false, checked=false, scrollable=false, selected=false, class=android.widget.TextView, important-for-accessibility=true, error=}, children=[], clickable=false, enabled=true, focused=false, checked=false, selected=false), bounds=Bounds(x=185, y=44, width=79, height=20))
00:39:33.177 [ INFO] maestro.Maestro.tap-HgV9Ck0: Tap aimed via settled hierarchy
00:39:33.177 [ INFO] maestro.Maestro.hierarchyBasedTap-ogj28Uc: Tapping at (224, 54) using hierarchy based logic for wait
00:39:34.440 [ INFO] maestro.Maestro.hierarchyBasedTap-ogj28Uc: Something has changed in the UI judging by view hierarchy. Proceed.
00:39:34.441 [ INFO] maestro.cli.runner.CliConsoleListener.onCommandFinished: Tap on "Odayı bitir" COMPLETED
00:39:34.441 [ INFO] maestro.cli.runner.CliConsoleListener.onCommandStart: Assert that "Tanışalım mı\?" is visible RUNNING
00:39:34.537 [ INFO] maestro.cli.runner.CliConsoleListener.onCommandFinished: Assert that "Tanışalım mı\?" is visible COMPLETED
00:39:34.537 [ INFO] maestro.cli.runner.CliConsoleListener.onCommandStart: Take screenshot 21-reveal-question RUNNING
00:39:34.537 [ INFO] maestro.Maestro.takeScreenshot: Taking screenshot
00:39:34.538 [TRACE] maestro.utils.ScreenshotUtils.takeScreenshot: Taking screenshot to output sink
00:39:34.590 [ INFO] maestro.cli.runner.CliConsoleListener.onCommandFinished: Take screenshot 21-reveal-question COMPLETED
00:39:34.590 [ INFO] maestro.cli.runner.CliConsoleListener.onCommandStart: Tap on id: reveal-yes RUNNING
00:39:34.649 [ INFO] maestro.Maestro.tap-HgV9Ck0: Tapping on element:  UiElement(treeNode=TreeNode(attributes={text=, accessibilityText=Evet, hintText=, ignoreBoundsFiltering=false, resource-id=reveal-yes, clickable=true, bounds=[165,313][283,361], enabled=true, focused=false, checked=false, scrollable=false, selected=false, class=android.widget.Button, important-for-accessibility=true, error=}, children=[TreeNode(attributes={text=, accessibilityText=, hintText=, ignoreBoundsFiltering=false, resource-id=, clickable=false, bounds=[165,313][283,361], enabled=true, focused=false, checked=false, scrollable=false, selected=false, class=android.view.ViewGroup, important-for-accessibility=false, error=}, children=[], clickable=false, enabled=true, focused=false, checked=false, selected=false), TreeNode(attributes={text=Evet, accessibilityText=, hintText=, ignoreBoundsFiltering=false, resource-id=, clickable=false, bounds=[208,327][241,347], enabled=true, focused=false, checked=false, scrollable=false, selected=false, class=android.widget.TextView, important-for-accessibility=true, error=}, children=[], clickable=false, enabled=true, focused=false, checked=false, selected=false)], clickable=true, enabled=true, focused=false, checked=false, selected=false), bounds=Bounds(x=165, y=313, width=118, height=48))
00:39:35.704 [ INFO] maestro.Maestro.tap-HgV9Ck0: Tap aimed via settled hierarchy
00:39:35.705 [ INFO] maestro.Maestro.hierarchyBasedTap-ogj28Uc: Tapping at (224, 337) using hierarchy based logic for wait
00:39:37.316 [ INFO] maestro.Maestro.hierarchyBasedTap-ogj28Uc: Something has changed in the UI judging by view hierarchy. Proceed.
00:39:37.316 [ INFO] maestro.cli.runner.CliConsoleListener.onCommandFinished: Tap on id: reveal-yes COMPLETED
00:39:37.317 [ INFO] maestro.cli.runner.CliConsoleListener.onCommandStart: Assert that "Cevabın alındı. Sonuç birazdan." is visible RUNNING
00:39:37.381 [ INFO] maestro.cli.runner.CliConsoleListener.onCommandFinished: Assert that "Cevabın alındı. Sonuç birazdan." is visible COMPLETED
00:39:37.381 [ INFO] maestro.cli.runner.CliConsoleListener.onCommandStart: Take screenshot 22-reveal-answered RUNNING
00:39:37.381 [ INFO] maestro.Maestro.takeScreenshot: Taking screenshot
00:39:37.382 [TRACE] maestro.utils.ScreenshotUtils.takeScreenshot: Taking screenshot to output sink
00:39:37.436 [ INFO] maestro.cli.runner.CliConsoleListener.onCommandFinished: Take screenshot 22-reveal-answered COMPLETED
00:39:37.436 [ INFO] maestro.cli.runner.CliConsoleListener.onCommandStart: Run ../scripts/bot.js RUNNING
00:39:37.493 [ INFO] maestro.cli.runner.CliConsoleListener.onCommandFinished: Run ../scripts/bot.js COMPLETED
00:39:37.494 [ INFO] maestro.cli.runner.CliConsoleListener.onCommandStart: Assert that "Ekranını kaldır, birbirinizi bulun." is visible RUNNING
00:39:38.473 [ INFO] maestro.cli.runner.CliConsoleListener.onCommandFinished: Assert that "Ekranını kaldır, birbirinizi bulun." is visible COMPLETED
00:39:38.473 [ INFO] maestro.cli.runner.CliConsoleListener.onCommandStart: Take screenshot 23-reveal-mutual RUNNING
00:39:38.473 [ INFO] maestro.Maestro.takeScreenshot: Taking screenshot
00:39:38.474 [TRACE] maestro.utils.ScreenshotUtils.takeScreenshot: Taking screenshot to output sink
00:39:38.490 [ INFO] maestro.cli.runner.CliConsoleListener.onCommandFinished: Take screenshot 23-reveal-mutual COMPLETED
00:39:38.490 [ INFO] maestro.cli.runner.CliConsoleListener.onCommandStart: Tap on "Arkadaş ekle" RUNNING
00:39:38.588 [ INFO] maestro.Maestro.tap-HgV9Ck0: Tapping on element:  UiElement(treeNode=TreeNode(attributes={text=Arkadaş ekle, accessibilityText=, hintText=, ignoreBoundsFiltering=false, resource-id=, clickable=false, bounds=[112,455][209,475], enabled=true, focused=false, checked=false, scrollable=false, selected=false, class=android.widget.TextView, important-for-accessibility=true, error=}, children=[], clickable=false, enabled=true, focused=false, checked=false, selected=false), bounds=Bounds(x=112, y=455, width=97, height=20))
00:39:39.756 [ INFO] maestro.Maestro.tap-HgV9Ck0: Tap aimed via settled hierarchy
00:39:39.757 [ INFO] maestro.Maestro.hierarchyBasedTap-ogj28Uc: Tapping at (160, 465) using hierarchy based logic for wait
00:39:40.968 [ INFO] maestro.Maestro.hierarchyBasedTap-ogj28Uc: Something has changed in the UI judging by view hierarchy. Proceed.
00:39:40.968 [ INFO] maestro.cli.runner.CliConsoleListener.onCommandFinished: Tap on "Arkadaş ekle" COMPLETED
00:39:40.969 [ INFO] maestro.cli.runner.CliConsoleListener.onCommandStart: Assert that "Eklendi. İkiniz de basarsanız arkadaş olursunuz." is visible RUNNING
00:39:41.029 [ INFO] maestro.cli.runner.CliConsoleListener.onCommandFinished: Assert that "Eklendi. İkiniz de basarsanız arkadaş olursunuz." is visible COMPLETED
00:39:41.029 [ INFO] maestro.cli.runner.CliConsoleListener.onCommandStart: Take screenshot 24-add-friend-done RUNNING
00:39:41.029 [ INFO] maestro.Maestro.takeScreenshot: Taking screenshot
00:39:41.029 [TRACE] maestro.utils.ScreenshotUtils.takeScreenshot: Taking screenshot to output sink
00:39:41.127 [ INFO] maestro.cli.runner.CliConsoleListener.onCommandFinished: Take screenshot 24-add-friend-done COMPLETED
00:39:41.128 [ INFO] maestro.cli.runner.CliConsoleListener.onCommandStart: Run ../scripts/bot.js RUNNING
00:39:41.175 [ INFO] maestro.cli.runner.CliConsoleListener.onCommandFinished: Run ../scripts/bot.js COMPLETED
00:39:41.175 [ INFO] maestro.cli.runner.CliConsoleListener.onCommandStart: Tap on "Mekana dön" RUNNING
00:39:41.254 [ INFO] maestro.Maestro.tap-HgV9Ck0: Tapping on element:  UiElement(treeNode=TreeNode(attributes={text=Mekana dön, accessibilityText=, hintText=, ignoreBoundsFiltering=false, resource-id=, clickable=false, bounds=[115,512][206,532], enabled=true, focused=false, checked=false, scrollable=false, selected=false, class=android.widget.TextView, important-for-accessibility=true, error=}, children=[], clickable=false, enabled=true, focused=false, checked=false, selected=false), bounds=Bounds(x=115, y=512, width=91, height=20))
00:39:42.424 [ INFO] maestro.Maestro.tap-HgV9Ck0: Tap aimed via settled hierarchy
00:39:42.425 [ INFO] maestro.Maestro.hierarchyBasedTap-ogj28Uc: Tapping at (160, 522) using hierarchy based logic for wait
00:39:43.562 [ INFO] maestro.Maestro.hierarchyBasedTap-ogj28Uc: Something has changed in the UI judging by view hierarchy. Proceed.
00:39:43.562 [ INFO] maestro.cli.runner.CliConsoleListener.onCommandFinished: Tap on "Mekana dön" COMPLETED
00:39:43.562 [ INFO] maestro.cli.runner.CliConsoleListener.onCommandStart: Tap on id: tab-messages RUNNING
00:39:43.675 [ INFO] maestro.Maestro.tap-HgV9Ck0: Tapping on element:  UiElement(treeNode=TreeNode(attributes={text=, accessibilityText=Mesajlar, hintText=, ignoreBoundsFiltering=false, resource-id=tab-messages, clickable=true, bounds=[187,568][242,632], enabled=true, focused=false, checked=false, scrollable=false, selected=false, class=android.view.View, important-for-accessibility=true, error=}, children=[TreeNode(attributes={text=, accessibilityText=, hintText=, ignoreBoundsFiltering=false, resource-id=, clickable=false, bounds=[202,580][226,604], enabled=true, focused=false, checked=false, scrollable=false, selected=false, class=android.widget.ImageView, important-for-accessibility=false, error=}, children=[], clickable=false, enabled=true, focused=false, checked=false, selected=false), TreeNode(attributes={text=Mesajlar, accessibilityText=, hintText=, ignoreBoundsFiltering=false, resource-id=, clickable=false, bounds=[190,612][238,628], enabled=true, focused=false, checked=false, scrollable=false, selected=false, class=android.widget.TextView, important-for-accessibility=true, error=}, children=[], clickable=false, enabled=true, focused=false, checked=false, selected=false)], clickable=true, enabled=true, focused=false, checked=false, selected=false), bounds=Bounds(x=187, y=568, width=55, height=64))
00:39:44.917 [ INFO] maestro.Maestro.tap-HgV9Ck0: Tap aimed via settled hierarchy
00:39:44.918 [ INFO] maestro.Maestro.hierarchyBasedTap-ogj28Uc: Tapping at (214, 600) using hierarchy based logic for wait
00:39:45.829 [ INFO] maestro.Maestro.hierarchyBasedTap-ogj28Uc: Something has changed in the UI judging by view hierarchy. Proceed.
00:39:45.829 [ INFO] maestro.cli.runner.CliConsoleListener.onCommandFinished: Tap on id: tab-messages COMPLETED
00:39:45.829 [ INFO] maestro.cli.runner.CliConsoleListener.onCommandStart: Assert that "Henüz mesaj yok" is visible RUNNING
00:39:45.933 [ INFO] maestro.cli.runner.CliConsoleListener.onCommandFinished: Assert that "Henüz mesaj yok" is visible COMPLETED
00:39:45.933 [ INFO] maestro.cli.runner.CliConsoleListener.onCommandStart: Take screenshot 25-messages RUNNING
00:39:45.934 [ INFO] maestro.Maestro.takeScreenshot: Taking screenshot
00:39:45.934 [TRACE] maestro.utils.ScreenshotUtils.takeScreenshot: Taking screenshot to output sink
00:39:45.988 [ INFO] maestro.cli.runner.CliConsoleListener.onCommandFinished: Take screenshot 25-messages COMPLETED
00:39:45.988 [ INFO] maestro.cli.runner.CliConsoleListener.onCommandStart: Tap on id: inbox-Bot Masa RUNNING
00:39:46.134 [ INFO] maestro.Maestro.tap-HgV9Ck0: Tapping on element:  UiElement(treeNode=TreeNode(attributes={text=, accessibilityText=Bot Masa, Henüz mesaj yok, hintText=, ignoreBoundsFiltering=false, resource-id=inbox-Bot Masa, clickable=true, bounds=[20,100][300,180], enabled=true, focused=false, checked=false, scrollable=false, selected=false, class=android.widget.Button, important-for-accessibility=true, error=}, children=[TreeNode(attributes={text=, accessibilityText=, hintText=, ignoreBoundsFiltering=false, resource-id=, clickable=false, bounds=[20,100][300,180], enabled=true, focused=false, checked=false, scrollable=false, selected=false, class=android.view.ViewGroup, important-for-accessibility=false, error=}, children=[], clickable=false, enabled=true, focused=false, checked=false, selected=false), TreeNode(attributes={text=, accessibilityText=Bot Masa, hintText=, ignoreBoundsFiltering=false, resource-id=, clickable=false, bounds=[32,112][88,168], enabled=true, focused=false, checked=false, scrollable=false, selected=false, class=android.view.ViewGroup, important-for-accessibility=true, error=}, children=[TreeNode(attributes={text=, accessibilityText=, hintText=, ignoreBoundsFiltering=false, resource-id=, clickable=false, bounds=[32,112][88,168], enabled=true, focused=false, checked=false, scrollable=false, selected=false, class=android.view.ViewGroup, important-for-accessibility=false, error=}, children=[TreeNode(attributes={text=BM, accessibilityText=, hintText=, ignoreBoundsFiltering=false, resource-id=, clickable=false, bounds=[45,128][75,152], enabled=true, focused=false, checked=false, scrollable=false, selected=false, class=android.widget.TextView, important-for-accessibility=true, error=}, children=[], clickable=false, enabled=true, focused=false, checked=false, selected=false)], clickable=false, enabled=true, focused=false, checked=false, selected=false)], clickable=false, enabled=true, focused=false, checked=false, selected=false), TreeNode(attributes={text=Bot Masa, accessibilityText=, hintText=, ignoreBoundsFiltering=false, resource-id=, clickable=false, bounds=[102,119][274,142], enabled=true, focused=false, checked=false, scrollable=false, selected=false, class=android.widget.TextView, important-for-accessibility=true, error=}, children=[], clickable=false, enabled=true, focused=false, checked=false, selected=false), TreeNode(attributes={text=Henüz mesaj yok, accessibilityText=, hintText=, ignoreBoundsFiltering=false, resource-id=, clickable=false, bounds=[102,144][274,162], enabled=true, focused=false, checked=false, scrollable=false, selected=false, class=android.widget.TextView, important-for-accessibility=true, error=}, children=[], clickable=false, enabled=true, focused=false, checked=false, selected=false)], clickable=true, enabled=true, focused=false, checked=false, selected=false), bounds=Bounds(x=20, y=100, width=280, height=80))
00:39:47.421 [ INFO] maestro.Maestro.tap-HgV9Ck0: Tap aimed via settled hierarchy
00:39:47.421 [ INFO] maestro.Maestro.hierarchyBasedTap-ogj28Uc: Tapping at (160, 140) using hierarchy based logic for wait
00:39:48.597 [ INFO] maestro.Maestro.hierarchyBasedTap-ogj28Uc: Something has changed in the UI judging by view hierarchy. Proceed.
00:39:48.597 [ INFO] maestro.cli.runner.CliConsoleListener.onCommandFinished: Tap on id: inbox-Bot Masa COMPLETED
00:39:48.597 [ INFO] maestro.cli.runner.CliConsoleListener.onCommandStart: Assert that "Henüz mesaj yok. İlk mesajı sen yaz." is visible RUNNING
00:39:48.697 [ INFO] maestro.cli.runner.CliConsoleListener.onCommandFinished: Assert that "Henüz mesaj yok. İlk mesajı sen yaz." is visible COMPLETED
00:39:48.697 [ INFO] maestro.cli.runner.CliConsoleListener.onCommandStart: Take screenshot 26-dm-empty RUNNING
00:39:48.698 [ INFO] maestro.Maestro.takeScreenshot: Taking screenshot
00:39:48.698 [TRACE] maestro.utils.ScreenshotUtils.takeScreenshot: Taking screenshot to output sink
00:39:48.750 [ INFO] maestro.cli.runner.CliConsoleListener.onCommandFinished: Take screenshot 26-dm-empty COMPLETED
00:39:48.750 [ INFO] maestro.cli.runner.CliConsoleListener.onCommandStart: Tap on id: dm-input RUNNING
00:39:48.809 [ INFO] maestro.Maestro.tap-HgV9Ck0: Tapping on element:  UiElement(treeNode=TreeNode(attributes={text=, accessibilityText=, hintText=Mesaj yaz…, ignoreBoundsFiltering=false, resource-id=dm-input, clickable=true, bounds=[33,584][229,627], enabled=true, focused=false, checked=false, scrollable=false, selected=false, class=android.widget.EditText, important-for-accessibility=true, error=}, children=[], clickable=true, enabled=true, focused=false, checked=false, selected=false), bounds=Bounds(x=33, y=584, width=196, height=43))
00:39:50.033 [ INFO] maestro.Maestro.tap-HgV9Ck0: Tap aimed via settled hierarchy
00:39:50.034 [ INFO] maestro.Maestro.hierarchyBasedTap-ogj28Uc: Tapping at (131, 605) using hierarchy based logic for wait
00:39:51.119 [ INFO] maestro.Maestro.hierarchyBasedTap-ogj28Uc: Something has changed in the UI judging by view hierarchy. Proceed.
00:39:51.119 [ INFO] maestro.cli.runner.CliConsoleListener.onCommandFinished: Tap on id: dm-input COMPLETED
00:39:51.119 [ INFO] maestro.cli.runner.CliConsoleListener.onCommandStart: Input text Merhaba bot RUNNING
00:39:51.119 [ INFO] maestro.Maestro.inputText: Inputting text: Merhaba bot
00:39:53.837 [ INFO] maestro.cli.runner.CliConsoleListener.onCommandFinished: Input text Merhaba bot COMPLETED
00:39:53.837 [ INFO] maestro.cli.runner.CliConsoleListener.onCommandStart: Take screenshot 26b-dm-keyboard RUNNING
00:39:53.837 [ INFO] maestro.Maestro.takeScreenshot: Taking screenshot
00:39:53.838 [TRACE] maestro.utils.ScreenshotUtils.takeScreenshot: Taking screenshot to output sink
00:39:53.891 [ INFO] maestro.cli.runner.CliConsoleListener.onCommandFinished: Take screenshot 26b-dm-keyboard COMPLETED
00:39:53.891 [ INFO] maestro.cli.runner.CliConsoleListener.onCommandStart: Hide Keyboard RUNNING
00:39:53.892 [ INFO] maestro.Maestro.hideKeyboard$lambda$12: Hiding Keyboard
00:39:54.775 [ INFO] maestro.cli.runner.CliConsoleListener.onCommandFinished: Hide Keyboard COMPLETED
00:39:54.775 [ INFO] maestro.cli.runner.CliConsoleListener.onCommandStart: Tap on id: dm-send RUNNING
00:39:55.014 [ INFO] maestro.Maestro.tap-HgV9Ck0: Tapping on element:  UiElement(treeNode=TreeNode(attributes={text=, accessibilityText=Gönder, hintText=, ignoreBoundsFiltering=false, resource-id=dm-send, clickable=true, bounds=[256,582][304,630], enabled=true, focused=false, checked=false, scrollable=false, selected=false, class=android.widget.Button, important-for-accessibility=true, error=}, children=[TreeNode(attributes={text=, accessibilityText=, hintText=, ignoreBoundsFiltering=false, resource-id=, clickable=false, bounds=[256,582][304,630], enabled=true, focused=false, checked=false, scrollable=false, selected=false, class=android.view.ViewGroup, important-for-accessibility=false, error=}, children=[], clickable=false, enabled=true, focused=false, checked=false, selected=false), TreeNode(attributes={text=, accessibilityText=, hintText=, ignoreBoundsFiltering=false, resource-id=, clickable=false, bounds=[270,595][290,616], enabled=true, focused=false, checked=false, scrollable=false, selected=false, class=android.widget.TextView, important-for-accessibility=true, error=}, children=[], clickable=false, enabled=true, focused=false, checked=false, selected=false)], clickable=true, enabled=true, focused=false, checked=false, selected=false), bounds=Bounds(x=256, y=582, width=48, height=48))
00:39:56.229 [ INFO] maestro.Maestro.tap-HgV9Ck0: Tap aimed via settled hierarchy
00:39:56.229 [ INFO] maestro.Maestro.hierarchyBasedTap-ogj28Uc: Tapping at (280, 606) using hierarchy based logic for wait
00:39:57.341 [ INFO] maestro.Maestro.hierarchyBasedTap-ogj28Uc: Something has changed in the UI judging by view hierarchy. Proceed.
00:39:57.341 [ INFO] maestro.cli.runner.CliConsoleListener.onCommandFinished: Tap on id: dm-send COMPLETED
00:39:57.341 [ INFO] maestro.cli.runner.CliConsoleListener.onCommandStart: Assert that "Merhaba bot" is visible RUNNING
00:39:57.489 [ INFO] maestro.cli.runner.CliConsoleListener.onCommandFinished: Assert that "Merhaba bot" is visible COMPLETED
00:39:57.489 [ INFO] maestro.cli.runner.CliConsoleListener.onCommandStart: Run ../scripts/bot.js RUNNING
00:39:57.535 [ INFO] maestro.cli.runner.CliConsoleListener.onCommandFinished: Run ../scripts/bot.js COMPLETED
00:39:57.535 [ INFO] maestro.cli.runner.CliConsoleListener.onCommandStart: Run ../scripts/bot.js RUNNING
00:39:57.614 [ INFO] maestro.cli.runner.CliConsoleListener.onCommandFinished: Run ../scripts/bot.js COMPLETED
00:39:57.614 [ INFO] maestro.cli.runner.CliConsoleListener.onCommandStart: Assert that "Selam cihaz" is visible RUNNING
00:39:57.902 [ INFO] maestro.cli.runner.CliConsoleListener.onCommandFinished: Assert that "Selam cihaz" is visible COMPLETED
00:39:57.902 [ INFO] maestro.cli.runner.CliConsoleListener.onCommandStart: Take screenshot 27-dm RUNNING
00:39:57.902 [ INFO] maestro.Maestro.takeScreenshot: Taking screenshot
00:39:57.903 [TRACE] maestro.utils.ScreenshotUtils.takeScreenshot: Taking screenshot to output sink
00:39:57.996 [ INFO] maestro.cli.runner.CliConsoleListener.onCommandFinished: Take screenshot 27-dm COMPLETED
00:39:57.996 [ INFO] maestro.cli.runner.CliConsoleListener.onCommandStart: Hide Keyboard RUNNING
00:39:57.996 [ INFO] maestro.Maestro.hideKeyboard$lambda$12: Hiding Keyboard
00:39:58.875 [ INFO] maestro.cli.runner.CliConsoleListener.onCommandFinished: Hide Keyboard COMPLETED
00:39:58.875 [ INFO] maestro.cli.runner.CliConsoleListener.onCommandStart: Tap on (Optional) id: chat-back RUNNING
00:40:06.034 [ INFO] maestro.orchestra.Orchestra.executeSubflowCommands: [Command execution subflow] CommandWarned: Element not found: Id matching regex: chat-back
00:40:06.149 [ INFO] maestro.Maestro.takeScreenshot: Taking screenshot
00:40:06.149 [TRACE] maestro.utils.ScreenshotUtils.takeScreenshot: Taking screenshot to output sink
00:40:06.167 [ INFO] maestro.cli.runner.CliConsoleListener.onCommandFinished: Tap on (Optional) id: chat-back WARNED
00:40:06.167 [ INFO] maestro.cli.runner.CliConsoleListener.onCommandStart: Assert that id: tab-messages is visible RUNNING
00:40:06.277 [ INFO] maestro.cli.runner.CliConsoleListener.onCommandFinished: Assert that id: tab-messages is visible COMPLETED
00:40:06.278 [ INFO] maestro.cli.runner.CliConsoleListener.onCommandFinished: Run flows/05-reveal-friend-dm.yaml COMPLETED
00:40:06.278 [ INFO] maestro.cli.runner.CliConsoleListener.onCommandStart: Run flows/05b-dm-ticks-typing.yaml RUNNING
00:40:06.278 [ INFO] maestro.cli.runner.CliConsoleListener.onCommandStart: Apply configuration RUNNING
00:40:06.278 [ INFO] maestro.cli.runner.CliConsoleListener.onCommandFinished: Apply configuration COMPLETED
00:40:06.278 [ INFO] maestro.cli.runner.CliConsoleListener.onCommandStart: Tap on id: inbox-Bot Masa RUNNING
00:40:06.382 [ INFO] maestro.Maestro.tap-HgV9Ck0: Tapping on element:  UiElement(treeNode=TreeNode(attributes={text=, accessibilityText=Bot Masa, Selam cihaz, 00:39, hintText=, ignoreBoundsFiltering=false, resource-id=inbox-Bot Masa, clickable=true, bounds=[20,100][300,180], enabled=true, focused=false, checked=false, scrollable=false, selected=false, class=android.widget.Button, important-for-accessibility=true, error=}, children=[TreeNode(attributes={text=, accessibilityText=, hintText=, ignoreBoundsFiltering=false, resource-id=, clickable=false, bounds=[20,100][300,180], enabled=true, focused=false, checked=false, scrollable=false, selected=false, class=android.view.ViewGroup, important-for-accessibility=false, error=}, children=[], clickable=false, enabled=true, focused=false, checked=false, selected=false), TreeNode(attributes={text=, accessibilityText=Bot Masa, hintText=, ignoreBoundsFiltering=false, resource-id=, clickable=false, bounds=[32,112][88,168], enabled=true, focused=false, checked=false, scrollable=false, selected=false, class=android.view.ViewGroup, important-for-accessibility=true, error=}, children=[TreeNode(attributes={text=, accessibilityText=, hintText=, ignoreBoundsFiltering=false, resource-id=, clickable=false, bounds=[32,112][88,168], enabled=true, focused=false, checked=false, scrollable=false, selected=false, class=android.view.ViewGroup, important-for-accessibility=false, error=}, children=[TreeNode(attributes={text=BM, accessibilityText=, hintText=, ignoreBoundsFiltering=false, resource-id=, clickable=false, bounds=[45,128][75,152], enabled=true, focused=false, checked=false, scrollable=false, selected=false, class=android.widget.TextView, important-for-accessibility=true, error=}, children=[], clickable=false, enabled=true, focused=false, checked=false, selected=false)], clickable=false, enabled=true, focused=false, checked=false, selected=false)], clickable=false, enabled=true, focused=false, checked=false, selected=false), TreeNode(attributes={text=Bot Masa, accessibilityText=, hintText=, ignoreBoundsFiltering=false, resource-id=, clickable=false, bounds=[102,116][231,139], enabled=true, focused=false, checked=false, scrollable=false, selected=false, class=android.widget.TextView, important-for-accessibility=true, error=}, children=[], clickable=false, enabled=true, focused=false, checked=false, selected=false), TreeNode(attributes={text=00:39, accessibilityText=, hintText=, ignoreBoundsFiltering=false, resource-id=, clickable=false, bounds=[245,113][288,136], enabled=true, focused=false, checked=false, scrollable=false, selected=false, class=android.widget.TextView, important-for-accessibility=true, error=}, children=[], clickable=false, enabled=true, focused=false, checked=false, selected=false), TreeNode(attributes={text=Selam cihaz, accessibilityText=, hintText=, ignoreBoundsFiltering=false, resource-id=, clickable=false, bounds=[102,141][231,164], enabled=true, focused=false, checked=false, scrollable=false, selected=false, class=android.widget.TextView, important-for-accessibility=true, error=}, children=[], clickable=false, enabled=true, focused=false, checked=false, selected=false), TreeNode(attributes={text=, accessibilityText=1 okunmamış mesaj, hintText=, ignoreBoundsFiltering=false, resource-id=, clickable=false, bounds=[260,142][288,167], enabled=true, focused=false, checked=false, scrollable=false, selected=false, class=android.view.ViewGroup, important-for-accessibility=true, error=}, children=[TreeNode(attributes={text=, accessibilityText=, hintText=, ignoreBoundsFiltering=false, resource-id=, clickable=false, bounds=[260,142][288,167], enabled=true, focused=false, checked=false, scrollable=false, selected=false, class=android.view.ViewGroup, important-for-accessibility=false, error=}, children=[], clickable=false, enabled=true, focused=false, checked=false, selected=false), TreeNode(attributes={text=1, accessibilityText=, hintText=, ignoreBoundsFiltering=false, resource-id=, clickable=false, bounds=[270,146][278,163], enabled=true, focused=false, checked=false, scrollable=false, selected=false, class=android.widget.TextView, important-for-accessibility=true, error=}, children=[], clickable=false, enabled=true, focused=false, checked=false, selected=false)], clickable=false, enabled=true, focused=false, checked=false, selected=false)], clickable=true, enabled=true, focused=false, checked=false, selected=false), bounds=Bounds(x=20, y=100, width=280, height=80))
00:40:07.649 [ INFO] maestro.Maestro.tap-HgV9Ck0: Tap aimed via settled hierarchy
00:40:07.650 [ INFO] maestro.Maestro.hierarchyBasedTap-ogj28Uc: Tapping at (160, 140) using hierarchy based logic for wait
00:40:08.821 [ INFO] maestro.Maestro.hierarchyBasedTap-ogj28Uc: Something has changed in the UI judging by view hierarchy. Proceed.
00:40:08.821 [ INFO] maestro.cli.runner.CliConsoleListener.onCommandFinished: Tap on id: inbox-Bot Masa COMPLETED
00:40:08.821 [ INFO] maestro.cli.runner.CliConsoleListener.onCommandStart: Assert that "Selam cihaz" is visible RUNNING
00:40:08.926 [ INFO] maestro.cli.runner.CliConsoleListener.onCommandFinished: Assert that "Selam cihaz" is visible COMPLETED
00:40:08.926 [ INFO] maestro.cli.runner.CliConsoleListener.onCommandStart: Tap on id: dm-input RUNNING
00:40:09.025 [ INFO] maestro.Maestro.tap-HgV9Ck0: Tapping on element:  UiElement(treeNode=TreeNode(attributes={text=, accessibilityText=, hintText=Mesaj yaz…, ignoreBoundsFiltering=false, resource-id=dm-input, clickable=true, bounds=[33,584][229,627], enabled=true, focused=false, checked=false, scrollable=false, selected=false, class=android.widget.EditText, important-for-accessibility=true, error=}, children=[], clickable=true, enabled=true, focused=false, checked=false, selected=false), bounds=Bounds(x=33, y=584, width=196, height=43))
00:40:10.249 [ INFO] maestro.Maestro.tap-HgV9Ck0: Tap aimed via settled hierarchy
00:40:10.250 [ INFO] maestro.Maestro.hierarchyBasedTap-ogj28Uc: Tapping at (131, 605) using hierarchy based logic for wait
00:40:11.276 [ INFO] maestro.Maestro.hierarchyBasedTap-ogj28Uc: Something has changed in the UI judging by view hierarchy. Proceed.
00:40:11.276 [ INFO] maestro.cli.runner.CliConsoleListener.onCommandFinished: Tap on id: dm-input COMPLETED
00:40:11.276 [ INFO] maestro.cli.runner.CliConsoleListener.onCommandStart: Input text Okudun mu? RUNNING
00:40:11.276 [ INFO] maestro.Maestro.inputText: Inputting text: Okudun mu?
00:40:13.981 [ INFO] maestro.cli.runner.CliConsoleListener.onCommandFinished: Input text Okudun mu? COMPLETED
00:40:13.981 [ INFO] maestro.cli.runner.CliConsoleListener.onCommandStart: Hide Keyboard RUNNING
00:40:13.981 [ INFO] maestro.Maestro.hideKeyboard$lambda$12: Hiding Keyboard
00:40:14.925 [ INFO] maestro.cli.runner.CliConsoleListener.onCommandFinished: Hide Keyboard COMPLETED
00:40:14.925 [ INFO] maestro.cli.runner.CliConsoleListener.onCommandStart: Tap on id: dm-send RUNNING
00:40:14.990 [ INFO] maestro.Maestro.tap-HgV9Ck0: Tapping on element:  UiElement(treeNode=TreeNode(attributes={text=, accessibilityText=Gönder, hintText=, ignoreBoundsFiltering=false, resource-id=dm-send, clickable=true, bounds=[256,582][304,630], enabled=true, focused=false, checked=false, scrollable=false, selected=false, class=android.widget.Button, important-for-accessibility=true, error=}, children=[TreeNode(attributes={text=, accessibilityText=, hintText=, ignoreBoundsFiltering=false, resource-id=, clickable=false, bounds=[256,582][304,630], enabled=true, focused=false, checked=false, scrollable=false, selected=false, class=android.view.ViewGroup, important-for-accessibility=false, error=}, children=[], clickable=false, enabled=true, focused=false, checked=false, selected=false), TreeNode(attributes={text=, accessibilityText=, hintText=, ignoreBoundsFiltering=false, resource-id=, clickable=false, bounds=[270,595][290,616], enabled=true, focused=false, checked=false, scrollable=false, selected=false, class=android.widget.TextView, important-for-accessibility=true, error=}, children=[], clickable=false, enabled=true, focused=false, checked=false, selected=false)], clickable=true, enabled=true, focused=false, checked=false, selected=false), bounds=Bounds(x=256, y=582, width=48, height=48))
00:40:16.245 [ INFO] maestro.Maestro.tap-HgV9Ck0: Tap aimed via settled hierarchy
00:40:16.245 [ INFO] maestro.Maestro.hierarchyBasedTap-ogj28Uc: Tapping at (280, 606) using hierarchy based logic for wait
00:40:17.375 [ INFO] maestro.Maestro.hierarchyBasedTap-ogj28Uc: Something has changed in the UI judging by view hierarchy. Proceed.
00:40:17.375 [ INFO] maestro.cli.runner.CliConsoleListener.onCommandFinished: Tap on id: dm-send COMPLETED
00:40:17.375 [ INFO] maestro.cli.runner.CliConsoleListener.onCommandStart: Assert that "Okudun mu\?" is visible RUNNING
00:40:17.442 [ INFO] maestro.cli.runner.CliConsoleListener.onCommandFinished: Assert that "Okudun mu\?" is visible COMPLETED
00:40:17.442 [ INFO] maestro.cli.runner.CliConsoleListener.onCommandStart: Run ../scripts/bot.js RUNNING
00:40:17.493 [ INFO] maestro.cli.runner.CliConsoleListener.onCommandFinished: Run ../scripts/bot.js COMPLETED
00:40:17.493 [ INFO] maestro.cli.runner.CliConsoleListener.onCommandStart: Run ../scripts/bot.js RUNNING
00:40:17.565 [ INFO] maestro.cli.runner.CliConsoleListener.onCommandFinished: Run ../scripts/bot.js COMPLETED
00:40:17.566 [ INFO] maestro.cli.runner.CliConsoleListener.onCommandStart: Assert that id: tick-read is visible RUNNING
00:40:17.638 [ INFO] maestro.cli.runner.CliConsoleListener.onCommandFinished: Assert that id: tick-read is visible COMPLETED
00:40:17.638 [ INFO] maestro.cli.runner.CliConsoleListener.onCommandStart: Take screenshot 27b-dm-read RUNNING
00:40:17.639 [ INFO] maestro.Maestro.takeScreenshot: Taking screenshot
00:40:17.639 [TRACE] maestro.utils.ScreenshotUtils.takeScreenshot: Taking screenshot to output sink
00:40:17.691 [ INFO] maestro.cli.runner.CliConsoleListener.onCommandFinished: Take screenshot 27b-dm-read COMPLETED
00:40:17.691 [ INFO] maestro.cli.runner.CliConsoleListener.onCommandStart: Run ../scripts/bot.js RUNNING
00:40:17.737 [ INFO] maestro.cli.runner.CliConsoleListener.onCommandFinished: Run ../scripts/bot.js COMPLETED
00:40:17.737 [ INFO] maestro.cli.runner.CliConsoleListener.onCommandStart: Assert that id: dm-typing is visible RUNNING
00:40:18.354 [ INFO] maestro.cli.runner.CliConsoleListener.onCommandFinished: Assert that id: dm-typing is visible COMPLETED
00:40:18.354 [ INFO] maestro.cli.runner.CliConsoleListener.onCommandStart: Take screenshot 27c-dm-typing RUNNING
00:40:18.355 [ INFO] maestro.Maestro.takeScreenshot: Taking screenshot
00:40:18.355 [TRACE] maestro.utils.ScreenshotUtils.takeScreenshot: Taking screenshot to output sink
00:40:18.371 [ INFO] maestro.cli.runner.CliConsoleListener.onCommandFinished: Take screenshot 27c-dm-typing COMPLETED
00:40:18.371 [ INFO] maestro.cli.runner.CliConsoleListener.onCommandStart: Run ../scripts/bot.js RUNNING
00:40:19.292 [ INFO] maestro.cli.runner.CliConsoleListener.onCommandFinished: Run ../scripts/bot.js COMPLETED
00:40:19.292 [ INFO] maestro.cli.runner.CliConsoleListener.onCommandStart: Assert that "Okudum" is visible RUNNING
00:40:20.126 [ INFO] maestro.cli.runner.CliConsoleListener.onCommandFinished: Assert that "Okudum" is visible COMPLETED
00:40:20.126 [ INFO] maestro.cli.runner.CliConsoleListener.onCommandStart: Assert that id: dm-typing is not visible RUNNING
00:40:20.761 [ INFO] maestro.cli.runner.CliConsoleListener.onCommandFinished: Assert that id: dm-typing is not visible COMPLETED
00:40:20.761 [ INFO] maestro.cli.runner.CliConsoleListener.onCommandStart: Take screenshot 27d-dm-answer RUNNING
00:40:20.762 [ INFO] maestro.Maestro.takeScreenshot: Taking screenshot
00:40:20.762 [TRACE] maestro.utils.ScreenshotUtils.takeScreenshot: Taking screenshot to output sink
00:40:20.814 [ INFO] maestro.cli.runner.CliConsoleListener.onCommandFinished: Take screenshot 27d-dm-answer COMPLETED
00:40:20.814 [ INFO] maestro.cli.runner.CliConsoleListener.onCommandStart: Tap on (Optional) id: chat-back RUNNING
00:40:20.966 [ INFO] maestro.Maestro.tap-HgV9Ck0: Tapping on element:  UiElement(treeNode=TreeNode(attributes={text=, accessibilityText=Geri, hintText=, ignoreBoundsFiltering=false, resource-id=chat-back, clickable=true, bounds=[4,30][48,74], enabled=true, focused=false, checked=false, scrollable=false, selected=false, class=android.widget.Button, important-for-accessibility=true, error=}, children=[TreeNode(attributes={text=, accessibilityText=, hintText=, ignoreBoundsFiltering=false, resource-id=, clickable=false, bounds=[14,39][38,65], enabled=true, focused=false, checked=false, scrollable=false, selected=false, class=android.widget.TextView, important-for-accessibility=true, error=}, children=[], clickable=false, enabled=true, focused=false, checked=false, selected=false)], clickable=true, enabled=true, focused=false, checked=false, selected=false), bounds=Bounds(x=4, y=30, width=44, height=44))
00:40:22.181 [ INFO] maestro.Maestro.tap-HgV9Ck0: Tap aimed via settled hierarchy
00:40:22.182 [ INFO] maestro.Maestro.hierarchyBasedTap-ogj28Uc: Tapping at (26, 52) using hierarchy based logic for wait
00:40:23.098 [ INFO] maestro.Maestro.hierarchyBasedTap-ogj28Uc: Something has changed in the UI judging by view hierarchy. Proceed.
00:40:23.098 [ INFO] maestro.cli.runner.CliConsoleListener.onCommandFinished: Tap on (Optional) id: chat-back COMPLETED
00:40:23.098 [ INFO] maestro.cli.runner.CliConsoleListener.onCommandStart: Assert that id: tab-messages is visible RUNNING
00:40:23.167 [ INFO] maestro.cli.runner.CliConsoleListener.onCommandFinished: Assert that id: tab-messages is visible COMPLETED
00:40:23.167 [ INFO] maestro.cli.runner.CliConsoleListener.onCommandFinished: Run flows/05b-dm-ticks-typing.yaml COMPLETED
00:40:23.167 [ INFO] maestro.cli.runner.CliConsoleListener.onCommandStart: Run flows/06-white-screen.yaml RUNNING
00:40:23.167 [ INFO] maestro.cli.runner.CliConsoleListener.onCommandStart: Apply configuration RUNNING
00:40:23.168 [ INFO] maestro.cli.runner.CliConsoleListener.onCommandFinished: Apply configuration COMPLETED
00:40:23.168 [ INFO] maestro.cli.runner.CliConsoleListener.onCommandStart: Tap on id: tab-venue RUNNING
00:40:23.278 [ INFO] maestro.Maestro.tap-HgV9Ck0: Tapping on element:  UiElement(treeNode=TreeNode(attributes={text=, accessibilityText=Mekan, hintText=, ignoreBoundsFiltering=false, resource-id=tab-venue, clickable=true, bounds=[133,568][187,632], enabled=true, focused=false, checked=false, scrollable=false, selected=false, class=android.view.View, important-for-accessibility=true, error=}, children=[TreeNode(attributes={text=, accessibilityText=, hintText=, ignoreBoundsFiltering=false, resource-id=, clickable=false, bounds=[140,572][180,612], enabled=true, focused=false, checked=false, scrollable=false, selected=false, class=android.view.ViewGroup, important-for-accessibility=false, error=}, children=[], clickable=false, enabled=true, focused=false, checked=false, selected=false), TreeNode(attributes={text=, accessibilityText=, hintText=, ignoreBoundsFiltering=false, resource-id=, clickable=false, bounds=[148,580][172,604], enabled=true, focused=false, checked=false, scrollable=false, selected=false, class=android.widget.ImageView, important-for-accessibility=false, error=}, children=[], clickable=false, enabled=true, focused=false, checked=false, selected=false), TreeNode(attributes={text=Mekan, accessibilityText=, hintText=, ignoreBoundsFiltering=false, resource-id=, clickable=false, bounds=[141,612][178,628], enabled=true, focused=false, checked=false, scrollable=false, selected=false, class=android.widget.TextView, important-for-accessibility=true, error=}, children=[], clickable=false, enabled=true, focused=false, checked=false, selected=false)], clickable=true, enabled=true, focused=false, checked=false, selected=false), bounds=Bounds(x=133, y=568, width=54, height=64))
00:40:24.545 [ INFO] maestro.Maestro.tap-HgV9Ck0: Tap aimed via settled hierarchy
00:40:24.546 [ INFO] maestro.Maestro.hierarchyBasedTap-ogj28Uc: Tapping at (160, 600) using hierarchy based logic for wait
00:40:25.490 [ INFO] maestro.Maestro.hierarchyBasedTap-ogj28Uc: Something has changed in the UI judging by view hierarchy. Proceed.
00:40:25.491 [ INFO] maestro.cli.runner.CliConsoleListener.onCommandFinished: Tap on id: tab-venue COMPLETED
00:40:25.491 [ INFO] maestro.cli.runner.CliConsoleListener.onCommandStart: Assert that "Oda kur" is visible RUNNING
00:40:25.606 [ INFO] maestro.cli.runner.CliConsoleListener.onCommandFinished: Assert that "Oda kur" is visible COMPLETED
00:40:25.606 [ INFO] maestro.cli.runner.CliConsoleListener.onCommandStart: Tap on "Oda kur" RUNNING
00:40:25.719 [ INFO] maestro.Maestro.tap-HgV9Ck0: Tapping on element:  UiElement(treeNode=TreeNode(attributes={text=Oda kur, accessibilityText=, hintText=, ignoreBoundsFiltering=false, resource-id=, clickable=false, bounds=[57,431][117,451], enabled=true, focused=false, checked=false, scrollable=false, selected=false, class=android.widget.TextView, important-for-accessibility=true, error=}, children=[], clickable=false, enabled=true, focused=false, checked=false, selected=false), bounds=Bounds(x=57, y=431, width=60, height=20))
00:40:27.037 [ INFO] maestro.Maestro.tap-HgV9Ck0: Tap aimed via settled hierarchy
00:40:27.038 [ INFO] maestro.Maestro.hierarchyBasedTap-ogj28Uc: Tapping at (87, 441) using hierarchy based logic for wait
00:40:28.313 [ INFO] maestro.Maestro.hierarchyBasedTap-ogj28Uc: Something has changed in the UI judging by view hierarchy. Proceed.
00:40:28.313 [ INFO] maestro.cli.runner.CliConsoleListener.onCommandFinished: Tap on "Oda kur" COMPLETED
00:40:28.313 [ INFO] maestro.cli.runner.CliConsoleListener.onCommandStart: Assert that id: intent-none is visible RUNNING
00:40:28.414 [ INFO] maestro.cli.runner.CliConsoleListener.onCommandFinished: Assert that id: intent-none is visible COMPLETED
00:40:28.414 [ INFO] maestro.cli.runner.CliConsoleListener.onCommandStart: Scrolling DOWN until "Odayı kur" is visible with speed 40, visibility percentage 100%, timeout 10000 ms, with centering disabled RUNNING
00:40:28.558 [ INFO] maestro.orchestra.Orchestra.scrollUntilVisible: Scrolling try count: 0, DeviceWidth: 320, DeviceWidth: 640
00:40:28.558 [ INFO] maestro.orchestra.Orchestra.scrollUntilVisible: Element bounds: Bounds(x=120, y=565, width=81, height=22)
00:40:28.558 [ INFO] maestro.orchestra.Orchestra.scrollUntilVisible: Visibility Percent: 1.0
00:40:28.558 [ INFO] maestro.orchestra.Orchestra.scrollUntilVisible: Command centerElement: ScrollUntilVisibleCommand(selector=ElementSelector(textRegex=Odayı kur, idRegex=null, size=null, below=null, above=null, leftOf=null, rightOf=null, containsChild=null, containsDescendants=null, traits=null, index=null, enabled=null, optional=false, selected=null, checked=null, focused=null, childOf=null, css=null), direction=DOWN, scrollDuration=601, visibilityPercentage=100, timeout=10000, waitToSettleTimeoutMs=null, centerElement=false, originalSpeedValue=40, label=null, optional=false).centerElement
00:40:28.558 [ INFO] maestro.orchestra.Orchestra.scrollUntilVisible: visibilityPercentageNormalized: 1.0
00:40:28.558 [ INFO] maestro.cli.runner.CliConsoleListener.onCommandFinished: Scrolling DOWN until "Odayı kur" is visible with speed 40, visibility percentage 100%, timeout 10000 ms, with centering disabled COMPLETED
00:40:28.558 [ INFO] maestro.cli.runner.CliConsoleListener.onCommandStart: Tap on "Odayı kur" RUNNING
00:40:28.658 [ INFO] maestro.Maestro.tap-HgV9Ck0: Tapping on element:  UiElement(treeNode=TreeNode(attributes={text=Odayı kur, accessibilityText=, hintText=, ignoreBoundsFiltering=false, resource-id=, clickable=false, bounds=[120,565][201,587], enabled=true, focused=false, checked=false, scrollable=false, selected=false, class=android.widget.TextView, important-for-accessibility=true, error=}, children=[], clickable=false, enabled=true, focused=false, checked=false, selected=false), bounds=Bounds(x=120, y=565, width=81, height=22))
00:40:29.930 [ INFO] maestro.Maestro.tap-HgV9Ck0: Tap aimed via settled hierarchy
00:40:29.930 [ INFO] maestro.Maestro.hierarchyBasedTap-ogj28Uc: Tapping at (160, 576) using hierarchy based logic for wait
00:40:31.061 [ INFO] maestro.Maestro.hierarchyBasedTap-ogj28Uc: Something has changed in the UI judging by view hierarchy. Proceed.
00:40:31.061 [ INFO] maestro.cli.runner.CliConsoleListener.onCommandFinished: Tap on "Odayı kur" COMPLETED
00:40:31.061 [ INFO] maestro.cli.runner.CliConsoleListener.onCommandStart: Assert that id: solo-tabu is visible RUNNING
00:40:31.158 [ INFO] maestro.cli.runner.CliConsoleListener.onCommandFinished: Assert that id: solo-tabu is visible COMPLETED
00:40:31.158 [ INFO] maestro.cli.runner.CliConsoleListener.onCommandStart: Run ../scripts/bot.js RUNNING
00:40:31.206 [ INFO] maestro.cli.runner.CliConsoleListener.onCommandFinished: Run ../scripts/bot.js COMPLETED
00:40:31.206 [ INFO] maestro.cli.runner.CliConsoleListener.onCommandStart: Assert that "Katılma isteği" is visible RUNNING
00:40:31.937 [ INFO] maestro.cli.runner.CliConsoleListener.onCommandFinished: Assert that "Katılma isteği" is visible COMPLETED
00:40:31.937 [ INFO] maestro.cli.runner.CliConsoleListener.onCommandStart: Tap on id: join-accept RUNNING
00:40:32.102 [ INFO] maestro.Maestro.tap-HgV9Ck0: Tapping on element:  UiElement(treeNode=TreeNode(attributes={text=, accessibilityText=Kabul, hintText=, ignoreBoundsFiltering=false, resource-id=join-accept, clickable=true, bounds=[165,502][296,550], enabled=true, focused=false, checked=false, scrollable=false, selected=false, class=android.widget.Button, important-for-accessibility=true, error=}, children=[TreeNode(attributes={text=, accessibilityText=, hintText=, ignoreBoundsFiltering=false, resource-id=, clickable=false, bounds=[165,502][296,550], enabled=true, focused=false, checked=false, scrollable=false, selected=false, class=android.view.ViewGroup, important-for-accessibility=false, error=}, children=[], clickable=false, enabled=true, focused=false, checked=false, selected=false), TreeNode(attributes={text=Kabul, accessibilityText=, hintText=, ignoreBoundsFiltering=false, resource-id=, clickable=false, bounds=[209,516][253,536], enabled=true, focused=false, checked=false, scrollable=false, selected=false, class=android.widget.TextView, important-for-accessibility=true, error=}, children=[], clickable=false, enabled=true, focused=false, checked=false, selected=false)], clickable=true, enabled=true, focused=false, checked=false, selected=false), bounds=Bounds(x=165, y=502, width=131, height=48))
00:40:33.289 [ INFO] maestro.Maestro.tap-HgV9Ck0: Tap aimed via settled hierarchy
00:40:33.289 [ INFO] maestro.Maestro.hierarchyBasedTap-ogj28Uc: Tapping at (230, 526) using hierarchy based logic for wait
00:40:34.201 [ INFO] maestro.Maestro.hierarchyBasedTap-ogj28Uc: Something has changed in the UI judging by view hierarchy. Proceed.
00:40:34.201 [ INFO] maestro.cli.runner.CliConsoleListener.onCommandFinished: Tap on id: join-accept COMPLETED
00:40:34.202 [ INFO] maestro.cli.runner.CliConsoleListener.onCommandStart: Assert that id: propose-tabu is visible RUNNING
00:40:34.306 [ INFO] maestro.cli.runner.CliConsoleListener.onCommandFinished: Assert that id: propose-tabu is visible COMPLETED
00:40:34.306 [ INFO] maestro.cli.runner.CliConsoleListener.onCommandStart: Tap on id: propose-tabu RUNNING
00:40:34.406 [ INFO] maestro.Maestro.tap-HgV9Ck0: Tapping on element:  UiElement(treeNode=TreeNode(attributes={text=, accessibilityText=Sesli Tabu öner, hintText=, ignoreBoundsFiltering=false, resource-id=propose-tabu, clickable=true, bounds=[34,195][155,307], enabled=true, focused=false, checked=false, scrollable=false, selected=false, class=android.widget.Button, important-for-accessibility=true, error=}, children=[TreeNode(attributes={text=, accessibilityText=, hintText=, ignoreBoundsFiltering=false, resource-id=, clickable=false, bounds=[34,195][155,283], enabled=true, focused=false, checked=false, scrollable=false, selected=false, class=android.view.ViewGroup, important-for-accessibility=false, error=}, children=[], clickable=false, enabled=true, focused=false, checked=false, selected=false), TreeNode(attributes={text=, accessibilityText=, hintText=, ignoreBoundsFiltering=false, resource-id=, clickable=false, bounds=[48,209][141,235], enabled=true, focused=false, checked=false, scrollable=false, selected=false, class=android.widget.TextView, important-for-accessibility=true, error=}, children=[], clickable=false, enabled=true, focused=false, checked=false, selected=false), TreeNode(attributes={text=Sesli Tabu, accessibilityText=, hintText=, ignoreBoundsFiltering=false, resource-id=, clickable=false, bounds=[48,245][141,269], enabled=true, focused=false, checked=false, scrollable=false, selected=false, class=android.widget.TextView, important-for-accessibility=true, error=}, children=[], clickable=false, enabled=true, focused=false, checked=false, selected=false)], clickable=true, enabled=true, focused=false, checked=false, selected=false), bounds=Bounds(x=34, y=195, width=121, height=112))
00:40:35.617 [ INFO] maestro.Maestro.tap-HgV9Ck0: Tap aimed via settled hierarchy
00:40:35.618 [ INFO] maestro.Maestro.hierarchyBasedTap-ogj28Uc: Tapping at (94, 251) using hierarchy based logic for wait
00:40:37.381 [ INFO] maestro.Maestro.hierarchyBasedTap-ogj28Uc: Something has changed in the UI judging by view hierarchy. Proceed.
00:40:37.381 [ INFO] maestro.cli.runner.CliConsoleListener.onCommandFinished: Tap on id: propose-tabu COMPLETED
00:40:37.381 [ INFO] maestro.cli.runner.CliConsoleListener.onCommandStart: Run ../scripts/bot.js RUNNING
00:40:37.436 [ INFO] maestro.cli.runner.CliConsoleListener.onCommandFinished: Run ../scripts/bot.js COMPLETED
00:40:37.436 [ INFO] maestro.cli.runner.CliConsoleListener.onCommandStart: Assert that "Kartı görmek için dokun" is visible RUNNING
00:40:38.343 [ INFO] maestro.cli.runner.CliConsoleListener.onCommandFinished: Assert that "Kartı görmek için dokun" is visible COMPLETED
00:40:38.343 [ INFO] maestro.cli.runner.CliConsoleListener.onCommandStart: Run ../scripts/bot.js RUNNING
00:40:38.386 [ INFO] maestro.cli.runner.CliConsoleListener.onCommandFinished: Run ../scripts/bot.js COMPLETED
00:40:38.386 [ INFO] maestro.cli.runner.CliConsoleListener.onCommandStart: Assert that "Tanışalım mı\?" is visible RUNNING
00:40:39.338 [ INFO] maestro.cli.runner.CliConsoleListener.onCommandFinished: Assert that "Tanışalım mı\?" is visible COMPLETED
00:40:39.338 [ INFO] maestro.cli.runner.CliConsoleListener.onCommandStart: Assert that "Bir şeyler ters gitti" is not visible RUNNING
00:40:40.457 [ INFO] maestro.cli.runner.CliConsoleListener.onCommandFinished: Assert that "Bir şeyler ters gitti" is not visible COMPLETED
00:40:40.457 [ INFO] maestro.cli.runner.CliConsoleListener.onCommandStart: Take screenshot 28-ended-by-bot RUNNING
00:40:40.458 [ INFO] maestro.Maestro.takeScreenshot: Taking screenshot
00:40:40.458 [TRACE] maestro.utils.ScreenshotUtils.takeScreenshot: Taking screenshot to output sink
00:40:40.477 [ INFO] maestro.cli.runner.CliConsoleListener.onCommandFinished: Take screenshot 28-ended-by-bot COMPLETED
00:40:40.477 [ INFO] maestro.cli.runner.CliConsoleListener.onCommandStart: Tap on id: reveal-no RUNNING
00:40:40.575 [ INFO] maestro.Maestro.tap-HgV9Ck0: Tapping on element:  UiElement(treeNode=TreeNode(attributes={text=, accessibilityText=Hayır, hintText=, ignoreBoundsFiltering=false, resource-id=reveal-no, clickable=true, bounds=[37,313][155,361], enabled=true, focused=false, checked=false, scrollable=false, selected=false, class=android.widget.Button, important-for-accessibility=true, error=}, children=[TreeNode(attributes={text=, accessibilityText=, hintText=, ignoreBoundsFiltering=false, resource-id=, clickable=false, bounds=[37,313][155,361], enabled=true, focused=false, checked=false, scrollable=false, selected=false, class=android.view.ViewGroup, important-for-accessibility=false, error=}, children=[], clickable=false, enabled=true, focused=false, checked=false, selected=false), TreeNode(attributes={text=Hayır, accessibilityText=, hintText=, ignoreBoundsFiltering=false, resource-id=, clickable=false, bounds=[76,327][116,347], enabled=true, focused=false, checked=false, scrollable=false, selected=false, class=android.widget.TextView, important-for-accessibility=true, error=}, children=[], clickable=false, enabled=true, focused=false, checked=false, selected=false)], clickable=true, enabled=true, focused=false, checked=false, selected=false), bounds=Bounds(x=37, y=313, width=118, height=48))
00:40:42.569 [ INFO] maestro.Maestro.tap-HgV9Ck0: Tap aimed via settled hierarchy
00:40:42.570 [ INFO] maestro.Maestro.hierarchyBasedTap-ogj28Uc: Tapping at (96, 337) using hierarchy based logic for wait
00:40:43.493 [ INFO] maestro.Maestro.hierarchyBasedTap-ogj28Uc: Something has changed in the UI judging by view hierarchy. Proceed.
00:40:43.493 [ INFO] maestro.cli.runner.CliConsoleListener.onCommandFinished: Tap on id: reveal-no COMPLETED
00:40:43.493 [ INFO] maestro.cli.runner.CliConsoleListener.onCommandStart: Assert that "Güzel oyundu.*" is visible RUNNING
00:40:43.590 [ INFO] maestro.cli.runner.CliConsoleListener.onCommandFinished: Assert that "Güzel oyundu.*" is visible COMPLETED
00:40:43.590 [ INFO] maestro.cli.runner.CliConsoleListener.onCommandStart: Run ../scripts/bot.js RUNNING
00:40:43.647 [ INFO] maestro.cli.runner.CliConsoleListener.onCommandFinished: Run ../scripts/bot.js COMPLETED
00:40:43.648 [ INFO] maestro.cli.runner.CliConsoleListener.onCommandStart: Assert that "Bir şeyler ters gitti" is not visible RUNNING
00:40:44.289 [ INFO] maestro.cli.runner.CliConsoleListener.onCommandFinished: Assert that "Bir şeyler ters gitti" is not visible COMPLETED
00:40:44.289 [ INFO] maestro.cli.runner.CliConsoleListener.onCommandStart: Take screenshot 29-good-game RUNNING
00:40:44.290 [ INFO] maestro.Maestro.takeScreenshot: Taking screenshot
00:40:44.290 [TRACE] maestro.utils.ScreenshotUtils.takeScreenshot: Taking screenshot to output sink
00:40:44.343 [ INFO] maestro.cli.runner.CliConsoleListener.onCommandFinished: Take screenshot 29-good-game COMPLETED
00:40:44.343 [ INFO] maestro.cli.runner.CliConsoleListener.onCommandStart: Tap on "Mekana dön" RUNNING
00:40:44.397 [ INFO] maestro.Maestro.tap-HgV9Ck0: Tapping on element:  UiElement(treeNode=TreeNode(attributes={text=Mekana dön, accessibilityText=, hintText=, ignoreBoundsFiltering=false, resource-id=, clickable=false, bounds=[115,229][206,249], enabled=true, focused=false, checked=false, scrollable=false, selected=false, class=android.widget.TextView, important-for-accessibility=true, error=}, children=[], clickable=false, enabled=true, focused=false, checked=false, selected=false), bounds=Bounds(x=115, y=229, width=91, height=20))
00:40:45.605 [ INFO] maestro.Maestro.tap-HgV9Ck0: Tap aimed via settled hierarchy
00:40:45.605 [ INFO] maestro.Maestro.hierarchyBasedTap-ogj28Uc: Tapping at (160, 239) using hierarchy based logic for wait
00:40:46.662 [ INFO] maestro.Maestro.hierarchyBasedTap-ogj28Uc: Something has changed in the UI judging by view hierarchy. Proceed.
00:40:46.662 [ INFO] maestro.cli.runner.CliConsoleListener.onCommandFinished: Tap on "Mekana dön" COMPLETED
00:40:46.662 [ INFO] maestro.cli.runner.CliConsoleListener.onCommandStart: Assert that "Oda kur" is visible RUNNING
00:40:46.813 [ INFO] maestro.cli.runner.CliConsoleListener.onCommandFinished: Assert that "Oda kur" is visible COMPLETED
00:40:46.813 [ INFO] maestro.cli.runner.CliConsoleListener.onCommandStart: Tap on id: play-with-table RUNNING
00:40:46.918 [ INFO] maestro.Maestro.tap-HgV9Ck0: Tapping on element:  UiElement(treeNode=TreeNode(attributes={text=, accessibilityText=Masanla oyna, hintText=, ignoreBoundsFiltering=false, resource-id=play-with-table, clickable=true, bounds=[166,417][300,465], enabled=true, focused=false, checked=false, scrollable=false, selected=false, class=android.widget.Button, important-for-accessibility=true, error=}, children=[TreeNode(attributes={text=, accessibilityText=, hintText=, ignoreBoundsFiltering=false, resource-id=, clickable=false, bounds=[166,417][300,465], enabled=true, focused=false, checked=false, scrollable=false, selected=false, class=android.view.ViewGroup, important-for-accessibility=false, error=}, children=[], clickable=false, enabled=true, focused=false, checked=false, selected=false), TreeNode(attributes={text=Masanla oyna, accessibilityText=, hintText=, ignoreBoundsFiltering=false, resource-id=, clickable=false, bounds=[182,431][285,451], enabled=true, focused=false, checked=false, scrollable=false, selected=false, class=android.widget.TextView, important-for-accessibility=true, error=}, children=[], clickable=false, enabled=true, focused=false, checked=false, selected=false)], clickable=true, enabled=true, focused=false, checked=false, selected=false), bounds=Bounds(x=166, y=417, width=134, height=48))
00:40:48.183 [ INFO] maestro.Maestro.tap-HgV9Ck0: Tap aimed via settled hierarchy
00:40:48.183 [ INFO] maestro.Maestro.hierarchyBasedTap-ogj28Uc: Tapping at (233, 441) using hierarchy based logic for wait
00:40:49.521 [ INFO] maestro.Maestro.hierarchyBasedTap-ogj28Uc: Something has changed in the UI judging by view hierarchy. Proceed.
00:40:49.522 [ INFO] maestro.cli.runner.CliConsoleListener.onCommandFinished: Tap on id: play-with-table COMPLETED
00:40:49.522 [ INFO] maestro.cli.runner.CliConsoleListener.onCommandStart: Assert that id: solo-tabu is visible RUNNING
00:40:49.618 [ INFO] maestro.cli.runner.CliConsoleListener.onCommandFinished: Assert that id: solo-tabu is visible COMPLETED
00:40:49.618 [ INFO] maestro.cli.runner.CliConsoleListener.onCommandStart: Take screenshot 29b-solo-room RUNNING
00:40:49.618 [ INFO] maestro.Maestro.takeScreenshot: Taking screenshot
00:40:49.618 [TRACE] maestro.utils.ScreenshotUtils.takeScreenshot: Taking screenshot to output sink
00:40:49.671 [ INFO] maestro.cli.runner.CliConsoleListener.onCommandFinished: Take screenshot 29b-solo-room COMPLETED
00:40:49.671 [ INFO] maestro.cli.runner.CliConsoleListener.onCommandStart: Tap on id: solo-tabu RUNNING
00:40:49.730 [ INFO] maestro.Maestro.tap-HgV9Ck0: Tapping on element:  UiElement(treeNode=TreeNode(attributes={text=, accessibilityText=Sesli Tabu başlat, hintText=, ignoreBoundsFiltering=false, resource-id=solo-tabu, clickable=true, bounds=[32,211][288,259], enabled=true, focused=false, checked=false, scrollable=false, selected=false, class=android.widget.Button, important-for-accessibility=true, error=}, children=[TreeNode(attributes={text=, accessibilityText=, hintText=, ignoreBoundsFiltering=false, resource-id=, clickable=false, bounds=[32,211][288,259], enabled=true, focused=false, checked=false, scrollable=false, selected=false, class=android.view.ViewGroup, important-for-accessibility=false, error=}, children=[], clickable=false, enabled=true, focused=false, checked=false, selected=false), TreeNode(attributes={text=Sesli Tabu başlat, accessibilityText=, hintText=, ignoreBoundsFiltering=false, resource-id=, clickable=false, bounds=[97,225][224,245], enabled=true, focused=false, checked=false, scrollable=false, selected=false, class=android.widget.TextView, important-for-accessibility=true, error=}, children=[], clickable=false, enabled=true, focused=false, checked=false, selected=false)], clickable=true, enabled=true, focused=false, checked=false, selected=false), bounds=Bounds(x=32, y=211, width=256, height=48))
00:40:50.956 [ INFO] maestro.Maestro.tap-HgV9Ck0: Tap aimed via settled hierarchy
00:40:50.956 [ INFO] maestro.Maestro.hierarchyBasedTap-ogj28Uc: Tapping at (160, 235) using hierarchy based logic for wait
00:40:51.965 [ INFO] maestro.Maestro.hierarchyBasedTap-ogj28Uc: Something has changed in the UI judging by view hierarchy. Proceed.
00:40:51.965 [ INFO] maestro.cli.runner.CliConsoleListener.onCommandFinished: Tap on id: solo-tabu COMPLETED
00:40:51.966 [ INFO] maestro.cli.runner.CliConsoleListener.onCommandStart: Assert that "Takım . başlasın" is visible RUNNING
00:40:52.066 [ INFO] maestro.cli.runner.CliConsoleListener.onCommandFinished: Assert that "Takım . başlasın" is visible COMPLETED
00:40:52.066 [ INFO] maestro.cli.runner.CliConsoleListener.onCommandStart: Take screenshot 29c-solo-tabu RUNNING
00:40:52.066 [ INFO] maestro.Maestro.takeScreenshot: Taking screenshot
00:40:52.066 [TRACE] maestro.utils.ScreenshotUtils.takeScreenshot: Taking screenshot to output sink
00:40:52.119 [ INFO] maestro.cli.runner.CliConsoleListener.onCommandFinished: Take screenshot 29c-solo-tabu COMPLETED
00:40:52.119 [ INFO] maestro.cli.runner.CliConsoleListener.onCommandStart: Scrolling DOWN until id: end-game is visible with speed 40, visibility percentage 100%, timeout 10000 ms, with centering disabled RUNNING
00:40:52.238 [ INFO] maestro.orchestra.Orchestra.scrollUntilVisible: Scrolling try count: 0, DeviceWidth: 320, DeviceWidth: 640
00:40:52.238 [ INFO] maestro.orchestra.Orchestra.scrollUntilVisible: Element bounds: Bounds(x=16, y=419, width=288, height=48)
00:40:52.238 [ INFO] maestro.orchestra.Orchestra.scrollUntilVisible: Visibility Percent: 1.0
00:40:52.238 [ INFO] maestro.orchestra.Orchestra.scrollUntilVisible: Command centerElement: ScrollUntilVisibleCommand(selector=ElementSelector(textRegex=null, idRegex=end-game, size=null, below=null, above=null, leftOf=null, rightOf=null, containsChild=null, containsDescendants=null, traits=null, index=null, enabled=null, optional=false, selected=null, checked=null, focused=null, childOf=null, css=null), direction=DOWN, scrollDuration=601, visibilityPercentage=100, timeout=10000, waitToSettleTimeoutMs=null, centerElement=false, originalSpeedValue=40, label=null, optional=false).centerElement
00:40:52.238 [ INFO] maestro.orchestra.Orchestra.scrollUntilVisible: visibilityPercentageNormalized: 1.0
00:40:52.238 [ INFO] maestro.cli.runner.CliConsoleListener.onCommandFinished: Scrolling DOWN until id: end-game is visible with speed 40, visibility percentage 100%, timeout 10000 ms, with centering disabled COMPLETED
00:40:52.238 [ INFO] maestro.cli.runner.CliConsoleListener.onCommandStart: Tap on id: end-game RUNNING
00:40:52.338 [ INFO] maestro.Maestro.tap-HgV9Ck0: Tapping on element:  UiElement(treeNode=TreeNode(attributes={text=, accessibilityText=Oyunu bitir, hintText=, ignoreBoundsFiltering=false, resource-id=end-game, clickable=true, bounds=[16,419][304,467], enabled=true, focused=false, checked=false, scrollable=false, selected=false, class=android.widget.Button, important-for-accessibility=true, error=}, children=[TreeNode(attributes={text=, accessibilityText=, hintText=, ignoreBoundsFiltering=false, resource-id=, clickable=false, bounds=[16,419][304,467], enabled=true, focused=false, checked=false, scrollable=false, selected=false, class=android.view.ViewGroup, important-for-accessibility=false, error=}, children=[], clickable=false, enabled=true, focused=false, checked=false, selected=false), TreeNode(attributes={text=Oyunu bitir, accessibilityText=, hintText=, ignoreBoundsFiltering=false, resource-id=, clickable=false, bounds=[118,433][202,453], enabled=true, focused=false, checked=false, scrollable=false, selected=false, class=android.widget.TextView, important-for-accessibility=true, error=}, children=[], clickable=false, enabled=true, focused=false, checked=false, selected=false)], clickable=true, enabled=true, focused=false, checked=false, selected=false), bounds=Bounds(x=16, y=419, width=288, height=48))
00:40:53.549 [ INFO] maestro.Maestro.tap-HgV9Ck0: Tap aimed via settled hierarchy
00:40:53.550 [ INFO] maestro.Maestro.hierarchyBasedTap-ogj28Uc: Tapping at (160, 443) using hierarchy based logic for wait
00:40:54.441 [ INFO] maestro.Maestro.hierarchyBasedTap-ogj28Uc: Something has changed in the UI judging by view hierarchy. Proceed.
00:40:54.442 [ INFO] maestro.cli.runner.CliConsoleListener.onCommandFinished: Tap on id: end-game COMPLETED
00:40:54.442 [ INFO] maestro.cli.runner.CliConsoleListener.onCommandStart: Scrolling UP until id: solo-sohbet is visible with speed 40, visibility percentage 100%, timeout 15000 ms, with centering disabled RUNNING
00:40:54.499 [ INFO] maestro.orchestra.Orchestra.scrollUntilVisible: Scrolling try count: 0, DeviceWidth: 320, DeviceWidth: 640
00:40:54.499 [ INFO] maestro.orchestra.Orchestra.scrollUntilVisible: Element bounds: Bounds(x=32, y=321, width=256, height=48)
00:40:54.500 [ INFO] maestro.orchestra.Orchestra.scrollUntilVisible: Visibility Percent: 1.0
00:40:54.500 [ INFO] maestro.orchestra.Orchestra.scrollUntilVisible: Command centerElement: ScrollUntilVisibleCommand(selector=ElementSelector(textRegex=null, idRegex=solo-sohbet, size=null, below=null, above=null, leftOf=null, rightOf=null, containsChild=null, containsDescendants=null, traits=null, index=null, enabled=null, optional=false, selected=null, checked=null, focused=null, childOf=null, css=null), direction=UP, scrollDuration=601, visibilityPercentage=100, timeout=15000, waitToSettleTimeoutMs=null, centerElement=false, originalSpeedValue=40, label=null, optional=false).centerElement
00:40:54.500 [ INFO] maestro.orchestra.Orchestra.scrollUntilVisible: visibilityPercentageNormalized: 1.0
00:40:54.500 [ INFO] maestro.cli.runner.CliConsoleListener.onCommandFinished: Scrolling UP until id: solo-sohbet is visible with speed 40, visibility percentage 100%, timeout 15000 ms, with centering disabled COMPLETED
00:40:54.500 [ INFO] maestro.cli.runner.CliConsoleListener.onCommandStart: Scrolling DOWN until id: end-room is visible with speed 40, visibility percentage 100%, timeout 10000 ms, with centering disabled RUNNING
00:40:54.598 [ INFO] maestro.orchestra.Orchestra.scrollUntilVisible: Scrolling try count: 0, DeviceWidth: 320, DeviceWidth: 640
00:40:54.598 [ INFO] maestro.orchestra.Orchestra.scrollUntilVisible: Element bounds: Bounds(x=185, y=30, width=79, height=48)
00:40:54.598 [ INFO] maestro.orchestra.Orchestra.scrollUntilVisible: Visibility Percent: 1.0
00:40:54.598 [ INFO] maestro.orchestra.Orchestra.scrollUntilVisible: Command centerElement: ScrollUntilVisibleCommand(selector=ElementSelector(textRegex=null, idRegex=end-room, size=null, below=null, above=null, leftOf=null, rightOf=null, containsChild=null, containsDescendants=null, traits=null, index=null, enabled=null, optional=false, selected=null, checked=null, focused=null, childOf=null, css=null), direction=DOWN, scrollDuration=601, visibilityPercentage=100, timeout=10000, waitToSettleTimeoutMs=null, centerElement=false, originalSpeedValue=40, label=null, optional=false).centerElement
00:40:54.598 [ INFO] maestro.orchestra.Orchestra.scrollUntilVisible: visibilityPercentageNormalized: 1.0
00:40:54.598 [ INFO] maestro.cli.runner.CliConsoleListener.onCommandFinished: Scrolling DOWN until id: end-room is visible with speed 40, visibility percentage 100%, timeout 10000 ms, with centering disabled COMPLETED
00:40:54.598 [ INFO] maestro.cli.runner.CliConsoleListener.onCommandStart: Tap on id: end-room RUNNING
00:40:54.694 [ INFO] maestro.Maestro.tap-HgV9Ck0: Tapping on element:  UiElement(treeNode=TreeNode(attributes={text=, accessibilityText=Odayı bitir, hintText=, ignoreBoundsFiltering=false, resource-id=end-room, clickable=true, bounds=[185,30][264,78], enabled=true, focused=false, checked=false, scrollable=false, selected=false, class=android.widget.Button, important-for-accessibility=true, error=}, children=[TreeNode(attributes={text=, accessibilityText=, hintText=, ignoreBoundsFiltering=false, resource-id=, clickable=false, bounds=[185,30][264,78], enabled=true, focused=false, checked=false, scrollable=false, selected=false, class=android.view.ViewGroup, important-for-accessibility=false, error=}, children=[], clickable=false, enabled=true, focused=false, checked=false, selected=false), TreeNode(attributes={text=Odayı bitir, accessibilityText=, hintText=, ignoreBoundsFiltering=false, resource-id=, clickable=false, bounds=[185,44][264,64], enabled=true, focused=false, checked=false, scrollable=false, selected=false, class=android.widget.TextView, important-for-accessibility=true, error=}, children=[], clickable=false, enabled=true, focused=false, checked=false, selected=false)], clickable=true, enabled=true, focused=false, checked=false, selected=false), bounds=Bounds(x=185, y=30, width=79, height=48))
00:40:55.909 [ INFO] maestro.Maestro.tap-HgV9Ck0: Tap aimed via settled hierarchy
00:40:55.910 [ INFO] maestro.Maestro.hierarchyBasedTap-ogj28Uc: Tapping at (224, 54) using hierarchy based logic for wait
00:40:56.982 [ INFO] maestro.Maestro.hierarchyBasedTap-ogj28Uc: Something has changed in the UI judging by view hierarchy. Proceed.
00:40:56.983 [ INFO] maestro.cli.runner.CliConsoleListener.onCommandFinished: Tap on id: end-room COMPLETED
00:40:56.983 [ INFO] maestro.cli.runner.CliConsoleListener.onCommandStart: Assert that "Oda kur" is visible RUNNING
00:40:57.096 [ INFO] maestro.cli.runner.CliConsoleListener.onCommandFinished: Assert that "Oda kur" is visible COMPLETED
00:40:57.096 [ INFO] maestro.cli.runner.CliConsoleListener.onCommandFinished: Run flows/06-white-screen.yaml COMPLETED
00:40:57.096 [ INFO] maestro.cli.runner.CliConsoleListener.onCommandStart: Run flows/06b-tabu-coop.yaml RUNNING
00:40:57.096 [ INFO] maestro.cli.runner.CliConsoleListener.onCommandStart: Apply configuration RUNNING
00:40:57.096 [ INFO] maestro.cli.runner.CliConsoleListener.onCommandFinished: Apply configuration COMPLETED
00:40:57.096 [ INFO] maestro.cli.runner.CliConsoleListener.onCommandStart: Run ../scripts/bot.js RUNNING
00:40:57.137 [ INFO] maestro.cli.runner.CliConsoleListener.onCommandFinished: Run ../scripts/bot.js COMPLETED
00:40:57.137 [ INFO] maestro.cli.runner.CliConsoleListener.onCommandStart: Run ../scripts/bot.js RUNNING
00:40:57.185 [ INFO] maestro.cli.runner.CliConsoleListener.onCommandFinished: Run ../scripts/bot.js COMPLETED
00:40:57.185 [ INFO] maestro.cli.runner.CliConsoleListener.onCommandStart: Tap on id: tab-venue RUNNING
00:40:57.259 [ INFO] maestro.Maestro.tap-HgV9Ck0: Tapping on element:  UiElement(treeNode=TreeNode(attributes={text=, accessibilityText=Mekan, hintText=, ignoreBoundsFiltering=false, resource-id=tab-venue, clickable=true, bounds=[133,568][187,632], enabled=true, focused=false, checked=false, scrollable=false, selected=true, class=android.view.View, important-for-accessibility=true, error=}, children=[TreeNode(attributes={text=, accessibilityText=, hintText=, ignoreBoundsFiltering=false, resource-id=, clickable=false, bounds=[140,572][180,612], enabled=true, focused=false, checked=false, scrollable=false, selected=false, class=android.view.ViewGroup, important-for-accessibility=false, error=}, children=[], clickable=false, enabled=true, focused=false, checked=false, selected=false), TreeNode(attributes={text=, accessibilityText=, hintText=, ignoreBoundsFiltering=false, resource-id=, clickable=false, bounds=[150,583][170,601], enabled=true, focused=false, checked=false, scrollable=false, selected=false, class=android.widget.ImageView, important-for-accessibility=false, error=}, children=[], clickable=false, enabled=true, focused=false, checked=false, selected=false), TreeNode(attributes={text=Mekan, accessibilityText=, hintText=, ignoreBoundsFiltering=false, resource-id=, clickable=false, bounds=[141,612][178,628], enabled=true, focused=false, checked=false, scrollable=false, selected=false, class=android.widget.TextView, important-for-accessibility=true, error=}, children=[], clickable=false, enabled=true, focused=false, checked=false, selected=false)], clickable=true, enabled=true, focused=false, checked=false, selected=true), bounds=Bounds(x=133, y=568, width=54, height=64))
00:40:58.487 [ INFO] maestro.Maestro.tap-HgV9Ck0: Tap aimed via settled hierarchy
00:40:58.487 [ INFO] maestro.Maestro.hierarchyBasedTap-ogj28Uc: Tapping at (160, 600) using hierarchy based logic for wait
00:40:58.855 [ INFO] maestro.cli.runner.CliConsoleListener.onCommandFinished: Tap on id: tab-venue COMPLETED
00:40:58.855 [ INFO] maestro.cli.runner.CliConsoleListener.onCommandStart: Assert that "Oda kur" is visible RUNNING
00:40:58.967 [ INFO] maestro.cli.runner.CliConsoleListener.onCommandFinished: Assert that "Oda kur" is visible COMPLETED
00:40:58.967 [ INFO] maestro.cli.runner.CliConsoleListener.onCommandStart: Tap on "Oda kur" RUNNING
00:40:59.077 [ INFO] maestro.Maestro.tap-HgV9Ck0: Tapping on element:  UiElement(treeNode=TreeNode(attributes={text=Oda kur, accessibilityText=, hintText=, ignoreBoundsFiltering=false, resource-id=, clickable=false, bounds=[57,431][117,451], enabled=true, focused=false, checked=false, scrollable=false, selected=false, class=android.widget.TextView, important-for-accessibility=true, error=}, children=[], clickable=false, enabled=true, focused=false, checked=false, selected=false), bounds=Bounds(x=57, y=431, width=60, height=20))
00:41:01.143 [ INFO] maestro.Maestro.tap-HgV9Ck0: Tap aimed via settled hierarchy
00:41:01.144 [ INFO] maestro.Maestro.hierarchyBasedTap-ogj28Uc: Tapping at (87, 441) using hierarchy based logic for wait
00:41:02.478 [ INFO] maestro.Maestro.hierarchyBasedTap-ogj28Uc: Something has changed in the UI judging by view hierarchy. Proceed.
00:41:02.478 [ INFO] maestro.cli.runner.CliConsoleListener.onCommandFinished: Tap on "Oda kur" COMPLETED
00:41:02.478 [ INFO] maestro.cli.runner.CliConsoleListener.onCommandStart: Assert that id: intent-none is visible RUNNING
00:41:02.578 [ INFO] maestro.cli.runner.CliConsoleListener.onCommandFinished: Assert that id: intent-none is visible COMPLETED
00:41:02.578 [ INFO] maestro.cli.runner.CliConsoleListener.onCommandStart: Scrolling DOWN until "Odayı kur" is visible with speed 40, visibility percentage 100%, timeout 10000 ms, with centering disabled RUNNING
00:41:02.678 [ INFO] maestro.orchestra.Orchestra.scrollUntilVisible: Scrolling try count: 0, DeviceWidth: 320, DeviceWidth: 640
00:41:02.678 [ INFO] maestro.orchestra.Orchestra.scrollUntilVisible: Element bounds: Bounds(x=120, y=565, width=81, height=22)
00:41:02.678 [ INFO] maestro.orchestra.Orchestra.scrollUntilVisible: Visibility Percent: 1.0
00:41:02.678 [ INFO] maestro.orchestra.Orchestra.scrollUntilVisible: Command centerElement: ScrollUntilVisibleCommand(selector=ElementSelector(textRegex=Odayı kur, idRegex=null, size=null, below=null, above=null, leftOf=null, rightOf=null, containsChild=null, containsDescendants=null, traits=null, index=null, enabled=null, optional=false, selected=null, checked=null, focused=null, childOf=null, css=null), direction=DOWN, scrollDuration=601, visibilityPercentage=100, timeout=10000, waitToSettleTimeoutMs=null, centerElement=false, originalSpeedValue=40, label=null, optional=false).centerElement
00:41:02.678 [ INFO] maestro.orchestra.Orchestra.scrollUntilVisible: visibilityPercentageNormalized: 1.0
00:41:02.678 [ INFO] maestro.cli.runner.CliConsoleListener.onCommandFinished: Scrolling DOWN until "Odayı kur" is visible with speed 40, visibility percentage 100%, timeout 10000 ms, with centering disabled COMPLETED
00:41:02.678 [ INFO] maestro.cli.runner.CliConsoleListener.onCommandStart: Tap on "Odayı kur" RUNNING
00:41:02.778 [ INFO] maestro.Maestro.tap-HgV9Ck0: Tapping on element:  UiElement(treeNode=TreeNode(attributes={text=Odayı kur, accessibilityText=, hintText=, ignoreBoundsFiltering=false, resource-id=, clickable=false, bounds=[120,565][201,587], enabled=true, focused=false, checked=false, scrollable=false, selected=false, class=android.widget.TextView, important-for-accessibility=true, error=}, children=[], clickable=false, enabled=true, focused=false, checked=false, selected=false), bounds=Bounds(x=120, y=565, width=81, height=22))
00:41:03.990 [ INFO] maestro.Maestro.tap-HgV9Ck0: Tap aimed via settled hierarchy
00:41:03.990 [ INFO] maestro.Maestro.hierarchyBasedTap-ogj28Uc: Tapping at (160, 576) using hierarchy based logic for wait
00:41:05.110 [ INFO] maestro.Maestro.hierarchyBasedTap-ogj28Uc: Something has changed in the UI judging by view hierarchy. Proceed.
00:41:05.110 [ INFO] maestro.cli.runner.CliConsoleListener.onCommandFinished: Tap on "Odayı kur" COMPLETED
00:41:05.110 [ INFO] maestro.cli.runner.CliConsoleListener.onCommandStart: Assert that id: solo-tabu is visible RUNNING
00:41:05.250 [ INFO] maestro.cli.runner.CliConsoleListener.onCommandFinished: Assert that id: solo-tabu is visible COMPLETED
00:41:05.250 [ INFO] maestro.cli.runner.CliConsoleListener.onCommandStart: Run ../scripts/bot.js RUNNING
00:41:08.863 [ INFO] maestro.cli.runner.CliConsoleListener.onCommandFinished: Run ../scripts/bot.js COMPLETED
00:41:08.863 [ INFO] maestro.cli.runner.CliConsoleListener.onCommandStart: Assert that "Katılma isteği" is visible RUNNING
00:41:09.570 [ INFO] maestro.cli.runner.CliConsoleListener.onCommandFinished: Assert that "Katılma isteği" is visible COMPLETED
00:41:09.570 [ INFO] maestro.cli.runner.CliConsoleListener.onCommandStart: Tap on id: join-accept RUNNING
00:41:10.070 [ INFO] maestro.Maestro.tap-HgV9Ck0: Tapping on element:  UiElement(treeNode=TreeNode(attributes={text=, accessibilityText=Kabul, hintText=, ignoreBoundsFiltering=false, resource-id=join-accept, clickable=true, bounds=[165,502][296,550], enabled=true, focused=false, checked=false, scrollable=false, selected=false, class=android.widget.Button, important-for-accessibility=true, error=}, children=[TreeNode(attributes={text=, accessibilityText=, hintText=, ignoreBoundsFiltering=false, resource-id=, clickable=false, bounds=[165,502][296,550], enabled=true, focused=false, checked=false, scrollable=false, selected=false, class=android.view.ViewGroup, important-for-accessibility=false, error=}, children=[], clickable=false, enabled=true, focused=false, checked=false, selected=false), TreeNode(attributes={text=Kabul, accessibilityText=, hintText=, ignoreBoundsFiltering=false, resource-id=, clickable=false, bounds=[209,516][253,536], enabled=true, focused=false, checked=false, scrollable=false, selected=false, class=android.widget.TextView, important-for-accessibility=true, error=}, children=[], clickable=false, enabled=true, focused=false, checked=false, selected=false)], clickable=true, enabled=true, focused=false, checked=false, selected=false), bounds=Bounds(x=165, y=502, width=131, height=48))
00:41:11.341 [ INFO] maestro.Maestro.tap-HgV9Ck0: Tap aimed via settled hierarchy
00:41:11.342 [ INFO] maestro.Maestro.hierarchyBasedTap-ogj28Uc: Tapping at (230, 526) using hierarchy based logic for wait
00:41:12.274 [ INFO] maestro.Maestro.hierarchyBasedTap-ogj28Uc: Something has changed in the UI judging by view hierarchy. Proceed.
00:41:12.274 [ INFO] maestro.cli.runner.CliConsoleListener.onCommandFinished: Tap on id: join-accept COMPLETED
00:41:12.274 [ INFO] maestro.cli.runner.CliConsoleListener.onCommandStart: Assert that id: propose-tabu is visible RUNNING
00:41:12.374 [ INFO] maestro.cli.runner.CliConsoleListener.onCommandFinished: Assert that id: propose-tabu is visible COMPLETED
00:41:12.374 [ INFO] maestro.cli.runner.CliConsoleListener.onCommandStart: Tap on id: propose-tabu RUNNING
00:41:12.474 [ INFO] maestro.Maestro.tap-HgV9Ck0: Tapping on element:  UiElement(treeNode=TreeNode(attributes={text=, accessibilityText=Sesli Tabu öner, hintText=, ignoreBoundsFiltering=false, resource-id=propose-tabu, clickable=true, bounds=[34,195][155,307], enabled=true, focused=false, checked=false, scrollable=false, selected=false, class=android.widget.Button, important-for-accessibility=true, error=}, children=[TreeNode(attributes={text=, accessibilityText=, hintText=, ignoreBoundsFiltering=false, resource-id=, clickable=false, bounds=[34,195][155,283], enabled=true, focused=false, checked=false, scrollable=false, selected=false, class=android.view.ViewGroup, important-for-accessibility=false, error=}, children=[], clickable=false, enabled=true, focused=false, checked=false, selected=false), TreeNode(attributes={text=, accessibilityText=, hintText=, ignoreBoundsFiltering=false, resource-id=, clickable=false, bounds=[48,209][141,235], enabled=true, focused=false, checked=false, scrollable=false, selected=false, class=android.widget.TextView, important-for-accessibility=true, error=}, children=[], clickable=false, enabled=true, focused=false, checked=false, selected=false), TreeNode(attributes={text=Sesli Tabu, accessibilityText=, hintText=, ignoreBoundsFiltering=false, resource-id=, clickable=false, bounds=[48,245][141,269], enabled=true, focused=false, checked=false, scrollable=false, selected=false, class=android.widget.TextView, important-for-accessibility=true, error=}, children=[], clickable=false, enabled=true, focused=false, checked=false, selected=false)], clickable=true, enabled=true, focused=false, checked=false, selected=false), bounds=Bounds(x=34, y=195, width=121, height=112))
00:41:13.771 [ INFO] maestro.Maestro.tap-HgV9Ck0: Tap aimed via settled hierarchy
00:41:13.771 [ INFO] maestro.Maestro.hierarchyBasedTap-ogj28Uc: Tapping at (94, 251) using hierarchy based logic for wait
00:41:15.522 [ INFO] maestro.Maestro.hierarchyBasedTap-ogj28Uc: Something has changed in the UI judging by view hierarchy. Proceed.
00:41:15.522 [ INFO] maestro.cli.runner.CliConsoleListener.onCommandFinished: Tap on id: propose-tabu COMPLETED
00:41:15.522 [ INFO] maestro.cli.runner.CliConsoleListener.onCommandStart: Run ../scripts/bot.js RUNNING
00:41:15.576 [ INFO] maestro.cli.runner.CliConsoleListener.onCommandFinished: Run ../scripts/bot.js COMPLETED
00:41:15.576 [ INFO] maestro.cli.runner.CliConsoleListener.onCommandStart: Assert that "Kartı görmek için dokun" is visible RUNNING
00:41:16.774 [ INFO] maestro.cli.runner.CliConsoleListener.onCommandFinished: Assert that "Kartı görmek için dokun" is visible COMPLETED
00:41:16.774 [ INFO] maestro.cli.runner.CliConsoleListener.onCommandStart: Assert that "Ortak skor" is visible RUNNING
00:41:16.842 [ INFO] maestro.cli.runner.CliConsoleListener.onCommandFinished: Assert that "Ortak skor" is visible COMPLETED
00:41:16.842 [ INFO] maestro.cli.runner.CliConsoleListener.onCommandStart: Tap on "Kartı görmek için dokun" RUNNING
00:41:17.574 [ INFO] maestro.Maestro.tap-HgV9Ck0: Tapping on element:  UiElement(treeNode=TreeNode(attributes={text=Kartı görmek için dokun, accessibilityText=, hintText=, ignoreBoundsFiltering=false, resource-id=, clickable=false, bounds=[40,438][280,494], enabled=true, focused=false, checked=false, scrollable=false, selected=false, class=android.widget.TextView, important-for-accessibility=true, error=}, children=[], clickable=false, enabled=true, focused=false, checked=false, selected=false), bounds=Bounds(x=40, y=438, width=240, height=56))
00:41:19.706 [ INFO] maestro.Maestro.tap-HgV9Ck0: Tap aimed via settled hierarchy
00:41:19.706 [ INFO] maestro.Maestro.hierarchyBasedTap-ogj28Uc: Tapping at (160, 466) using hierarchy based logic for wait
00:41:20.586 [ INFO] maestro.Maestro.hierarchyBasedTap-ogj28Uc: Something has changed in the UI judging by view hierarchy. Proceed.
00:41:20.586 [ INFO] maestro.cli.runner.CliConsoleListener.onCommandFinished: Tap on "Kartı görmek için dokun" COMPLETED
00:41:20.586 [ INFO] maestro.cli.runner.CliConsoleListener.onCommandStart: Assert that id: tabu-card is visible RUNNING
00:41:20.694 [ INFO] maestro.cli.runner.CliConsoleListener.onCommandFinished: Assert that id: tabu-card is visible COMPLETED
00:41:20.694 [ INFO] maestro.cli.runner.CliConsoleListener.onCommandStart: Scrolling DOWN until id: tabu-taboo is visible with speed 40, visibility percentage 100%, timeout 10000 ms, with centering enabled RUNNING
00:41:21.687 [ WARN] maestro.orchestra.Orchestra.scrollUntilVisible: Error: maestro.MaestroException$ElementNotFound: Element not found: Id matching regex: tabu-taboo
00:41:21.730 [ INFO] maestro.Maestro.swipeFromCenter: Swiping UP from center
00:41:23.534 [ INFO] maestro.orchestra.Orchestra.scrollUntilVisible: Scrolling try count: 0, DeviceWidth: 320, DeviceWidth: 640
00:41:23.534 [ INFO] maestro.orchestra.Orchestra.scrollUntilVisible: Element bounds: Bounds(x=213, y=355, width=91, height=64)
00:41:23.535 [ INFO] maestro.orchestra.Orchestra.scrollUntilVisible: Visibility Percent: 1.0
00:41:23.535 [ INFO] maestro.orchestra.Orchestra.scrollUntilVisible: Command centerElement: ScrollUntilVisibleCommand(selector=ElementSelector(textRegex=null, idRegex=tabu-taboo, size=null, below=null, above=null, leftOf=null, rightOf=null, containsChild=null, containsDescendants=null, traits=null, index=null, enabled=null, optional=false, selected=null, checked=null, focused=null, childOf=null, css=null), direction=DOWN, scrollDuration=601, visibilityPercentage=100, timeout=10000, waitToSettleTimeoutMs=null, centerElement=true, originalSpeedValue=40, label=null, optional=false).centerElement
00:41:23.535 [ INFO] maestro.orchestra.Orchestra.scrollUntilVisible: visibilityPercentageNormalized: 1.0
00:41:23.535 [ INFO] maestro.cli.runner.CliConsoleListener.onCommandFinished: Scrolling DOWN until id: tabu-taboo is visible with speed 40, visibility percentage 100%, timeout 10000 ms, with centering enabled COMPLETED
00:41:23.535 [ INFO] maestro.cli.runner.CliConsoleListener.onCommandStart: Assert that id: tabu-pass is visible RUNNING
00:41:23.655 [ INFO] maestro.cli.runner.CliConsoleListener.onCommandFinished: Assert that id: tabu-pass is visible COMPLETED
00:41:23.655 [ INFO] maestro.cli.runner.CliConsoleListener.onCommandStart: Take screenshot 34-coop-describer RUNNING
00:41:23.655 [ INFO] maestro.Maestro.takeScreenshot: Taking screenshot
00:41:23.655 [TRACE] maestro.utils.ScreenshotUtils.takeScreenshot: Taking screenshot to output sink
00:41:23.720 [ INFO] maestro.cli.runner.CliConsoleListener.onCommandFinished: Take screenshot 34-coop-describer COMPLETED
00:41:23.720 [ INFO] maestro.cli.runner.CliConsoleListener.onCommandStart: Tap on id: tabu-correct RUNNING
00:41:23.835 [ INFO] maestro.Maestro.tap-HgV9Ck0: Tapping on element:  UiElement(treeNode=TreeNode(attributes={text=, accessibilityText=Doğru +1, hintText=, ignoreBoundsFiltering=false, resource-id=tabu-correct, clickable=true, bounds=[16,355][107,419], enabled=true, focused=false, checked=false, scrollable=false, selected=false, class=android.widget.Button, important-for-accessibility=true, error=}, children=[TreeNode(attributes={text=, accessibilityText=, hintText=, ignoreBoundsFiltering=false, resource-id=, clickable=false, bounds=[16,355][107,419], enabled=true, focused=false, checked=false, scrollable=false, selected=false, class=android.view.ViewGroup, important-for-accessibility=false, error=}, children=[], clickable=false, enabled=true, focused=false, checked=false, selected=false), TreeNode(attributes={text=Doğru, accessibilityText=, hintText=, ignoreBoundsFiltering=false, resource-id=, clickable=false, bounds=[35,366][88,388], enabled=true, focused=false, checked=false, scrollable=false, selected=false, class=android.widget.TextView, important-for-accessibility=true, error=}, children=[], clickable=false, enabled=true, focused=false, checked=false, selected=false), TreeNode(attributes={text=+1, accessibilityText=, hintText=, ignoreBoundsFiltering=false, resource-id=, clickable=false, bounds=[51,388][71,408], enabled=true, focused=false, checked=false, scrollable=false, selected=false, class=android.widget.TextView, important-for-accessibility=true, error=}, children=[], clickable=false, enabled=true, focused=false, checked=false, selected=false)], clickable=true, enabled=true, focused=false, checked=false, selected=false), bounds=Bounds(x=16, y=355, width=91, height=64))
00:41:25.578 [ INFO] maestro.Maestro.tap-HgV9Ck0: Tap aimed via settled hierarchy
00:41:25.579 [ INFO] maestro.Maestro.hierarchyBasedTap-ogj28Uc: Tapping at (61, 387) using hierarchy based logic for wait
00:41:26.842 [ INFO] maestro.Maestro.hierarchyBasedTap-ogj28Uc: Something has changed in the UI judging by view hierarchy. Proceed.
00:41:26.842 [ INFO] maestro.cli.runner.CliConsoleListener.onCommandFinished: Tap on id: tabu-correct COMPLETED
00:41:26.842 [ INFO] maestro.cli.runner.CliConsoleListener.onCommandStart: Run ../scripts/bot.js RUNNING
00:41:26.908 [ INFO] maestro.cli.runner.CliConsoleListener.onCommandFinished: Run ../scripts/bot.js COMPLETED
00:41:26.909 [ INFO] maestro.cli.runner.CliConsoleListener.onCommandStart: Scrolling UP until id: tabu-guessing is visible with speed 40, visibility percentage 100%, timeout 20000 ms, with centering disabled RUNNING
00:41:27.874 [ INFO] maestro.orchestra.Orchestra.scrollUntilVisible: Scrolling try count: 0, DeviceWidth: 320, DeviceWidth: 640
00:41:27.874 [ INFO] maestro.orchestra.Orchestra.scrollUntilVisible: Element bounds: Bounds(x=16, y=345, width=288, height=18)
00:41:27.874 [ INFO] maestro.orchestra.Orchestra.scrollUntilVisible: Visibility Percent: 1.0
00:41:27.875 [ INFO] maestro.orchestra.Orchestra.scrollUntilVisible: Command centerElement: ScrollUntilVisibleCommand(selector=ElementSelector(textRegex=null, idRegex=tabu-guessing, size=null, below=null, above=null, leftOf=null, rightOf=null, containsChild=null, containsDescendants=null, traits=null, index=null, enabled=null, optional=false, selected=null, checked=null, focused=null, childOf=null, css=null), direction=UP, scrollDuration=601, visibilityPercentage=100, timeout=20000, waitToSettleTimeoutMs=null, centerElement=false, originalSpeedValue=40, label=null, optional=false).centerElement
00:41:27.875 [ INFO] maestro.orchestra.Orchestra.scrollUntilVisible: visibilityPercentageNormalized: 1.0
00:41:27.875 [ INFO] maestro.cli.runner.CliConsoleListener.onCommandFinished: Scrolling UP until id: tabu-guessing is visible with speed 40, visibility percentage 100%, timeout 20000 ms, with centering disabled COMPLETED
00:41:27.875 [ INFO] maestro.cli.runner.CliConsoleListener.onCommandStart: Assert that id: tabu-card is not visible RUNNING
00:41:28.838 [ INFO] maestro.cli.runner.CliConsoleListener.onCommandFinished: Assert that id: tabu-card is not visible COMPLETED
00:41:28.838 [ INFO] maestro.cli.runner.CliConsoleListener.onCommandStart: Assert that id: tabu-correct is not visible RUNNING
00:41:29.946 [ INFO] maestro.cli.runner.CliConsoleListener.onCommandFinished: Assert that id: tabu-correct is not visible COMPLETED
00:41:29.946 [ INFO] maestro.cli.runner.CliConsoleListener.onCommandStart: Run ../scripts/bot.js RUNNING
00:41:29.990 [ INFO] maestro.cli.runner.CliConsoleListener.onCommandFinished: Run ../scripts/bot.js COMPLETED
00:41:29.990 [ INFO] maestro.cli.runner.CliConsoleListener.onCommandStart: Take screenshot 35-coop-guesser RUNNING
00:41:29.991 [ INFO] maestro.Maestro.takeScreenshot: Taking screenshot
00:41:29.991 [TRACE] maestro.utils.ScreenshotUtils.takeScreenshot: Taking screenshot to output sink
00:41:30.006 [ INFO] maestro.cli.runner.CliConsoleListener.onCommandFinished: Take screenshot 35-coop-guesser COMPLETED
00:41:30.006 [ INFO] maestro.cli.runner.CliConsoleListener.onCommandStart: Run ../scripts/bot.js RUNNING
00:41:30.047 [ INFO] maestro.cli.runner.CliConsoleListener.onCommandFinished: Run ../scripts/bot.js COMPLETED
00:41:30.047 [ INFO] maestro.cli.runner.CliConsoleListener.onCommandStart: Assert that "Tanışalım mı\?" is visible RUNNING
00:41:30.906 [ INFO] maestro.cli.runner.CliConsoleListener.onCommandFinished: Assert that "Tanışalım mı\?" is visible COMPLETED
00:41:30.907 [ INFO] maestro.cli.runner.CliConsoleListener.onCommandStart: Tap on id: reveal-no RUNNING
00:41:30.962 [ INFO] maestro.Maestro.tap-HgV9Ck0: Tapping on element:  UiElement(treeNode=TreeNode(attributes={text=, accessibilityText=Hayır, hintText=, ignoreBoundsFiltering=false, resource-id=reveal-no, clickable=true, bounds=[37,313][155,361], enabled=true, focused=false, checked=false, scrollable=false, selected=false, class=android.widget.Button, important-for-accessibility=true, error=}, children=[TreeNode(attributes={text=, accessibilityText=, hintText=, ignoreBoundsFiltering=false, resource-id=, clickable=false, bounds=[37,313][155,361], enabled=true, focused=false, checked=false, scrollable=false, selected=false, class=android.view.ViewGroup, important-for-accessibility=false, error=}, children=[], clickable=false, enabled=true, focused=false, checked=false, selected=false), TreeNode(attributes={text=Hayır, accessibilityText=, hintText=, ignoreBoundsFiltering=false, resource-id=, clickable=false, bounds=[76,327][116,347], enabled=true, focused=false, checked=false, scrollable=false, selected=false, class=android.widget.TextView, important-for-accessibility=true, error=}, children=[], clickable=false, enabled=true, focused=false, checked=false, selected=false)], clickable=true, enabled=true, focused=false, checked=false, selected=false), bounds=Bounds(x=37, y=313, width=118, height=48))
00:41:32.374 [ INFO] maestro.Maestro.tap-HgV9Ck0: Tap aimed via settled hierarchy
00:41:32.374 [ INFO] maestro.Maestro.hierarchyBasedTap-ogj28Uc: Tapping at (96, 337) using hierarchy based logic for wait
00:41:33.334 [ INFO] maestro.Maestro.hierarchyBasedTap-ogj28Uc: Something has changed in the UI judging by view hierarchy. Proceed.
00:41:33.334 [ INFO] maestro.cli.runner.CliConsoleListener.onCommandFinished: Tap on id: reveal-no COMPLETED
00:41:33.334 [ INFO] maestro.cli.runner.CliConsoleListener.onCommandStart: Assert that "Güzel oyundu.*" is visible RUNNING
00:41:33.430 [ INFO] maestro.cli.runner.CliConsoleListener.onCommandFinished: Assert that "Güzel oyundu.*" is visible COMPLETED
00:41:33.430 [ INFO] maestro.cli.runner.CliConsoleListener.onCommandStart: Run ../scripts/bot.js RUNNING
00:41:33.477 [ INFO] maestro.cli.runner.CliConsoleListener.onCommandFinished: Run ../scripts/bot.js COMPLETED
00:41:33.477 [ INFO] maestro.cli.runner.CliConsoleListener.onCommandStart: Tap on "Mekana dön" RUNNING
00:41:33.534 [ INFO] maestro.Maestro.tap-HgV9Ck0: Tapping on element:  UiElement(treeNode=TreeNode(attributes={text=Mekana dön, accessibilityText=, hintText=, ignoreBoundsFiltering=false, resource-id=, clickable=false, bounds=[115,229][206,249], enabled=true, focused=false, checked=false, scrollable=false, selected=false, class=android.widget.TextView, important-for-accessibility=true, error=}, children=[], clickable=false, enabled=true, focused=false, checked=false, selected=false), bounds=Bounds(x=115, y=229, width=91, height=20))
00:41:34.742 [ INFO] maestro.Maestro.tap-HgV9Ck0: Tap aimed via settled hierarchy
00:41:34.742 [ INFO] maestro.Maestro.hierarchyBasedTap-ogj28Uc: Tapping at (160, 239) using hierarchy based logic for wait
00:41:35.730 [ INFO] maestro.Maestro.hierarchyBasedTap-ogj28Uc: Something has changed in the UI judging by view hierarchy. Proceed.
00:41:35.730 [ INFO] maestro.cli.runner.CliConsoleListener.onCommandFinished: Tap on "Mekana dön" COMPLETED
00:41:35.731 [ INFO] maestro.cli.runner.CliConsoleListener.onCommandStart: Assert that "Oda kur" is visible RUNNING
00:41:35.880 [ INFO] maestro.cli.runner.CliConsoleListener.onCommandFinished: Assert that "Oda kur" is visible COMPLETED
00:41:35.880 [ INFO] maestro.cli.runner.CliConsoleListener.onCommandFinished: Run flows/06b-tabu-coop.yaml COMPLETED
00:41:35.880 [ INFO] maestro.cli.runner.CliConsoleListener.onCommandStart: Run flows/07-history-block.yaml RUNNING
00:41:35.880 [ INFO] maestro.cli.runner.CliConsoleListener.onCommandStart: Apply configuration RUNNING
00:41:35.880 [ INFO] maestro.cli.runner.CliConsoleListener.onCommandFinished: Apply configuration COMPLETED
00:41:35.880 [ INFO] maestro.cli.runner.CliConsoleListener.onCommandStart: Tap on id: tab-messages RUNNING
00:41:35.993 [ INFO] maestro.Maestro.tap-HgV9Ck0: Tapping on element:  UiElement(treeNode=TreeNode(attributes={text=, accessibilityText=Mesajlar, hintText=, ignoreBoundsFiltering=false, resource-id=tab-messages, clickable=true, bounds=[187,568][242,632], enabled=true, focused=false, checked=false, scrollable=false, selected=false, class=android.view.View, important-for-accessibility=true, error=}, children=[TreeNode(attributes={text=, accessibilityText=, hintText=, ignoreBoundsFiltering=false, resource-id=, clickable=false, bounds=[202,580][226,604], enabled=true, focused=false, checked=false, scrollable=false, selected=false, class=android.widget.ImageView, important-for-accessibility=false, error=}, children=[], clickable=false, enabled=true, focused=false, checked=false, selected=false), TreeNode(attributes={text=Mesajlar, accessibilityText=, hintText=, ignoreBoundsFiltering=false, resource-id=, clickable=false, bounds=[190,612][238,628], enabled=true, focused=false, checked=false, scrollable=false, selected=false, class=android.widget.TextView, important-for-accessibility=true, error=}, children=[], clickable=false, enabled=true, focused=false, checked=false, selected=false)], clickable=true, enabled=true, focused=false, checked=false, selected=false), bounds=Bounds(x=187, y=568, width=55, height=64))
00:41:37.227 [ INFO] maestro.Maestro.tap-HgV9Ck0: Tap aimed via settled hierarchy
00:41:37.228 [ INFO] maestro.Maestro.hierarchyBasedTap-ogj28Uc: Tapping at (214, 600) using hierarchy based logic for wait
00:41:38.166 [ INFO] maestro.Maestro.hierarchyBasedTap-ogj28Uc: Something has changed in the UI judging by view hierarchy. Proceed.
00:41:38.166 [ INFO] maestro.cli.runner.CliConsoleListener.onCommandFinished: Tap on id: tab-messages COMPLETED
00:41:38.166 [ INFO] maestro.cli.runner.CliConsoleListener.onCommandStart: Tap on id: bell RUNNING
00:41:38.267 [ INFO] maestro.Maestro.tap-HgV9Ck0: Tapping on element:  UiElement(treeNode=TreeNode(attributes={text=, accessibilityText=Bildirimler, hintText=, ignoreBoundsFiltering=false, resource-id=bell, clickable=true, bounds=[256,36][300,80], enabled=true, focused=false, checked=false, scrollable=false, selected=false, class=android.widget.Button, important-for-accessibility=true, error=}, children=[TreeNode(attributes={text=, accessibilityText=, hintText=, ignoreBoundsFiltering=false, resource-id=, clickable=false, bounds=[256,36][300,80], enabled=true, focused=false, checked=false, scrollable=false, selected=false, class=android.view.ViewGroup, important-for-accessibility=false, error=}, children=[], clickable=false, enabled=true, focused=false, checked=false, selected=false), TreeNode(attributes={text=, accessibilityText=, hintText=, ignoreBoundsFiltering=false, resource-id=, clickable=false, bounds=[266,46][290,70], enabled=true, focused=false, checked=false, scrollable=false, selected=false, class=android.widget.ImageView, important-for-accessibility=false, error=}, children=[], clickable=false, enabled=true, focused=false, checked=false, selected=false)], clickable=true, enabled=true, focused=false, checked=false, selected=false), bounds=Bounds(x=256, y=36, width=44, height=44))
00:41:39.615 [ INFO] maestro.Maestro.tap-HgV9Ck0: Tap aimed via settled hierarchy
00:41:39.615 [ INFO] maestro.Maestro.hierarchyBasedTap-ogj28Uc: Tapping at (278, 58) using hierarchy based logic for wait
00:41:40.930 [ INFO] maestro.Maestro.hierarchyBasedTap-ogj28Uc: Something has changed in the UI judging by view hierarchy. Proceed.
00:41:40.930 [ INFO] maestro.cli.runner.CliConsoleListener.onCommandFinished: Tap on id: bell COMPLETED
00:41:40.930 [ INFO] maestro.cli.runner.CliConsoleListener.onCommandStart: Assert that ".*masasıyla Sesli Tabu.*" is visible RUNNING
00:41:41.040 [ INFO] maestro.cli.runner.CliConsoleListener.onCommandFinished: Assert that ".*masasıyla Sesli Tabu.*" is visible COMPLETED
00:41:41.040 [ INFO] maestro.cli.runner.CliConsoleListener.onCommandStart: Take screenshot 30-history RUNNING
00:41:41.040 [ INFO] maestro.Maestro.takeScreenshot: Taking screenshot
00:41:41.041 [TRACE] maestro.utils.ScreenshotUtils.takeScreenshot: Taking screenshot to output sink
00:41:41.091 [ INFO] maestro.cli.runner.CliConsoleListener.onCommandFinished: Take screenshot 30-history COMPLETED
00:41:41.091 [ INFO] maestro.cli.runner.CliConsoleListener.onCommandStart: Tap on id: history-more, Index: 0 RUNNING
00:41:41.190 [ INFO] maestro.Maestro.tap-HgV9Ck0: Tapping on element:  UiElement(treeNode=TreeNode(attributes={text=, accessibilityText=Diğer, hintText=, ignoreBoundsFiltering=false, resource-id=history-more, clickable=true, bounds=[203,363][284,411], enabled=true, focused=false, checked=false, scrollable=false, selected=false, class=android.widget.Button, important-for-accessibility=true, error=}, children=[TreeNode(attributes={text=, accessibilityText=, hintText=, ignoreBoundsFiltering=false, resource-id=, clickable=false, bounds=[203,363][284,411], enabled=true, focused=false, checked=false, scrollable=false, selected=false, class=android.view.ViewGroup, important-for-accessibility=false, error=}, children=[], clickable=false, enabled=true, focused=false, checked=false, selected=false), TreeNode(attributes={text=Diğer, accessibilityText=, hintText=, ignoreBoundsFiltering=false, resource-id=, clickable=false, bounds=[223,377][264,397], enabled=true, focused=false, checked=false, scrollable=false, selected=false, class=android.widget.TextView, important-for-accessibility=true, error=}, children=[], clickable=false, enabled=true, focused=false, checked=false, selected=false)], clickable=true, enabled=true, focused=false, checked=false, selected=false), bounds=Bounds(x=203, y=363, width=81, height=48))
00:41:42.358 [ INFO] maestro.Maestro.tap-HgV9Ck0: Tap aimed via settled hierarchy
00:41:42.359 [ INFO] maestro.Maestro.hierarchyBasedTap-ogj28Uc: Tapping at (243, 387) using hierarchy based logic for wait
00:41:43.238 [ INFO] maestro.Maestro.hierarchyBasedTap-ogj28Uc: Something has changed in the UI judging by view hierarchy. Proceed.
00:41:43.238 [ INFO] maestro.cli.runner.CliConsoleListener.onCommandFinished: Tap on id: history-more, Index: 0 COMPLETED
00:41:43.238 [ INFO] maestro.cli.runner.CliConsoleListener.onCommandStart: Assert that "Bu masa" is visible RUNNING
00:41:43.295 [ INFO] maestro.cli.runner.CliConsoleListener.onCommandFinished: Assert that "Bu masa" is visible COMPLETED
00:41:43.295 [ INFO] maestro.cli.runner.CliConsoleListener.onCommandStart: Take screenshot 31-history-menu RUNNING
00:41:43.296 [ INFO] maestro.Maestro.takeScreenshot: Taking screenshot
00:41:43.296 [TRACE] maestro.utils.ScreenshotUtils.takeScreenshot: Taking screenshot to output sink
00:41:43.393 [ INFO] maestro.cli.runner.CliConsoleListener.onCommandFinished: Take screenshot 31-history-menu COMPLETED
00:41:43.393 [ INFO] maestro.cli.runner.CliConsoleListener.onCommandStart: Tap on id: menu-block RUNNING
00:41:43.534 [ INFO] maestro.Maestro.tap-HgV9Ck0: Tapping on element:  UiElement(treeNode=TreeNode(attributes={text=, accessibilityText=Engelle, hintText=, ignoreBoundsFiltering=false, resource-id=menu-block, clickable=true, bounds=[24,508][296,556], enabled=true, focused=false, checked=false, scrollable=false, selected=false, class=android.widget.Button, important-for-accessibility=true, error=}, children=[TreeNode(attributes={text=, accessibilityText=, hintText=, ignoreBoundsFiltering=false, resource-id=, clickable=false, bounds=[24,508][296,556], enabled=true, focused=false, checked=false, scrollable=false, selected=false, class=android.view.ViewGroup, important-for-accessibility=false, error=}, children=[], clickable=false, enabled=true, focused=false, checked=false, selected=false), TreeNode(attributes={text=Engelle, accessibilityText=, hintText=, ignoreBoundsFiltering=false, resource-id=, clickable=false, bounds=[132,522][189,542], enabled=true, focused=false, checked=false, scrollable=false, selected=false, class=android.widget.TextView, important-for-accessibility=true, error=}, children=[], clickable=false, enabled=true, focused=false, checked=false, selected=false)], clickable=true, enabled=true, focused=false, checked=false, selected=false), bounds=Bounds(x=24, y=508, width=272, height=48))
00:41:44.746 [ INFO] maestro.Maestro.tap-HgV9Ck0: Tap aimed via settled hierarchy
00:41:44.746 [ INFO] maestro.Maestro.hierarchyBasedTap-ogj28Uc: Tapping at (160, 532) using hierarchy based logic for wait
00:41:45.798 [ INFO] maestro.Maestro.hierarchyBasedTap-ogj28Uc: Something has changed in the UI judging by view hierarchy. Proceed.
00:41:45.798 [ INFO] maestro.cli.runner.CliConsoleListener.onCommandFinished: Tap on id: menu-block COMPLETED
00:41:45.798 [ INFO] maestro.cli.runner.CliConsoleListener.onCommandStart: Assert that "Bu masayı engellemek istiyor musun\?" is visible RUNNING
00:41:45.862 [ INFO] maestro.cli.runner.CliConsoleListener.onCommandFinished: Assert that "Bu masayı engellemek istiyor musun\?" is visible COMPLETED
00:41:45.862 [ INFO] maestro.cli.runner.CliConsoleListener.onCommandStart: Take screenshot 32-block-confirm RUNNING
00:41:45.863 [ INFO] maestro.Maestro.takeScreenshot: Taking screenshot
00:41:45.863 [TRACE] maestro.utils.ScreenshotUtils.takeScreenshot: Taking screenshot to output sink
00:41:45.918 [ INFO] maestro.cli.runner.CliConsoleListener.onCommandFinished: Take screenshot 32-block-confirm COMPLETED
00:41:45.918 [ INFO] maestro.cli.runner.CliConsoleListener.onCommandStart: Tap on id: confirm-action RUNNING
00:41:46.014 [ INFO] maestro.Maestro.tap-HgV9Ck0: Tapping on element:  UiElement(treeNode=TreeNode(attributes={text=, accessibilityText=Engelle, hintText=, ignoreBoundsFiltering=false, resource-id=confirm-action, clickable=true, bounds=[24,508][296,556], enabled=true, focused=false, checked=false, scrollable=false, selected=false, class=android.widget.Button, important-for-accessibility=true, error=}, children=[TreeNode(attributes={text=, accessibilityText=, hintText=, ignoreBoundsFiltering=false, resource-id=, clickable=false, bounds=[24,508][296,556], enabled=true, focused=false, checked=false, scrollable=false, selected=false, class=android.view.ViewGroup, important-for-accessibility=false, error=}, children=[], clickable=false, enabled=true, focused=false, checked=false, selected=false), TreeNode(attributes={text=Engelle, accessibilityText=, hintText=, ignoreBoundsFiltering=false, resource-id=, clickable=false, bounds=[132,522][189,542], enabled=true, focused=false, checked=false, scrollable=false, selected=false, class=android.widget.TextView, important-for-accessibility=true, error=}, children=[], clickable=false, enabled=true, focused=false, checked=false, selected=false)], clickable=true, enabled=true, focused=false, checked=false, selected=false), bounds=Bounds(x=24, y=508, width=272, height=48))
00:41:47.194 [ INFO] maestro.Maestro.tap-HgV9Ck0: Tap aimed via settled hierarchy
00:41:47.194 [ INFO] maestro.Maestro.hierarchyBasedTap-ogj28Uc: Tapping at (160, 532) using hierarchy based logic for wait
00:41:48.286 [ INFO] maestro.Maestro.hierarchyBasedTap-ogj28Uc: Something has changed in the UI judging by view hierarchy. Proceed.
00:41:48.286 [ INFO] maestro.cli.runner.CliConsoleListener.onCommandFinished: Tap on id: confirm-action COMPLETED
00:41:48.286 [ INFO] maestro.cli.runner.CliConsoleListener.onCommandStart: Assert that "Bu masayı engellemek istiyor musun\?" is not visible RUNNING
00:41:48.978 [ INFO] maestro.cli.runner.CliConsoleListener.onCommandFinished: Assert that "Bu masayı engellemek istiyor musun\?" is not visible COMPLETED
00:41:48.978 [ INFO] maestro.cli.runner.CliConsoleListener.onCommandStart: Tap on "Geri" RUNNING
00:41:49.119 [ INFO] maestro.Maestro.tap-HgV9Ck0: Tapping on element:  UiElement(treeNode=TreeNode(attributes={text=, accessibilityText=Geri, hintText=, ignoreBoundsFiltering=false, resource-id=, clickable=true, bounds=[8,36][52,80], enabled=true, focused=false, checked=false, scrollable=false, selected=false, class=android.widget.Button, important-for-accessibility=true, error=}, children=[TreeNode(attributes={text=, accessibilityText=, hintText=, ignoreBoundsFiltering=false, resource-id=, clickable=false, bounds=[18,45][42,71], enabled=true, focused=false, checked=false, scrollable=false, selected=false, class=android.widget.TextView, important-for-accessibility=true, error=}, children=[], clickable=false, enabled=true, focused=false, checked=false, selected=false)], clickable=true, enabled=true, focused=false, checked=false, selected=false), bounds=Bounds(x=8, y=36, width=44, height=44))
00:41:50.378 [ INFO] maestro.Maestro.tap-HgV9Ck0: Tap aimed via settled hierarchy
00:41:50.378 [ INFO] maestro.Maestro.hierarchyBasedTap-ogj28Uc: Tapping at (30, 58) using hierarchy based logic for wait
00:41:51.302 [ INFO] maestro.Maestro.hierarchyBasedTap-ogj28Uc: Something has changed in the UI judging by view hierarchy. Proceed.
00:41:51.302 [ INFO] maestro.cli.runner.CliConsoleListener.onCommandFinished: Tap on "Geri" COMPLETED
00:41:51.302 [ INFO] maestro.cli.runner.CliConsoleListener.onCommandStart: Assert that "Henüz mesajın yok." is visible RUNNING
00:41:51.403 [ INFO] maestro.cli.runner.CliConsoleListener.onCommandFinished: Assert that "Henüz mesajın yok." is visible COMPLETED
00:41:51.403 [ INFO] maestro.cli.runner.CliConsoleListener.onCommandStart: Take screenshot 33-messages-after-block RUNNING
00:41:51.403 [ INFO] maestro.Maestro.takeScreenshot: Taking screenshot
00:41:51.403 [TRACE] maestro.utils.ScreenshotUtils.takeScreenshot: Taking screenshot to output sink
00:41:51.458 [ INFO] maestro.cli.runner.CliConsoleListener.onCommandFinished: Take screenshot 33-messages-after-block COMPLETED
00:41:51.458 [ INFO] maestro.cli.runner.CliConsoleListener.onCommandFinished: Run flows/07-history-block.yaml COMPLETED
00:41:51.458 [ INFO] maestro.cli.runner.CliConsoleListener.onCommandStart: Run flows/08-venue-chat.yaml RUNNING
00:41:51.458 [ INFO] maestro.cli.runner.CliConsoleListener.onCommandStart: Apply configuration RUNNING
00:41:51.458 [ INFO] maestro.cli.runner.CliConsoleListener.onCommandFinished: Apply configuration COMPLETED
00:41:51.458 [ INFO] maestro.cli.runner.CliConsoleListener.onCommandStart: Run ../scripts/bot.js RUNNING
00:41:51.777 [ INFO] maestro.cli.runner.CliConsoleListener.onCommandFinished: Run ../scripts/bot.js COMPLETED
00:41:51.778 [ INFO] maestro.cli.runner.CliConsoleListener.onCommandStart: Run ../scripts/bot.js RUNNING
00:41:51.997 [ INFO] maestro.cli.runner.CliConsoleListener.onCommandFinished: Run ../scripts/bot.js COMPLETED
00:41:51.997 [ INFO] maestro.cli.runner.CliConsoleListener.onCommandStart: Tap on id: tab-venue RUNNING
00:41:52.062 [ INFO] maestro.Maestro.tap-HgV9Ck0: Tapping on element:  UiElement(treeNode=TreeNode(attributes={text=, accessibilityText=Mekan, hintText=, ignoreBoundsFiltering=false, resource-id=tab-venue, clickable=true, bounds=[133,568][187,632], enabled=true, focused=false, checked=false, scrollable=false, selected=false, class=android.view.View, important-for-accessibility=true, error=}, children=[TreeNode(attributes={text=, accessibilityText=, hintText=, ignoreBoundsFiltering=false, resource-id=, clickable=false, bounds=[140,572][180,612], enabled=true, focused=false, checked=false, scrollable=false, selected=false, class=android.view.ViewGroup, important-for-accessibility=false, error=}, children=[], clickable=false, enabled=true, focused=false, checked=false, selected=false), TreeNode(attributes={text=, accessibilityText=, hintText=, ignoreBoundsFiltering=false, resource-id=, clickable=false, bounds=[148,580][172,604], enabled=true, focused=false, checked=false, scrollable=false, selected=false, class=android.widget.ImageView, important-for-accessibility=false, error=}, children=[], clickable=false, enabled=true, focused=false, checked=false, selected=false), TreeNode(attributes={text=Mekan, accessibilityText=, hintText=, ignoreBoundsFiltering=false, resource-id=, clickable=false, bounds=[141,612][178,628], enabled=true, focused=false, checked=false, scrollable=false, selected=false, class=android.widget.TextView, important-for-accessibility=true, error=}, children=[], clickable=false, enabled=true, focused=false, checked=false, selected=false)], clickable=true, enabled=true, focused=false, checked=false, selected=false), bounds=Bounds(x=133, y=568, width=54, height=64))
00:41:53.278 [ INFO] maestro.Maestro.tap-HgV9Ck0: Tap aimed via settled hierarchy
00:41:53.279 [ INFO] maestro.Maestro.hierarchyBasedTap-ogj28Uc: Tapping at (160, 600) using hierarchy based logic for wait
00:41:54.156 [ INFO] maestro.Maestro.hierarchyBasedTap-ogj28Uc: Something has changed in the UI judging by view hierarchy. Proceed.
00:41:54.156 [ INFO] maestro.cli.runner.CliConsoleListener.onCommandFinished: Tap on id: tab-venue COMPLETED
00:41:54.156 [ INFO] maestro.cli.runner.CliConsoleListener.onCommandStart: Scrolling DOWN until id: venue-chat-open is visible with speed 40, visibility percentage 100%, timeout 15000 ms, with centering disabled RUNNING
00:41:54.279 [ INFO] maestro.orchestra.Orchestra.scrollUntilVisible: Scrolling try count: 0, DeviceWidth: 320, DeviceWidth: 640
00:41:54.279 [ INFO] maestro.orchestra.Orchestra.scrollUntilVisible: Element bounds: Bounds(x=20, y=481, width=280, height=76)
00:41:54.279 [ INFO] maestro.orchestra.Orchestra.scrollUntilVisible: Visibility Percent: 1.0
00:41:54.279 [ INFO] maestro.orchestra.Orchestra.scrollUntilVisible: Command centerElement: ScrollUntilVisibleCommand(selector=ElementSelector(textRegex=null, idRegex=venue-chat-open, size=null, below=null, above=null, leftOf=null, rightOf=null, containsChild=null, containsDescendants=null, traits=null, index=null, enabled=null, optional=false, selected=null, checked=null, focused=null, childOf=null, css=null), direction=DOWN, scrollDuration=601, visibilityPercentage=100, timeout=15000, waitToSettleTimeoutMs=null, centerElement=false, originalSpeedValue=40, label=null, optional=false).centerElement
00:41:54.279 [ INFO] maestro.orchestra.Orchestra.scrollUntilVisible: visibilityPercentageNormalized: 1.0
00:41:54.279 [ INFO] maestro.cli.runner.CliConsoleListener.onCommandFinished: Scrolling DOWN until id: venue-chat-open is visible with speed 40, visibility percentage 100%, timeout 15000 ms, with centering disabled COMPLETED
00:41:54.279 [ INFO] maestro.cli.runner.CliConsoleListener.onCommandStart: Tap on id: venue-chat-open RUNNING
00:41:54.404 [ INFO] maestro.Maestro.tap-HgV9Ck0: Tapping on element:  UiElement(treeNode=TreeNode(attributes={text=, accessibilityText=, Sohbet odası, E2E Kafe sohbet odası, , hintText=, ignoreBoundsFiltering=false, resource-id=venue-chat-open, clickable=true, bounds=[20,481][300,557], enabled=true, focused=false, checked=false, scrollable=false, selected=false, class=android.widget.Button, important-for-accessibility=true, error=}, children=[TreeNode(attributes={text=, accessibilityText=, hintText=, ignoreBoundsFiltering=false, resource-id=, clickable=false, bounds=[20,481][300,557], enabled=true, focused=false, checked=false, scrollable=false, selected=false, class=android.view.ViewGroup, important-for-accessibility=false, error=}, children=[], clickable=false, enabled=true, focused=false, checked=false, selected=false), TreeNode(attributes={text=, accessibilityText=, hintText=, ignoreBoundsFiltering=false, resource-id=, clickable=false, bounds=[32,495][80,543], enabled=true, focused=false, checked=false, scrollable=false, selected=false, class=android.view.ViewGroup, important-for-accessibility=false, error=}, children=[], clickable=false, enabled=true, focused=false, checked=false, selected=false), TreeNode(attributes={text=, accessibilityText=, hintText=, ignoreBoundsFiltering=false, resource-id=, clickable=false, bounds=[44,506][68,532], enabled=true, focused=false, checked=false, scrollable=false, selected=false, class=android.widget.TextView, important-for-accessibility=true, error=}, children=[], clickable=false, enabled=true, focused=false, checked=false, selected=false), TreeNode(attributes={text=Sohbet odası, accessibilityText=, hintText=, ignoreBoundsFiltering=false, resource-id=, clickable=false, bounds=[94,498][254,521], enabled=true, focused=false, checked=false, scrollable=false, selected=false, class=android.widget.TextView, important-for-accessibility=true, error=}, children=[], clickable=false, enabled=true, focused=false, checked=false, selected=false), TreeNode(attributes={text=E2E Kafe sohbet odası, accessibilityText=, hintText=, ignoreBoundsFiltering=false, resource-id=, clickable=false, bounds=[94,523][254,541], enabled=true, focused=false, checked=false, scrollable=false, selected=false, class=android.widget.TextView, important-for-accessibility=true, error=}, children=[], clickable=false, enabled=true, focused=false, checked=false, selected=false), TreeNode(attributes={text=, accessibilityText=, hintText=, ignoreBoundsFiltering=false, resource-id=, clickable=false, bounds=[268,508][288,529], enabled=true, focused=false, checked=false, scrollable=false, selected=false, class=android.widget.TextView, important-for-accessibility=true, error=}, children=[], clickable=false, enabled=true, focused=false, checked=false, selected=false)], clickable=true, enabled=true, focused=false, checked=false, selected=false), bounds=Bounds(x=20, y=481, width=280, height=76))
00:41:55.715 [ INFO] maestro.Maestro.tap-HgV9Ck0: Tap aimed via settled hierarchy
00:41:55.716 [ INFO] maestro.Maestro.hierarchyBasedTap-ogj28Uc: Tapping at (160, 519) using hierarchy based logic for wait
00:41:57.198 [ INFO] maestro.Maestro.hierarchyBasedTap-ogj28Uc: Something has changed in the UI judging by view hierarchy. Proceed.
00:41:57.199 [ INFO] maestro.cli.runner.CliConsoleListener.onCommandFinished: Tap on id: venue-chat-open COMPLETED
00:41:57.199 [ INFO] maestro.cli.runner.CliConsoleListener.onCommandStart: Assert that "E2E Kafe sohbet odası" is visible RUNNING
00:41:57.294 [ INFO] maestro.cli.runner.CliConsoleListener.onCommandFinished: Assert that "E2E Kafe sohbet odası" is visible COMPLETED
00:41:57.295 [ INFO] maestro.cli.runner.CliConsoleListener.onCommandStart: Scrolling DOWN until id: venue-chat-input is visible with speed 40, visibility percentage 100%, timeout 10000 ms, with centering disabled RUNNING
00:41:57.354 [ INFO] maestro.orchestra.Orchestra.scrollUntilVisible: Scrolling try count: 0, DeviceWidth: 320, DeviceWidth: 640
00:41:57.354 [ INFO] maestro.orchestra.Orchestra.scrollUntilVisible: Element bounds: Bounds(x=33, y=584, width=196, height=43)
00:41:57.354 [ INFO] maestro.orchestra.Orchestra.scrollUntilVisible: Visibility Percent: 1.0
00:41:57.355 [ INFO] maestro.orchestra.Orchestra.scrollUntilVisible: Command centerElement: ScrollUntilVisibleCommand(selector=ElementSelector(textRegex=null, idRegex=venue-chat-input, size=null, below=null, above=null, leftOf=null, rightOf=null, containsChild=null, containsDescendants=null, traits=null, index=null, enabled=null, optional=false, selected=null, checked=null, focused=null, childOf=null, css=null), direction=DOWN, scrollDuration=601, visibilityPercentage=100, timeout=10000, waitToSettleTimeoutMs=null, centerElement=false, originalSpeedValue=40, label=null, optional=false).centerElement
00:41:57.355 [ INFO] maestro.orchestra.Orchestra.scrollUntilVisible: visibilityPercentageNormalized: 1.0
00:41:57.355 [ INFO] maestro.cli.runner.CliConsoleListener.onCommandFinished: Scrolling DOWN until id: venue-chat-input is visible with speed 40, visibility percentage 100%, timeout 10000 ms, with centering disabled COMPLETED
00:41:57.355 [ INFO] maestro.cli.runner.CliConsoleListener.onCommandStart: Tap on id: venue-chat-input RUNNING
00:41:57.454 [ INFO] maestro.Maestro.tap-HgV9Ck0: Tapping on element:  UiElement(treeNode=TreeNode(attributes={text=, accessibilityText=, hintText=Mekana yaz…, ignoreBoundsFiltering=false, resource-id=venue-chat-input, clickable=true, bounds=[33,584][229,627], enabled=true, focused=false, checked=false, scrollable=false, selected=false, class=android.widget.EditText, important-for-accessibility=true, error=}, children=[], clickable=true, enabled=true, focused=false, checked=false, selected=false), bounds=Bounds(x=33, y=584, width=196, height=43))
00:41:58.666 [ INFO] maestro.Maestro.tap-HgV9Ck0: Tap aimed via settled hierarchy
00:41:58.666 [ INFO] maestro.Maestro.hierarchyBasedTap-ogj28Uc: Tapping at (131, 605) using hierarchy based logic for wait
00:41:59.658 [ INFO] maestro.Maestro.hierarchyBasedTap-ogj28Uc: Something has changed in the UI judging by view hierarchy. Proceed.
00:41:59.658 [ INFO] maestro.cli.runner.CliConsoleListener.onCommandFinished: Tap on id: venue-chat-input COMPLETED
00:41:59.658 [ INFO] maestro.cli.runner.CliConsoleListener.onCommandStart: Input text Selam mekan RUNNING
00:41:59.658 [ INFO] maestro.Maestro.inputText: Inputting text: Selam mekan
00:42:02.329 [ INFO] maestro.cli.runner.CliConsoleListener.onCommandFinished: Input text Selam mekan COMPLETED
00:42:02.330 [ INFO] maestro.cli.runner.CliConsoleListener.onCommandStart: Hide Keyboard RUNNING
00:42:02.330 [ INFO] maestro.Maestro.hideKeyboard$lambda$12: Hiding Keyboard
00:42:03.241 [ INFO] maestro.cli.runner.CliConsoleListener.onCommandFinished: Hide Keyboard COMPLETED
00:42:03.241 [ INFO] maestro.cli.runner.CliConsoleListener.onCommandStart: Tap on id: venue-chat-send RUNNING
00:42:03.315 [ INFO] maestro.Maestro.tap-HgV9Ck0: Tapping on element:  UiElement(treeNode=TreeNode(attributes={text=, accessibilityText=Gönder, hintText=, ignoreBoundsFiltering=false, resource-id=venue-chat-send, clickable=true, bounds=[256,558][304,606], enabled=true, focused=false, checked=false, scrollable=false, selected=false, class=android.widget.Button, important-for-accessibility=true, error=}, children=[TreeNode(attributes={text=, accessibilityText=, hintText=, ignoreBoundsFiltering=false, resource-id=, clickable=false, bounds=[256,558][304,606], enabled=true, focused=false, checked=false, scrollable=false, selected=false, class=android.view.ViewGroup, important-for-accessibility=false, error=}, children=[], clickable=false, enabled=true, focused=false, checked=false, selected=false), TreeNode(attributes={text=, accessibilityText=, hintText=, ignoreBoundsFiltering=false, resource-id=, clickable=false, bounds=[270,571][290,592], enabled=true, focused=false, checked=false, scrollable=false, selected=false, class=android.widget.TextView, important-for-accessibility=true, error=}, children=[], clickable=false, enabled=true, focused=false, checked=false, selected=false)], clickable=true, enabled=true, focused=false, checked=false, selected=false), bounds=Bounds(x=256, y=558, width=48, height=48))
00:42:04.538 [ INFO] maestro.Maestro.tap-HgV9Ck0: Tap aimed via settled hierarchy
00:42:04.539 [ INFO] maestro.Maestro.hierarchyBasedTap-ogj28Uc: Tapping at (280, 582) using hierarchy based logic for wait
00:42:05.650 [ INFO] maestro.Maestro.hierarchyBasedTap-ogj28Uc: Something has changed in the UI judging by view hierarchy. Proceed.
00:42:05.651 [ INFO] maestro.cli.runner.CliConsoleListener.onCommandFinished: Tap on id: venue-chat-send COMPLETED
00:42:05.651 [ INFO] maestro.cli.runner.CliConsoleListener.onCommandStart: Assert that "Selam mekan" is visible RUNNING
00:42:05.751 [ INFO] maestro.cli.runner.CliConsoleListener.onCommandFinished: Assert that "Selam mekan" is visible COMPLETED
00:42:05.751 [ INFO] maestro.cli.runner.CliConsoleListener.onCommandStart: Tap on "Profilimle yaz" RUNNING
00:42:05.859 [ INFO] maestro.Maestro.tap-HgV9Ck0: Tapping on element:  UiElement(treeNode=TreeNode(attributes={text=Profilimle yaz, accessibilityText=, hintText=, ignoreBoundsFiltering=false, resource-id=, clickable=false, bounds=[66,545][147,563], enabled=true, focused=false, checked=false, scrollable=false, selected=false, class=android.widget.TextView, important-for-accessibility=true, error=}, children=[], clickable=false, enabled=true, focused=false, checked=false, selected=false), bounds=Bounds(x=66, y=545, width=81, height=18))
00:42:07.038 [ INFO] maestro.Maestro.tap-HgV9Ck0: Tap aimed via settled hierarchy
00:42:07.039 [ INFO] maestro.Maestro.hierarchyBasedTap-ogj28Uc: Tapping at (106, 554) using hierarchy based logic for wait
00:42:08.126 [ INFO] maestro.Maestro.hierarchyBasedTap-ogj28Uc: Something has changed in the UI judging by view hierarchy. Proceed.
00:42:08.126 [ INFO] maestro.cli.runner.CliConsoleListener.onCommandFinished: Tap on "Profilimle yaz" COMPLETED
00:42:08.126 [ INFO] maestro.cli.runner.CliConsoleListener.onCommandStart: Assert that "Adınla görünür; masa adın görünmez." is visible RUNNING
00:42:08.187 [ INFO] maestro.cli.runner.CliConsoleListener.onCommandFinished: Assert that "Adınla görünür; masa adın görünmez." is visible COMPLETED
00:42:08.187 [ INFO] maestro.cli.runner.CliConsoleListener.onCommandStart: Tap on id: venue-chat-input RUNNING
00:42:08.287 [ INFO] maestro.Maestro.tap-HgV9Ck0: Tapping on element:  UiElement(treeNode=TreeNode(attributes={text=, accessibilityText=, hintText=Mekana yaz…, ignoreBoundsFiltering=false, resource-id=venue-chat-input, clickable=true, bounds=[33,584][229,627], enabled=true, focused=true, checked=false, scrollable=false, selected=false, class=android.widget.EditText, important-for-accessibility=true, error=}, children=[], clickable=true, enabled=true, focused=true, checked=false, selected=false), bounds=Bounds(x=33, y=584, width=196, height=43))
00:42:09.502 [ INFO] maestro.Maestro.tap-HgV9Ck0: Tap aimed via settled hierarchy
00:42:09.503 [ INFO] maestro.Maestro.hierarchyBasedTap-ogj28Uc: Tapping at (131, 605) using hierarchy based logic for wait
00:42:10.490 [ INFO] maestro.Maestro.hierarchyBasedTap-ogj28Uc: Something has changed in the UI judging by view hierarchy. Proceed.
00:42:10.490 [ INFO] maestro.cli.runner.CliConsoleListener.onCommandFinished: Tap on id: venue-chat-input COMPLETED
00:42:10.490 [ INFO] maestro.cli.runner.CliConsoleListener.onCommandStart: Input text Adımla yazıyorum RUNNING
00:42:10.490 [ INFO] maestro.Maestro.inputText: Inputting text: Adımla yazıyorum
00:42:11.975 [ INFO] maestro.cli.runner.CliConsoleListener.onCommandFinished: Input text Adımla yazıyorum COMPLETED
00:42:11.975 [ INFO] maestro.cli.runner.CliConsoleListener.onCommandStart: Hide Keyboard RUNNING
00:42:11.975 [ INFO] maestro.Maestro.hideKeyboard$lambda$12: Hiding Keyboard
00:42:12.896 [ INFO] maestro.cli.runner.CliConsoleListener.onCommandFinished: Hide Keyboard COMPLETED
00:42:12.896 [ INFO] maestro.cli.runner.CliConsoleListener.onCommandStart: Tap on id: venue-chat-send RUNNING
00:42:12.955 [ INFO] maestro.Maestro.tap-HgV9Ck0: Tapping on element:  UiElement(treeNode=TreeNode(attributes={text=, accessibilityText=Gönder, hintText=, ignoreBoundsFiltering=false, resource-id=venue-chat-send, clickable=true, bounds=[256,558][304,606], enabled=true, focused=false, checked=false, scrollable=false, selected=false, class=android.widget.Button, important-for-accessibility=true, error=}, children=[TreeNode(attributes={text=, accessibilityText=, hintText=, ignoreBoundsFiltering=false, resource-id=, clickable=false, bounds=[256,558][304,606], enabled=true, focused=false, checked=false, scrollable=false, selected=false, class=android.view.ViewGroup, important-for-accessibility=false, error=}, children=[], clickable=false, enabled=true, focused=false, checked=false, selected=false), TreeNode(attributes={text=, accessibilityText=, hintText=, ignoreBoundsFiltering=false, resource-id=, clickable=false, bounds=[270,571][290,592], enabled=true, focused=false, checked=false, scrollable=false, selected=false, class=android.widget.TextView, important-for-accessibility=true, error=}, children=[], clickable=false, enabled=true, focused=false, checked=false, selected=false)], clickable=true, enabled=true, focused=false, checked=false, selected=false), bounds=Bounds(x=256, y=558, width=48, height=48))
00:42:14.166 [ INFO] maestro.Maestro.tap-HgV9Ck0: Tap aimed via settled hierarchy
00:42:14.167 [ INFO] maestro.Maestro.hierarchyBasedTap-ogj28Uc: Tapping at (280, 582) using hierarchy based logic for wait
00:42:15.370 [ INFO] maestro.Maestro.hierarchyBasedTap-ogj28Uc: Something has changed in the UI judging by view hierarchy. Proceed.
00:42:15.370 [ INFO] maestro.cli.runner.CliConsoleListener.onCommandFinished: Tap on id: venue-chat-send COMPLETED
00:42:15.371 [ INFO] maestro.cli.runner.CliConsoleListener.onCommandStart: Assert that "Adımla yazıyorum" is visible RUNNING
00:42:15.467 [ INFO] maestro.cli.runner.CliConsoleListener.onCommandFinished: Assert that "Adımla yazıyorum" is visible COMPLETED
00:42:15.467 [ INFO] maestro.cli.runner.CliConsoleListener.onCommandStart: Take screenshot 36-venue-chat-mine RUNNING
00:42:15.468 [ INFO] maestro.Maestro.takeScreenshot: Taking screenshot
00:42:15.468 [TRACE] maestro.utils.ScreenshotUtils.takeScreenshot: Taking screenshot to output sink
00:42:15.520 [ INFO] maestro.cli.runner.CliConsoleListener.onCommandFinished: Take screenshot 36-venue-chat-mine COMPLETED
00:42:15.520 [ INFO] maestro.cli.runner.CliConsoleListener.onCommandStart: Run ../scripts/bot.js RUNNING
00:42:15.562 [ INFO] maestro.cli.runner.CliConsoleListener.onCommandFinished: Run ../scripts/bot.js COMPLETED
00:42:15.562 [ INFO] maestro.cli.runner.CliConsoleListener.onCommandStart: Scrolling DOWN until "Bot İki burada" is visible with speed 40, visibility percentage 100%, timeout 20000 ms, with centering disabled RUNNING
00:42:16.259 [ INFO] maestro.orchestra.Orchestra.scrollUntilVisible: Scrolling try count: 0, DeviceWidth: 320, DeviceWidth: 640
00:42:16.259 [ INFO] maestro.orchestra.Orchestra.scrollUntilVisible: Element bounds: Bounds(x=70, y=380, width=100, height=23)
00:42:16.259 [ INFO] maestro.orchestra.Orchestra.scrollUntilVisible: Visibility Percent: 1.0
00:42:16.259 [ INFO] maestro.orchestra.Orchestra.scrollUntilVisible: Command centerElement: ScrollUntilVisibleCommand(selector=ElementSelector(textRegex=Bot İki burada, idRegex=null, size=null, below=null, above=null, leftOf=null, rightOf=null, containsChild=null, containsDescendants=null, traits=null, index=null, enabled=null, optional=false, selected=null, checked=null, focused=null, childOf=null, css=null), direction=DOWN, scrollDuration=601, visibilityPercentage=100, timeout=20000, waitToSettleTimeoutMs=null, centerElement=false, originalSpeedValue=40, label=null, optional=false).centerElement
00:42:16.259 [ INFO] maestro.orchestra.Orchestra.scrollUntilVisible: visibilityPercentageNormalized: 1.0
00:42:16.259 [ INFO] maestro.cli.runner.CliConsoleListener.onCommandFinished: Scrolling DOWN until "Bot İki burada" is visible with speed 40, visibility percentage 100%, timeout 20000 ms, with centering disabled COMPLETED
00:42:16.260 [ INFO] maestro.cli.runner.CliConsoleListener.onCommandStart: Take screenshot 37-venue-chat-profiled RUNNING
00:42:16.260 [ INFO] maestro.Maestro.takeScreenshot: Taking screenshot
00:42:16.260 [TRACE] maestro.utils.ScreenshotUtils.takeScreenshot: Taking screenshot to output sink
00:42:16.278 [ INFO] maestro.cli.runner.CliConsoleListener.onCommandFinished: Take screenshot 37-venue-chat-profiled COMPLETED
00:42:16.278 [ INFO] maestro.cli.runner.CliConsoleListener.onCommandStart: Tap on "Bot İki" RUNNING
00:42:16.383 [ INFO] maestro.Maestro.tap-HgV9Ck0: Tapping on element:  UiElement(treeNode=TreeNode(attributes={text=Bot İki, accessibilityText=, hintText=, ignoreBoundsFiltering=false, resource-id=, clickable=false, bounds=[60,346][98,364], enabled=true, focused=false, checked=false, scrollable=false, selected=false, class=android.widget.TextView, important-for-accessibility=true, error=}, children=[], clickable=false, enabled=true, focused=false, checked=false, selected=false), bounds=Bounds(x=60, y=346, width=38, height=18))
00:42:17.595 [ INFO] maestro.Maestro.tap-HgV9Ck0: Tap aimed via settled hierarchy
00:42:17.595 [ INFO] maestro.Maestro.hierarchyBasedTap-ogj28Uc: Tapping at (79, 355) using hierarchy based logic for wait
00:42:18.979 [ INFO] maestro.Maestro.hierarchyBasedTap-ogj28Uc: Something has changed in the UI judging by view hierarchy. Proceed.
00:42:18.979 [ INFO] maestro.cli.runner.CliConsoleListener.onCommandFinished: Tap on "Bot İki" COMPLETED
00:42:18.979 [ INFO] maestro.cli.runner.CliConsoleListener.onCommandStart: Assert that id: venue-chat-profile is visible RUNNING
00:42:19.074 [ INFO] maestro.cli.runner.CliConsoleListener.onCommandFinished: Assert that id: venue-chat-profile is visible COMPLETED
00:42:19.075 [ INFO] maestro.cli.runner.CliConsoleListener.onCommandStart: Take screenshot 38-venue-chat-profile RUNNING
00:42:19.075 [ INFO] maestro.Maestro.takeScreenshot: Taking screenshot
00:42:19.075 [TRACE] maestro.utils.ScreenshotUtils.takeScreenshot: Taking screenshot to output sink
00:42:19.091 [ INFO] maestro.cli.runner.CliConsoleListener.onCommandFinished: Take screenshot 38-venue-chat-profile COMPLETED
00:42:19.091 [ INFO] maestro.cli.runner.CliConsoleListener.onCommandStart: Tap on id: venue-chat-request RUNNING
00:42:19.187 [ INFO] maestro.Maestro.tap-HgV9Ck0: Tapping on element:  UiElement(treeNode=TreeNode(attributes={text=, accessibilityText=Arkadaşlık isteği gönder, hintText=, ignoreBoundsFiltering=false, resource-id=venue-chat-request, clickable=true, bounds=[20,490][300,554], enabled=true, focused=false, checked=false, scrollable=false, selected=false, class=android.widget.Button, important-for-accessibility=true, error=}, children=[TreeNode(attributes={text=, accessibilityText=, hintText=, ignoreBoundsFiltering=false, resource-id=, clickable=false, bounds=[20,490][300,554], enabled=true, focused=false, checked=false, scrollable=false, selected=false, class=android.view.ViewGroup, important-for-accessibility=false, error=}, children=[], clickable=false, enabled=true, focused=false, checked=false, selected=false), TreeNode(attributes={text=, accessibilityText=, hintText=, ignoreBoundsFiltering=false, resource-id=, clickable=false, bounds=[44,511][64,532], enabled=true, focused=false, checked=false, scrollable=false, selected=false, class=android.widget.TextView, important-for-accessibility=true, error=}, children=[], clickable=false, enabled=true, focused=false, checked=false, selected=false), TreeNode(attributes={text=Arkadaşlık isteği gönder, accessibilityText=, hintText=, ignoreBoundsFiltering=false, resource-id=, clickable=false, bounds=[72,511][276,533], enabled=true, focused=false, checked=false, scrollable=false, selected=false, class=android.widget.TextView, important-for-accessibility=true, error=}, children=[], clickable=false, enabled=true, focused=false, checked=false, selected=false)], clickable=true, enabled=true, focused=false, checked=false, selected=false), bounds=Bounds(x=20, y=490, width=280, height=64))
00:42:20.438 [ INFO] maestro.Maestro.tap-HgV9Ck0: Tap aimed via settled hierarchy
00:42:20.439 [ INFO] maestro.Maestro.hierarchyBasedTap-ogj28Uc: Tapping at (160, 522) using hierarchy based logic for wait
00:42:21.230 [ INFO] maestro.Maestro.hierarchyBasedTap-ogj28Uc: Something has changed in the UI judging by view hierarchy. Proceed.
00:42:21.230 [ INFO] maestro.cli.runner.CliConsoleListener.onCommandFinished: Tap on id: venue-chat-request COMPLETED
00:42:21.230 [ INFO] maestro.cli.runner.CliConsoleListener.onCommandStart: Assert that "İstek gönderilsin mi\?" is visible RUNNING
00:42:21.242 [ INFO] maestro.cli.runner.CliConsoleListener.onCommandFinished: Assert that "İstek gönderilsin mi\?" is visible COMPLETED
00:42:21.242 [ INFO] maestro.cli.runner.CliConsoleListener.onCommandStart: Take screenshot 39-venue-chat-request-confirm RUNNING
00:42:21.243 [ INFO] maestro.Maestro.takeScreenshot: Taking screenshot
00:42:21.243 [TRACE] maestro.utils.ScreenshotUtils.takeScreenshot: Taking screenshot to output sink
00:42:21.297 [ INFO] maestro.cli.runner.CliConsoleListener.onCommandFinished: Take screenshot 39-venue-chat-request-confirm COMPLETED
00:42:21.297 [ INFO] maestro.cli.runner.CliConsoleListener.onCommandStart: Tap on id: venue-chat-request-confirm RUNNING
00:42:21.351 [ INFO] maestro.Maestro.tap-HgV9Ck0: Tapping on element:  UiElement(treeNode=TreeNode(attributes={text=, accessibilityText=İsteği gönder, hintText=, ignoreBoundsFiltering=false, resource-id=venue-chat-request-confirm, clickable=true, bounds=[24,568][296,616], enabled=true, focused=false, checked=false, scrollable=false, selected=false, class=android.widget.Button, important-for-accessibility=true, error=}, children=[TreeNode(attributes={text=, accessibilityText=, hintText=, ignoreBoundsFiltering=false, resource-id=, clickable=false, bounds=[24,568][296,616], enabled=true, focused=false, checked=false, scrollable=false, selected=false, class=android.view.ViewGroup, important-for-accessibility=false, error=}, children=[], clickable=false, enabled=true, focused=false, checked=false, selected=false), TreeNode(attributes={text=İsteği gönder, accessibilityText=, hintText=, ignoreBoundsFiltering=false, resource-id=, clickable=false, bounds=[111,582][209,602], enabled=true, focused=false, checked=false, scrollable=false, selected=false, class=android.widget.TextView, important-for-accessibility=true, error=}, children=[], clickable=false, enabled=true, focused=false, checked=false, selected=false)], clickable=true, enabled=true, focused=false, checked=false, selected=false), bounds=Bounds(x=24, y=568, width=272, height=48))
00:42:22.602 [ INFO] maestro.Maestro.tap-HgV9Ck0: Tap aimed via settled hierarchy
00:42:22.603 [ INFO] maestro.Maestro.hierarchyBasedTap-ogj28Uc: Tapping at (160, 592) using hierarchy based logic for wait
00:42:23.482 [ INFO] maestro.Maestro.hierarchyBasedTap-ogj28Uc: Something has changed in the UI judging by view hierarchy. Proceed.
00:42:23.482 [ INFO] maestro.cli.runner.CliConsoleListener.onCommandFinished: Tap on id: venue-chat-request-confirm COMPLETED
00:42:23.483 [ INFO] maestro.cli.runner.CliConsoleListener.onCommandStart: Assert that id: venue-chat-request-sent is visible RUNNING
00:42:23.579 [ INFO] maestro.cli.runner.CliConsoleListener.onCommandFinished: Assert that id: venue-chat-request-sent is visible COMPLETED
00:42:23.579 [ INFO] maestro.cli.runner.CliConsoleListener.onCommandStart: Run ../scripts/bot.js RUNNING
00:42:23.656 [ INFO] maestro.cli.runner.CliConsoleListener.onCommandFinished: Run ../scripts/bot.js COMPLETED
00:42:23.656 [ INFO] maestro.cli.runner.CliConsoleListener.onCommandStart: Scrolling DOWN until "Geri dön" is visible with speed 40, visibility percentage 100%, timeout 10000 ms, with centering disabled RUNNING
00:42:23.749 [ INFO] maestro.orchestra.Orchestra.scrollUntilVisible: Scrolling try count: 0, DeviceWidth: 320, DeviceWidth: 640
00:42:23.750 [ INFO] maestro.orchestra.Orchestra.scrollUntilVisible: Element bounds: Bounds(x=46, y=48, width=64, height=20)
00:42:23.750 [ INFO] maestro.orchestra.Orchestra.scrollUntilVisible: Visibility Percent: 1.0
00:42:23.750 [ INFO] maestro.orchestra.Orchestra.scrollUntilVisible: Command centerElement: ScrollUntilVisibleCommand(selector=ElementSelector(textRegex=Geri dön, idRegex=null, size=null, below=null, above=null, leftOf=null, rightOf=null, containsChild=null, containsDescendants=null, traits=null, index=null, enabled=null, optional=false, selected=null, checked=null, focused=null, childOf=null, css=null), direction=DOWN, scrollDuration=601, visibilityPercentage=100, timeout=10000, waitToSettleTimeoutMs=null, centerElement=false, originalSpeedValue=40, label=null, optional=false).centerElement
00:42:23.750 [ INFO] maestro.orchestra.Orchestra.scrollUntilVisible: visibilityPercentageNormalized: 1.0
00:42:23.750 [ INFO] maestro.cli.runner.CliConsoleListener.onCommandFinished: Scrolling DOWN until "Geri dön" is visible with speed 40, visibility percentage 100%, timeout 10000 ms, with centering disabled COMPLETED
00:42:23.750 [ INFO] maestro.cli.runner.CliConsoleListener.onCommandStart: Tap on "Geri dön" RUNNING
00:42:23.839 [ INFO] maestro.Maestro.tap-HgV9Ck0: Tapping on element:  UiElement(treeNode=TreeNode(attributes={text=Geri dön, accessibilityText=, hintText=, ignoreBoundsFiltering=false, resource-id=, clickable=false, bounds=[46,48][110,68], enabled=true, focused=false, checked=false, scrollable=false, selected=false, class=android.widget.TextView, important-for-accessibility=true, error=}, children=[], clickable=false, enabled=true, focused=false, checked=false, selected=false), bounds=Bounds(x=46, y=48, width=64, height=20))
00:42:25.054 [ INFO] maestro.Maestro.tap-HgV9Ck0: Tap aimed via settled hierarchy
00:42:25.055 [ INFO] maestro.Maestro.hierarchyBasedTap-ogj28Uc: Tapping at (78, 58) using hierarchy based logic for wait
00:42:26.135 [ INFO] maestro.Maestro.hierarchyBasedTap-ogj28Uc: Something has changed in the UI judging by view hierarchy. Proceed.
00:42:26.135 [ INFO] maestro.cli.runner.CliConsoleListener.onCommandFinished: Tap on "Geri dön" COMPLETED
00:42:26.135 [ INFO] maestro.cli.runner.CliConsoleListener.onCommandStart: Scrolling UP until "Geri" is visible with speed 40, visibility percentage 100%, timeout 10000 ms, with centering disabled RUNNING
00:42:26.243 [ INFO] maestro.orchestra.Orchestra.scrollUntilVisible: Scrolling try count: 0, DeviceWidth: 320, DeviceWidth: 640
00:42:26.243 [ INFO] maestro.orchestra.Orchestra.scrollUntilVisible: Element bounds: Bounds(x=4, y=30, width=44, height=44)
00:42:26.244 [ INFO] maestro.orchestra.Orchestra.scrollUntilVisible: Visibility Percent: 1.0
00:42:26.244 [ INFO] maestro.orchestra.Orchestra.scrollUntilVisible: Command centerElement: ScrollUntilVisibleCommand(selector=ElementSelector(textRegex=Geri, idRegex=null, size=null, below=null, above=null, leftOf=null, rightOf=null, containsChild=null, containsDescendants=null, traits=null, index=null, enabled=null, optional=false, selected=null, checked=null, focused=null, childOf=null, css=null), direction=UP, scrollDuration=601, visibilityPercentage=100, timeout=10000, waitToSettleTimeoutMs=null, centerElement=false, originalSpeedValue=40, label=null, optional=false).centerElement
00:42:26.244 [ INFO] maestro.orchestra.Orchestra.scrollUntilVisible: visibilityPercentageNormalized: 1.0
00:42:26.244 [ INFO] maestro.cli.runner.CliConsoleListener.onCommandFinished: Scrolling UP until "Geri" is visible with speed 40, visibility percentage 100%, timeout 10000 ms, with centering disabled COMPLETED
00:42:26.244 [ INFO] maestro.cli.runner.CliConsoleListener.onCommandStart: Tap on "Geri" RUNNING
00:42:26.347 [ INFO] maestro.Maestro.tap-HgV9Ck0: Tapping on element:  UiElement(treeNode=TreeNode(attributes={text=, accessibilityText=Geri, hintText=, ignoreBoundsFiltering=false, resource-id=chat-back, clickable=true, bounds=[4,30][48,74], enabled=true, focused=false, checked=false, scrollable=false, selected=false, class=android.widget.Button, important-for-accessibility=true, error=}, children=[TreeNode(attributes={text=, accessibilityText=, hintText=, ignoreBoundsFiltering=false, resource-id=, clickable=false, bounds=[14,39][38,65], enabled=true, focused=false, checked=false, scrollable=false, selected=false, class=android.widget.TextView, important-for-accessibility=true, error=}, children=[], clickable=false, enabled=true, focused=false, checked=false, selected=false)], clickable=true, enabled=true, focused=false, checked=false, selected=false), bounds=Bounds(x=4, y=30, width=44, height=44))
00:42:27.567 [ INFO] maestro.Maestro.tap-HgV9Ck0: Tap aimed via settled hierarchy
00:42:27.567 [ INFO] maestro.Maestro.hierarchyBasedTap-ogj28Uc: Tapping at (26, 52) using hierarchy based logic for wait
00:42:28.488 [ INFO] maestro.Maestro.hierarchyBasedTap-ogj28Uc: Something has changed in the UI judging by view hierarchy. Proceed.
00:42:28.488 [ INFO] maestro.cli.runner.CliConsoleListener.onCommandFinished: Tap on "Geri" COMPLETED
00:42:28.488 [ INFO] maestro.cli.runner.CliConsoleListener.onCommandStart: Tap on id: tab-messages RUNNING
00:42:28.600 [ INFO] maestro.Maestro.tap-HgV9Ck0: Tapping on element:  UiElement(treeNode=TreeNode(attributes={text=, accessibilityText=Mesajlar, hintText=, ignoreBoundsFiltering=false, resource-id=tab-messages, clickable=true, bounds=[187,568][242,632], enabled=true, focused=false, checked=false, scrollable=false, selected=false, class=android.view.View, important-for-accessibility=true, error=}, children=[TreeNode(attributes={text=, accessibilityText=, hintText=, ignoreBoundsFiltering=false, resource-id=, clickable=false, bounds=[202,580][226,604], enabled=true, focused=false, checked=false, scrollable=false, selected=false, class=android.widget.ImageView, important-for-accessibility=false, error=}, children=[], clickable=false, enabled=true, focused=false, checked=false, selected=false), TreeNode(attributes={text=Mesajlar, accessibilityText=, hintText=, ignoreBoundsFiltering=false, resource-id=, clickable=false, bounds=[190,612][238,628], enabled=true, focused=false, checked=false, scrollable=false, selected=false, class=android.widget.TextView, important-for-accessibility=true, error=}, children=[], clickable=false, enabled=true, focused=false, checked=false, selected=false)], clickable=true, enabled=true, focused=false, checked=false, selected=false), bounds=Bounds(x=187, y=568, width=55, height=64))
00:42:29.850 [ INFO] maestro.Maestro.tap-HgV9Ck0: Tap aimed via settled hierarchy
00:42:29.850 [ INFO] maestro.Maestro.hierarchyBasedTap-ogj28Uc: Tapping at (214, 600) using hierarchy based logic for wait
00:42:30.971 [ INFO] maestro.Maestro.hierarchyBasedTap-ogj28Uc: Something has changed in the UI judging by view hierarchy. Proceed.
00:42:30.971 [ INFO] maestro.cli.runner.CliConsoleListener.onCommandFinished: Tap on id: tab-messages COMPLETED
00:42:30.971 [ INFO] maestro.cli.runner.CliConsoleListener.onCommandStart: Assert that "Bot İki" is visible RUNNING
00:42:31.072 [ INFO] maestro.cli.runner.CliConsoleListener.onCommandFinished: Assert that "Bot İki" is visible COMPLETED
00:42:31.072 [ INFO] maestro.cli.runner.CliConsoleListener.onCommandStart: Take screenshot 40-venue-chat-friend RUNNING
00:42:31.072 [ INFO] maestro.Maestro.takeScreenshot: Taking screenshot
00:42:31.072 [TRACE] maestro.utils.ScreenshotUtils.takeScreenshot: Taking screenshot to output sink
00:42:31.124 [ INFO] maestro.cli.runner.CliConsoleListener.onCommandFinished: Take screenshot 40-venue-chat-friend COMPLETED
00:42:31.124 [ INFO] maestro.cli.runner.CliConsoleListener.onCommandFinished: Run flows/08-venue-chat.yaml COMPLETED
